seed	sample	chain	residue	resn	abs_sasa	rel_sasa
1	0	C	47	LEU	1.21	0.6
1	0	C	51	LEU	12.08	6.0
1	0	C	54	LEU	7.25	3.6
1	0	C	58	ILE	3.62	1.8
1	0	C	61	ILE	3.62	1.8
1	0	C	65	PHE	10.73	4.5
1	0	C	71	CYS	25.15	15.1
1	0	C	72	CYS	0.0	0.0
1	0	C	75	ASN	44.52	22.8
1	0	C	81	ARG	161.13	58.8
1	0	C	87	GLU	22.52	10.1
1	0	C	88	THR	22.93	13.3
1	0	C	94	ILE	26.57	13.5
1	0	C	95	SER	1.07	0.7
1	0	C	98	LYS	78.76	33.4
1	0	C	99	LYS	37.98	16.1
1	0	B	47	LEU	4.83	2.4
1	0	B	51	LEU	8.45	4.2
1	0	B	54	LEU	3.62	1.8
1	0	B	58	ILE	9.66	4.9
1	0	B	61	ILE	8.45	4.3
1	0	B	65	PHE	16.77	7.0
1	0	B	71	CYS	20.65	12.4
1	0	B	72	CYS	1.29	0.8
1	0	B	75	ASN	1.21	0.6
1	0	B	81	ARG	120.3	43.9
1	0	B	87	GLU	27.88	12.5
1	0	B	88	THR	7.77	4.5
1	0	B	94	ILE	81.98	41.6
1	0	B	95	SER	2.14	1.4
1	0	B	98	LYS	87.22	37.0
1	0	B	99	LYS	0.0	0.0
1	0	A	47	LEU	6.04	3.0
1	0	A	51	LEU	2.42	1.2
1	0	A	54	LEU	7.25	3.6
1	0	A	58	ILE	1.21	0.6
1	0	A	61	ILE	0.0	0.0
1	0	A	65	PHE	2.42	1.0
1	0	A	71	CYS	15.28	9.2
1	0	A	72	CYS	4.83	2.9
1	0	A	75	ASN	45.08	23.1
1	0	A	81	ARG	174.62	63.7
1	0	A	87	GLU	91.98	41.2
1	0	A	88	THR	82.46	47.9
1	0	A	94	ILE	28.98	14.7
1	0	A	95	SER	69.29	44.7
1	0	A	98	LYS	95.62	40.5
1	0	A	99	LYS	112.19	47.5
1	1	A	47	LEU	9.66	4.8
1	1	A	51	LEU	3.62	1.8
1	1	A	54	LEU	8.45	4.2
1	1	A	58	ILE	7.25	3.7
1	1	A	61	ILE	2.42	1.2
1	1	A	65	PHE	8.45	3.5
1	1	A	71	CYS	11.26	6.7
1	1	A	72	CYS	3.62	2.2
1	1	A	75	ASN	7.77	4.0
1	1	A	81	ARG	115.54	42.2
1	1	A	87	GLU	96.11	43.1
1	1	A	88	THR	63.41	36.9
1	1	A	94	ILE	78.5	39.8
1	1	A	95	SER	44.61	28.8
1	1	A	98	LYS	111.64	47.3
1	1	A	99	LYS	11.28	4.8
1	1	B	47	LEU	6.04	3.0
1	1	B	51	LEU	9.66	4.8
1	1	B	54	LEU	6.04	3.0
1	1	B	58	ILE	8.45	4.3
1	1	B	61	ILE	9.66	4.9
1	1	B	65	PHE	15.56	6.5
1	1	B	71	CYS	37.22	22.3
1	1	B	72	CYS	0.0	0.0
1	1	B	75	ASN	6.56	3.4
1	1	B	81	ARG	126.82	46.3
1	1	B	87	GLU	94.26	42.3
1	1	B	88	THR	83.66	48.6
1	1	B	94	ILE	42.13	21.4
1	1	B	95	SER	75.06	48.4
1	1	B	98	LYS	111.14	47.1
1	1	B	99	LYS	97.81	41.4
1	1	C	47	LEU	0.0	0.0
1	1	C	51	LEU	13.28	6.6
1	1	C	54	LEU	4.83	2.4
1	1	C	58	ILE	7.25	3.7
1	1	C	61	ILE	3.62	1.8
1	1	C	65	PHE	26.43	11.0
1	1	C	71	CYS	17.27	10.3
1	1	C	72	CYS	2.57	1.5
1	1	C	75	ASN	7.64	3.9
1	1	C	81	ARG	110.05	40.2
1	1	C	87	GLU	89.0	39.9
1	1	C	88	THR	64.34	37.4
1	1	C	94	ILE	50.58	25.7
1	1	C	95	SER	36.43	23.5
1	1	C	98	LYS	111.74	47.3
1	1	C	99	LYS	18.52	7.8
1	2	B	47	LEU	4.83	2.4
1	2	B	51	LEU	0.0	0.0
1	2	B	54	LEU	15.7	7.8
1	2	B	58	ILE	2.42	1.2
1	2	B	61	ILE	20.53	10.4
1	2	B	65	PHE	6.04	2.5
1	2	B	71	CYS	57.03	34.2
1	2	B	72	CYS	14.0	8.4
1	2	B	75	ASN	18.44	9.5
1	2	B	81	ARG	160.52	58.6
1	2	B	87	GLU	81.0	36.3
1	2	B	88	THR	83.8	48.7
1	2	B	94	ILE	41.06	20.8
1	2	B	95	SER	73.71	47.6
1	2	B	98	LYS	110.09	46.7
1	2	B	99	LYS	97.45	41.3
1	2	A	47	LEU	6.04	3.0
1	2	A	51	LEU	1.21	0.6
1	2	A	54	LEU	15.7	7.8
1	2	A	58	ILE	12.08	6.1
1	2	A	61	ILE	0.0	0.0
1	2	A	65	PHE	22.94	9.6
1	2	A	71	CYS	32.98	19.7
1	2	A	72	CYS	18.19	10.9
1	2	A	75	ASN	14.33	7.4
1	2	A	81	ARG	148.12	54.1
1	2	A	87	GLU	86.76	38.9
1	2	A	88	THR	83.8	48.7
1	2	A	94	ILE	85.74	43.5
1	2	A	95	SER	70.5	45.5
1	2	A	98	LYS	113.51	48.1
1	2	A	99	LYS	15.7	6.7
1	2	C	47	LEU	7.25	3.6
1	2	C	51	LEU	2.42	1.2
1	2	C	54	LEU	6.04	3.0
1	2	C	58	ILE	1.21	0.6
1	2	C	61	ILE	2.42	1.2
1	2	C	65	PHE	6.04	2.5
1	2	C	71	CYS	64.36	38.5
1	2	C	72	CYS	11.58	6.9
1	2	C	75	ASN	88.28	45.3
1	2	C	81	ARG	158.51	57.9
1	2	C	87	GLU	67.97	30.5
1	2	C	88	THR	27.9	16.2
1	2	C	94	ILE	25.36	12.9
1	2	C	95	SER	12.99	8.4
1	2	C	98	LYS	102.98	43.6
1	2	C	99	LYS	39.17	16.6
1	3	C	47	LEU	1.21	0.6
1	3	C	51	LEU	10.87	5.4
1	3	C	54	LEU	8.45	4.2
1	3	C	58	ILE	6.04	3.1
1	3	C	61	ILE	2.42	1.2
1	3	C	65	PHE	14.49	6.0
1	3	C	71	CYS	11.37	6.8
1	3	C	72	CYS	2.57	1.5
1	3	C	75	ASN	47.79	24.5
1	3	C	81	ARG	161.84	59.1
1	3	C	87	GLU	47.33	21.2
1	3	C	88	THR	84.87	49.3
1	3	C	94	ILE	31.26	15.9
1	3	C	95	SER	74.12	47.8
1	3	C	98	LYS	73.52	31.2
1	3	C	99	LYS	118.23	50.1
1	3	A	47	LEU	6.04	3.0
1	3	A	51	LEU	2.42	1.2
1	3	A	54	LEU	8.45	4.2
1	3	A	58	ILE	2.42	1.2
1	3	A	61	ILE	1.21	0.6
1	3	A	65	PHE	2.42	1.0
1	3	A	71	CYS	17.94	10.7
1	3	A	72	CYS	2.42	1.4
1	3	A	75	ASN	40.91	21.0
1	3	A	81	ARG	144.5	52.7
1	3	A	87	GLU	63.68	28.6
1	3	A	88	THR	81.52	47.4
1	3	A	94	ILE	91.51	46.5
1	3	A	95	SER	75.06	48.4
1	3	A	98	LYS	81.52	34.5
1	3	A	99	LYS	114.6	48.6
1	3	B	47	LEU	7.25	3.6
1	3	B	51	LEU	7.25	3.6
1	3	B	54	LEU	0.0	0.0
1	3	B	58	ILE	6.04	3.1
1	3	B	61	ILE	4.83	2.5
1	3	B	65	PHE	15.7	6.5
1	3	B	71	CYS	24.59	14.7
1	3	B	72	CYS	3.78	2.3
1	3	B	75	ASN	1.21	0.6
1	3	B	81	ARG	145.62	53.1
1	3	B	87	GLU	67.03	30.1
1	3	B	88	THR	84.21	49.0
1	3	B	94	ILE	25.22	12.8
1	3	B	95	SER	72.5	46.8
1	3	B	98	LYS	81.07	34.3
1	3	B	99	LYS	57.96	24.6
1	4	B	47	LEU	2.28	1.1
1	4	B	51	LEU	3.62	1.8
1	4	B	54	LEU	16.91	8.4
1	4	B	58	ILE	1.21	0.6
1	4	B	61	ILE	8.32	4.2
1	4	B	65	PHE	14.49	6.0
1	4	B	71	CYS	19.72	11.8
1	4	B	72	CYS	29.32	17.6
1	4	B	75	ASN	8.18	4.2
1	4	B	81	ARG	158.19	57.7
1	4	B	87	GLU	59.53	26.7
1	4	B	88	THR	84.73	49.3
1	4	B	94	ILE	45.89	23.3
1	4	B	95	SER	49.6	32.0
1	4	B	98	LYS	106.95	45.3
1	4	B	99	LYS	132.74	56.2
1	4	A	47	LEU	24.82	12.3
1	4	A	51	LEU	4.83	2.4
1	4	A	54	LEU	6.04	3.0
1	4	A	58	ILE	2.42	1.2
1	4	A	61	ILE	23.88	12.1
1	4	A	65	PHE	22.94	9.6
1	4	A	71	CYS	6.35	3.8
1	4	A	72	CYS	6.04	3.6
1	4	A	75	ASN	5.63	2.9
1	4	A	81	ARG	160.59	58.6
1	4	A	87	GLU	81.5	36.5
1	4	A	88	THR	82.73	48.1
1	4	A	94	ILE	74.74	37.9
1	4	A	95	SER	51.62	33.3
1	4	A	98	LYS	105.51	44.7
1	4	A	99	LYS	114.4	48.5
1	4	C	47	LEU	13.15	6.5
1	4	C	51	LEU	12.08	6.0
1	4	C	54	LEU	8.45	4.2
1	4	C	58	ILE	1.21	0.6
1	4	C	61	ILE	14.49	7.4
1	4	C	65	PHE	4.83	2.0
1	4	C	71	CYS	6.35	3.8
1	4	C	72	CYS	6.04	3.6
1	4	C	75	ASN	1.21	0.6
1	4	C	81	ARG	151.08	55.1
1	4	C	87	GLU	68.64	30.8
1	4	C	88	THR	92.64	53.9
1	4	C	94	ILE	45.75	23.2
1	4	C	95	SER	54.02	34.8
1	4	C	98	LYS	107.79	45.7
1	4	C	99	LYS	116.8	49.5
10	0	B	47	LEU	16.91	8.4
10	0	B	51	LEU	12.08	6.0
10	0	B	54	LEU	3.62	1.8
10	0	B	58	ILE	4.83	2.5
10	0	B	61	ILE	6.04	3.1
10	0	B	65	PHE	6.04	2.5
10	0	B	71	CYS	47.53	28.5
10	0	B	72	CYS	0.0	0.0
10	0	B	75	ASN	4.6	2.4
10	0	B	81	ARG	125.84	45.9
10	0	B	87	GLU	98.78	44.3
10	0	B	88	THR	82.86	48.2
10	0	B	94	ILE	12.08	6.1
10	0	B	95	SER	62.32	40.2
10	0	B	98	LYS	95.62	40.5
10	0	B	99	LYS	93.37	39.6
10	0	A	47	LEU	14.49	7.2
10	0	A	51	LEU	2.42	1.2
10	0	A	54	LEU	10.87	5.4
10	0	A	58	ILE	1.21	0.6
10	0	A	61	ILE	1.21	0.6
10	0	A	65	PHE	2.42	1.0
10	0	A	71	CYS	31.32	18.8
10	0	A	72	CYS	2.42	1.4
10	0	A	75	ASN	55.02	28.2
10	0	A	81	ARG	143.47	52.4
10	0	A	87	GLU	85.26	38.2
10	0	A	88	THR	87.29	50.7
10	0	A	94	ILE	68.83	34.9
10	0	A	95	SER	66.21	42.7
10	0	A	98	LYS	103.85	44.0
10	0	A	99	LYS	134.02	56.8
10	0	C	47	LEU	3.62	1.8
10	0	C	51	LEU	13.28	6.6
10	0	C	54	LEU	10.87	5.4
10	0	C	58	ILE	3.62	1.8
10	0	C	61	ILE	3.62	1.8
10	0	C	65	PHE	15.7	6.5
10	0	C	71	CYS	23.97	14.4
10	0	C	72	CYS	3.78	2.3
10	0	C	75	ASN	56.0	28.7
10	0	C	81	ARG	152.88	55.8
10	0	C	87	GLU	90.21	40.5
10	0	C	88	THR	85.14	49.5
10	0	C	94	ILE	16.91	8.6
10	0	C	95	SER	59.1	38.1
10	0	C	98	LYS	94.53	40.1
10	0	C	99	LYS	138.99	58.9
10	1	C	47	LEU	4.83	2.4
10	1	C	51	LEU	12.08	6.0
10	1	C	54	LEU	8.45	4.2
10	1	C	58	ILE	8.45	4.3
10	1	C	61	ILE	2.42	1.2
10	1	C	65	PHE	21.74	9.1
10	1	C	71	CYS	6.22	3.7
10	1	C	72	CYS	0.0	0.0
10	1	C	75	ASN	43.03	22.1
10	1	C	81	ARG	135.34	49.4
10	1	C	87	GLU	28.15	12.6
10	1	C	88	THR	25.48	14.8
10	1	C	94	ILE	26.57	13.5
10	1	C	95	SER	26.12	16.9
10	1	C	98	LYS	57.19	24.2
10	1	C	99	LYS	19.21	8.1
10	1	B	47	LEU	7.25	3.6
10	1	B	51	LEU	10.87	5.4
10	1	B	54	LEU	3.62	1.8
10	1	B	58	ILE	12.08	6.1
10	1	B	61	ILE	3.62	1.8
10	1	B	65	PHE	26.57	11.1
10	1	B	71	CYS	18.35	11.0
10	1	B	72	CYS	0.0	0.0
10	1	B	75	ASN	0.0	0.0
10	1	B	81	ARG	121.57	44.4
10	1	B	87	GLU	17.14	7.7
10	1	B	88	THR	7.77	4.5
10	1	B	94	ILE	93.79	47.6
10	1	B	95	SER	22.91	14.8
10	1	B	98	LYS	53.91	22.8
10	1	B	99	LYS	8.45	3.6
10	1	A	47	LEU	7.25	3.6
10	1	A	51	LEU	3.62	1.8
10	1	A	54	LEU	3.62	1.8
10	1	A	58	ILE	1.21	0.6
10	1	A	61	ILE	1.21	0.6
10	1	A	65	PHE	1.21	0.5
10	1	A	71	CYS	10.14	6.1
10	1	A	72	CYS	2.42	1.4
10	1	A	75	ASN	47.11	24.2
10	1	A	81	ARG	144.75	52.8
10	1	A	87	GLU	68.64	30.8
10	1	A	88	THR	82.86	48.2
10	1	A	94	ILE	57.69	29.3
10	1	A	95	SER	81.76	52.7
10	1	A	98	LYS	58.28	24.7
10	1	A	99	LYS	112.24	47.6
10	2	C	47	LEU	3.62	1.8
10	2	C	51	LEU	9.66	4.8
10	2	C	54	LEU	8.45	4.2
10	2	C	58	ILE	2.42	1.2
10	2	C	61	ILE	3.62	1.8
10	2	C	65	PHE	19.32	8.1
10	2	C	71	CYS	12.63	7.6
10	2	C	72	CYS	3.78	2.3
10	2	C	75	ASN	46.54	23.9
10	2	C	81	ARG	173.48	63.3
10	2	C	87	GLU	29.38	13.2
10	2	C	88	THR	12.6	7.3
10	2	C	94	ILE	77.29	39.2
10	2	C	95	SER	12.86	8.3
10	2	C	98	LYS	114.92	48.7
10	2	C	99	LYS	10.87	4.6
10	2	A	47	LEU	12.08	6.0
10	2	A	51	LEU	3.62	1.8
10	2	A	54	LEU	7.25	3.6
10	2	A	58	ILE	4.83	2.5
10	2	A	61	ILE	0.0	0.0
10	2	A	65	PHE	10.87	4.5
10	2	A	71	CYS	30.65	18.4
10	2	A	72	CYS	8.45	5.1
10	2	A	75	ASN	24.25	12.4
10	2	A	81	ARG	172.09	62.8
10	2	A	87	GLU	87.31	39.2
10	2	A	88	THR	84.76	49.3
10	2	A	94	ILE	72.46	36.8
10	2	A	95	SER	77.06	49.7
10	2	A	98	LYS	123.22	52.2
10	2	A	99	LYS	86.31	36.6
10	2	B	47	LEU	8.45	4.2
10	2	B	51	LEU	6.04	3.0
10	2	B	54	LEU	8.45	4.2
10	2	B	58	ILE	3.62	1.8
10	2	B	61	ILE	7.25	3.7
10	2	B	65	PHE	10.87	4.5
10	2	B	71	CYS	47.52	28.5
10	2	B	72	CYS	4.99	3.0
10	2	B	75	ASN	7.5	3.8
10	2	B	81	ARG	173.41	63.3
10	2	B	87	GLU	21.72	9.7
10	2	B	88	THR	20.51	11.9
10	2	B	94	ILE	73.39	37.3
10	2	B	95	SER	10.71	6.9
10	2	B	98	LYS	137.62	58.3
10	2	B	99	LYS	7.13	3.0
10	3	B	47	LEU	4.83	2.4
10	3	B	51	LEU	8.45	4.2
10	3	B	54	LEU	3.62	1.8
10	3	B	58	ILE	9.66	4.9
10	3	B	61	ILE	8.45	4.3
10	3	B	65	PHE	19.32	8.1
10	3	B	71	CYS	33.44	20.0
10	3	B	72	CYS	1.29	0.8
10	3	B	75	ASN	2.14	1.1
10	3	B	81	ARG	78.24	28.6
10	3	B	87	GLU	72.82	32.7
10	3	B	88	THR	13.01	7.6
10	3	B	94	ILE	79.57	40.4
10	3	B	95	SER	30.0	19.4
10	3	B	98	LYS	84.0	35.6
10	3	B	99	LYS	22.1	9.4
10	3	A	47	LEU	8.45	4.2
10	3	A	51	LEU	1.21	0.6
10	3	A	54	LEU	7.25	3.6
10	3	A	58	ILE	6.04	3.1
10	3	A	61	ILE	2.42	1.2
10	3	A	65	PHE	7.11	3.0
10	3	A	71	CYS	11.34	6.8
10	3	A	72	CYS	1.21	0.7
10	3	A	75	ASN	45.04	23.1
10	3	A	81	ARG	123.88	45.2
10	3	A	87	GLU	90.64	40.6
10	3	A	88	THR	93.6	54.4
10	3	A	94	ILE	38.64	19.6
10	3	A	95	SER	71.57	46.2
10	3	A	98	LYS	106.27	45.0
10	3	A	99	LYS	115.93	49.1
10	3	C	47	LEU	1.21	0.6
10	3	C	51	LEU	13.28	6.6
10	3	C	54	LEU	6.04	3.0
10	3	C	58	ILE	8.45	4.3
10	3	C	61	ILE	3.62	1.8
10	3	C	65	PHE	18.11	7.5
10	3	C	71	CYS	16.49	9.9
10	3	C	72	CYS	0.0	0.0
10	3	C	75	ASN	47.16	24.2
10	3	C	81	ARG	116.86	42.6
10	3	C	87	GLU	64.6	29.0
10	3	C	88	THR	15.43	9.0
10	3	C	94	ILE	35.02	17.8
10	3	C	95	SER	27.86	18.0
10	3	C	98	LYS	81.48	34.5
10	3	C	99	LYS	48.05	20.4
10	4	A	47	LEU	8.45	4.2
10	4	A	51	LEU	2.42	1.2
10	4	A	54	LEU	7.25	3.6
10	4	A	58	ILE	6.04	3.1
10	4	A	61	ILE	0.0	0.0
10	4	A	65	PHE	0.0	0.0
10	4	A	71	CYS	5.07	3.0
10	4	A	72	CYS	4.91	2.9
10	4	A	75	ASN	5.9	3.0
10	4	A	81	ARG	148.49	54.2
10	4	A	87	GLU	87.95	39.4
10	4	A	88	THR	83.69	48.7
10	4	A	94	ILE	73.42	37.3
10	4	A	95	SER	63.66	41.1
10	4	A	98	LYS	117.59	49.8
10	4	A	99	LYS	92.39	39.1
10	4	B	47	LEU	14.49	7.2
10	4	B	51	LEU	13.28	6.6
10	4	B	54	LEU	1.21	0.6
10	4	B	58	ILE	8.45	4.3
10	4	B	61	ILE	10.87	5.5
10	4	B	65	PHE	15.7	6.5
10	4	B	71	CYS	35.08	21.0
10	4	B	72	CYS	11.03	6.6
10	4	B	75	ASN	0.0	0.0
10	4	B	81	ARG	130.9	47.8
10	4	B	87	GLU	89.3	40.0
10	4	B	88	THR	87.42	50.8
10	4	B	94	ILE	50.58	25.7
10	4	B	95	SER	60.31	38.9
10	4	B	98	LYS	108.04	45.8
10	4	B	99	LYS	104.65	44.3
10	4	C	47	LEU	0.0	0.0
10	4	C	51	LEU	13.28	6.6
10	4	C	54	LEU	3.62	1.8
10	4	C	58	ILE	3.62	1.8
10	4	C	61	ILE	1.21	0.6
10	4	C	65	PHE	18.11	7.5
10	4	C	71	CYS	6.28	3.8
10	4	C	72	CYS	8.77	5.3
10	4	C	75	ASN	17.18	8.8
10	4	C	81	ARG	146.07	53.3
10	4	C	87	GLU	23.62	10.6
10	4	C	88	THR	17.43	10.1
10	4	C	94	ILE	72.32	36.7
10	4	C	95	SER	13.13	8.5
10	4	C	98	LYS	101.75	43.1
10	4	C	99	LYS	29.53	12.5
11	0	A	47	LEU	8.45	4.2
11	0	A	51	LEU	3.62	1.8
11	0	A	54	LEU	8.45	4.2
11	0	A	58	ILE	0.0	0.0
11	0	A	61	ILE	1.21	0.6
11	0	A	65	PHE	0.0	0.0
11	0	A	71	CYS	44.05	26.4
11	0	A	72	CYS	1.21	0.7
11	0	A	75	ASN	42.0	21.5
11	0	A	81	ARG	153.41	56.0
11	0	A	87	GLU	87.4	39.2
11	0	A	88	THR	86.21	50.1
11	0	A	94	ILE	43.47	22.1
11	0	A	95	SER	73.98	47.7
11	0	A	98	LYS	98.27	41.6
11	0	A	99	LYS	119.32	50.6
11	0	B	47	LEU	7.25	3.6
11	0	B	51	LEU	8.45	4.2
11	0	B	54	LEU	9.66	4.8
11	0	B	58	ILE	9.66	4.9
11	0	B	61	ILE	12.08	6.1
11	0	B	65	PHE	14.49	6.0
11	0	B	71	CYS	30.87	18.5
11	0	B	72	CYS	0.0	0.0
11	0	B	75	ASN	0.0	0.0
11	0	B	81	ARG	147.57	53.9
11	0	B	87	GLU	67.31	30.2
11	0	B	88	THR	3.49	2.0
11	0	B	94	ILE	73.53	37.3
11	0	B	95	SER	45.82	29.6
11	0	B	98	LYS	122.17	51.8
11	0	B	99	LYS	4.72	2.0
11	0	C	47	LEU	3.35	1.7
11	0	C	51	LEU	7.25	3.6
11	0	C	54	LEU	15.7	7.8
11	0	C	58	ILE	7.25	3.7
11	0	C	61	ILE	0.0	0.0
11	0	C	65	PHE	10.87	4.5
11	0	C	71	CYS	37.62	22.5
11	0	C	72	CYS	1.29	0.8
11	0	C	75	ASN	38.43	19.7
11	0	C	81	ARG	153.98	56.2
11	0	C	87	GLU	56.96	25.5
11	0	C	88	THR	12.74	7.4
11	0	C	94	ILE	37.3	18.9
11	0	C	95	SER	47.03	30.3
11	0	C	98	LYS	99.7	42.2
11	0	C	99	LYS	52.31	22.2
11	1	C	47	LEU	0.0	0.0
11	1	C	51	LEU	10.87	5.4
11	1	C	54	LEU	10.87	5.4
11	1	C	58	ILE	4.83	2.5
11	1	C	61	ILE	2.42	1.2
11	1	C	65	PHE	19.19	8.0
11	1	C	71	CYS	12.79	7.7
11	1	C	72	CYS	2.49	1.5
11	1	C	75	ASN	43.06	22.1
11	1	C	81	ARG	133.84	48.8
11	1	C	87	GLU	34.72	15.6
11	1	C	88	THR	21.45	12.5
11	1	C	94	ILE	38.64	19.6
11	1	C	95	SER	3.21	2.1
11	1	C	98	LYS	58.9	25.0
11	1	C	99	LYS	39.64	16.8
11	1	A	47	LEU	4.83	2.4
11	1	A	51	LEU	2.42	1.2
11	1	A	54	LEU	7.25	3.6
11	1	A	58	ILE	1.21	0.6
11	1	A	61	ILE	0.0	0.0
11	1	A	65	PHE	6.04	2.5
11	1	A	71	CYS	19.14	11.5
11	1	A	72	CYS	2.42	1.4
11	1	A	75	ASN	41.85	21.5
11	1	A	81	ARG	123.68	45.1
11	1	A	87	GLU	78.7	35.3
11	1	A	88	THR	85.01	49.4
11	1	A	94	ILE	48.17	24.5
11	1	A	95	SER	71.57	46.2
11	1	A	98	LYS	84.98	36.0
11	1	A	99	LYS	112.42	47.6
11	1	B	47	LEU	8.45	4.2
11	1	B	51	LEU	13.28	6.6
11	1	B	54	LEU	4.83	2.4
11	1	B	58	ILE	9.66	4.9
11	1	B	61	ILE	7.25	3.7
11	1	B	65	PHE	15.7	6.5
11	1	B	71	CYS	19.56	11.7
11	1	B	72	CYS	0.0	0.0
11	1	B	75	ASN	4.69	2.4
11	1	B	81	ARG	117.87	43.0
11	1	B	87	GLU	34.58	15.5
11	1	B	88	THR	10.05	5.8
11	1	B	94	ILE	74.6	37.9
11	1	B	95	SER	6.7	4.3
11	1	B	98	LYS	72.61	30.8
11	1	B	99	LYS	4.83	2.0
11	2	A	47	LEU	3.62	1.8
11	2	A	51	LEU	3.62	1.8
11	2	A	54	LEU	6.04	3.0
11	2	A	58	ILE	7.25	3.7
11	2	A	61	ILE	0.0	0.0
11	2	A	65	PHE	6.04	2.5
11	2	A	71	CYS	48.65	29.1
11	2	A	72	CYS	1.21	0.7
11	2	A	75	ASN	43.16	22.1
11	2	A	81	ARG	163.23	59.6
11	2	A	87	GLU	76.42	34.3
11	2	A	88	THR	85.14	49.5
11	2	A	94	ILE	84.4	42.8
11	2	A	95	SER	70.23	45.3
11	2	A	98	LYS	101.3	42.9
11	2	A	99	LYS	103.96	44.1
11	2	B	47	LEU	1.21	0.6
11	2	B	51	LEU	8.45	4.2
11	2	B	54	LEU	3.62	1.8
11	2	B	58	ILE	8.45	4.3
11	2	B	61	ILE	7.25	3.7
11	2	B	65	PHE	9.66	4.0
11	2	B	71	CYS	37.19	22.3
11	2	B	72	CYS	0.0	0.0
11	2	B	75	ASN	1.21	0.6
11	2	B	81	ARG	154.66	56.4
11	2	B	87	GLU	87.56	39.3
11	2	B	88	THR	87.29	50.7
11	2	B	94	ILE	28.98	14.7
11	2	B	95	SER	71.43	46.1
11	2	B	98	LYS	101.76	43.1
11	2	B	99	LYS	79.61	33.7
11	2	C	47	LEU	1.21	0.6
11	2	C	51	LEU	12.08	6.0
11	2	C	54	LEU	7.25	3.6
11	2	C	58	ILE	4.83	2.5
11	2	C	61	ILE	2.42	1.2
11	2	C	65	PHE	16.91	7.0
11	2	C	71	CYS	37.38	22.4
11	2	C	72	CYS	0.0	0.0
11	2	C	75	ASN	48.34	24.8
11	2	C	81	ARG	162.02	59.1
11	2	C	87	GLU	74.82	33.6
11	2	C	88	THR	85.55	49.7
11	2	C	94	ILE	24.15	12.3
11	2	C	95	SER	70.36	45.4
11	2	C	98	LYS	88.18	37.4
11	2	C	99	LYS	117.02	49.6
11	3	C	47	LEU	0.0	0.0
11	3	C	51	LEU	9.66	4.8
11	3	C	54	LEU	15.7	7.8
11	3	C	58	ILE	10.87	5.5
11	3	C	61	ILE	4.83	2.5
11	3	C	65	PHE	21.74	9.1
11	3	C	71	CYS	14.0	8.4
11	3	C	72	CYS	3.86	2.3
11	3	C	75	ASN	37.06	19.0
11	3	C	81	ARG	146.82	53.6
11	3	C	87	GLU	30.02	13.5
11	3	C	88	THR	31.11	18.1
11	3	C	94	ILE	59.04	30.0
11	3	C	95	SER	31.23	20.1
11	3	C	98	LYS	106.45	45.1
11	3	C	99	LYS	83.43	35.4
11	3	A	47	LEU	13.28	6.6
11	3	A	51	LEU	6.04	3.0
11	3	A	54	LEU	10.87	5.4
11	3	A	58	ILE	4.83	2.5
11	3	A	61	ILE	0.0	0.0
11	3	A	65	PHE	0.0	0.0
11	3	A	71	CYS	25.36	15.2
11	3	A	72	CYS	1.21	0.7
11	3	A	75	ASN	33.76	17.3
11	3	A	81	ARG	145.0	52.9
11	3	A	87	GLU	78.83	35.4
11	3	A	88	THR	87.15	50.7
11	3	A	94	ILE	61.45	31.2
11	3	A	95	SER	52.79	34.1
11	3	A	98	LYS	126.02	53.4
11	3	A	99	LYS	28.18	11.9
11	3	B	47	LEU	12.08	6.0
11	3	B	51	LEU	13.28	6.6
11	3	B	54	LEU	2.42	1.2
11	3	B	58	ILE	13.28	6.7
11	3	B	61	ILE	10.87	5.5
11	3	B	65	PHE	18.11	7.5
11	3	B	71	CYS	29.85	17.9
11	3	B	72	CYS	1.29	0.8
11	3	B	75	ASN	1.21	0.6
11	3	B	81	ARG	116.68	42.6
11	3	B	87	GLU	79.36	35.6
11	3	B	88	THR	88.49	51.4
11	3	B	94	ILE	56.76	28.8
11	3	B	95	SER	75.06	48.4
11	3	B	98	LYS	128.21	54.3
11	3	B	99	LYS	69.83	29.6
11	4	C	47	LEU	1.21	0.6
11	4	C	51	LEU	12.08	6.0
11	4	C	54	LEU	7.25	3.6
11	4	C	58	ILE	10.87	5.5
11	4	C	61	ILE	0.0	0.0
11	4	C	65	PHE	9.66	4.0
11	4	C	71	CYS	32.59	19.5
11	4	C	72	CYS	0.0	0.0
11	4	C	75	ASN	38.34	19.7
11	4	C	81	ARG	156.37	57.1
11	4	C	87	GLU	40.99	18.4
11	4	C	88	THR	18.37	10.7
11	4	C	94	ILE	67.35	34.2
11	4	C	95	SER	23.18	15.0
11	4	C	98	LYS	83.03	35.2
11	4	C	99	LYS	58.35	24.7
11	4	B	47	LEU	4.83	2.4
11	4	B	51	LEU	8.45	4.2
11	4	B	54	LEU	4.83	2.4
11	4	B	58	ILE	12.08	6.1
11	4	B	61	ILE	7.25	3.7
11	4	B	65	PHE	8.45	3.5
11	4	B	71	CYS	30.71	18.4
11	4	B	72	CYS	0.0	0.0
11	4	B	75	ASN	3.35	1.7
11	4	B	81	ARG	160.61	58.6
11	4	B	87	GLU	38.71	17.4
11	4	B	88	THR	25.48	14.8
11	4	B	94	ILE	94.99	48.2
11	4	B	95	SER	17.82	11.5
11	4	B	98	LYS	87.63	37.1
11	4	B	99	LYS	49.67	21.0
11	4	A	47	LEU	2.42	1.2
11	4	A	51	LEU	0.0	0.0
11	4	A	54	LEU	8.45	4.2
11	4	A	58	ILE	3.62	1.8
11	4	A	61	ILE	1.21	0.6
11	4	A	65	PHE	9.66	4.0
11	4	A	71	CYS	34.97	20.9
11	4	A	72	CYS	6.04	3.6
11	4	A	75	ASN	46.45	23.8
11	4	A	81	ARG	155.91	56.9
11	4	A	87	GLU	86.33	38.7
11	4	A	88	THR	87.15	50.7
11	4	A	94	ILE	98.48	50.0
11	4	A	95	SER	76.4	49.3
11	4	A	98	LYS	84.69	35.9
11	4	A	99	LYS	121.83	51.6
12	0	C	47	LEU	4.56	2.3
12	0	C	51	LEU	10.87	5.4
12	0	C	54	LEU	7.25	3.6
12	0	C	58	ILE	12.08	6.1
12	0	C	61	ILE	2.42	1.2
12	0	C	65	PHE	18.11	7.5
12	0	C	71	CYS	21.37	12.8
12	0	C	72	CYS	0.0	0.0
12	0	C	75	ASN	45.29	23.2
12	0	C	81	ARG	100.16	36.6
12	0	C	87	GLU	103.07	46.2
12	0	C	88	THR	15.55	9.0
12	0	C	94	ILE	22.81	11.6
12	0	C	95	SER	25.32	16.3
12	0	C	98	LYS	65.19	27.6
12	0	C	99	LYS	28.02	11.9
12	0	A	47	LEU	18.11	9.0
12	0	A	51	LEU	4.83	2.4
12	0	A	54	LEU	7.25	3.6
12	0	A	58	ILE	3.62	1.8
12	0	A	61	ILE	1.21	0.6
12	0	A	65	PHE	6.04	2.5
12	0	A	71	CYS	18.93	11.3
12	0	A	72	CYS	2.42	1.4
12	0	A	75	ASN	50.53	25.9
12	0	A	81	ARG	107.18	39.1
12	0	A	87	GLU	63.56	28.5
12	0	A	88	THR	86.76	50.4
12	0	A	94	ILE	30.19	15.3
12	0	A	95	SER	72.78	47.0
12	0	A	98	LYS	78.24	33.2
12	0	A	99	LYS	109.77	46.5
12	0	B	47	LEU	8.45	4.2
12	0	B	51	LEU	8.45	4.2
12	0	B	54	LEU	6.04	3.0
12	0	B	58	ILE	12.08	6.1
12	0	B	61	ILE	7.25	3.7
12	0	B	65	PHE	19.32	8.1
12	0	B	71	CYS	20.93	12.5
12	0	B	72	CYS	0.0	0.0
12	0	B	75	ASN	0.0	0.0
12	0	B	81	ARG	79.27	28.9
12	0	B	87	GLU	97.69	43.8
12	0	B	88	THR	5.63	3.3
12	0	B	94	ILE	99.82	50.7
12	0	B	95	SER	28.27	18.2
12	0	B	98	LYS	85.49	36.2
12	0	B	99	LYS	1.21	0.5
12	1	C	47	LEU	2.14	1.1
12	1	C	51	LEU	10.87	5.4
12	1	C	54	LEU	9.66	4.8
12	1	C	58	ILE	7.25	3.7
12	1	C	61	ILE	4.83	2.5
12	1	C	65	PHE	19.32	8.1
12	1	C	71	CYS	26.79	16.0
12	1	C	72	CYS	3.7	2.2
12	1	C	75	ASN	53.83	27.6
12	1	C	81	ARG	156.28	57.0
12	1	C	87	GLU	77.88	34.9
12	1	C	88	THR	12.35	7.2
12	1	C	94	ILE	18.11	9.2
12	1	C	95	SER	26.4	17.0
12	1	C	98	LYS	66.8	28.3
12	1	C	99	LYS	23.76	10.1
12	1	A	47	LEU	7.25	3.6
12	1	A	51	LEU	2.42	1.2
12	1	A	54	LEU	6.04	3.0
12	1	A	58	ILE	4.83	2.5
12	1	A	61	ILE	3.62	1.8
12	1	A	65	PHE	9.66	4.0
12	1	A	71	CYS	25.58	15.3
12	1	A	72	CYS	2.42	1.4
12	1	A	75	ASN	49.36	25.3
12	1	A	81	ARG	145.52	53.1
12	1	A	87	GLU	76.28	34.2
12	1	A	88	THR	80.31	46.7
12	1	A	94	ILE	39.85	20.2
12	1	A	95	SER	69.02	44.5
12	1	A	98	LYS	81.02	34.3
12	1	A	99	LYS	106.38	45.1
12	1	B	47	LEU	12.08	6.0
12	1	B	51	LEU	13.28	6.6
12	1	B	54	LEU	3.62	1.8
12	1	B	58	ILE	7.25	3.7
12	1	B	61	ILE	9.66	4.9
12	1	B	65	PHE	14.49	6.0
12	1	B	71	CYS	34.65	20.7
12	1	B	72	CYS	2.42	1.4
12	1	B	75	ASN	4.56	2.3
12	1	B	81	ARG	139.85	51.0
12	1	B	87	GLU	65.67	29.4
12	1	B	88	THR	8.84	5.1
12	1	B	94	ILE	82.12	41.7
12	1	B	95	SER	27.33	17.6
12	1	B	98	LYS	92.69	39.3
12	1	B	99	LYS	1.21	0.5
12	2	C	47	LEU	4.69	2.3
12	2	C	51	LEU	10.87	5.4
12	2	C	54	LEU	10.87	5.4
12	2	C	58	ILE	12.08	6.1
12	2	C	61	ILE	6.04	3.1
12	2	C	65	PHE	21.74	9.1
12	2	C	71	CYS	12.79	7.7
12	2	C	72	CYS	1.29	0.8
12	2	C	75	ASN	39.66	20.3
12	2	C	81	ARG	153.18	55.9
12	2	C	87	GLU	25.76	11.6
12	2	C	88	THR	26.55	15.4
12	2	C	94	ILE	27.78	14.1
12	2	C	95	SER	3.21	2.1
12	2	C	98	LYS	74.05	31.4
12	2	C	99	LYS	12.49	5.3
12	2	B	47	LEU	14.36	7.1
12	2	B	51	LEU	12.08	6.0
12	2	B	54	LEU	2.42	1.2
12	2	B	58	ILE	18.11	9.2
12	2	B	61	ILE	8.45	4.3
12	2	B	65	PHE	16.91	7.0
12	2	B	71	CYS	23.15	13.9
12	2	B	72	CYS	0.0	0.0
12	2	B	75	ASN	1.07	0.5
12	2	B	81	ARG	122.4	44.7
12	2	B	87	GLU	21.59	9.7
12	2	B	88	THR	21.86	12.7
12	2	B	94	ILE	50.72	25.7
12	2	B	95	SER	6.7	4.3
12	2	B	98	LYS	71.75	30.4
12	2	B	99	LYS	8.34	3.5
12	2	A	47	LEU	6.04	3.0
12	2	A	51	LEU	3.62	1.8
12	2	A	54	LEU	9.66	4.8
12	2	A	58	ILE	2.42	1.2
12	2	A	61	ILE	4.83	2.5
12	2	A	65	PHE	2.28	0.9
12	2	A	71	CYS	7.48	4.5
12	2	A	72	CYS	3.62	2.2
12	2	A	75	ASN	40.7	20.9
12	2	A	81	ARG	154.43	56.4
12	2	A	87	GLU	74.94	33.6
12	2	A	88	THR	86.21	50.1
12	2	A	94	ILE	44.68	22.7
12	2	A	95	SER	72.64	46.9
12	2	A	98	LYS	93.1	39.4
12	2	A	99	LYS	112.01	47.5
12	3	C	47	LEU	1.21	0.6
12	3	C	51	LEU	9.66	4.8
12	3	C	54	LEU	6.04	3.0
12	3	C	58	ILE	2.42	1.2
12	3	C	61	ILE	4.83	2.5
12	3	C	65	PHE	15.7	6.5
12	3	C	71	CYS	34.08	20.4
12	3	C	72	CYS	1.21	0.7
12	3	C	75	ASN	39.25	20.1
12	3	C	81	ARG	146.02	53.3
12	3	C	87	GLU	70.62	31.7
12	3	C	88	THR	20.14	11.7
12	3	C	94	ILE	73.26	37.2
12	3	C	95	SER	30.41	19.6
12	3	C	98	LYS	93.48	39.6
12	3	C	99	LYS	34.18	14.5
12	3	A	47	LEU	8.45	4.2
12	3	A	51	LEU	2.42	1.2
12	3	A	54	LEU	7.25	3.6
12	3	A	58	ILE	6.04	3.1
12	3	A	61	ILE	2.42	1.2
12	3	A	65	PHE	8.45	3.5
12	3	A	71	CYS	32.82	19.7
12	3	A	72	CYS	7.32	4.4
12	3	A	75	ASN	29.65	15.2
12	3	A	81	ARG	143.7	52.4
12	3	A	87	GLU	97.98	43.9
12	3	A	88	THR	85.28	49.6
12	3	A	94	ILE	99.82	50.7
12	3	A	95	SER	58.97	38.0
12	3	A	98	LYS	80.88	34.3
12	3	A	99	LYS	88.02	37.3
12	3	B	47	LEU	8.45	4.2
12	3	B	51	LEU	9.66	4.8
12	3	B	54	LEU	4.83	2.4
12	3	B	58	ILE	6.04	3.1
12	3	B	61	ILE	9.66	4.9
12	3	B	65	PHE	8.45	3.5
12	3	B	71	CYS	46.09	27.6
12	3	B	72	CYS	7.35	4.4
12	3	B	75	ASN	16.68	8.6
12	3	B	81	ARG	147.53	53.8
12	3	B	87	GLU	75.48	33.8
12	3	B	88	THR	88.52	51.5
12	3	B	94	ILE	67.22	34.1
12	3	B	95	SER	62.32	40.2
12	3	B	98	LYS	81.75	34.6
12	3	B	99	LYS	117.36	49.7
12	4	B	47	LEU	10.87	5.4
12	4	B	51	LEU	12.08	6.0
12	4	B	54	LEU	8.45	4.2
12	4	B	58	ILE	3.62	1.8
12	4	B	61	ILE	6.04	3.1
12	4	B	65	PHE	12.08	5.0
12	4	B	71	CYS	35.0	21.0
12	4	B	72	CYS	3.7	2.2
12	4	B	75	ASN	6.56	3.4
12	4	B	81	ARG	137.46	50.2
12	4	B	87	GLU	72.52	32.5
12	4	B	88	THR	88.77	51.6
12	4	B	94	ILE	48.31	24.5
12	4	B	95	SER	75.99	49.0
12	4	B	98	LYS	98.36	41.7
12	4	B	99	LYS	108.16	45.8
12	4	A	47	LEU	20.53	10.2
12	4	A	51	LEU	2.42	1.2
12	4	A	54	LEU	7.25	3.6
12	4	A	58	ILE	3.62	1.8
12	4	A	61	ILE	0.0	0.0
12	4	A	65	PHE	2.42	1.0
12	4	A	71	CYS	19.14	11.5
12	4	A	72	CYS	7.25	4.3
12	4	A	75	ASN	40.11	20.6
12	4	A	81	ARG	161.82	59.1
12	4	A	87	GLU	99.85	44.8
12	4	A	88	THR	87.44	50.8
12	4	A	94	ILE	70.04	35.6
12	4	A	95	SER	56.14	36.2
12	4	A	98	LYS	97.52	41.3
12	4	A	99	LYS	46.55	19.7
12	4	C	47	LEU	2.42	1.2
12	4	C	51	LEU	7.25	3.6
12	4	C	54	LEU	9.66	4.8
12	4	C	58	ILE	6.04	3.1
12	4	C	61	ILE	4.69	2.4
12	4	C	65	PHE	25.25	10.5
12	4	C	71	CYS	27.99	16.8
12	4	C	72	CYS	0.0	0.0
12	4	C	75	ASN	47.18	24.2
12	4	C	81	ARG	95.83	35.0
12	4	C	87	GLU	89.94	40.3
12	4	C	88	THR	36.48	21.2
12	4	C	94	ILE	45.75	23.2
12	4	C	95	SER	63.12	40.7
12	4	C	98	LYS	108.54	46.0
12	4	C	99	LYS	23.88	10.1
13	0	B	47	LEU	12.08	6.0
13	0	B	51	LEU	10.87	5.4
13	0	B	54	LEU	2.42	1.2
13	0	B	58	ILE	8.45	4.3
13	0	B	61	ILE	2.42	1.2
13	0	B	65	PHE	10.87	4.5
13	0	B	71	CYS	17.03	10.2
13	0	B	72	CYS	0.0	0.0
13	0	B	75	ASN	3.49	1.8
13	0	B	81	ARG	143.92	52.5
13	0	B	87	GLU	21.57	9.7
13	0	B	88	THR	15.68	9.1
13	0	B	94	ILE	108.14	54.9
13	0	B	95	SER	16.34	10.5
13	0	B	98	LYS	72.2	30.6
13	0	B	99	LYS	2.42	1.0
13	0	A	47	LEU	7.25	3.6
13	0	A	51	LEU	3.62	1.8
13	0	A	54	LEU	9.66	4.8
13	0	A	58	ILE	2.42	1.2
13	0	A	61	ILE	2.42	1.2
13	0	A	65	PHE	1.21	0.5
13	0	A	71	CYS	24.02	14.4
13	0	A	72	CYS	1.21	0.7
13	0	A	75	ASN	49.68	25.5
13	0	A	81	ARG	170.15	62.1
13	0	A	87	GLU	77.63	34.8
13	0	A	88	THR	86.21	50.1
13	0	A	94	ILE	74.6	37.9
13	0	A	95	SER	77.47	50.0
13	0	A	98	LYS	94.92	40.2
13	0	A	99	LYS	110.62	46.9
13	0	C	47	LEU	7.11	3.5
13	0	C	51	LEU	10.87	5.4
13	0	C	54	LEU	12.08	6.0
13	0	C	58	ILE	6.04	3.1
13	0	C	61	ILE	1.21	0.6
13	0	C	65	PHE	13.28	5.5
13	0	C	71	CYS	6.35	3.8
13	0	C	72	CYS	0.0	0.0
13	0	C	75	ASN	47.64	24.4
13	0	C	81	ARG	166.64	60.8
13	0	C	87	GLU	23.57	10.6
13	0	C	88	THR	24.13	14.0
13	0	C	94	ILE	66.15	33.6
13	0	C	95	SER	16.34	10.5
13	0	C	98	LYS	75.94	32.2
13	0	C	99	LYS	27.09	11.5
13	1	C	47	LEU	1.21	0.6
13	1	C	51	LEU	10.87	5.4
13	1	C	54	LEU	7.25	3.6
13	1	C	58	ILE	3.62	1.8
13	1	C	61	ILE	2.42	1.2
13	1	C	65	PHE	14.49	6.0
13	1	C	71	CYS	17.7	10.6
13	1	C	72	CYS	0.0	0.0
13	1	C	75	ASN	54.04	27.7
13	1	C	81	ARG	101.16	36.9
13	1	C	87	GLU	86.77	38.9
13	1	C	88	THR	11.94	6.9
13	1	C	94	ILE	65.87	33.4
13	1	C	95	SER	34.83	22.5
13	1	C	98	LYS	71.75	30.4
13	1	C	99	LYS	43.11	18.3
13	1	A	47	LEU	6.04	3.0
13	1	A	51	LEU	1.21	0.6
13	1	A	54	LEU	6.04	3.0
13	1	A	58	ILE	2.42	1.2
13	1	A	61	ILE	0.0	0.0
13	1	A	65	PHE	9.66	4.0
13	1	A	71	CYS	15.28	9.2
13	1	A	72	CYS	2.42	1.4
13	1	A	75	ASN	44.31	22.7
13	1	A	81	ARG	128.71	47.0
13	1	A	87	GLU	93.99	42.1
13	1	A	88	THR	89.97	52.3
13	1	A	94	ILE	43.34	22.0
13	1	A	95	SER	72.64	46.9
13	1	A	98	LYS	92.34	39.1
13	1	A	99	LYS	104.08	44.1
13	1	B	47	LEU	2.42	1.2
13	1	B	51	LEU	7.25	3.6
13	1	B	54	LEU	3.62	1.8
13	1	B	58	ILE	6.04	3.1
13	1	B	61	ILE	8.45	4.3
13	1	B	65	PHE	14.49	6.0
13	1	B	71	CYS	30.98	18.6
13	1	B	72	CYS	0.0	0.0
13	1	B	75	ASN	3.35	1.7
13	1	B	81	ARG	95.17	34.7
13	1	B	87	GLU	86.61	38.8
13	1	B	88	THR	10.6	6.2
13	1	B	94	ILE	78.5	39.8
13	1	B	95	SER	30.14	19.4
13	1	B	98	LYS	75.89	32.2
13	1	B	99	LYS	23.42	9.9
13	2	A	47	LEU	9.66	4.8
13	2	A	51	LEU	2.42	1.2
13	2	A	54	LEU	7.25	3.6
13	2	A	58	ILE	2.42	1.2
13	2	A	61	ILE	2.42	1.2
13	2	A	65	PHE	8.45	3.5
13	2	A	71	CYS	8.93	5.3
13	2	A	72	CYS	2.42	1.4
13	2	A	75	ASN	45.22	23.2
13	2	A	81	ARG	114.26	41.7
13	2	A	87	GLU	67.44	30.2
13	2	A	88	THR	85.28	49.6
13	2	A	94	ILE	31.26	15.9
13	2	A	95	SER	72.64	46.9
13	2	A	98	LYS	85.55	36.3
13	2	A	99	LYS	116.43	49.3
13	2	B	47	LEU	7.25	3.6
13	2	B	51	LEU	8.45	4.2
13	2	B	54	LEU	4.83	2.4
13	2	B	58	ILE	10.87	5.5
13	2	B	61	ILE	10.87	5.5
13	2	B	65	PHE	19.32	8.1
13	2	B	71	CYS	20.77	12.4
13	2	B	72	CYS	0.0	0.0
13	2	B	75	ASN	0.0	0.0
13	2	B	81	ARG	77.67	28.3
13	2	B	87	GLU	37.77	16.9
13	2	B	88	THR	10.05	5.8
13	2	B	94	ILE	75.94	38.6
13	2	B	95	SER	17.42	11.2
13	2	B	98	LYS	100.78	42.7
13	2	B	99	LYS	13.17	5.6
13	2	C	47	LEU	3.62	1.8
13	2	C	51	LEU	9.66	4.8
13	2	C	54	LEU	6.04	3.0
13	2	C	58	ILE	7.25	3.7
13	2	C	61	ILE	4.83	2.5
13	2	C	65	PHE	19.32	8.1
13	2	C	71	CYS	12.79	7.7
13	2	C	72	CYS	0.0	0.0
13	2	C	75	ASN	39.5	20.3
13	2	C	81	ARG	107.24	39.1
13	2	C	87	GLU	39.92	17.9
13	2	C	88	THR	22.93	13.3
13	2	C	94	ILE	21.74	11.0
13	2	C	95	SER	19.69	12.7
13	2	C	98	LYS	82.57	35.0
13	2	C	99	LYS	8.45	3.6
13	3	C	47	LEU	2.42	1.2
13	3	C	51	LEU	10.87	5.4
13	3	C	54	LEU	7.25	3.6
13	3	C	58	ILE	6.04	3.1
13	3	C	61	ILE	2.42	1.2
13	3	C	65	PHE	13.28	5.5
13	3	C	71	CYS	20.11	12.0
13	3	C	72	CYS	0.0	0.0
13	3	C	75	ASN	32.8	16.8
13	3	C	81	ARG	149.6	54.6
13	3	C	87	GLU	31.34	14.1
13	3	C	88	THR	22.93	13.3
13	3	C	94	ILE	63.6	32.3
13	3	C	95	SER	0.0	0.0
13	3	C	98	LYS	43.93	18.6
13	3	C	99	LYS	25.02	10.6
13	3	B	47	LEU	4.83	2.4
13	3	B	51	LEU	9.66	4.8
13	3	B	54	LEU	3.62	1.8
13	3	B	58	ILE	4.83	2.5
13	3	B	61	ILE	10.87	5.5
13	3	B	65	PHE	18.11	7.5
13	3	B	71	CYS	25.64	15.4
13	3	B	72	CYS	1.29	0.8
13	3	B	75	ASN	0.0	0.0
13	3	B	81	ARG	134.91	49.2
13	3	B	87	GLU	29.09	13.0
13	3	B	88	THR	20.65	12.0
13	3	B	94	ILE	80.77	41.0
13	3	B	95	SER	0.0	0.0
13	3	B	98	LYS	44.93	19.0
13	3	B	99	LYS	3.62	1.5
13	3	A	47	LEU	7.25	3.6
13	3	A	51	LEU	2.42	1.2
13	3	A	54	LEU	7.25	3.6
13	3	A	58	ILE	2.42	1.2
13	3	A	61	ILE	1.21	0.6
13	3	A	65	PHE	4.83	2.0
13	3	A	71	CYS	11.5	6.9
13	3	A	72	CYS	3.62	2.2
13	3	A	75	ASN	47.31	24.3
13	3	A	81	ARG	150.54	54.9
13	3	A	87	GLU	76.01	34.1
13	3	A	88	THR	89.43	52.0
13	3	A	94	ILE	85.61	43.5
13	3	A	95	SER	69.7	45.0
13	3	A	98	LYS	92.46	39.2
13	3	A	99	LYS	107.0	45.3
13	4	C	47	LEU	1.07	0.5
13	4	C	51	LEU	6.04	3.0
13	4	C	54	LEU	12.08	6.0
13	4	C	58	ILE	10.87	5.5
13	4	C	61	ILE	3.62	1.8
13	4	C	65	PHE	25.22	10.5
13	4	C	71	CYS	16.06	9.6
13	4	C	72	CYS	4.56	2.7
13	4	C	75	ASN	10.05	5.2
13	4	C	81	ARG	126.05	46.0
13	4	C	87	GLU	89.55	40.2
13	4	C	88	THR	77.51	45.1
13	4	C	94	ILE	27.64	14.0
13	4	C	95	SER	72.64	46.9
13	4	C	98	LYS	111.51	47.2
13	4	C	99	LYS	41.81	17.7
13	4	A	47	LEU	15.7	7.8
13	4	A	51	LEU	4.83	2.4
13	4	A	54	LEU	4.83	2.4
13	4	A	58	ILE	6.04	3.1
13	4	A	61	ILE	0.0	0.0
13	4	A	65	PHE	3.62	1.5
13	4	A	71	CYS	16.17	9.7
13	4	A	72	CYS	6.04	3.6
13	4	A	75	ASN	3.62	1.9
13	4	A	81	ARG	136.0	49.6
13	4	A	87	GLU	86.08	38.6
13	4	A	88	THR	75.23	43.7
13	4	A	94	ILE	74.87	38.0
13	4	A	95	SER	71.57	46.2
13	4	A	98	LYS	125.91	53.4
13	4	A	99	LYS	75.3	31.9
13	4	B	47	LEU	18.11	9.0
13	4	B	51	LEU	9.66	4.8
13	4	B	54	LEU	6.04	3.0
13	4	B	58	ILE	8.45	4.3
13	4	B	61	ILE	9.66	4.9
13	4	B	65	PHE	10.87	4.5
13	4	B	71	CYS	32.16	19.3
13	4	B	72	CYS	4.83	2.9
13	4	B	75	ASN	3.35	1.7
13	4	B	81	ARG	120.51	44.0
13	4	B	87	GLU	90.35	40.5
13	4	B	88	THR	81.13	47.2
13	4	B	94	ILE	42.27	21.5
13	4	B	95	SER	68.22	44.0
13	4	B	98	LYS	106.36	45.1
13	4	B	99	LYS	47.16	20.0
14	0	C	47	LEU	2.28	1.1
14	0	C	51	LEU	10.87	5.4
14	0	C	54	LEU	6.04	3.0
14	0	C	58	ILE	12.08	6.1
14	0	C	61	ILE	3.62	1.8
14	0	C	65	PHE	22.69	9.5
14	0	C	71	CYS	24.29	14.5
14	0	C	72	CYS	3.86	2.3
14	0	C	75	ASN	26.99	13.8
14	0	C	81	ARG	153.7	56.1
14	0	C	87	GLU	80.43	36.1
14	0	C	88	THR	86.35	50.2
14	0	C	94	ILE	12.08	6.1
14	0	C	95	SER	72.64	46.9
14	0	C	98	LYS	80.09	33.9
14	0	C	99	LYS	117.25	49.7
14	0	A	47	LEU	20.53	10.2
14	0	A	51	LEU	0.0	0.0
14	0	A	54	LEU	9.66	4.8
14	0	A	58	ILE	1.21	0.6
14	0	A	61	ILE	0.0	0.0
14	0	A	65	PHE	0.0	0.0
14	0	A	71	CYS	28.15	16.9
14	0	A	72	CYS	2.42	1.4
14	0	A	75	ASN	42.78	21.9
14	0	A	81	ARG	153.5	56.0
14	0	A	87	GLU	66.23	29.7
14	0	A	88	THR	86.21	50.1
14	0	A	94	ILE	83.05	42.2
14	0	A	95	SER	71.71	46.3
14	0	A	98	LYS	102.92	43.6
14	0	A	99	LYS	115.7	49.0
14	0	B	47	LEU	8.45	4.2
14	0	B	51	LEU	10.87	5.4
14	0	B	54	LEU	2.42	1.2
14	0	B	58	ILE	12.08	6.1
14	0	B	61	ILE	4.83	2.5
14	0	B	65	PHE	17.98	7.5
14	0	B	71	CYS	20.73	12.4
14	0	B	72	CYS	3.86	2.3
14	0	B	75	ASN	0.0	0.0
14	0	B	81	ARG	147.73	53.9
14	0	B	87	GLU	73.87	33.1
14	0	B	88	THR	85.01	49.4
14	0	B	94	ILE	41.06	20.8
14	0	B	95	SER	72.78	47.0
14	0	B	98	LYS	88.88	37.7
14	0	B	99	LYS	69.95	29.6
14	1	A	47	LEU	4.83	2.4
14	1	A	51	LEU	2.42	1.2
14	1	A	54	LEU	4.83	2.4
14	1	A	58	ILE	1.21	0.6
14	1	A	61	ILE	3.62	1.8
14	1	A	65	PHE	14.49	6.0
14	1	A	71	CYS	20.43	12.2
14	1	A	72	CYS	7.25	4.3
14	1	A	75	ASN	20.38	10.5
14	1	A	81	ARG	148.65	54.3
14	1	A	87	GLU	87.4	39.2
14	1	A	88	THR	84.87	49.3
14	1	A	94	ILE	78.36	39.8
14	1	A	95	SER	54.14	34.9
14	1	A	98	LYS	96.95	41.1
14	1	A	99	LYS	4.83	2.0
14	1	B	47	LEU	4.83	2.4
14	1	B	51	LEU	3.62	1.8
14	1	B	54	LEU	7.25	3.6
14	1	B	58	ILE	4.83	2.5
14	1	B	61	ILE	16.91	8.6
14	1	B	65	PHE	17.98	7.5
14	1	B	71	CYS	39.85	23.9
14	1	B	72	CYS	7.48	4.5
14	1	B	75	ASN	6.43	3.3
14	1	B	81	ARG	146.6	53.5
14	1	B	87	GLU	81.39	36.5
14	1	B	88	THR	88.49	51.4
14	1	B	94	ILE	61.45	31.2
14	1	B	95	SER	70.36	45.4
14	1	B	98	LYS	100.46	42.6
14	1	B	99	LYS	117.68	49.9
14	1	C	47	LEU	2.42	1.2
14	1	C	51	LEU	8.45	4.2
14	1	C	54	LEU	2.42	1.2
14	1	C	58	ILE	6.04	3.1
14	1	C	61	ILE	1.21	0.6
14	1	C	65	PHE	16.91	7.0
14	1	C	71	CYS	24.13	14.5
14	1	C	72	CYS	4.99	3.0
14	1	C	75	ASN	48.43	24.8
14	1	C	81	ARG	152.5	55.7
14	1	C	87	GLU	59.12	26.5
14	1	C	88	THR	4.56	2.7
14	1	C	94	ILE	54.34	27.6
14	1	C	95	SER	34.7	22.4
14	1	C	98	LYS	100.68	42.7
14	1	C	99	LYS	16.79	7.1
14	2	C	47	LEU	2.28	1.1
14	2	C	51	LEU	9.66	4.8
14	2	C	54	LEU	8.45	4.2
14	2	C	58	ILE	6.04	3.1
14	2	C	61	ILE	1.21	0.6
14	2	C	65	PHE	14.22	5.9
14	2	C	71	CYS	17.78	10.6
14	2	C	72	CYS	0.0	0.0
14	2	C	75	ASN	35.33	18.1
14	2	C	81	ARG	135.45	49.4
14	2	C	87	GLU	64.58	29.0
14	2	C	88	THR	11.53	6.7
14	2	C	94	ILE	16.91	8.6
14	2	C	95	SER	21.43	13.8
14	2	C	98	LYS	55.41	23.5
14	2	C	99	LYS	30.44	12.9
14	2	B	47	LEU	1.21	0.6
14	2	B	51	LEU	6.04	3.0
14	2	B	54	LEU	2.42	1.2
14	2	B	58	ILE	8.45	4.3
14	2	B	61	ILE	4.83	2.5
14	2	B	65	PHE	12.08	5.0
14	2	B	71	CYS	19.48	11.7
14	2	B	72	CYS	0.0	0.0
14	2	B	75	ASN	0.0	0.0
14	2	B	81	ARG	100.86	36.8
14	2	B	87	GLU	67.93	30.5
14	2	B	88	THR	4.42	2.6
14	2	B	94	ILE	95.13	48.3
14	2	B	95	SER	31.21	20.1
14	2	B	98	LYS	70.2	29.7
14	2	B	99	LYS	3.51	1.5
14	2	A	47	LEU	2.42	1.2
14	2	A	51	LEU	0.0	0.0
14	2	A	54	LEU	8.45	4.2
14	2	A	58	ILE	0.0	0.0
14	2	A	61	ILE	2.42	1.2
14	2	A	65	PHE	5.9	2.5
14	2	A	71	CYS	11.5	6.9
14	2	A	72	CYS	3.62	2.2
14	2	A	75	ASN	44.05	22.6
14	2	A	81	ARG	142.45	52.0
14	2	A	87	GLU	60.74	27.2
14	2	A	88	THR	84.07	48.9
14	2	A	94	ILE	21.74	11.0
14	2	A	95	SER	71.43	46.1
14	2	A	98	LYS	68.76	29.1
14	2	A	99	LYS	109.66	46.5
14	3	B	47	LEU	7.25	3.6
14	3	B	51	LEU	7.25	3.6
14	3	B	54	LEU	6.04	3.0
14	3	B	58	ILE	1.21	0.6
14	3	B	61	ILE	7.25	3.7
14	3	B	65	PHE	11.94	5.0
14	3	B	71	CYS	38.51	23.1
14	3	B	72	CYS	8.42	5.0
14	3	B	75	ASN	15.08	7.7
14	3	B	81	ARG	69.45	25.3
14	3	B	87	GLU	92.2	41.3
14	3	B	88	THR	21.58	12.5
14	3	B	94	ILE	79.57	40.4
14	3	B	95	SER	34.97	22.6
14	3	B	98	LYS	95.85	40.6
14	3	B	99	LYS	0.0	0.0
14	3	A	47	LEU	12.08	6.0
14	3	A	51	LEU	2.42	1.2
14	3	A	54	LEU	9.66	4.8
14	3	A	58	ILE	3.62	1.8
14	3	A	61	ILE	3.62	1.8
14	3	A	65	PHE	13.28	5.5
14	3	A	71	CYS	16.03	9.6
14	3	A	72	CYS	4.91	2.9
14	3	A	75	ASN	46.49	23.8
14	3	A	81	ARG	130.76	47.7
14	3	A	87	GLU	83.51	37.4
14	3	A	88	THR	84.48	49.1
14	3	A	94	ILE	13.28	6.7
14	3	A	95	SER	74.92	48.3
14	3	A	98	LYS	70.2	29.7
14	3	A	99	LYS	105.4	44.7
14	3	C	47	LEU	7.25	3.6
14	3	C	51	LEU	6.04	3.0
14	3	C	54	LEU	7.25	3.6
14	3	C	58	ILE	4.83	2.5
14	3	C	61	ILE	3.62	1.8
14	3	C	65	PHE	13.03	5.4
14	3	C	71	CYS	17.51	10.5
14	3	C	72	CYS	22.57	13.5
14	3	C	75	ASN	66.09	33.9
14	3	C	81	ARG	97.54	35.6
14	3	C	87	GLU	94.36	42.3
14	3	C	88	THR	19.03	11.1
14	3	C	94	ILE	14.49	7.4
14	3	C	95	SER	25.19	16.3
14	3	C	98	LYS	67.44	28.6
14	3	C	99	LYS	21.12	8.9
15	0	C	47	LEU	3.62	1.8
15	0	C	51	LEU	10.87	5.4
15	0	C	54	LEU	7.25	3.6
15	0	C	58	ILE	3.62	1.8
15	0	C	61	ILE	4.83	2.5
15	0	C	65	PHE	25.22	10.5
15	0	C	71	CYS	16.65	10.0
15	0	C	72	CYS	6.06	3.6
15	0	C	75	ASN	43.67	22.4
15	0	C	81	ARG	136.95	50.0
15	0	C	87	GLU	69.72	31.3
15	0	C	88	THR	90.11	52.4
15	0	C	94	ILE	13.28	6.7
15	0	C	95	SER	73.58	47.5
15	0	C	98	LYS	71.63	30.4
15	0	C	99	LYS	119.44	50.6
15	0	A	47	LEU	9.66	4.8
15	0	A	51	LEU	3.62	1.8
15	0	A	54	LEU	8.45	4.2
15	0	A	58	ILE	1.21	0.6
15	0	A	61	ILE	2.42	1.2
15	0	A	65	PHE	3.49	1.5
15	0	A	71	CYS	30.45	18.2
15	0	A	72	CYS	4.91	2.9
15	0	A	75	ASN	46.17	23.7
15	0	A	81	ARG	134.65	49.1
15	0	A	87	GLU	70.65	31.7
15	0	A	88	THR	88.9	51.7
15	0	A	94	ILE	72.19	36.6
15	0	A	95	SER	73.44	47.4
15	0	A	98	LYS	105.29	44.6
15	0	A	99	LYS	110.12	46.7
15	0	B	47	LEU	16.91	8.4
15	0	B	51	LEU	16.91	8.4
15	0	B	54	LEU	1.21	0.6
15	0	B	58	ILE	9.66	4.9
15	0	B	61	ILE	2.42	1.2
15	0	B	65	PHE	19.32	8.1
15	0	B	71	CYS	16.92	10.1
15	0	B	72	CYS	0.0	0.0
15	0	B	75	ASN	9.55	4.9
15	0	B	81	ARG	120.27	43.9
15	0	B	87	GLU	74.0	33.2
15	0	B	88	THR	79.24	46.1
15	0	B	94	ILE	14.49	7.4
15	0	B	95	SER	68.08	43.9
15	0	B	98	LYS	71.4	30.3
15	0	B	99	LYS	52.04	22.1
15	1	B	47	LEU	14.49	7.2
15	1	B	51	LEU	8.45	4.2
15	1	B	54	LEU	7.25	3.6
15	1	B	58	ILE	7.25	3.7
15	1	B	61	ILE	13.28	6.7
15	1	B	65	PHE	16.91	7.0
15	1	B	71	CYS	28.61	17.1
15	1	B	72	CYS	2.57	1.5
15	1	B	75	ASN	3.21	1.6
15	1	B	81	ARG	108.43	39.6
15	1	B	87	GLU	87.0	39.0
15	1	B	88	THR	88.49	51.4
15	1	B	94	ILE	55.41	28.1
15	1	B	95	SER	48.52	31.3
15	1	B	98	LYS	134.36	56.9
15	1	B	99	LYS	46.3	19.6
15	1	A	47	LEU	4.83	2.4
15	1	A	51	LEU	1.21	0.6
15	1	A	54	LEU	3.62	1.8
15	1	A	58	ILE	4.83	2.5
15	1	A	61	ILE	3.62	1.8
15	1	A	65	PHE	13.28	5.5
15	1	A	71	CYS	26.43	15.8
15	1	A	72	CYS	6.35	3.8
15	1	A	75	ASN	7.66	3.9
15	1	A	81	ARG	114.15	41.7
15	1	A	87	GLU	89.43	40.1
15	1	A	88	THR	68.24	39.7
15	1	A	94	ILE	80.77	41.0
15	1	A	95	SER	55.91	36.1
15	1	A	98	LYS	128.07	54.3
15	1	A	99	LYS	55.39	23.5
15	1	C	47	LEU	3.62	1.8
15	1	C	51	LEU	8.45	4.2
15	1	C	54	LEU	6.04	3.0
15	1	C	58	ILE	6.04	3.1
15	1	C	61	ILE	1.21	0.6
15	1	C	65	PHE	18.11	7.5
15	1	C	71	CYS	22.85	13.7
15	1	C	72	CYS	3.7	2.2
15	1	C	75	ASN	18.53	9.5
15	1	C	81	ARG	144.66	52.8
15	1	C	87	GLU	96.0	43.0
15	1	C	88	THR	83.69	48.7
15	1	C	94	ILE	57.83	29.4
15	1	C	95	SER	56.02	36.1
15	1	C	98	LYS	132.93	56.3
15	1	C	99	LYS	64.37	27.3
15	2	B	47	LEU	20.53	10.2
15	2	B	51	LEU	10.87	5.4
15	2	B	54	LEU	2.42	1.2
15	2	B	58	ILE	10.87	5.5
15	2	B	61	ILE	6.04	3.1
15	2	B	65	PHE	13.28	5.5
15	2	B	71	CYS	14.65	8.8
15	2	B	72	CYS	8.53	5.1
15	2	B	75	ASN	1.07	0.5
15	2	B	81	ARG	108.59	39.6
15	2	B	87	GLU	88.36	39.6
15	2	B	88	THR	92.8	54.0
15	2	B	94	ILE	86.54	43.9
15	2	B	95	SER	74.78	48.2
15	2	B	98	LYS	64.02	27.1
15	2	B	99	LYS	60.74	25.7
15	2	A	47	LEU	19.32	9.6
15	2	A	51	LEU	3.62	1.8
15	2	A	54	LEU	4.83	2.4
15	2	A	58	ILE	0.0	0.0
15	2	A	61	ILE	0.0	0.0
15	2	A	65	PHE	1.21	0.5
15	2	A	71	CYS	23.31	14.0
15	2	A	72	CYS	3.62	2.2
15	2	A	75	ASN	2.14	1.1
15	2	A	81	ARG	123.11	44.9
15	2	A	87	GLU	79.63	35.7
15	2	A	88	THR	88.63	51.5
15	2	A	94	ILE	87.88	44.6
15	2	A	95	SER	67.95	43.8
15	2	A	98	LYS	68.97	29.2
15	2	A	99	LYS	47.28	20.0
15	2	C	47	LEU	1.21	0.6
15	2	C	51	LEU	9.66	4.8
15	2	C	54	LEU	4.83	2.4
15	2	C	58	ILE	8.45	4.3
15	2	C	61	ILE	5.9	3.0
15	2	C	65	PHE	16.79	7.0
15	2	C	71	CYS	21.91	13.1
15	2	C	72	CYS	9.9	5.9
15	2	C	75	ASN	2.14	1.1
15	2	C	81	ARG	111.87	40.8
15	2	C	87	GLU	92.92	41.7
15	2	C	88	THR	85.14	49.5
15	2	C	94	ILE	86.54	43.9
15	2	C	95	SER	52.93	34.1
15	2	C	98	LYS	67.76	28.7
15	2	C	99	LYS	33.47	14.2
15	3	B	47	LEU	7.25	3.6
15	3	B	51	LEU	7.25	3.6
15	3	B	54	LEU	6.04	3.0
15	3	B	58	ILE	7.25	3.7
15	3	B	61	ILE	9.66	4.9
15	3	B	65	PHE	12.08	5.0
15	3	B	71	CYS	62.96	37.7
15	3	B	72	CYS	4.91	2.9
15	3	B	75	ASN	11.83	6.1
15	3	B	81	ARG	174.98	63.9
15	3	B	87	GLU	62.33	28.0
15	3	B	88	THR	87.15	50.7
15	3	B	94	ILE	43.34	22.0
15	3	B	95	SER	73.71	47.6
15	3	B	98	LYS	95.62	40.5
15	3	B	99	LYS	96.19	40.8
15	3	A	47	LEU	3.62	1.8
15	3	A	51	LEU	1.21	0.6
15	3	A	54	LEU	7.25	3.6
15	3	A	58	ILE	2.42	1.2
15	3	A	61	ILE	1.21	0.6
15	3	A	65	PHE	3.62	1.5
15	3	A	71	CYS	13.94	8.3
15	3	A	72	CYS	13.44	8.0
15	3	A	75	ASN	16.21	8.3
15	3	A	81	ARG	174.35	63.6
15	3	A	87	GLU	89.39	40.1
15	3	A	88	THR	55.5	32.3
15	3	A	94	ILE	72.46	36.8
15	3	A	95	SER	49.31	31.8
15	3	A	98	LYS	94.76	40.2
15	3	A	99	LYS	39.42	16.7
15	3	C	47	LEU	0.0	0.0
15	3	C	51	LEU	7.25	3.6
15	3	C	54	LEU	7.25	3.6
15	3	C	58	ILE	4.83	2.5
15	3	C	61	ILE	3.62	1.8
15	3	C	65	PHE	16.91	7.0
15	3	C	71	CYS	29.22	17.5
15	3	C	72	CYS	0.0	0.0
15	3	C	75	ASN	40.46	20.7
15	3	C	81	ARG	174.94	63.8
15	3	C	87	GLU	83.49	37.4
15	3	C	88	THR	25.89	15.1
15	3	C	94	ILE	43.34	22.0
15	3	C	95	SER	26.26	16.9
15	3	C	98	LYS	92.21	39.1
15	3	C	99	LYS	29.51	12.5
15	4	C	47	LEU	0.0	0.0
15	4	C	51	LEU	8.45	4.2
15	4	C	54	LEU	8.45	4.2
15	4	C	58	ILE	8.45	4.3
15	4	C	61	ILE	2.42	1.2
15	4	C	65	PHE	19.19	8.0
15	4	C	71	CYS	38.51	23.1
15	4	C	72	CYS	4.83	2.9
15	4	C	75	ASN	37.42	19.2
15	4	C	81	ARG	149.01	54.4
15	4	C	87	GLU	104.55	46.9
15	4	C	88	THR	10.99	6.4
15	4	C	94	ILE	48.31	24.5
15	4	C	95	SER	22.91	14.8
15	4	C	98	LYS	76.24	32.3
15	4	C	99	LYS	16.56	7.0
15	4	B	47	LEU	7.25	3.6
15	4	B	51	LEU	8.45	4.2
15	4	B	54	LEU	2.42	1.2
15	4	B	58	ILE	9.66	4.9
15	4	B	61	ILE	18.11	9.2
15	4	B	65	PHE	10.87	4.5
15	4	B	71	CYS	42.45	25.4
15	4	B	72	CYS	20.87	12.5
15	4	B	75	ASN	5.36	2.7
15	4	B	81	ARG	148.24	54.1
15	4	B	87	GLU	103.2	46.3
15	4	B	88	THR	83.8	48.7
15	4	B	94	ILE	45.89	23.3
15	4	B	95	SER	71.71	46.3
15	4	B	98	LYS	75.14	31.8
15	4	B	99	LYS	101.43	43.0
15	4	A	47	LEU	6.04	3.0
15	4	A	51	LEU	3.62	1.8
15	4	A	54	LEU	7.25	3.6
15	4	A	58	ILE	7.25	3.7
15	4	A	61	ILE	2.42	1.2
15	4	A	65	PHE	6.04	2.5
15	4	A	71	CYS	16.17	9.7
15	4	A	72	CYS	8.45	5.1
15	4	A	75	ASN	18.33	9.4
15	4	A	81	ARG	110.69	40.4
15	4	A	87	GLU	87.98	39.5
15	4	A	88	THR	56.3	32.7
15	4	A	94	ILE	72.32	36.7
15	4	A	95	SER	66.6	43.0
15	4	A	98	LYS	84.69	35.9
15	4	A	99	LYS	14.49	6.1
16	0	C	47	LEU	3.62	1.8
16	0	C	51	LEU	12.08	6.0
16	0	C	54	LEU	6.04	3.0
16	0	C	58	ILE	4.83	2.5
16	0	C	61	ILE	0.0	0.0
16	0	C	65	PHE	12.08	5.0
16	0	C	71	CYS	10.14	6.1
16	0	C	72	CYS	0.0	0.0
16	0	C	75	ASN	35.19	18.0
16	0	C	81	ARG	93.28	34.0
16	0	C	87	GLU	94.09	42.2
16	0	C	88	THR	15.82	9.2
16	0	C	94	ILE	22.94	11.6
16	0	C	95	SER	29.2	18.8
16	0	C	98	LYS	38.55	16.3
16	0	C	99	LYS	27.5	11.7
16	0	A	47	LEU	1.21	0.6
16	0	A	51	LEU	1.21	0.6
16	0	A	54	LEU	3.62	1.8
16	0	A	58	ILE	6.04	3.1
16	0	A	61	ILE	1.21	0.6
16	0	A	65	PHE	13.28	5.5
16	0	A	71	CYS	24.29	14.5
16	0	A	72	CYS	3.62	2.2
16	0	A	75	ASN	38.22	19.6
16	0	A	81	ARG	157.66	57.5
16	0	A	87	GLU	72.79	32.6
16	0	A	88	THR	90.0	52.3
16	0	A	94	ILE	27.78	14.1
16	0	A	95	SER	78.68	50.8
16	0	A	98	LYS	57.3	24.3
16	0	A	99	LYS	110.0	46.6
16	0	B	47	LEU	7.25	3.6
16	0	B	51	LEU	10.87	5.4
16	0	B	54	LEU	7.13	3.5
16	0	B	58	ILE	9.66	4.9
16	0	B	61	ILE	13.28	6.7
16	0	B	65	PHE	15.7	6.5
16	0	B	71	CYS	27.01	16.2
16	0	B	72	CYS	0.0	0.0
16	0	B	75	ASN	0.0	0.0
16	0	B	81	ARG	76.71	28.0
16	0	B	87	GLU	97.17	43.6
16	0	B	88	THR	18.37	10.7
16	0	B	94	ILE	96.2	48.8
16	0	B	95	SER	28.13	18.1
16	0	B	98	LYS	40.97	17.4
16	0	B	99	LYS	3.62	1.5
16	1	B	47	LEU	16.91	8.4
16	1	B	51	LEU	14.49	7.2
16	1	B	54	LEU	12.08	6.0
16	1	B	58	ILE	6.04	3.1
16	1	B	61	ILE	6.04	3.1
16	1	B	65	PHE	17.98	7.5
16	1	B	71	CYS	30.79	18.4
16	1	B	72	CYS	7.35	4.4
16	1	B	75	ASN	12.78	6.6
16	1	B	81	ARG	121.28	44.3
16	1	B	87	GLU	76.42	34.3
16	1	B	88	THR	82.59	48.0
16	1	B	94	ILE	3.62	1.8
16	1	B	95	SER	68.22	44.0
16	1	B	98	LYS	50.06	21.2
16	1	B	99	LYS	72.36	30.7
16	1	A	47	LEU	34.89	17.4
16	1	A	51	LEU	13.28	6.6
16	1	A	54	LEU	13.28	6.6
16	1	A	58	ILE	7.25	3.7
16	1	A	61	ILE	2.42	1.2
16	1	A	65	PHE	4.83	2.0
16	1	A	71	CYS	31.77	19.0
16	1	A	72	CYS	1.21	0.7
16	1	A	75	ASN	49.87	25.6
16	1	A	81	ARG	144.11	52.6
16	1	A	87	GLU	75.46	33.8
16	1	A	88	THR	88.11	51.2
16	1	A	94	ILE	79.57	40.4
16	1	A	95	SER	72.37	46.7
16	1	A	98	LYS	108.68	46.1
16	1	A	99	LYS	118.0	50.0
16	1	C	47	LEU	2.28	1.1
16	1	C	51	LEU	10.87	5.4
16	1	C	54	LEU	18.11	9.0
16	1	C	58	ILE	12.08	6.1
16	1	C	61	ILE	14.36	7.3
16	1	C	65	PHE	24.15	10.1
16	1	C	71	CYS	30.29	18.1
16	1	C	72	CYS	12.42	7.4
16	1	C	75	ASN	56.77	29.1
16	1	C	81	ARG	144.96	52.9
16	1	C	87	GLU	97.07	43.5
16	1	C	88	THR	13.7	8.0
16	1	C	94	ILE	28.85	14.6
16	1	C	95	SER	37.11	23.9
16	1	C	98	LYS	90.04	38.2
16	1	C	99	LYS	9.66	4.1
16	2	C	47	LEU	1.21	0.6
16	2	C	51	LEU	8.45	4.2
16	2	C	54	LEU	6.04	3.0
16	2	C	58	ILE	8.45	4.3
16	2	C	61	ILE	2.42	1.2
16	2	C	65	PHE	19.19	8.0
16	2	C	71	CYS	37.86	22.7
16	2	C	72	CYS	3.7	2.2
16	2	C	75	ASN	36.01	18.5
16	2	C	81	ARG	156.12	57.0
16	2	C	87	GLU	9.0	4.0
16	2	C	88	THR	2.28	1.3
16	2	C	94	ILE	93.79	47.6
16	2	C	95	SER	6.7	4.3
16	2	C	98	LYS	48.73	20.7
16	2	C	99	LYS	26.98	11.4
16	2	A	47	LEU	6.04	3.0
16	2	A	51	LEU	2.42	1.2
16	2	A	54	LEU	7.25	3.6
16	2	A	58	ILE	12.08	6.1
16	2	A	61	ILE	0.0	0.0
16	2	A	65	PHE	2.42	1.0
16	2	A	71	CYS	0.0	0.0
16	2	A	72	CYS	7.32	4.4
16	2	A	75	ASN	6.45	3.3
16	2	A	81	ARG	155.03	56.6
16	2	A	87	GLU	87.95	39.4
16	2	A	88	THR	85.96	50.0
16	2	A	94	ILE	96.47	49.0
16	2	A	95	SER	68.22	44.0
16	2	A	98	LYS	85.55	36.3
16	2	A	99	LYS	98.09	41.6
16	2	B	47	LEU	3.62	1.8
16	2	B	51	LEU	9.66	4.8
16	2	B	54	LEU	3.62	1.8
16	2	B	58	ILE	6.04	3.1
16	2	B	61	ILE	19.32	9.8
16	2	B	65	PHE	9.66	4.0
16	2	B	71	CYS	46.31	27.7
16	2	B	72	CYS	1.21	0.7
16	2	B	75	ASN	6.43	3.3
16	2	B	81	ARG	158.51	57.9
16	2	B	87	GLU	33.9	15.2
16	2	B	88	THR	17.16	10.0
16	2	B	94	ILE	90.3	45.8
16	2	B	95	SER	25.72	16.6
16	2	B	98	LYS	97.81	41.4
16	2	B	99	LYS	8.34	3.5
16	3	C	47	LEU	0.0	0.0
16	3	C	51	LEU	6.04	3.0
16	3	C	54	LEU	6.04	3.0
16	3	C	58	ILE	3.62	1.8
16	3	C	61	ILE	3.62	1.8
16	3	C	65	PHE	25.22	10.5
16	3	C	71	CYS	16.22	9.7
16	3	C	72	CYS	6.35	3.8
16	3	C	75	ASN	11.53	5.9
16	3	C	81	ARG	104.17	38.0
16	3	C	87	GLU	92.9	41.7
16	3	C	88	THR	24.12	14.0
16	3	C	94	ILE	33.81	17.2
16	3	C	95	SER	33.76	21.8
16	3	C	98	LYS	105.26	44.6
16	3	C	99	LYS	18.98	8.0
16	3	A	47	LEU	12.08	6.0
16	3	A	51	LEU	4.83	2.4
16	3	A	54	LEU	4.83	2.4
16	3	A	58	ILE	8.45	4.3
16	3	A	61	ILE	1.21	0.6
16	3	A	65	PHE	15.7	6.5
16	3	A	71	CYS	8.69	5.2
16	3	A	72	CYS	9.66	5.8
16	3	A	75	ASN	13.45	6.9
16	3	A	81	ARG	145.11	53.0
16	3	A	87	GLU	89.16	40.0
16	3	A	88	THR	81.41	47.3
16	3	A	94	ILE	84.53	42.9
16	3	A	95	SER	73.71	47.6
16	3	A	98	LYS	105.4	44.7
16	3	A	99	LYS	98.31	41.7
16	3	B	47	LEU	12.08	6.0
16	3	B	51	LEU	10.87	5.4
16	3	B	54	LEU	4.83	2.4
16	3	B	58	ILE	3.62	1.8
16	3	B	61	ILE	13.28	6.7
16	3	B	65	PHE	10.73	4.5
16	3	B	71	CYS	38.86	23.3
16	3	B	72	CYS	2.49	1.5
16	3	B	75	ASN	11.01	5.6
16	3	B	81	ARG	138.44	50.5
16	3	B	87	GLU	94.65	42.4
16	3	B	88	THR	84.87	49.3
16	3	B	94	ILE	22.94	11.6
16	3	B	95	SER	71.57	46.2
16	3	B	98	LYS	112.4	47.6
16	3	B	99	LYS	113.51	48.1
17	0	C	47	LEU	3.62	1.8
17	0	C	51	LEU	12.08	6.0
17	0	C	54	LEU	9.66	4.8
17	0	C	58	ILE	3.62	1.8
17	0	C	61	ILE	4.83	2.5
17	0	C	65	PHE	13.28	5.5
17	0	C	71	CYS	37.62	22.5
17	0	C	72	CYS	0.0	0.0
17	0	C	75	ASN	40.71	20.9
17	0	C	81	ARG	138.6	50.6
17	0	C	87	GLU	47.28	21.2
17	0	C	88	THR	26.14	15.2
17	0	C	94	ILE	72.32	36.7
17	0	C	95	SER	10.05	6.5
17	0	C	98	LYS	64.87	27.5
17	0	C	99	LYS	42.68	18.1
17	0	B	47	LEU	16.91	8.4
17	0	B	51	LEU	13.28	6.6
17	0	B	54	LEU	7.25	3.6
17	0	B	58	ILE	4.83	2.5
17	0	B	61	ILE	16.91	8.6
17	0	B	65	PHE	8.45	3.5
17	0	B	71	CYS	55.43	33.2
17	0	B	72	CYS	1.21	0.7
17	0	B	75	ASN	13.93	7.1
17	0	B	81	ARG	166.94	60.9
17	0	B	87	GLU	67.57	30.3
17	0	B	88	THR	87.42	50.8
17	0	B	94	ILE	57.83	29.4
17	0	B	95	SER	70.36	45.4
17	0	B	98	LYS	101.57	43.0
17	0	B	99	LYS	92.28	39.1
17	0	A	47	LEU	4.83	2.4
17	0	A	51	LEU	4.83	2.4
17	0	A	54	LEU	4.83	2.4
17	0	A	58	ILE	7.25	3.7
17	0	A	61	ILE	7.25	3.7
17	0	A	65	PHE	19.32	8.1
17	0	A	71	CYS	47.7	28.6
17	0	A	72	CYS	9.66	5.8
17	0	A	75	ASN	32.6	16.7
17	0	A	81	ARG	141.79	51.7
17	0	A	87	GLU	96.64	43.3
17	0	A	88	THR	48.78	28.4
17	0	A	94	ILE	92.85	47.1
17	0	A	95	SER	33.9	21.9
17	0	A	98	LYS	102.58	43.5
17	0	A	99	LYS	36.36	15.4
17	1	C	47	LEU	1.21	0.6
17	1	C	51	LEU	9.66	4.8
17	1	C	54	LEU	9.66	4.8
17	1	C	58	ILE	2.42	1.2
17	1	C	61	ILE	4.83	2.5
17	1	C	65	PHE	22.81	9.5
17	1	C	71	CYS	32.87	19.7
17	1	C	72	CYS	11.26	6.7
17	1	C	75	ASN	74.61	38.3
17	1	C	81	ARG	142.24	51.9
17	1	C	87	GLU	67.66	30.3
17	1	C	88	THR	18.51	10.8
17	1	C	94	ILE	35.02	17.8
17	1	C	95	SER	24.25	15.6
17	1	C	98	LYS	57.83	24.5
17	1	C	99	LYS	31.42	13.3
17	1	A	47	LEU	13.28	6.6
17	1	A	51	LEU	6.04	3.0
17	1	A	54	LEU	7.25	3.6
17	1	A	58	ILE	0.0	0.0
17	1	A	61	ILE	2.42	1.2
17	1	A	65	PHE	1.21	0.5
17	1	A	71	CYS	30.41	18.2
17	1	A	72	CYS	2.49	1.5
17	1	A	75	ASN	54.15	27.8
17	1	A	81	ARG	158.85	58.0
17	1	A	87	GLU	58.59	26.3
17	1	A	88	THR	91.2	53.0
17	1	A	94	ILE	43.47	22.1
17	1	A	95	SER	77.47	50.0
17	1	A	98	LYS	79.33	33.6
17	1	A	99	LYS	113.63	48.1
17	1	B	47	LEU	4.83	2.4
17	1	B	51	LEU	12.08	6.0
17	1	B	54	LEU	6.04	3.0
17	1	B	58	ILE	4.83	2.5
17	1	B	61	ILE	3.62	1.8
17	1	B	65	PHE	15.7	6.5
17	1	B	71	CYS	31.06	18.6
17	1	B	72	CYS	8.77	5.3
17	1	B	75	ASN	14.01	7.2
17	1	B	81	ARG	119.98	43.8
17	1	B	87	GLU	64.85	29.1
17	1	B	88	THR	3.62	2.1
17	1	B	94	ILE	108.28	55.0
17	1	B	95	SER	26.26	16.9
17	1	B	98	LYS	53.45	22.6
17	1	B	99	LYS	0.0	0.0
17	2	C	47	LEU	3.49	1.7
17	2	C	51	LEU	10.87	5.4
17	2	C	54	LEU	10.87	5.4
17	2	C	58	ILE	4.83	2.5
17	2	C	61	ILE	4.83	2.5
17	2	C	65	PHE	15.56	6.5
17	2	C	71	CYS	25.15	15.1
17	2	C	72	CYS	1.21	0.7
17	2	C	75	ASN	51.21	26.3
17	2	C	81	ARG	149.31	54.5
17	2	C	87	GLU	32.44	14.5
17	2	C	88	THR	10.32	6.0
17	2	C	94	ILE	57.83	29.4
17	2	C	95	SER	23.32	15.0
17	2	C	98	LYS	95.85	40.6
17	2	C	99	LYS	47.71	20.2
17	2	A	47	LEU	10.87	5.4
17	2	A	51	LEU	3.62	1.8
17	2	A	54	LEU	7.25	3.6
17	2	A	58	ILE	1.21	0.6
17	2	A	61	ILE	2.42	1.2
17	2	A	65	PHE	7.11	3.0
17	2	A	71	CYS	25.42	15.2
17	2	A	72	CYS	6.04	3.6
17	2	A	75	ASN	52.06	26.7
17	2	A	81	ARG	173.94	63.5
17	2	A	87	GLU	90.64	40.6
17	2	A	88	THR	86.35	50.2
17	2	A	94	ILE	73.53	37.3
17	2	A	95	SER	77.33	49.9
17	2	A	98	LYS	97.06	41.1
17	2	A	99	LYS	118.09	50.0
17	2	B	47	LEU	12.08	6.0
17	2	B	51	LEU	8.45	4.2
17	2	B	54	LEU	4.83	2.4
17	2	B	58	ILE	8.45	4.3
17	2	B	61	ILE	6.04	3.1
17	2	B	65	PHE	14.49	6.0
17	2	B	71	CYS	25.91	15.5
17	2	B	72	CYS	0.0	0.0
17	2	B	75	ASN	10.73	5.5
17	2	B	81	ARG	149.44	54.5
17	2	B	87	GLU	32.42	14.5
17	2	B	88	THR	16.09	9.4
17	2	B	94	ILE	71.11	36.1
17	2	B	95	SER	19.83	12.8
17	2	B	98	LYS	99.59	42.2
17	2	B	99	LYS	6.56	2.8
17	3	A	47	LEU	3.62	1.8
17	3	A	51	LEU	2.42	1.2
17	3	A	54	LEU	10.87	5.4
17	3	A	58	ILE	2.42	1.2
17	3	A	61	ILE	2.42	1.2
17	3	A	65	PHE	6.04	2.5
17	3	A	71	CYS	14.77	8.8
17	3	A	72	CYS	1.21	0.7
17	3	A	75	ASN	42.18	21.6
17	3	A	81	ARG	135.31	49.4
17	3	A	87	GLU	72.13	32.3
17	3	A	88	THR	93.6	54.4
17	3	A	94	ILE	19.32	9.8
17	3	A	95	SER	78.41	50.6
17	3	A	98	LYS	60.17	25.5
17	3	A	99	LYS	112.08	47.5
17	3	B	47	LEU	14.49	7.2
17	3	B	51	LEU	6.04	3.0
17	3	B	54	LEU	1.21	0.6
17	3	B	58	ILE	12.08	6.1
17	3	B	61	ILE	6.04	3.1
17	3	B	65	PHE	21.74	9.1
17	3	B	71	CYS	25.99	15.6
17	3	B	72	CYS	1.29	0.8
17	3	B	75	ASN	0.0	0.0
17	3	B	81	ARG	79.65	29.1
17	3	B	87	GLU	62.59	28.1
17	3	B	88	THR	3.35	1.9
17	3	B	94	ILE	102.51	52.0
17	3	B	95	SER	35.24	22.7
17	3	B	98	LYS	67.94	28.8
17	3	B	99	LYS	0.0	0.0
17	3	C	47	LEU	4.83	2.4
17	3	C	51	LEU	9.66	4.8
17	3	C	54	LEU	8.45	4.2
17	3	C	58	ILE	8.45	4.3
17	3	C	61	ILE	2.42	1.2
17	3	C	65	PHE	20.39	8.5
17	3	C	71	CYS	15.2	9.1
17	3	C	72	CYS	2.57	1.5
17	3	C	75	ASN	48.77	25.0
17	3	C	81	ARG	108.32	39.5
17	3	C	87	GLU	74.53	33.4
17	3	C	88	THR	11.26	6.5
17	3	C	94	ILE	10.87	5.5
17	3	C	95	SER	32.82	21.2
17	3	C	98	LYS	51.49	21.8
17	3	C	99	LYS	25.61	10.9
18	0	B	47	LEU	8.45	4.2
18	0	B	51	LEU	8.45	4.2
18	0	B	54	LEU	4.83	2.4
18	0	B	58	ILE	7.25	3.7
18	0	B	61	ILE	8.45	4.3
18	0	B	65	PHE	8.45	3.5
18	0	B	71	CYS	26.15	15.7
18	0	B	72	CYS	1.29	0.8
18	0	B	75	ASN	1.07	0.5
18	0	B	81	ARG	152.06	55.5
18	0	B	87	GLU	97.17	43.6
18	0	B	88	THR	85.14	49.5
18	0	B	94	ILE	31.4	15.9
18	0	B	95	SER	76.93	49.6
18	0	B	98	LYS	74.78	31.7
18	0	B	99	LYS	76.97	32.6
18	0	A	47	LEU	8.45	4.2
18	0	A	51	LEU	3.62	1.8
18	0	A	54	LEU	10.87	5.4
18	0	A	58	ILE	0.0	0.0
18	0	A	61	ILE	2.42	1.2
18	0	A	65	PHE	2.42	1.0
18	0	A	71	CYS	26.79	16.0
18	0	A	72	CYS	3.62	2.2
18	0	A	75	ASN	40.93	21.0
18	0	A	81	ARG	158.22	57.7
18	0	A	87	GLU	81.37	36.5
18	0	A	88	THR	89.7	52.2
18	0	A	94	ILE	72.46	36.8
18	0	A	95	SER	72.5	46.8
18	0	A	98	LYS	98.47	41.7
18	0	A	99	LYS	105.63	44.8
18	0	C	47	LEU	2.42	1.2
18	0	C	51	LEU	12.08	6.0
18	0	C	54	LEU	7.25	3.6
18	0	C	58	ILE	2.42	1.2
18	0	C	61	ILE	2.42	1.2
18	0	C	65	PHE	15.7	6.5
18	0	C	71	CYS	21.72	13.0
18	0	C	72	CYS	3.86	2.3
18	0	C	75	ASN	32.82	16.8
18	0	C	81	ARG	156.53	57.1
18	0	C	87	GLU	89.28	40.0
18	0	C	88	THR	86.08	50.0
18	0	C	94	ILE	24.15	12.3
18	0	C	95	SER	73.71	47.6
18	0	C	98	LYS	87.61	37.1
18	0	C	99	LYS	104.31	44.2
18	1	C	47	LEU	1.21	0.6
18	1	C	51	LEU	14.49	7.2
18	1	C	54	LEU	7.25	3.6
18	1	C	58	ILE	4.83	2.5
18	1	C	61	ILE	3.62	1.8
18	1	C	65	PHE	18.11	7.5
18	1	C	71	CYS	15.36	9.2
18	1	C	72	CYS	3.7	2.2
18	1	C	75	ASN	55.82	28.6
18	1	C	81	ARG	130.37	47.6
18	1	C	87	GLU	51.06	22.9
18	1	C	88	THR	28.85	16.8
18	1	C	94	ILE	59.17	30.0
18	1	C	95	SER	11.92	7.7
18	1	C	98	LYS	77.74	32.9
18	1	C	99	LYS	47.19	20.0
18	1	B	47	LEU	10.87	5.4
18	1	B	51	LEU	13.28	6.6
18	1	B	54	LEU	1.21	0.6
18	1	B	58	ILE	8.45	4.3
18	1	B	61	ILE	2.42	1.2
18	1	B	65	PHE	13.28	5.5
18	1	B	71	CYS	22.05	13.2
18	1	B	72	CYS	2.36	1.4
18	1	B	75	ASN	11.69	6.0
18	1	B	81	ARG	129.01	47.1
18	1	B	87	GLU	54.25	24.3
18	1	B	88	THR	25.09	14.6
18	1	B	94	ILE	82.12	41.7
18	1	B	95	SER	13.13	8.5
18	1	B	98	LYS	76.53	32.4
18	1	B	99	LYS	8.0	3.4
18	1	A	47	LEU	12.08	6.0
18	1	A	51	LEU	3.62	1.8
18	1	A	54	LEU	7.25	3.6
18	1	A	58	ILE	1.21	0.6
18	1	A	61	ILE	0.0	0.0
18	1	A	65	PHE	0.0	0.0
18	1	A	71	CYS	20.51	12.3
18	1	A	72	CYS	4.83	2.9
18	1	A	75	ASN	49.66	25.5
18	1	A	81	ARG	146.3	53.4
18	1	A	87	GLU	76.28	34.2
18	1	A	88	THR	80.88	47.0
18	1	A	94	ILE	79.7	40.5
18	1	A	95	SER	72.91	47.0
18	1	A	98	LYS	99.13	42.0
18	1	A	99	LYS	114.6	48.6
18	2	C	47	LEU	3.49	1.7
18	2	C	51	LEU	10.87	5.4
18	2	C	54	LEU	8.45	4.2
18	2	C	58	ILE	6.04	3.1
18	2	C	61	ILE	3.62	1.8
18	2	C	65	PHE	21.74	9.1
18	2	C	71	CYS	15.12	9.1
18	2	C	72	CYS	19.71	11.8
18	2	C	75	ASN	56.4	28.9
18	2	C	81	ARG	138.76	50.6
18	2	C	87	GLU	63.55	28.5
18	2	C	88	THR	9.12	5.3
18	2	C	94	ILE	6.04	3.1
18	2	C	95	SER	52.38	33.8
18	2	C	98	LYS	86.99	36.9
18	2	C	99	LYS	14.26	6.0
18	2	A	47	LEU	13.28	6.6
18	2	A	51	LEU	6.04	3.0
18	2	A	54	LEU	8.45	4.2
18	2	A	58	ILE	1.21	0.6
18	2	A	61	ILE	1.21	0.6
18	2	A	65	PHE	3.62	1.5
18	2	A	71	CYS	15.2	9.1
18	2	A	72	CYS	3.62	2.2
18	2	A	75	ASN	41.91	21.5
18	2	A	81	ARG	139.47	50.9
18	2	A	87	GLU	82.98	37.2
18	2	A	88	THR	81.52	47.4
18	2	A	94	ILE	86.81	44.1
18	2	A	95	SER	74.92	48.3
18	2	A	98	LYS	97.86	41.5
18	2	A	99	LYS	112.42	47.6
18	2	B	47	LEU	10.87	5.4
18	2	B	51	LEU	10.87	5.4
18	2	B	54	LEU	2.42	1.2
18	2	B	58	ILE	7.25	3.7
18	2	B	61	ILE	9.66	4.9
18	2	B	65	PHE	19.32	8.1
18	2	B	71	CYS	34.73	20.8
18	2	B	72	CYS	0.0	0.0
18	2	B	75	ASN	2.28	1.2
18	2	B	81	ARG	115.64	42.2
18	2	B	87	GLU	68.51	30.7
18	2	B	88	THR	87.17	50.7
18	2	B	94	ILE	3.62	1.8
18	2	B	95	SER	58.98	38.1
18	2	B	98	LYS	75.03	31.8
18	2	B	99	LYS	72.59	30.8
18	3	A	47	LEU	7.25	3.6
18	3	A	51	LEU	3.62	1.8
18	3	A	54	LEU	6.04	3.0
18	3	A	58	ILE	1.21	0.6
18	3	A	61	ILE	4.83	2.5
18	3	A	65	PHE	8.45	3.5
18	3	A	71	CYS	21.44	12.8
18	3	A	72	CYS	2.42	1.4
18	3	A	75	ASN	41.02	21.0
18	3	A	81	ARG	126.93	46.3
18	3	A	87	GLU	95.86	43.0
18	3	A	88	THR	90.77	52.8
18	3	A	94	ILE	24.15	12.3
18	3	A	95	SER	69.95	45.1
18	3	A	98	LYS	61.5	26.1
18	3	A	99	LYS	112.42	47.6
18	3	B	47	LEU	4.83	2.4
18	3	B	51	LEU	9.66	4.8
18	3	B	54	LEU	4.83	2.4
18	3	B	58	ILE	8.45	4.3
18	3	B	61	ILE	7.25	3.7
18	3	B	65	PHE	13.15	5.5
18	3	B	71	CYS	22.13	13.3
18	3	B	72	CYS	0.0	0.0
18	3	B	75	ASN	1.07	0.5
18	3	B	81	ARG	86.88	31.7
18	3	B	87	GLU	27.08	12.1
18	3	B	88	THR	29.51	17.2
18	3	B	94	ILE	104.93	53.3
18	3	B	95	SER	14.36	9.3
18	3	B	98	LYS	65.35	27.7
18	3	B	99	LYS	5.92	2.5
18	3	C	47	LEU	4.83	2.4
18	3	C	51	LEU	8.45	4.2
18	3	C	54	LEU	8.45	4.2
18	3	C	58	ILE	3.62	1.8
18	3	C	61	ILE	2.42	1.2
18	3	C	65	PHE	19.32	8.1
18	3	C	71	CYS	25.34	15.2
18	3	C	72	CYS	2.14	1.3
18	3	C	75	ASN	49.25	25.3
18	3	C	81	ARG	124.97	45.6
18	3	C	87	GLU	43.31	19.4
18	3	C	88	THR	40.91	23.8
18	3	C	94	ILE	32.47	16.5
18	3	C	95	SER	16.5	10.6
18	3	C	98	LYS	51.2	21.7
18	3	C	99	LYS	31.99	13.6
18	4	C	47	LEU	0.0	0.0
18	4	C	51	LEU	7.25	3.6
18	4	C	54	LEU	7.25	3.6
18	4	C	58	ILE	3.62	1.8
18	4	C	61	ILE	2.42	1.2
18	4	C	65	PHE	22.94	9.6
18	4	C	71	CYS	15.77	9.4
18	4	C	72	CYS	21.21	12.7
18	4	C	75	ASN	8.98	4.6
18	4	C	81	ARG	143.54	52.4
18	4	C	87	GLU	30.41	13.6
18	4	C	88	THR	38.08	22.1
18	4	C	94	ILE	69.91	35.5
18	4	C	95	SER	13.27	8.6
18	4	C	98	LYS	79.06	33.5
18	4	C	99	LYS	32.97	14.0
18	4	B	47	LEU	12.08	6.0
18	4	B	51	LEU	6.04	3.0
18	4	B	54	LEU	8.45	4.2
18	4	B	58	ILE	6.04	3.1
18	4	B	61	ILE	15.7	8.0
18	4	B	65	PHE	10.87	4.5
18	4	B	71	CYS	61.87	37.0
18	4	B	72	CYS	9.9	5.9
18	4	B	75	ASN	28.63	14.7
18	4	B	81	ARG	148.85	54.3
18	4	B	87	GLU	90.87	40.8
18	4	B	88	THR	88.52	51.5
18	4	B	94	ILE	57.97	29.4
18	4	B	95	SER	62.45	40.3
18	4	B	98	LYS	94.76	40.2
18	4	B	99	LYS	146.64	62.1
18	4	A	47	LEU	7.25	3.6
18	4	A	51	LEU	1.21	0.6
18	4	A	54	LEU	6.04	3.0
18	4	A	58	ILE	6.04	3.1
18	4	A	61	ILE	1.21	0.6
18	4	A	65	PHE	15.56	6.5
18	4	A	71	CYS	14.77	8.8
18	4	A	72	CYS	8.45	5.1
18	4	A	75	ASN	8.04	4.1
18	4	A	81	ARG	118.3	43.2
18	4	A	87	GLU	92.74	41.6
18	4	A	88	THR	85.14	49.5
18	4	A	94	ILE	66.42	33.7
18	4	A	95	SER	45.68	29.5
18	4	A	98	LYS	84.35	35.7
18	4	A	99	LYS	29.6	12.5
19	0	C	47	LEU	4.69	2.3
19	0	C	51	LEU	9.66	4.8
19	0	C	54	LEU	6.04	3.0
19	0	C	58	ILE	6.04	3.1
19	0	C	61	ILE	2.42	1.2
19	0	C	65	PHE	16.77	7.0
19	0	C	71	CYS	24.21	14.5
19	0	C	72	CYS	1.29	0.8
19	0	C	75	ASN	40.89	21.0
19	0	C	81	ARG	135.54	49.5
19	0	C	87	GLU	22.64	10.2
19	0	C	88	THR	63.56	37.0
19	0	C	94	ILE	7.25	3.7
19	0	C	95	SER	28.69	18.5
19	0	C	98	LYS	14.38	6.1
19	0	C	99	LYS	113.51	48.1
19	0	A	47	LEU	6.04	3.0
19	0	A	51	LEU	3.62	1.8
19	0	A	54	LEU	6.04	3.0
19	0	A	58	ILE	0.0	0.0
19	0	A	61	ILE	1.21	0.6
19	0	A	65	PHE	3.62	1.5
19	0	A	71	CYS	26.71	16.0
19	0	A	72	CYS	2.42	1.4
19	0	A	75	ASN	43.83	22.5
19	0	A	81	ARG	136.32	49.8
19	0	A	87	GLU	54.97	24.7
19	0	A	88	THR	88.9	51.7
19	0	A	94	ILE	69.91	35.5
19	0	A	95	SER	71.57	46.2
19	0	A	98	LYS	87.86	37.2
19	0	A	99	LYS	111.1	47.1
19	0	B	47	LEU	8.45	4.2
19	0	B	51	LEU	10.87	5.4
19	0	B	54	LEU	2.42	1.2
19	0	B	58	ILE	7.25	3.7
19	0	B	61	ILE	2.42	1.2
19	0	B	65	PHE	12.08	5.0
19	0	B	71	CYS	21.86	13.1
19	0	B	72	CYS	0.0	0.0
19	0	B	75	ASN	5.92	3.0
19	0	B	81	ARG	113.19	41.3
19	0	B	87	GLU	73.73	33.1
19	0	B	88	THR	72.0	41.9
19	0	B	94	ILE	12.08	6.1
19	0	B	95	SER	67.15	43.3
19	0	B	98	LYS	45.32	19.2
19	0	B	99	LYS	60.74	25.7
19	1	C	47	LEU	0.0	0.0
19	1	C	51	LEU	9.66	4.8
19	1	C	54	LEU	7.25	3.6
19	1	C	58	ILE	2.42	1.2
19	1	C	61	ILE	0.0	0.0
19	1	C	65	PHE	17.84	7.4
19	1	C	71	CYS	19.22	11.5
19	1	C	72	CYS	6.14	3.7
19	1	C	75	ASN	36.7	18.8
19	1	C	81	ARG	150.58	55.0
19	1	C	87	GLU	77.59	34.8
19	1	C	88	THR	10.32	6.0
19	1	C	94	ILE	69.91	35.5
19	1	C	95	SER	23.73	15.3
19	1	C	98	LYS	112.53	47.7
19	1	C	99	LYS	13.92	5.9
19	1	B	47	LEU	10.87	5.4
19	1	B	51	LEU	7.25	3.6
19	1	B	54	LEU	4.83	2.4
19	1	B	58	ILE	2.42	1.2
19	1	B	61	ILE	16.91	8.6
19	1	B	65	PHE	9.66	4.0
19	1	B	71	CYS	43.89	26.3
19	1	B	72	CYS	0.0	0.0
19	1	B	75	ASN	7.52	3.9
19	1	B	81	ARG	146.09	53.3
19	1	B	87	GLU	80.43	36.1
19	1	B	88	THR	90.64	52.7
19	1	B	94	ILE	55.41	28.1
19	1	B	95	SER	73.71	47.6
19	1	B	98	LYS	96.06	40.7
19	1	B	99	LYS	79.79	33.8
19	1	A	47	LEU	3.62	1.8
19	1	A	51	LEU	0.0	0.0
19	1	A	54	LEU	3.62	1.8
19	1	A	58	ILE	7.25	3.7
19	1	A	61	ILE	2.42	1.2
19	1	A	65	PHE	2.42	1.0
19	1	A	71	CYS	8.79	5.3
19	1	A	72	CYS	9.82	5.9
19	1	A	75	ASN	16.62	8.5
19	1	A	81	ARG	128.37	46.9
19	1	A	87	GLU	103.34	46.3
19	1	A	88	THR	83.66	48.6
19	1	A	94	ILE	96.61	49.0
19	1	A	95	SER	63.7	41.1
19	1	A	98	LYS	93.67	39.7
19	1	A	99	LYS	27.84	11.8
19	2	B	47	LEU	14.49	7.2
19	2	B	51	LEU	10.87	5.4
19	2	B	54	LEU	1.21	0.6
19	2	B	58	ILE	8.45	4.3
19	2	B	61	ILE	10.87	5.5
19	2	B	65	PHE	18.11	7.5
19	2	B	71	CYS	34.92	20.9
19	2	B	72	CYS	4.93	3.0
19	2	B	75	ASN	8.32	4.3
19	2	B	81	ARG	101.67	37.1
19	2	B	87	GLU	67.57	30.3
19	2	B	88	THR	76.55	44.5
19	2	B	94	ILE	25.22	12.8
19	2	B	95	SER	77.47	50.0
19	2	B	98	LYS	71.57	30.3
19	2	B	99	LYS	72.0	30.5
19	2	A	47	LEU	22.94	11.4
19	2	A	51	LEU	7.25	3.6
19	2	A	54	LEU	9.66	4.8
19	2	A	58	ILE	1.21	0.6
19	2	A	61	ILE	6.04	3.1
19	2	A	65	PHE	1.21	0.5
19	2	A	71	CYS	29.2	17.5
19	2	A	72	CYS	2.42	1.4
19	2	A	75	ASN	52.97	27.2
19	2	A	81	ARG	148.64	54.2
19	2	A	87	GLU	79.09	35.5
19	2	A	88	THR	87.44	50.8
19	2	A	94	ILE	101.17	51.4
19	2	A	95	SER	75.06	48.4
19	2	A	98	LYS	81.11	34.4
19	2	A	99	LYS	113.51	48.1
19	2	C	47	LEU	3.62	1.8
19	2	C	51	LEU	9.66	4.8
19	2	C	54	LEU	14.49	7.2
19	2	C	58	ILE	7.25	3.7
19	2	C	61	ILE	11.8	6.0
19	2	C	65	PHE	28.73	12.0
19	2	C	71	CYS	26.79	16.0
19	2	C	72	CYS	7.29	4.4
19	2	C	75	ASN	68.23	35.0
19	2	C	81	ARG	148.51	54.2
19	2	C	87	GLU	67.85	30.4
19	2	C	88	THR	87.15	50.7
19	2	C	94	ILE	12.08	6.1
19	2	C	95	SER	75.06	48.4
19	2	C	98	LYS	49.31	20.9
19	2	C	99	LYS	108.79	46.1
19	3	C	47	LEU	2.42	1.2
19	3	C	51	LEU	10.87	5.4
19	3	C	54	LEU	1.21	0.6
19	3	C	58	ILE	12.08	6.1
19	3	C	61	ILE	1.21	0.6
19	3	C	65	PHE	18.11	7.5
19	3	C	71	CYS	17.86	10.7
19	3	C	72	CYS	2.57	1.5
19	3	C	75	ASN	23.68	12.1
19	3	C	81	ARG	151.52	55.3
19	3	C	87	GLU	27.19	12.2
19	3	C	88	THR	21.17	12.3
19	3	C	94	ILE	41.06	20.8
19	3	C	95	SER	21.57	13.9
19	3	C	98	LYS	88.84	37.6
19	3	C	99	LYS	7.13	3.0
19	3	A	47	LEU	3.62	1.8
19	3	A	51	LEU	1.21	0.6
19	3	A	54	LEU	0.0	0.0
19	3	A	58	ILE	0.0	0.0
19	3	A	61	ILE	0.0	0.0
19	3	A	65	PHE	6.04	2.5
19	3	A	71	CYS	23.0	13.8
19	3	A	72	CYS	4.83	2.9
19	3	A	75	ASN	14.04	7.2
19	3	A	81	ARG	151.9	55.4
19	3	A	87	GLU	91.16	40.9
19	3	A	88	THR	75.62	44.0
19	3	A	94	ILE	67.63	34.3
19	3	A	95	SER	71.57	46.2
19	3	A	98	LYS	90.04	38.2
19	3	A	99	LYS	106.2	45.0
19	3	B	47	LEU	4.83	2.4
19	3	B	51	LEU	9.66	4.8
19	3	B	54	LEU	2.42	1.2
19	3	B	58	ILE	9.66	4.9
19	3	B	61	ILE	6.04	3.1
19	3	B	65	PHE	15.7	6.5
19	3	B	71	CYS	29.58	17.7
19	3	B	72	CYS	0.0	0.0
19	3	B	75	ASN	1.07	0.5
19	3	B	81	ARG	125.52	45.8
19	3	B	87	GLU	85.56	38.4
19	3	B	88	THR	82.86	48.2
19	3	B	94	ILE	43.47	22.1
19	3	B	95	SER	72.64	46.9
19	3	B	98	LYS	90.27	38.3
19	3	B	99	LYS	114.17	48.4
19	4	C	47	LEU	0.0	0.0
19	4	C	51	LEU	3.62	1.8
19	4	C	54	LEU	9.66	4.8
19	4	C	58	ILE	0.0	0.0
19	4	C	61	ILE	8.45	4.3
19	4	C	65	PHE	17.86	7.4
19	4	C	71	CYS	31.5	18.9
19	4	C	72	CYS	6.12	3.7
19	4	C	75	ASN	30.5	15.6
19	4	C	81	ARG	153.25	55.9
19	4	C	87	GLU	59.51	26.7
19	4	C	88	THR	11.53	6.7
19	4	C	94	ILE	62.66	31.8
19	4	C	95	SER	39.53	25.5
19	4	C	98	LYS	69.9	29.6
19	4	C	99	LYS	6.04	2.6
19	4	A	47	LEU	18.11	9.0
19	4	A	51	LEU	2.42	1.2
19	4	A	54	LEU	8.45	4.2
19	4	A	58	ILE	2.42	1.2
19	4	A	61	ILE	1.21	0.6
19	4	A	65	PHE	13.15	5.5
19	4	A	71	CYS	14.66	8.8
19	4	A	72	CYS	8.45	5.1
19	4	A	75	ASN	6.59	3.4
19	4	A	81	ARG	128.37	46.8
19	4	A	87	GLU	85.15	38.2
19	4	A	88	THR	77.37	45.0
19	4	A	94	ILE	88.96	45.2
19	4	A	95	SER	68.49	44.2
19	4	A	98	LYS	80.31	34.0
19	4	A	99	LYS	58.62	24.8
19	4	B	47	LEU	4.83	2.4
19	4	B	51	LEU	7.25	3.6
19	4	B	54	LEU	10.87	5.4
19	4	B	58	ILE	1.21	0.6
19	4	B	61	ILE	12.08	6.1
19	4	B	65	PHE	2.42	1.0
19	4	B	71	CYS	60.39	36.2
19	4	B	72	CYS	1.29	0.8
19	4	B	75	ASN	13.02	6.7
19	4	B	81	ARG	149.19	54.5
19	4	B	87	GLU	87.13	39.1
19	4	B	88	THR	82.59	48.0
19	4	B	94	ILE	62.66	31.8
19	4	B	95	SER	72.78	47.0
19	4	B	98	LYS	85.03	36.0
19	4	B	99	LYS	87.67	37.2
2	0	A	47	LEU	14.49	7.2
2	0	A	51	LEU	4.83	2.4
2	0	A	54	LEU	10.87	5.4
2	0	A	58	ILE	1.21	0.6
2	0	A	61	ILE	3.62	1.8
2	0	A	65	PHE	4.83	2.0
2	0	A	71	CYS	17.86	10.7
2	0	A	72	CYS	0.0	0.0
2	0	A	75	ASN	39.47	20.2
2	0	A	81	ARG	112.71	41.1
2	0	A	87	GLU	77.49	34.7
2	0	A	88	THR	92.66	53.9
2	0	A	94	ILE	33.68	17.1
2	0	A	95	SER	72.5	46.8
2	0	A	98	LYS	69.77	29.6
2	0	A	99	LYS	108.68	46.1
2	0	B	47	LEU	9.66	4.8
2	0	B	51	LEU	8.45	4.2
2	0	B	54	LEU	3.62	1.8
2	0	B	58	ILE	10.87	5.5
2	0	B	61	ILE	8.45	4.3
2	0	B	65	PHE	16.91	7.0
2	0	B	71	CYS	19.56	11.7
2	0	B	72	CYS	2.57	1.5
2	0	B	75	ASN	0.0	0.0
2	0	B	81	ARG	72.41	26.4
2	0	B	87	GLU	70.39	31.6
2	0	B	88	THR	3.35	1.9
2	0	B	94	ILE	75.94	38.6
2	0	B	95	SER	38.84	25.1
2	0	B	98	LYS	69.83	29.6
2	0	B	99	LYS	7.02	3.0
2	0	C	47	LEU	7.25	3.6
2	0	C	51	LEU	7.25	3.6
2	0	C	54	LEU	10.87	5.4
2	0	C	58	ILE	6.04	3.1
2	0	C	61	ILE	2.42	1.2
2	0	C	65	PHE	25.36	10.6
2	0	C	71	CYS	19.06	11.4
2	0	C	72	CYS	4.85	2.9
2	0	C	75	ASN	57.69	29.6
2	0	C	81	ARG	108.45	39.6
2	0	C	87	GLU	73.85	33.1
2	0	C	88	THR	6.97	4.1
2	0	C	94	ILE	33.81	17.2
2	0	C	95	SER	41.4	26.7
2	0	C	98	LYS	65.57	27.8
2	0	C	99	LYS	63.47	26.9
2	1	C	47	LEU	0.0	0.0
2	1	C	51	LEU	2.42	1.2
2	1	C	54	LEU	12.08	6.0
2	1	C	58	ILE	1.21	0.6
2	1	C	61	ILE	0.0	0.0
2	1	C	65	PHE	9.52	4.0
2	1	C	71	CYS	58.01	34.7
2	1	C	72	CYS	3.49	2.1
2	1	C	75	ASN	53.04	27.2
2	1	C	81	ARG	135.73	49.5
2	1	C	87	GLU	78.15	35.0
2	1	C	88	THR	88.36	51.4
2	1	C	94	ILE	36.23	18.4
2	1	C	95	SER	70.5	45.5
2	1	C	98	LYS	67.03	28.4
2	1	C	99	LYS	100.57	42.6
2	1	A	47	LEU	7.25	3.6
2	1	A	51	LEU	1.21	0.6
2	1	A	54	LEU	8.45	4.2
2	1	A	58	ILE	3.62	1.8
2	1	A	61	ILE	0.0	0.0
2	1	A	65	PHE	2.42	1.0
2	1	A	71	CYS	47.63	28.5
2	1	A	72	CYS	4.83	2.9
2	1	A	75	ASN	32.75	16.8
2	1	A	81	ARG	144.82	52.9
2	1	A	87	GLU	77.47	34.7
2	1	A	88	THR	87.44	50.8
2	1	A	94	ILE	48.31	24.5
2	1	A	95	SER	72.5	46.8
2	1	A	98	LYS	83.78	35.5
2	1	A	99	LYS	110.98	47.0
2	1	B	47	LEU	1.21	0.6
2	1	B	51	LEU	7.25	3.6
2	1	B	54	LEU	6.04	3.0
2	1	B	58	ILE	2.42	1.2
2	1	B	61	ILE	15.7	8.0
2	1	B	65	PHE	8.32	3.5
2	1	B	71	CYS	34.84	20.9
2	1	B	72	CYS	6.28	3.8
2	1	B	75	ASN	1.07	0.5
2	1	B	81	ARG	133.47	48.7
2	1	B	87	GLU	78.95	35.4
2	1	B	88	THR	88.49	51.4
2	1	B	94	ILE	30.19	15.3
2	1	B	95	SER	70.36	45.4
2	1	B	98	LYS	69.22	29.3
2	1	B	99	LYS	59.54	25.2
2	2	A	47	LEU	12.08	6.0
2	2	A	51	LEU	4.83	2.4
2	2	A	54	LEU	7.25	3.6
2	2	A	58	ILE	3.62	1.8
2	2	A	61	ILE	1.21	0.6
2	2	A	65	PHE	8.45	3.5
2	2	A	71	CYS	21.88	13.1
2	2	A	72	CYS	9.82	5.9
2	2	A	75	ASN	38.18	19.6
2	2	A	81	ARG	141.65	51.7
2	2	A	87	GLU	93.06	41.7
2	2	A	88	THR	87.56	50.9
2	2	A	94	ILE	94.99	48.2
2	2	A	95	SER	73.71	47.6
2	2	A	98	LYS	148.28	62.8
2	2	A	99	LYS	75.53	32.0
2	2	B	47	LEU	12.08	6.0
2	2	B	51	LEU	10.87	5.4
2	2	B	54	LEU	6.04	3.0
2	2	B	58	ILE	8.45	4.3
2	2	B	61	ILE	8.45	4.3
2	2	B	65	PHE	15.7	6.5
2	2	B	71	CYS	42.8	25.6
2	2	B	72	CYS	2.42	1.4
2	2	B	75	ASN	14.36	7.4
2	2	B	81	ARG	130.12	47.5
2	2	B	87	GLU	22.93	10.3
2	2	B	88	THR	32.04	18.6
2	2	B	94	ILE	91.37	46.4
2	2	B	95	SER	18.62	12.0
2	2	B	98	LYS	142.24	60.3
2	2	B	99	LYS	10.87	4.6
2	2	C	47	LEU	1.07	0.5
2	2	C	51	LEU	10.87	5.4
2	2	C	54	LEU	7.25	3.6
2	2	C	58	ILE	7.25	3.7
2	2	C	61	ILE	1.21	0.6
2	2	C	65	PHE	20.39	8.5
2	2	C	71	CYS	37.7	22.6
2	2	C	72	CYS	1.21	0.7
2	2	C	75	ASN	42.76	21.9
2	2	C	81	ARG	133.98	48.9
2	2	C	87	GLU	21.57	9.7
2	2	C	88	THR	26.41	15.4
2	2	C	94	ILE	73.53	37.3
2	2	C	95	SER	14.2	9.2
2	2	C	98	LYS	127.11	53.9
2	2	C	99	LYS	24.15	10.2
2	3	C	47	LEU	7.11	3.5
2	3	C	51	LEU	15.7	7.8
2	3	C	54	LEU	9.66	4.8
2	3	C	58	ILE	4.83	2.5
2	3	C	61	ILE	3.62	1.8
2	3	C	65	PHE	16.91	7.0
2	3	C	71	CYS	15.2	9.1
2	3	C	72	CYS	1.21	0.7
2	3	C	75	ASN	39.61	20.3
2	3	C	81	ARG	135.22	49.4
2	3	C	87	GLU	50.9	22.8
2	3	C	88	THR	15.15	8.8
2	3	C	94	ILE	35.02	17.8
2	3	C	95	SER	28.13	18.1
2	3	C	98	LYS	58.62	24.8
2	3	C	99	LYS	14.49	6.1
2	3	B	47	LEU	6.04	3.0
2	3	B	51	LEU	10.87	5.4
2	3	B	54	LEU	3.62	1.8
2	3	B	58	ILE	7.25	3.7
2	3	B	61	ILE	12.08	6.1
2	3	B	65	PHE	15.7	6.5
2	3	B	71	CYS	29.62	17.7
2	3	B	72	CYS	1.21	0.7
2	3	B	75	ASN	0.0	0.0
2	3	B	81	ARG	123.15	44.9
2	3	B	87	GLU	46.35	20.8
2	3	B	88	THR	15.02	8.7
2	3	B	94	ILE	98.62	50.1
2	3	B	95	SER	28.27	18.2
2	3	B	98	LYS	65.76	27.9
2	3	B	99	LYS	10.87	4.6
2	3	A	47	LEU	7.25	3.6
2	3	A	51	LEU	2.42	1.2
2	3	A	54	LEU	7.25	3.6
2	3	A	58	ILE	3.62	1.8
2	3	A	61	ILE	6.04	3.1
2	3	A	65	PHE	0.0	0.0
2	3	A	71	CYS	14.0	8.4
2	3	A	72	CYS	1.21	0.7
2	3	A	75	ASN	45.33	23.2
2	3	A	81	ARG	131.83	48.1
2	3	A	87	GLU	76.01	34.1
2	3	A	88	THR	85.42	49.7
2	3	A	94	ILE	39.58	20.1
2	3	A	95	SER	74.92	48.3
2	3	A	98	LYS	76.28	32.3
2	3	A	99	LYS	110.62	46.9
2	4	C	47	LEU	3.62	1.8
2	4	C	51	LEU	4.83	2.4
2	4	C	54	LEU	6.04	3.0
2	4	C	58	ILE	8.45	4.3
2	4	C	61	ILE	7.25	3.7
2	4	C	65	PHE	9.52	4.0
2	4	C	71	CYS	50.68	30.3
2	4	C	72	CYS	2.49	1.5
2	4	C	75	ASN	70.22	36.0
2	4	C	81	ARG	175.71	64.1
2	4	C	87	GLU	21.57	9.7
2	4	C	88	THR	21.17	12.3
2	4	C	94	ILE	26.57	13.5
2	4	C	95	SER	1.07	0.7
2	4	C	98	LYS	42.47	18.0
2	4	C	99	LYS	12.08	5.1
2	4	A	47	LEU	6.04	3.0
2	4	A	51	LEU	2.42	1.2
2	4	A	54	LEU	4.83	2.4
2	4	A	58	ILE	8.45	4.3
2	4	A	61	ILE	7.25	3.7
2	4	A	65	PHE	13.28	5.5
2	4	A	71	CYS	53.41	32.0
2	4	A	72	CYS	4.91	2.9
2	4	A	75	ASN	56.45	28.9
2	4	A	81	ARG	169.9	62.0
2	4	A	87	GLU	87.0	39.0
2	4	A	88	THR	90.91	52.9
2	4	A	94	ILE	27.78	14.1
2	4	A	95	SER	57.62	37.2
2	4	A	98	LYS	86.28	36.6
2	4	A	99	LYS	129.07	54.7
2	4	B	47	LEU	10.87	5.4
2	4	B	51	LEU	4.83	2.4
2	4	B	54	LEU	4.83	2.4
2	4	B	58	ILE	4.83	2.5
2	4	B	61	ILE	13.28	6.7
2	4	B	65	PHE	11.94	5.0
2	4	B	71	CYS	29.93	17.9
2	4	B	72	CYS	2.49	1.5
2	4	B	75	ASN	12.65	6.5
2	4	B	81	ARG	170.11	62.1
2	4	B	87	GLU	26.12	11.7
2	4	B	88	THR	17.69	10.3
2	4	B	94	ILE	73.55	37.3
2	4	B	95	SER	2.14	1.4
2	4	B	98	LYS	60.58	25.7
2	4	B	99	LYS	10.87	4.6
20	0	C	47	LEU	2.42	1.2
20	0	C	51	LEU	9.66	4.8
20	0	C	54	LEU	6.04	3.0
20	0	C	58	ILE	13.28	6.7
20	0	C	61	ILE	2.42	1.2
20	0	C	65	PHE	16.77	7.0
20	0	C	71	CYS	33.14	19.8
20	0	C	72	CYS	2.28	1.4
20	0	C	75	ASN	27.12	13.9
20	0	C	81	ARG	135.56	49.5
20	0	C	87	GLU	19.56	8.8
20	0	C	88	THR	31.11	18.1
20	0	C	94	ILE	77.15	39.2
20	0	C	95	SER	24.39	15.7
20	0	C	98	LYS	103.21	43.7
20	0	C	99	LYS	65.48	27.7
20	0	A	47	LEU	4.83	2.4
20	0	A	51	LEU	2.42	1.2
20	0	A	54	LEU	6.04	3.0
20	0	A	58	ILE	9.66	4.9
20	0	A	61	ILE	1.21	0.6
20	0	A	65	PHE	12.08	5.0
20	0	A	71	CYS	35.63	21.3
20	0	A	72	CYS	15.56	9.3
20	0	A	75	ASN	38.47	19.7
20	0	A	81	ARG	137.96	50.3
20	0	A	87	GLU	87.29	39.1
20	0	A	88	THR	76.69	44.6
20	0	A	94	ILE	75.94	38.6
20	0	A	95	SER	77.33	49.9
20	0	A	98	LYS	115.9	49.1
20	0	A	99	LYS	98.27	41.6
20	0	B	47	LEU	9.66	4.8
20	0	B	51	LEU	8.45	4.2
20	0	B	54	LEU	7.25	3.6
20	0	B	58	ILE	9.66	4.9
20	0	B	61	ILE	12.08	6.1
20	0	B	65	PHE	13.28	5.5
20	0	B	71	CYS	53.41	32.0
20	0	B	72	CYS	3.57	2.1
20	0	B	75	ASN	28.97	14.9
20	0	B	81	ARG	141.19	51.5
20	0	B	87	GLU	75.37	33.8
20	0	B	88	THR	89.84	52.2
20	0	B	94	ILE	45.75	23.2
20	0	B	95	SER	75.85	48.9
20	0	B	98	LYS	107.79	45.7
20	0	B	99	LYS	90.59	38.4
20	1	B	47	LEU	15.7	7.8
20	1	B	51	LEU	13.28	6.6
20	1	B	54	LEU	6.04	3.0
20	1	B	58	ILE	10.87	5.5
20	1	B	61	ILE	6.04	3.1
20	1	B	65	PHE	17.98	7.5
20	1	B	71	CYS	27.13	16.2
20	1	B	72	CYS	1.29	0.8
20	1	B	75	ASN	2.14	1.1
20	1	B	81	ARG	140.18	51.2
20	1	B	87	GLU	74.53	33.4
20	1	B	88	THR	87.31	50.8
20	1	B	94	ILE	51.79	26.3
20	1	B	95	SER	47.32	30.5
20	1	B	98	LYS	112.49	47.7
20	1	B	99	LYS	81.09	34.4
20	1	A	47	LEU	9.66	4.8
20	1	A	51	LEU	4.83	2.4
20	1	A	54	LEU	6.04	3.0
20	1	A	58	ILE	2.42	1.2
20	1	A	61	ILE	0.0	0.0
20	1	A	65	PHE	5.9	2.5
20	1	A	71	CYS	28.07	16.8
20	1	A	72	CYS	3.62	2.2
20	1	A	75	ASN	28.06	14.4
20	1	A	81	ARG	140.22	51.2
20	1	A	87	GLU	72.25	32.4
20	1	A	88	THR	80.45	46.8
20	1	A	94	ILE	65.21	33.1
20	1	A	95	SER	52.7	34.0
20	1	A	98	LYS	111.3	47.2
20	1	A	99	LYS	100.89	42.7
20	1	C	47	LEU	2.28	1.1
20	1	C	51	LEU	9.66	4.8
20	1	C	54	LEU	8.45	4.2
20	1	C	58	ILE	4.83	2.5
20	1	C	61	ILE	3.62	1.8
20	1	C	65	PHE	22.81	9.5
20	1	C	71	CYS	19.14	11.5
20	1	C	72	CYS	0.0	0.0
20	1	C	75	ASN	24.78	12.7
20	1	C	81	ARG	136.37	49.8
20	1	C	87	GLU	59.53	26.7
20	1	C	88	THR	82.64	48.0
20	1	C	94	ILE	49.51	25.1
20	1	C	95	SER	55.22	35.6
20	1	C	98	LYS	113.56	48.1
20	1	C	99	LYS	111.3	47.2
20	2	C	47	LEU	2.42	1.2
20	2	C	51	LEU	13.28	6.6
20	2	C	54	LEU	4.83	2.4
20	2	C	58	ILE	6.04	3.1
20	2	C	61	ILE	4.83	2.5
20	2	C	65	PHE	25.36	10.6
20	2	C	71	CYS	10.29	6.2
20	2	C	72	CYS	3.57	2.1
20	2	C	75	ASN	40.8	20.9
20	2	C	81	ARG	150.54	54.9
20	2	C	87	GLU	22.52	10.1
20	2	C	88	THR	24.27	14.1
20	2	C	94	ILE	30.19	15.3
20	2	C	95	SER	9.78	6.3
20	2	C	98	LYS	71.06	30.1
20	2	C	99	LYS	2.19	0.9
20	2	B	47	LEU	12.08	6.0
20	2	B	51	LEU	13.28	6.6
20	2	B	54	LEU	4.83	2.4
20	2	B	58	ILE	8.45	4.3
20	2	B	61	ILE	4.83	2.5
20	2	B	65	PHE	20.53	8.6
20	2	B	71	CYS	20.65	12.4
20	2	B	72	CYS	0.0	0.0
20	2	B	75	ASN	1.07	0.5
20	2	B	81	ARG	145.57	53.1
20	2	B	87	GLU	30.18	13.5
20	2	B	88	THR	17.43	10.1
20	2	B	94	ILE	49.51	25.1
20	2	B	95	SER	12.86	8.3
20	2	B	98	LYS	89.93	38.1
20	2	B	99	LYS	2.19	0.9
20	2	A	47	LEU	9.66	4.8
20	2	A	51	LEU	2.42	1.2
20	2	A	54	LEU	7.25	3.6
20	2	A	58	ILE	1.21	0.6
20	2	A	61	ILE	1.21	0.6
20	2	A	65	PHE	2.28	0.9
20	2	A	71	CYS	3.78	2.3
20	2	A	72	CYS	1.21	0.7
20	2	A	75	ASN	42.83	22.0
20	2	A	81	ARG	154.14	56.3
20	2	A	87	GLU	77.63	34.8
20	2	A	88	THR	87.29	50.7
20	2	A	94	ILE	41.06	20.8
20	2	A	95	SER	75.99	49.0
20	2	A	98	LYS	79.17	33.5
20	2	A	99	LYS	110.57	46.9
20	3	A	47	LEU	4.83	2.4
20	3	A	51	LEU	0.0	0.0
20	3	A	54	LEU	8.45	4.2
20	3	A	58	ILE	4.83	2.5
20	3	A	61	ILE	0.0	0.0
20	3	A	65	PHE	3.62	1.5
20	3	A	71	CYS	17.94	10.7
20	3	A	72	CYS	2.42	1.4
20	3	A	75	ASN	46.18	23.7
20	3	A	81	ARG	145.59	53.1
20	3	A	87	GLU	85.38	38.3
20	3	A	88	THR	78.72	45.8
20	3	A	94	ILE	53.93	27.4
20	3	A	95	SER	77.33	49.9
20	3	A	98	LYS	76.81	32.5
20	3	A	99	LYS	111.21	47.1
20	3	B	47	LEU	3.62	1.8
20	3	B	51	LEU	4.83	2.4
20	3	B	54	LEU	3.62	1.8
20	3	B	58	ILE	7.25	3.7
20	3	B	61	ILE	7.25	3.7
20	3	B	65	PHE	27.64	11.5
20	3	B	71	CYS	21.78	13.0
20	3	B	72	CYS	0.0	0.0
20	3	B	75	ASN	0.0	0.0
20	3	B	81	ARG	149.51	54.6
20	3	B	87	GLU	39.92	17.9
20	3	B	88	THR	4.29	2.5
20	3	B	94	ILE	98.62	50.1
20	3	B	95	SER	26.12	16.9
20	3	B	98	LYS	65.71	27.8
20	3	B	99	LYS	3.62	1.5
20	3	C	47	LEU	0.0	0.0
20	3	C	51	LEU	7.25	3.6
20	3	C	54	LEU	7.25	3.6
20	3	C	58	ILE	3.62	1.8
20	3	C	61	ILE	0.0	0.0
20	3	C	65	PHE	14.36	6.0
20	3	C	71	CYS	21.56	12.9
20	3	C	72	CYS	0.0	0.0
20	3	C	75	ASN	41.85	21.5
20	3	C	81	ARG	155.16	56.6
20	3	C	87	GLU	50.9	22.8
20	3	C	88	THR	7.64	4.4
20	3	C	94	ILE	54.21	27.5
20	3	C	95	SER	31.48	20.3
20	3	C	98	LYS	65.82	27.9
20	3	C	99	LYS	22.56	9.6
20	4	B	47	LEU	24.15	12.0
20	4	B	51	LEU	8.45	4.2
20	4	B	54	LEU	6.04	3.0
20	4	B	58	ILE	2.42	1.2
20	4	B	61	ILE	18.11	9.2
20	4	B	65	PHE	16.91	7.0
20	4	B	71	CYS	35.24	21.1
20	4	B	72	CYS	1.29	0.8
20	4	B	75	ASN	9.02	4.6
20	4	B	81	ARG	159.15	58.1
20	4	B	87	GLU	45.82	20.5
20	4	B	88	THR	13.67	8.0
20	4	B	94	ILE	79.57	40.4
20	4	B	95	SER	1.21	0.8
20	4	B	98	LYS	53.32	22.6
20	4	B	99	LYS	7.25	3.1
20	4	A	47	LEU	21.74	10.8
20	4	A	51	LEU	3.62	1.8
20	4	A	54	LEU	4.83	2.4
20	4	A	58	ILE	9.66	4.9
20	4	A	61	ILE	8.45	4.3
20	4	A	65	PHE	21.74	9.1
20	4	A	71	CYS	11.58	6.9
20	4	A	72	CYS	5.15	3.1
20	4	A	75	ASN	34.35	17.6
20	4	A	81	ARG	154.32	56.3
20	4	A	87	GLU	87.93	39.4
20	4	A	88	THR	89.72	52.2
20	4	A	94	ILE	78.36	39.8
20	4	A	95	SER	71.57	46.2
20	4	A	98	LYS	77.56	32.9
20	4	A	99	LYS	107.38	45.5
20	4	C	47	LEU	10.73	5.3
20	4	C	51	LEU	8.45	4.2
20	4	C	54	LEU	7.25	3.6
20	4	C	58	ILE	2.42	1.2
20	4	C	61	ILE	9.52	4.8
20	4	C	65	PHE	31.4	13.1
20	4	C	71	CYS	25.42	15.2
20	4	C	72	CYS	11.26	6.7
20	4	C	75	ASN	63.52	32.6
20	4	C	81	ARG	162.8	59.4
20	4	C	87	GLU	45.82	20.5
20	4	C	88	THR	16.09	9.4
20	4	C	94	ILE	44.68	22.7
20	4	C	95	SER	1.21	0.8
20	4	C	98	LYS	53.22	22.6
20	4	C	99	LYS	15.7	6.7
3	0	C	47	LEU	0.0	0.0
3	0	C	51	LEU	12.08	6.0
3	0	C	54	LEU	8.45	4.2
3	0	C	58	ILE	4.83	2.5
3	0	C	61	ILE	1.21	0.6
3	0	C	65	PHE	10.87	4.5
3	0	C	71	CYS	12.63	7.6
3	0	C	72	CYS	7.64	4.6
3	0	C	75	ASN	44.06	22.6
3	0	C	81	ARG	138.59	50.6
3	0	C	87	GLU	46.75	21.0
3	0	C	88	THR	0.0	0.0
3	0	C	94	ILE	62.12	31.5
3	0	C	95	SER	40.46	26.1
3	0	C	98	LYS	64.96	27.5
3	0	C	99	LYS	57.03	24.2
3	0	B	47	LEU	4.83	2.4
3	0	B	51	LEU	6.04	3.0
3	0	B	54	LEU	3.62	1.8
3	0	B	58	ILE	6.04	3.1
3	0	B	61	ILE	10.87	5.5
3	0	B	65	PHE	16.91	7.0
3	0	B	71	CYS	21.94	13.1
3	0	B	72	CYS	0.0	0.0
3	0	B	75	ASN	2.14	1.1
3	0	B	81	ARG	125.88	45.9
3	0	B	87	GLU	49.97	22.4
3	0	B	88	THR	1.21	0.7
3	0	B	94	ILE	97.27	49.4
3	0	B	95	SER	40.32	26.0
3	0	B	98	LYS	64.32	27.3
3	0	B	99	LYS	24.4	10.3
3	0	A	47	LEU	2.42	1.2
3	0	A	51	LEU	0.0	0.0
3	0	A	54	LEU	6.04	3.0
3	0	A	58	ILE	6.04	3.1
3	0	A	61	ILE	2.42	1.2
3	0	A	65	PHE	8.45	3.5
3	0	A	71	CYS	6.35	3.8
3	0	A	72	CYS	1.21	0.7
3	0	A	75	ASN	36.06	18.5
3	0	A	81	ARG	133.03	48.6
3	0	A	87	GLU	54.58	24.5
3	0	A	88	THR	86.51	50.3
3	0	A	94	ILE	69.63	35.3
3	0	A	95	SER	69.29	44.7
3	0	A	98	LYS	84.92	36.0
3	0	A	99	LYS	112.3	47.6
3	1	C	47	LEU	5.9	2.9
3	1	C	51	LEU	13.28	6.6
3	1	C	54	LEU	8.45	4.2
3	1	C	58	ILE	6.04	3.1
3	1	C	61	ILE	3.62	1.8
3	1	C	65	PHE	18.11	7.5
3	1	C	71	CYS	15.2	9.1
3	1	C	72	CYS	10.99	6.6
3	1	C	75	ASN	44.1	22.6
3	1	C	81	ARG	156.32	57.1
3	1	C	87	GLU	36.59	16.4
3	1	C	88	THR	23.06	13.4
3	1	C	94	ILE	51.93	26.4
3	1	C	95	SER	4.29	2.8
3	1	C	98	LYS	84.17	35.7
3	1	C	99	LYS	30.71	13.0
3	1	B	47	LEU	12.08	6.0
3	1	B	51	LEU	7.25	3.6
3	1	B	54	LEU	1.21	0.6
3	1	B	58	ILE	13.28	6.7
3	1	B	61	ILE	3.62	1.8
3	1	B	65	PHE	13.28	5.5
3	1	B	71	CYS	27.17	16.3
3	1	B	72	CYS	1.29	0.8
3	1	B	75	ASN	0.0	0.0
3	1	B	81	ARG	143.51	52.4
3	1	B	87	GLU	36.7	16.5
3	1	B	88	THR	24.41	14.2
3	1	B	94	ILE	77.02	39.1
3	1	B	95	SER	5.36	3.5
3	1	B	98	LYS	72.2	30.6
3	1	B	99	LYS	2.42	1.0
3	1	A	47	LEU	12.08	6.0
3	1	A	51	LEU	3.62	1.8
3	1	A	54	LEU	6.04	3.0
3	1	A	58	ILE	3.62	1.8
3	1	A	61	ILE	1.21	0.6
3	1	A	65	PHE	3.62	1.5
3	1	A	71	CYS	6.35	3.8
3	1	A	72	CYS	1.21	0.7
3	1	A	75	ASN	50.96	26.1
3	1	A	81	ARG	154.04	56.2
3	1	A	87	GLU	94.79	42.5
3	1	A	88	THR	88.9	51.7
3	1	A	94	ILE	73.67	37.4
3	1	A	95	SER	74.78	48.2
3	1	A	98	LYS	110.96	47.0
3	1	A	99	LYS	104.92	44.5
3	2	C	47	LEU	0.0	0.0
3	2	C	51	LEU	12.08	6.0
3	2	C	54	LEU	6.04	3.0
3	2	C	58	ILE	3.62	1.8
3	2	C	61	ILE	3.62	1.8
3	2	C	65	PHE	25.22	10.5
3	2	C	71	CYS	24.13	14.5
3	2	C	72	CYS	14.99	9.0
3	2	C	75	ASN	61.37	31.5
3	2	C	81	ARG	131.65	48.0
3	2	C	87	GLU	35.13	15.8
3	2	C	88	THR	26.41	15.4
3	2	C	94	ILE	47.1	23.9
3	2	C	95	SER	15.14	9.8
3	2	C	98	LYS	74.78	31.7
3	2	C	99	LYS	27.27	11.6
3	2	B	47	LEU	12.08	6.0
3	2	B	51	LEU	10.87	5.4
3	2	B	54	LEU	3.62	1.8
3	2	B	58	ILE	8.45	4.3
3	2	B	61	ILE	7.25	3.7
3	2	B	65	PHE	15.7	6.5
3	2	B	71	CYS	19.64	11.8
3	2	B	72	CYS	2.57	1.5
3	2	B	75	ASN	9.25	4.7
3	2	B	81	ARG	124.06	45.3
3	2	B	87	GLU	23.05	10.3
3	2	B	88	THR	21.72	12.6
3	2	B	94	ILE	76.08	38.6
3	2	B	95	SER	15.0	9.7
3	2	B	98	LYS	92.28	39.1
3	2	B	99	LYS	2.42	1.0
3	2	A	47	LEU	9.66	4.8
3	2	A	51	LEU	2.42	1.2
3	2	A	54	LEU	6.04	3.0
3	2	A	58	ILE	0.0	0.0
3	2	A	61	ILE	0.0	0.0
3	2	A	65	PHE	3.62	1.5
3	2	A	71	CYS	27.91	16.7
3	2	A	72	CYS	3.62	2.2
3	2	A	75	ASN	47.54	24.4
3	2	A	81	ARG	125.75	45.9
3	2	A	87	GLU	81.66	36.6
3	2	A	88	THR	83.66	48.6
3	2	A	94	ILE	32.61	16.6
3	2	A	95	SER	67.81	43.7
3	2	A	98	LYS	64.82	27.5
3	2	A	99	LYS	113.28	48.0
3	3	B	47	LEU	8.45	4.2
3	3	B	51	LEU	8.45	4.2
3	3	B	54	LEU	10.87	5.4
3	3	B	58	ILE	3.62	1.8
3	3	B	61	ILE	15.7	8.0
3	3	B	65	PHE	11.94	5.0
3	3	B	71	CYS	52.74	31.6
3	3	B	72	CYS	3.57	2.1
3	3	B	75	ASN	8.57	4.4
3	3	B	81	ARG	175.03	63.9
3	3	B	87	GLU	70.91	31.8
3	3	B	88	THR	92.12	53.6
3	3	B	94	ILE	49.24	25.0
3	3	B	95	SER	73.71	47.6
3	3	B	98	LYS	72.61	30.8
3	3	B	99	LYS	96.13	40.7
3	3	A	47	LEU	7.25	3.6
3	3	A	51	LEU	2.42	1.2
3	3	A	54	LEU	7.25	3.6
3	3	A	58	ILE	7.25	3.7
3	3	A	61	ILE	7.11	3.6
3	3	A	65	PHE	19.32	8.1
3	3	A	71	CYS	22.12	13.2
3	3	A	72	CYS	13.36	8.0
3	3	A	75	ASN	29.13	14.9
3	3	A	81	ARG	160.77	58.7
3	3	A	87	GLU	84.31	37.8
3	3	A	88	THR	56.16	32.7
3	3	A	94	ILE	80.77	41.0
3	3	A	95	SER	64.19	41.4
3	3	A	98	LYS	97.52	41.3
3	3	A	99	LYS	18.98	8.0
3	3	C	47	LEU	4.83	2.4
3	3	C	51	LEU	9.66	4.8
3	3	C	54	LEU	4.83	2.4
3	3	C	58	ILE	2.42	1.2
3	3	C	61	ILE	3.62	1.8
3	3	C	65	PHE	14.49	6.0
3	3	C	71	CYS	30.57	18.3
3	3	C	72	CYS	5.92	3.5
3	3	C	75	ASN	46.34	23.8
3	3	C	81	ARG	171.16	62.5
3	3	C	87	GLU	43.13	19.3
3	3	C	88	THR	42.91	24.9
3	3	C	94	ILE	76.74	39.0
3	3	C	95	SER	18.49	11.9
3	3	C	98	LYS	64.16	27.2
3	3	C	99	LYS	19.32	8.2
3	4	B	47	LEU	8.45	4.2
3	4	B	51	LEU	8.45	4.2
3	4	B	54	LEU	7.25	3.6
3	4	B	58	ILE	4.83	2.5
3	4	B	61	ILE	12.08	6.1
3	4	B	65	PHE	4.83	2.0
3	4	B	71	CYS	37.22	22.3
3	4	B	72	CYS	2.49	1.5
3	4	B	75	ASN	6.45	3.3
3	4	B	81	ARG	162.55	59.3
3	4	B	87	GLU	100.65	45.1
3	4	B	88	THR	85.03	49.4
3	4	B	94	ILE	67.63	34.3
3	4	B	95	SER	71.46	46.1
3	4	B	98	LYS	74.32	31.5
3	4	B	99	LYS	120.64	51.1
3	4	A	47	LEU	4.83	2.4
3	4	A	51	LEU	2.42	1.2
3	4	A	54	LEU	7.25	3.6
3	4	A	58	ILE	3.62	1.8
3	4	A	61	ILE	0.0	0.0
3	4	A	65	PHE	9.66	4.0
3	4	A	71	CYS	33.33	20.0
3	4	A	72	CYS	7.32	4.4
3	4	A	75	ASN	22.8	11.7
3	4	A	81	ARG	133.77	48.8
3	4	A	87	GLU	104.43	46.8
3	4	A	88	THR	82.48	48.0
3	4	A	94	ILE	122.63	62.3
3	4	A	95	SER	60.17	38.8
3	4	A	98	LYS	81.11	34.4
3	4	A	99	LYS	49.53	21.0
3	4	C	47	LEU	0.0	0.0
3	4	C	51	LEU	7.25	3.6
3	4	C	54	LEU	9.66	4.8
3	4	C	58	ILE	0.0	0.0
3	4	C	61	ILE	3.62	1.8
3	4	C	65	PHE	8.45	3.5
3	4	C	71	CYS	44.05	26.4
3	4	C	72	CYS	2.57	1.5
3	4	C	75	ASN	0.0	0.0
3	4	C	81	ARG	129.78	47.4
3	4	C	87	GLU	102.13	45.8
3	4	C	88	THR	71.45	41.5
3	4	C	94	ILE	67.63	34.3
3	4	C	95	SER	50.28	32.4
3	4	C	98	LYS	95.79	40.6
3	4	C	99	LYS	39.01	16.5
4	0	C	47	LEU	0.0	0.0
4	0	C	51	LEU	12.08	6.0
4	0	C	54	LEU	6.04	3.0
4	0	C	58	ILE	4.83	2.5
4	0	C	61	ILE	2.42	1.2
4	0	C	65	PHE	16.91	7.0
4	0	C	71	CYS	48.8	29.2
4	0	C	72	CYS	0.0	0.0
4	0	C	75	ASN	39.64	20.3
4	0	C	81	ARG	131.53	48.0
4	0	C	87	GLU	25.99	11.7
4	0	C	88	THR	35.0	20.4
4	0	C	94	ILE	72.32	36.7
4	0	C	95	SER	14.2	9.2
4	0	C	98	LYS	81.29	34.4
4	0	C	99	LYS	24.11	10.2
4	0	B	47	LEU	9.66	4.8
4	0	B	51	LEU	13.28	6.6
4	0	B	54	LEU	2.42	1.2
4	0	B	58	ILE	7.25	3.7
4	0	B	61	ILE	0.0	0.0
4	0	B	65	PHE	15.7	6.5
4	0	B	71	CYS	20.77	12.4
4	0	B	72	CYS	0.0	0.0
4	0	B	75	ASN	1.07	0.5
4	0	B	81	ARG	92.69	33.8
4	0	B	87	GLU	30.57	13.7
4	0	B	88	THR	25.61	14.9
4	0	B	94	ILE	77.15	39.2
4	0	B	95	SER	16.21	10.5
4	0	B	98	LYS	89.63	38.0
4	0	B	99	LYS	8.45	3.6
4	0	A	47	LEU	2.42	1.2
4	0	A	51	LEU	2.42	1.2
4	0	A	54	LEU	7.25	3.6
4	0	A	58	ILE	1.21	0.6
4	0	A	61	ILE	1.21	0.6
4	0	A	65	PHE	3.49	1.5
4	0	A	71	CYS	42.07	25.2
4	0	A	72	CYS	2.42	1.4
4	0	A	75	ASN	45.24	23.2
4	0	A	81	ARG	120.25	43.9
4	0	A	87	GLU	83.92	37.6
4	0	A	88	THR	91.98	53.5
4	0	A	94	ILE	57.83	29.4
4	0	A	95	SER	72.5	46.8
4	0	A	98	LYS	74.46	31.5
4	0	A	99	LYS	113.63	48.1
4	1	C	47	LEU	7.11	3.5
4	1	C	51	LEU	8.45	4.2
4	1	C	54	LEU	8.45	4.2
4	1	C	58	ILE	6.04	3.1
4	1	C	61	ILE	4.69	2.4
4	1	C	65	PHE	28.98	12.1
4	1	C	71	CYS	45.34	27.1
4	1	C	72	CYS	3.7	2.2
4	1	C	75	ASN	40.55	20.8
4	1	C	81	ARG	149.15	54.4
4	1	C	87	GLU	45.55	20.4
4	1	C	88	THR	14.88	8.7
4	1	C	94	ILE	53.14	27.0
4	1	C	95	SER	8.71	5.6
4	1	C	98	LYS	92.21	39.1
4	1	C	99	LYS	15.7	6.7
4	1	A	47	LEU	22.94	11.4
4	1	A	51	LEU	4.83	2.4
4	1	A	54	LEU	9.66	4.8
4	1	A	58	ILE	0.0	0.0
4	1	A	61	ILE	3.62	1.8
4	1	A	65	PHE	2.42	1.0
4	1	A	71	CYS	26.59	15.9
4	1	A	72	CYS	3.62	2.2
4	1	A	75	ASN	39.82	20.4
4	1	A	81	ARG	144.52	52.7
4	1	A	87	GLU	86.22	38.7
4	1	A	88	THR	76.69	44.6
4	1	A	94	ILE	79.57	40.4
4	1	A	95	SER	72.5	46.8
4	1	A	98	LYS	110.09	46.7
4	1	A	99	LYS	104.58	44.3
4	1	B	47	LEU	12.08	6.0
4	1	B	51	LEU	6.04	3.0
4	1	B	54	LEU	8.45	4.2
4	1	B	58	ILE	6.04	3.1
4	1	B	61	ILE	9.66	4.9
4	1	B	65	PHE	15.7	6.5
4	1	B	71	CYS	24.87	14.9
4	1	B	72	CYS	2.49	1.5
4	1	B	75	ASN	1.21	0.6
4	1	B	81	ARG	119.71	43.7
4	1	B	87	GLU	43.43	19.5
4	1	B	88	THR	17.3	10.1
4	1	B	94	ILE	80.64	40.9
4	1	B	95	SER	10.85	7.0
4	1	B	98	LYS	87.86	37.2
4	1	B	99	LYS	8.45	3.6
4	2	C	47	LEU	4.69	2.3
4	2	C	51	LEU	12.08	6.0
4	2	C	54	LEU	4.83	2.4
4	2	C	58	ILE	4.83	2.5
4	2	C	61	ILE	2.42	1.2
4	2	C	65	PHE	19.32	8.1
4	2	C	71	CYS	25.42	15.2
4	2	C	72	CYS	1.29	0.8
4	2	C	75	ASN	48.64	24.9
4	2	C	81	ARG	150.17	54.8
4	2	C	87	GLU	43.54	19.5
4	2	C	88	THR	15.02	8.7
4	2	C	94	ILE	28.57	14.5
4	2	C	95	SER	7.77	5.0
4	2	C	98	LYS	65.76	27.9
4	2	C	99	LYS	29.23	12.4
4	2	A	47	LEU	9.66	4.8
4	2	A	51	LEU	3.62	1.8
4	2	A	54	LEU	6.04	3.0
4	2	A	58	ILE	1.21	0.6
4	2	A	61	ILE	1.21	0.6
4	2	A	65	PHE	4.83	2.0
4	2	A	71	CYS	24.21	14.5
4	2	A	72	CYS	3.62	2.2
4	2	A	75	ASN	45.31	23.2
4	2	A	81	ARG	144.5	52.7
4	2	A	87	GLU	87.93	39.4
4	2	A	88	THR	86.24	50.1
4	2	A	94	ILE	103.31	52.4
4	2	A	95	SER	78.27	50.5
4	2	A	98	LYS	83.19	35.2
4	2	A	99	LYS	115.81	49.1
4	2	B	47	LEU	16.91	8.4
4	2	B	51	LEU	10.87	5.4
4	2	B	54	LEU	6.04	3.0
4	2	B	58	ILE	9.66	4.9
4	2	B	61	ILE	6.04	3.1
4	2	B	65	PHE	16.91	7.0
4	2	B	71	CYS	23.34	14.0
4	2	B	72	CYS	1.21	0.7
4	2	B	75	ASN	2.42	1.2
4	2	B	81	ARG	140.74	51.4
4	2	B	87	GLU	57.93	26.0
4	2	B	88	THR	87.15	50.7
4	2	B	94	ILE	5.9	3.0
4	2	B	95	SER	67.56	43.6
4	2	B	98	LYS	75.37	31.9
4	2	B	99	LYS	56.03	23.7
4	3	C	47	LEU	8.32	4.1
4	3	C	51	LEU	9.66	4.8
4	3	C	54	LEU	11.96	6.0
4	3	C	58	ILE	10.87	5.5
4	3	C	61	ILE	5.9	3.0
4	3	C	65	PHE	20.42	8.5
4	3	C	71	CYS	21.72	13.0
4	3	C	72	CYS	7.21	4.3
4	3	C	75	ASN	55.72	28.6
4	3	C	81	ARG	103.96	37.9
4	3	C	87	GLU	68.2	30.6
4	3	C	88	THR	11.26	6.5
4	3	C	94	ILE	22.94	11.6
4	3	C	95	SER	17.28	11.1
4	3	C	98	LYS	64.62	27.4
4	3	C	99	LYS	32.63	13.8
4	3	A	47	LEU	21.74	10.8
4	3	A	51	LEU	3.62	1.8
4	3	A	54	LEU	9.55	4.7
4	3	A	58	ILE	1.21	0.6
4	3	A	61	ILE	3.62	1.8
4	3	A	65	PHE	3.62	1.5
4	3	A	71	CYS	29.44	17.6
4	3	A	72	CYS	1.21	0.7
4	3	A	75	ASN	49.66	25.5
4	3	A	81	ARG	110.98	40.5
4	3	A	87	GLU	94.9	42.6
4	3	A	88	THR	82.07	47.7
4	3	A	94	ILE	25.36	12.9
4	3	A	95	SER	68.08	43.9
4	3	A	98	LYS	71.59	30.3
4	3	A	99	LYS	108.79	46.1
4	3	B	47	LEU	19.32	9.6
4	3	B	51	LEU	12.08	6.0
4	3	B	54	LEU	1.21	0.6
4	3	B	58	ILE	10.87	5.5
4	3	B	61	ILE	7.25	3.7
4	3	B	65	PHE	12.08	5.0
4	3	B	71	CYS	24.55	14.7
4	3	B	72	CYS	1.29	0.8
4	3	B	75	ASN	2.3	1.2
4	3	B	81	ARG	82.43	30.1
4	3	B	87	GLU	64.05	28.7
4	3	B	88	THR	5.9	3.4
4	3	B	94	ILE	74.74	37.9
4	3	B	95	SER	21.43	13.8
4	3	B	98	LYS	96.49	40.9
4	3	B	99	LYS	5.92	2.5
4	4	A	47	LEU	16.91	8.4
4	4	A	51	LEU	2.42	1.2
4	4	A	54	LEU	6.04	3.0
4	4	A	58	ILE	4.83	2.5
4	4	A	61	ILE	0.0	0.0
4	4	A	65	PHE	2.42	1.0
4	4	A	71	CYS	17.22	10.3
4	4	A	72	CYS	3.7	2.2
4	4	A	75	ASN	3.35	1.7
4	4	A	81	ARG	119.75	43.7
4	4	A	87	GLU	82.71	37.1
4	4	A	88	THR	88.9	51.7
4	4	A	94	ILE	51.93	26.4
4	4	A	95	SER	54.14	34.9
4	4	A	98	LYS	88.61	37.5
4	4	A	99	LYS	139.67	59.2
4	4	B	47	LEU	22.94	11.4
4	4	B	51	LEU	10.87	5.4
4	4	B	54	LEU	6.04	3.0
4	4	B	58	ILE	6.04	3.1
4	4	B	61	ILE	4.83	2.5
4	4	B	65	PHE	10.87	4.5
4	4	B	71	CYS	29.77	17.8
4	4	B	72	CYS	14.08	8.4
4	4	B	75	ASN	1.07	0.5
4	4	B	81	ARG	143.4	52.3
4	4	B	87	GLU	77.08	34.6
4	4	B	88	THR	86.37	50.2
4	4	B	94	ILE	37.44	19.0
4	4	B	95	SER	72.78	47.0
4	4	B	98	LYS	86.42	36.6
4	4	B	99	LYS	111.67	47.3
4	4	C	47	LEU	1.21	0.6
4	4	C	51	LEU	10.87	5.4
4	4	C	54	LEU	7.25	3.6
4	4	C	58	ILE	4.83	2.5
4	4	C	61	ILE	3.49	1.8
4	4	C	65	PHE	13.28	5.5
4	4	C	71	CYS	21.88	13.1
4	4	C	72	CYS	3.57	2.1
4	4	C	75	ASN	4.37	2.2
4	4	C	81	ARG	115.26	42.1
4	4	C	87	GLU	94.01	42.2
4	4	C	88	THR	88.65	51.5
4	4	C	94	ILE	38.64	19.6
4	4	C	95	SER	55.48	35.8
4	4	C	98	LYS	87.4	37.0
4	4	C	99	LYS	142.34	60.3
5	0	B	47	LEU	13.28	6.6
5	0	B	51	LEU	8.45	4.2
5	0	B	54	LEU	4.83	2.4
5	0	B	58	ILE	7.25	3.7
5	0	B	61	ILE	2.42	1.2
5	0	B	65	PHE	12.08	5.0
5	0	B	71	CYS	20.85	12.5
5	0	B	72	CYS	1.07	0.6
5	0	B	75	ASN	0.0	0.0
5	0	B	81	ARG	134.47	49.1
5	0	B	87	GLU	85.52	38.3
5	0	B	88	THR	85.28	49.6
5	0	B	94	ILE	39.85	20.2
5	0	B	95	SER	75.06	48.4
5	0	B	98	LYS	98.38	41.7
5	0	B	99	LYS	94.17	39.9
5	0	A	47	LEU	8.45	4.2
5	0	A	51	LEU	2.42	1.2
5	0	A	54	LEU	7.25	3.6
5	0	A	58	ILE	2.42	1.2
5	0	A	61	ILE	1.21	0.6
5	0	A	65	PHE	2.42	1.0
5	0	A	71	CYS	28.07	16.8
5	0	A	72	CYS	4.83	2.9
5	0	A	75	ASN	29.11	14.9
5	0	A	81	ARG	128.43	46.9
5	0	A	87	GLU	105.48	47.3
5	0	A	88	THR	87.83	51.1
5	0	A	94	ILE	74.74	37.9
5	0	A	95	SER	70.23	45.3
5	0	A	98	LYS	98.27	41.6
5	0	A	99	LYS	87.38	37.0
5	0	C	47	LEU	1.21	0.6
5	0	C	51	LEU	10.87	5.4
5	0	C	54	LEU	8.45	4.2
5	0	C	58	ILE	3.62	1.8
5	0	C	61	ILE	4.83	2.5
5	0	C	65	PHE	20.53	8.6
5	0	C	71	CYS	24.21	14.5
5	0	C	72	CYS	6.28	3.8
5	0	C	75	ASN	30.25	15.5
5	0	C	81	ARG	133.13	48.6
5	0	C	87	GLU	91.03	40.8
5	0	C	88	THR	24.27	14.1
5	0	C	94	ILE	38.37	19.5
5	0	C	95	SER	25.05	16.2
5	0	C	98	LYS	102.12	43.3
5	0	C	99	LYS	13.17	5.6
5	1	C	47	LEU	1.21	0.6
5	1	C	51	LEU	8.45	4.2
5	1	C	54	LEU	7.25	3.6
5	1	C	58	ILE	8.45	4.3
5	1	C	61	ILE	2.42	1.2
5	1	C	65	PHE	16.91	7.0
5	1	C	71	CYS	11.34	6.8
5	1	C	72	CYS	1.29	0.8
5	1	C	75	ASN	43.01	22.1
5	1	C	81	ARG	122.03	44.5
5	1	C	87	GLU	50.69	22.7
5	1	C	88	THR	36.62	21.3
5	1	C	94	ILE	55.55	28.2
5	1	C	95	SER	0.0	0.0
5	1	C	98	LYS	58.28	24.7
5	1	C	99	LYS	22.03	9.3
5	1	A	47	LEU	8.45	4.2
5	1	A	51	LEU	2.42	1.2
5	1	A	54	LEU	7.25	3.6
5	1	A	58	ILE	7.25	3.7
5	1	A	61	ILE	2.42	1.2
5	1	A	65	PHE	3.62	1.5
5	1	A	71	CYS	14.15	8.5
5	1	A	72	CYS	6.12	3.7
5	1	A	75	ASN	20.4	10.5
5	1	A	81	ARG	121.28	44.3
5	1	A	87	GLU	86.08	38.6
5	1	A	88	THR	70.52	41.0
5	1	A	94	ILE	68.7	34.9
5	1	A	95	SER	73.85	47.6
5	1	A	98	LYS	86.88	36.8
5	1	A	99	LYS	75.94	32.2
5	1	B	47	LEU	7.25	3.6
5	1	B	51	LEU	9.66	4.8
5	1	B	54	LEU	6.04	3.0
5	1	B	58	ILE	8.45	4.3
5	1	B	61	ILE	12.08	6.1
5	1	B	65	PHE	15.7	6.5
5	1	B	71	CYS	39.8	23.8
5	1	B	72	CYS	3.7	2.2
5	1	B	75	ASN	1.07	0.5
5	1	B	81	ARG	109.32	39.9
5	1	B	87	GLU	77.49	34.7
5	1	B	88	THR	90.91	52.9
5	1	B	94	ILE	19.32	9.8
5	1	B	95	SER	71.3	46.0
5	1	B	98	LYS	50.69	21.5
5	1	B	99	LYS	99.02	42.0
5	2	A	47	LEU	2.42	1.2
5	2	A	51	LEU	0.0	0.0
5	2	A	54	LEU	7.25	3.6
5	2	A	58	ILE	3.62	1.8
5	2	A	61	ILE	2.42	1.2
5	2	A	65	PHE	2.42	1.0
5	2	A	71	CYS	15.28	9.2
5	2	A	72	CYS	2.42	1.4
5	2	A	75	ASN	36.06	18.5
5	2	A	81	ARG	139.66	51.0
5	2	A	87	GLU	72.79	32.6
5	2	A	88	THR	86.35	50.2
5	2	A	94	ILE	78.22	39.7
5	2	A	95	SER	73.85	47.6
5	2	A	98	LYS	89.0	37.7
5	2	A	99	LYS	112.08	47.5
5	2	B	47	LEU	6.04	3.0
5	2	B	51	LEU	6.04	3.0
5	2	B	54	LEU	10.87	5.4
5	2	B	58	ILE	3.62	1.8
5	2	B	61	ILE	9.66	4.9
5	2	B	65	PHE	9.66	4.0
5	2	B	71	CYS	26.85	16.1
5	2	B	72	CYS	2.49	1.5
5	2	B	75	ASN	0.0	0.0
5	2	B	81	ARG	108.7	39.7
5	2	B	87	GLU	68.2	30.6
5	2	B	88	THR	4.56	2.7
5	2	B	94	ILE	97.55	49.5
5	2	B	95	SER	51.58	33.3
5	2	B	98	LYS	74.62	31.6
5	2	B	99	LYS	23.54	10.0
5	2	C	47	LEU	2.42	1.2
5	2	C	51	LEU	9.66	4.8
5	2	C	54	LEU	3.62	1.8
5	2	C	58	ILE	1.21	0.6
5	2	C	61	ILE	0.0	0.0
5	2	C	65	PHE	22.67	9.4
5	2	C	71	CYS	17.78	10.6
5	2	C	72	CYS	1.29	0.8
5	2	C	75	ASN	37.24	19.1
5	2	C	81	ARG	137.82	50.3
5	2	C	87	GLU	65.65	29.4
5	2	C	88	THR	5.77	3.4
5	2	C	94	ILE	76.88	39.0
5	2	C	95	SER	47.96	30.9
5	2	C	98	LYS	73.87	31.3
5	2	C	99	LYS	35.79	15.2
5	3	A	47	LEU	2.42	1.2
5	3	A	51	LEU	0.0	0.0
5	3	A	54	LEU	8.45	4.2
5	3	A	58	ILE	4.83	2.5
5	3	A	61	ILE	1.21	0.6
5	3	A	65	PHE	3.62	1.5
5	3	A	71	CYS	15.28	9.2
5	3	A	72	CYS	6.04	3.6
5	3	A	75	ASN	40.82	20.9
5	3	A	81	ARG	152.5	55.7
5	3	A	87	GLU	84.08	37.7
5	3	A	88	THR	85.96	50.0
5	3	A	94	ILE	35.02	17.8
5	3	A	95	SER	74.92	48.3
5	3	A	98	LYS	94.3	40.0
5	3	A	99	LYS	105.4	44.7
5	3	B	47	LEU	3.62	1.8
5	3	B	51	LEU	10.87	5.4
5	3	B	54	LEU	2.42	1.2
5	3	B	58	ILE	7.25	3.7
5	3	B	61	ILE	8.45	4.3
5	3	B	65	PHE	14.49	6.0
5	3	B	71	CYS	22.13	13.3
5	3	B	72	CYS	0.0	0.0
5	3	B	75	ASN	4.56	2.3
5	3	B	81	ARG	156.14	57.0
5	3	B	87	GLU	24.94	11.2
5	3	B	88	THR	11.67	6.8
5	3	B	94	ILE	94.2	47.8
5	3	B	95	SER	27.06	17.5
5	3	B	98	LYS	83.25	35.3
5	3	B	99	LYS	5.92	2.5
5	3	C	47	LEU	3.49	1.7
5	3	C	51	LEU	9.66	4.8
5	3	C	54	LEU	9.66	4.8
5	3	C	58	ILE	6.04	3.1
5	3	C	61	ILE	0.0	0.0
5	3	C	65	PHE	20.12	8.4
5	3	C	71	CYS	17.86	10.7
5	3	C	72	CYS	0.0	0.0
5	3	C	75	ASN	48.91	25.1
5	3	C	81	ARG	154.84	56.5
5	3	C	87	GLU	29.09	13.0
5	3	C	88	THR	27.76	16.1
5	3	C	94	ILE	42.27	21.5
5	3	C	95	SER	28.27	18.2
5	3	C	98	LYS	102.62	43.5
5	3	C	99	LYS	27.16	11.5
5	4	A	47	LEU	20.53	10.2
5	4	A	51	LEU	4.83	2.4
5	4	A	54	LEU	8.45	4.2
5	4	A	58	ILE	3.62	1.8
5	4	A	61	ILE	4.83	2.5
5	4	A	65	PHE	20.39	8.5
5	4	A	71	CYS	7.29	4.4
5	4	A	72	CYS	16.1	9.6
5	4	A	75	ASN	52.65	27.0
5	4	A	81	ARG	154.59	56.4
5	4	A	87	GLU	89.16	40.0
5	4	A	88	THR	82.59	48.0
5	4	A	94	ILE	60.25	30.6
5	4	A	95	SER	70.36	45.4
5	4	A	98	LYS	108.89	46.1
5	4	A	99	LYS	117.25	49.7
5	4	B	47	LEU	3.62	1.8
5	4	B	51	LEU	10.87	5.4
5	4	B	54	LEU	4.83	2.4
5	4	B	58	ILE	7.25	3.7
5	4	B	61	ILE	10.87	5.5
5	4	B	65	PHE	12.08	5.0
5	4	B	71	CYS	62.69	37.5
5	4	B	72	CYS	11.42	6.8
5	4	B	75	ASN	25.32	13.0
5	4	B	81	ARG	130.14	47.5
5	4	B	87	GLU	67.7	30.4
5	4	B	88	THR	17.82	10.4
5	4	B	94	ILE	100.9	51.2
5	4	B	95	SER	56.28	36.3
5	4	B	98	LYS	89.06	37.7
5	4	B	99	LYS	41.01	17.4
5	4	C	47	LEU	4.83	2.4
5	4	C	51	LEU	9.66	4.8
5	4	C	54	LEU	6.04	3.0
5	4	C	58	ILE	7.25	3.7
5	4	C	61	ILE	7.25	3.7
5	4	C	65	PHE	10.75	4.5
5	4	C	71	CYS	26.35	15.8
5	4	C	72	CYS	7.56	4.5
5	4	C	75	ASN	59.05	30.3
5	4	C	81	ARG	138.8	50.7
5	4	C	87	GLU	71.59	32.1
5	4	C	88	THR	21.31	12.4
5	4	C	94	ILE	57.83	29.4
5	4	C	95	SER	53.73	34.7
5	4	C	98	LYS	100.57	42.6
5	4	C	99	LYS	30.85	13.1
6	0	A	47	LEU	12.08	6.0
6	0	A	51	LEU	4.83	2.4
6	0	A	54	LEU	8.45	4.2
6	0	A	58	ILE	3.62	1.8
6	0	A	61	ILE	1.21	0.6
6	0	A	65	PHE	8.45	3.5
6	0	A	71	CYS	3.62	2.2
6	0	A	72	CYS	3.62	2.2
6	0	A	75	ASN	6.86	3.5
6	0	A	81	ARG	114.08	41.6
6	0	A	87	GLU	84.9	38.1
6	0	A	88	THR	83.66	48.6
6	0	A	94	ILE	74.87	38.0
6	0	A	95	SER	65.8	42.5
6	0	A	98	LYS	107.82	45.7
6	0	A	99	LYS	89.34	37.9
6	0	B	47	LEU	21.74	10.8
6	0	B	51	LEU	10.87	5.4
6	0	B	54	LEU	3.62	1.8
6	0	B	58	ILE	9.66	4.9
6	0	B	61	ILE	13.28	6.7
6	0	B	65	PHE	12.08	5.0
6	0	B	71	CYS	37.22	22.3
6	0	B	72	CYS	1.29	0.8
6	0	B	75	ASN	0.0	0.0
6	0	B	81	ARG	151.56	55.3
6	0	B	87	GLU	87.29	39.1
6	0	B	88	THR	83.94	48.8
6	0	B	94	ILE	73.67	37.4
6	0	B	95	SER	73.58	47.5
6	0	B	98	LYS	108.91	46.1
6	0	B	99	LYS	81.34	34.5
6	0	C	47	LEU	0.0	0.0
6	0	C	51	LEU	9.66	4.8
6	0	C	54	LEU	7.25	3.6
6	0	C	58	ILE	4.83	2.5
6	0	C	61	ILE	3.62	1.8
6	0	C	65	PHE	16.91	7.0
6	0	C	71	CYS	4.99	3.0
6	0	C	72	CYS	1.21	0.7
6	0	C	75	ASN	2.28	1.2
6	0	C	81	ARG	159.29	58.1
6	0	C	87	GLU	22.93	10.3
6	0	C	88	THR	18.78	10.9
6	0	C	94	ILE	76.08	38.6
6	0	C	95	SER	27.19	17.5
6	0	C	98	LYS	113.6	48.1
6	0	C	99	LYS	8.45	3.6
6	1	B	47	LEU	2.42	1.2
6	1	B	51	LEU	12.08	6.0
6	1	B	54	LEU	8.34	4.1
6	1	B	58	ILE	10.87	5.5
6	1	B	61	ILE	3.62	1.8
6	1	B	65	PHE	25.22	10.5
6	1	B	71	CYS	18.51	11.1
6	1	B	72	CYS	3.65	2.2
6	1	B	75	ASN	2.28	1.2
6	1	B	81	ARG	118.12	43.1
6	1	B	87	GLU	86.22	38.7
6	1	B	88	THR	86.08	50.0
6	1	B	94	ILE	19.32	9.8
6	1	B	95	SER	72.78	47.0
6	1	B	98	LYS	107.59	45.6
6	1	B	99	LYS	49.12	20.8
6	1	A	47	LEU	8.04	4.0
6	1	A	51	LEU	7.25	3.6
6	1	A	54	LEU	7.25	3.6
6	1	A	58	ILE	1.21	0.6
6	1	A	61	ILE	3.62	1.8
6	1	A	65	PHE	4.83	2.0
6	1	A	71	CYS	26.79	16.0
6	1	A	72	CYS	3.62	2.2
6	1	A	75	ASN	11.97	6.1
6	1	A	81	ARG	150.81	55.0
6	1	A	87	GLU	76.28	34.2
6	1	A	88	THR	80.45	46.8
6	1	A	94	ILE	91.37	46.4
6	1	A	95	SER	73.98	47.7
6	1	A	98	LYS	116.04	49.2
6	1	A	99	LYS	109.66	46.5
6	1	C	47	LEU	8.32	4.1
6	1	C	51	LEU	9.66	4.8
6	1	C	54	LEU	9.66	4.8
6	1	C	58	ILE	6.04	3.1
6	1	C	61	ILE	14.36	7.3
6	1	C	65	PHE	20.39	8.5
6	1	C	71	CYS	21.64	13.0
6	1	C	72	CYS	1.29	0.8
6	1	C	75	ASN	14.47	7.4
6	1	C	81	ARG	150.92	55.1
6	1	C	87	GLU	85.95	38.5
6	1	C	88	THR	84.07	48.9
6	1	C	94	ILE	15.56	7.9
6	1	C	95	SER	76.13	49.1
6	1	C	98	LYS	113.63	48.1
6	1	C	99	LYS	113.63	48.1
6	2	B	47	LEU	12.08	6.0
6	2	B	51	LEU	10.87	5.4
6	2	B	54	LEU	6.04	3.0
6	2	B	58	ILE	10.87	5.5
6	2	B	61	ILE	12.08	6.1
6	2	B	65	PHE	14.49	6.0
6	2	B	71	CYS	34.92	20.9
6	2	B	72	CYS	2.49	1.5
6	2	B	75	ASN	6.72	3.4
6	2	B	81	ARG	145.82	53.2
6	2	B	87	GLU	65.43	29.3
6	2	B	88	THR	82.86	48.2
6	2	B	94	ILE	24.15	12.3
6	2	B	95	SER	59.37	38.3
6	2	B	98	LYS	77.08	32.7
6	2	B	99	LYS	100.0	42.4
6	2	A	47	LEU	18.11	9.0
6	2	A	51	LEU	8.45	4.2
6	2	A	54	LEU	7.25	3.6
6	2	A	58	ILE	3.62	1.8
6	2	A	61	ILE	2.42	1.2
6	2	A	65	PHE	6.04	2.5
6	2	A	71	CYS	26.79	16.0
6	2	A	72	CYS	4.83	2.9
6	2	A	75	ASN	40.66	20.9
6	2	A	81	ARG	152.7	55.7
6	2	A	87	GLU	94.4	42.3
6	2	A	88	THR	85.14	49.5
6	2	A	94	ILE	69.77	35.4
6	2	A	95	SER	61.65	39.8
6	2	A	98	LYS	86.06	36.5
6	2	A	99	LYS	78.22	33.1
6	2	C	47	LEU	1.07	0.5
6	2	C	51	LEU	8.45	4.2
6	2	C	54	LEU	10.87	5.4
6	2	C	58	ILE	4.83	2.5
6	2	C	61	ILE	2.42	1.2
6	2	C	65	PHE	18.11	7.5
6	2	C	71	CYS	28.07	16.8
6	2	C	72	CYS	4.91	2.9
6	2	C	75	ASN	68.09	34.9
6	2	C	81	ARG	148.85	54.3
6	2	C	87	GLU	49.33	22.1
6	2	C	88	THR	17.57	10.2
6	2	C	94	ILE	28.98	14.7
6	2	C	95	SER	27.47	17.7
6	2	C	98	LYS	81.91	34.7
6	2	C	99	LYS	24.54	10.4
6	3	A	47	LEU	4.83	2.4
6	3	A	51	LEU	10.87	5.4
6	3	A	54	LEU	6.04	3.0
6	3	A	58	ILE	3.62	1.8
6	3	A	61	ILE	2.42	1.2
6	3	A	65	PHE	5.9	2.5
6	3	A	71	CYS	5.15	3.1
6	3	A	72	CYS	12.16	7.3
6	3	A	75	ASN	4.35	2.2
6	3	A	81	ARG	149.74	54.6
6	3	A	87	GLU	90.23	40.5
6	3	A	88	THR	86.21	50.1
6	3	A	94	ILE	77.15	39.2
6	3	A	95	SER	62.04	40.0
6	3	A	98	LYS	94.1	39.9
6	3	A	99	LYS	49.03	20.8
6	3	B	47	LEU	4.83	2.4
6	3	B	51	LEU	8.45	4.2
6	3	B	54	LEU	8.45	4.2
6	3	B	58	ILE	2.42	1.2
6	3	B	61	ILE	12.08	6.1
6	3	B	65	PHE	10.87	4.5
6	3	B	71	CYS	49.42	29.6
6	3	B	72	CYS	23.42	14.0
6	3	B	75	ASN	13.06	6.7
6	3	B	81	ARG	160.79	58.7
6	3	B	87	GLU	93.86	42.1
6	3	B	88	THR	84.07	48.9
6	3	B	94	ILE	56.49	28.7
6	3	B	95	SER	70.77	45.7
6	3	B	98	LYS	99.16	42.0
6	3	B	99	LYS	125.57	53.2
6	3	C	47	LEU	1.21	0.6
6	3	C	51	LEU	10.87	5.4
6	3	C	54	LEU	7.25	3.6
6	3	C	58	ILE	1.21	0.6
6	3	C	61	ILE	1.21	0.6
6	3	C	65	PHE	20.53	8.6
6	3	C	71	CYS	3.86	2.3
6	3	C	72	CYS	24.87	14.9
6	3	C	75	ASN	4.44	2.3
6	3	C	81	ARG	148.01	54.0
6	3	C	87	GLU	91.69	41.1
6	3	C	88	THR	68.24	39.7
6	3	C	94	ILE	53.0	26.9
6	3	C	95	SER	41.26	26.6
6	3	C	98	LYS	84.69	35.9
6	3	C	99	LYS	61.61	26.1
6	4	B	47	LEU	18.11	9.0
6	4	B	51	LEU	8.45	4.2
6	4	B	54	LEU	1.21	0.6
6	4	B	58	ILE	7.25	3.7
6	4	B	61	ILE	6.04	3.1
6	4	B	65	PHE	11.94	5.0
6	4	B	71	CYS	22.02	13.2
6	4	B	72	CYS	13.28	8.0
6	4	B	75	ASN	2.42	1.2
6	4	B	81	ARG	124.43	45.4
6	4	B	87	GLU	87.93	39.4
6	4	B	88	THR	84.87	49.3
6	4	B	94	ILE	16.91	8.6
6	4	B	95	SER	76.4	49.3
6	4	B	98	LYS	96.83	41.0
6	4	B	99	LYS	66.67	28.2
6	4	A	47	LEU	8.45	4.2
6	4	A	51	LEU	2.42	1.2
6	4	A	54	LEU	7.25	3.6
6	4	A	58	ILE	3.62	1.8
6	4	A	61	ILE	1.21	0.6
6	4	A	65	PHE	4.83	2.0
6	4	A	71	CYS	6.2	3.7
6	4	A	72	CYS	4.83	2.9
6	4	A	75	ASN	0.0	0.0
6	4	A	81	ARG	140.63	51.3
6	4	A	87	GLU	76.01	34.1
6	4	A	88	THR	85.01	49.4
6	4	A	94	ILE	94.99	48.2
6	4	A	95	SER	73.85	47.6
6	4	A	98	LYS	121.33	51.4
6	4	A	99	LYS	113.4	48.0
6	4	C	47	LEU	2.42	1.2
6	4	C	51	LEU	8.45	4.2
6	4	C	54	LEU	8.45	4.2
6	4	C	58	ILE	3.62	1.8
6	4	C	61	ILE	3.62	1.8
6	4	C	65	PHE	16.91	7.0
6	4	C	71	CYS	6.2	3.7
6	4	C	72	CYS	8.45	5.1
6	4	C	75	ASN	1.21	0.6
6	4	C	81	ARG	137.98	50.4
6	4	C	87	GLU	77.08	34.6
6	4	C	88	THR	85.01	49.4
6	4	C	94	ILE	8.45	4.3
6	4	C	95	SER	75.06	48.4
6	4	C	98	LYS	84.57	35.8
6	4	C	99	LYS	119.21	50.5
7	0	B	47	LEU	21.74	10.8
7	0	B	51	LEU	10.87	5.4
7	0	B	54	LEU	3.62	1.8
7	0	B	58	ILE	10.87	5.5
7	0	B	61	ILE	4.83	2.5
7	0	B	65	PHE	16.91	7.0
7	0	B	71	CYS	19.72	11.8
7	0	B	72	CYS	0.0	0.0
7	0	B	75	ASN	6.97	3.6
7	0	B	81	ARG	124.65	45.5
7	0	B	87	GLU	65.96	29.6
7	0	B	88	THR	82.86	48.2
7	0	B	94	ILE	40.92	20.8
7	0	B	95	SER	72.64	46.9
7	0	B	98	LYS	82.16	34.8
7	0	B	99	LYS	56.71	24.0
7	0	A	47	LEU	24.15	12.0
7	0	A	51	LEU	3.62	1.8
7	0	A	54	LEU	4.83	2.4
7	0	A	58	ILE	0.0	0.0
7	0	A	61	ILE	4.83	2.5
7	0	A	65	PHE	0.0	0.0
7	0	A	71	CYS	16.65	10.0
7	0	A	72	CYS	1.21	0.7
7	0	A	75	ASN	46.58	23.9
7	0	A	81	ARG	158.85	58.0
7	0	A	87	GLU	66.09	29.6
7	0	A	88	THR	83.8	48.7
7	0	A	94	ILE	66.42	33.7
7	0	A	95	SER	71.71	46.3
7	0	A	98	LYS	86.53	36.7
7	0	A	99	LYS	118.46	50.2
7	0	C	47	LEU	1.21	0.6
7	0	C	51	LEU	9.66	4.8
7	0	C	54	LEU	6.04	3.0
7	0	C	58	ILE	4.83	2.5
7	0	C	61	ILE	11.8	6.0
7	0	C	65	PHE	31.28	13.0
7	0	C	71	CYS	21.72	13.0
7	0	C	72	CYS	0.0	0.0
7	0	C	75	ASN	55.4	28.4
7	0	C	81	ARG	168.4	61.5
7	0	C	87	GLU	50.28	22.5
7	0	C	88	THR	85.14	49.5
7	0	C	94	ILE	45.75	23.2
7	0	C	95	SER	73.71	47.6
7	0	C	98	LYS	85.33	36.2
7	0	C	99	LYS	121.96	51.7
7	1	A	47	LEU	9.66	4.8
7	1	A	51	LEU	3.62	1.8
7	1	A	54	LEU	8.45	4.2
7	1	A	58	ILE	0.0	0.0
7	1	A	61	ILE	2.42	1.2
7	1	A	65	PHE	3.49	1.5
7	1	A	71	CYS	21.72	13.0
7	1	A	72	CYS	3.62	2.2
7	1	A	75	ASN	41.62	21.3
7	1	A	81	ARG	149.24	54.5
7	1	A	87	GLU	89.0	39.9
7	1	A	88	THR	87.44	50.8
7	1	A	94	ILE	43.47	22.1
7	1	A	95	SER	72.64	46.9
7	1	A	98	LYS	76.12	32.3
7	1	A	99	LYS	115.29	48.9
7	1	B	47	LEU	8.45	4.2
7	1	B	51	LEU	6.04	3.0
7	1	B	54	LEU	2.42	1.2
7	1	B	58	ILE	4.83	2.5
7	1	B	61	ILE	3.62	1.8
7	1	B	65	PHE	15.56	6.5
7	1	B	71	CYS	25.72	15.4
7	1	B	72	CYS	0.0	0.0
7	1	B	75	ASN	1.21	0.6
7	1	B	81	ARG	132.74	48.4
7	1	B	87	GLU	45.27	20.3
7	1	B	88	THR	24.93	14.5
7	1	B	94	ILE	41.06	20.8
7	1	B	95	SER	11.79	7.6
7	1	B	98	LYS	78.08	33.1
7	1	B	99	LYS	1.21	0.5
7	1	C	47	LEU	3.62	1.8
7	1	C	51	LEU	7.25	3.6
7	1	C	54	LEU	9.66	4.8
7	1	C	58	ILE	1.21	0.6
7	1	C	61	ILE	2.42	1.2
7	1	C	65	PHE	10.87	4.5
7	1	C	71	CYS	18.99	11.4
7	1	C	72	CYS	0.0	0.0
7	1	C	75	ASN	42.96	22.0
7	1	C	81	ARG	147.19	53.7
7	1	C	87	GLU	48.76	21.9
7	1	C	88	THR	26.41	15.4
7	1	C	94	ILE	28.98	14.7
7	1	C	95	SER	11.79	7.6
7	1	C	98	LYS	59.67	25.3
7	1	C	99	LYS	3.62	1.5
7	2	C	47	LEU	2.28	1.1
7	2	C	51	LEU	12.08	6.0
7	2	C	54	LEU	13.28	6.6
7	2	C	58	ILE	3.62	1.8
7	2	C	61	ILE	1.21	0.6
7	2	C	65	PHE	14.49	6.0
7	2	C	71	CYS	15.15	9.1
7	2	C	72	CYS	2.57	1.5
7	2	C	75	ASN	61.9	31.7
7	2	C	81	ARG	166.83	60.9
7	2	C	87	GLU	29.07	13.0
7	2	C	88	THR	29.9	17.4
7	2	C	94	ILE	59.04	30.0
7	2	C	95	SER	3.21	2.1
7	2	C	98	LYS	51.26	21.7
7	2	C	99	LYS	30.94	13.1
7	2	A	47	LEU	8.45	4.2
7	2	A	51	LEU	1.21	0.6
7	2	A	54	LEU	10.87	5.4
7	2	A	58	ILE	2.42	1.2
7	2	A	61	ILE	1.21	0.6
7	2	A	65	PHE	2.42	1.0
7	2	A	71	CYS	2.57	1.5
7	2	A	72	CYS	2.42	1.4
7	2	A	75	ASN	47.29	24.3
7	2	A	81	ARG	178.45	65.1
7	2	A	87	GLU	81.5	36.5
7	2	A	88	THR	81.66	47.5
7	2	A	94	ILE	65.21	33.1
7	2	A	95	SER	75.85	48.9
7	2	A	98	LYS	89.93	38.1
7	2	A	99	LYS	120.35	51.0
7	2	B	47	LEU	4.83	2.4
7	2	B	51	LEU	9.66	4.8
7	2	B	54	LEU	4.83	2.4
7	2	B	58	ILE	8.45	4.3
7	2	B	61	ILE	8.45	4.3
7	2	B	65	PHE	16.91	7.0
7	2	B	71	CYS	20.85	12.5
7	2	B	72	CYS	1.29	0.8
7	2	B	75	ASN	5.9	3.0
7	2	B	81	ARG	143.43	52.3
7	2	B	87	GLU	25.72	11.5
7	2	B	88	THR	15.82	9.2
7	2	B	94	ILE	92.72	47.1
7	2	B	95	SER	1.07	0.7
7	2	B	98	LYS	52.02	22.0
7	2	B	99	LYS	3.62	1.5
7	3	B	47	LEU	16.91	8.4
7	3	B	51	LEU	12.08	6.0
7	3	B	54	LEU	3.62	1.8
7	3	B	58	ILE	12.08	6.1
7	3	B	61	ILE	7.25	3.7
7	3	B	65	PHE	15.7	6.5
7	3	B	71	CYS	25.72	15.4
7	3	B	72	CYS	6.28	3.8
7	3	B	75	ASN	0.0	0.0
7	3	B	81	ARG	145.94	53.3
7	3	B	87	GLU	92.51	41.5
7	3	B	88	THR	87.31	50.8
7	3	B	94	ILE	53.14	27.0
7	3	B	95	SER	78.27	50.5
7	3	B	98	LYS	75.78	32.1
7	3	B	99	LYS	83.3	35.3
7	3	A	47	LEU	14.49	7.2
7	3	A	51	LEU	3.62	1.8
7	3	A	54	LEU	12.08	6.0
7	3	A	58	ILE	4.83	2.5
7	3	A	61	ILE	2.42	1.2
7	3	A	65	PHE	3.62	1.5
7	3	A	71	CYS	28.93	17.3
7	3	A	72	CYS	3.62	2.2
7	3	A	75	ASN	31.48	16.1
7	3	A	81	ARG	157.1	57.3
7	3	A	87	GLU	77.08	34.6
7	3	A	88	THR	88.24	51.3
7	3	A	94	ILE	79.57	40.4
7	3	A	95	SER	75.99	49.0
7	3	A	98	LYS	85.55	36.3
7	3	A	99	LYS	115.7	49.0
7	3	C	47	LEU	7.11	3.5
7	3	C	51	LEU	12.08	6.0
7	3	C	54	LEU	4.83	2.4
7	3	C	58	ILE	14.49	7.4
7	3	C	61	ILE	4.83	2.5
7	3	C	65	PHE	20.53	8.6
7	3	C	71	CYS	10.14	6.1
7	3	C	72	CYS	6.12	3.7
7	3	C	75	ASN	42.67	21.9
7	3	C	81	ARG	154.05	56.2
7	3	C	87	GLU	30.27	13.6
7	3	C	88	THR	25.21	14.7
7	3	C	94	ILE	54.21	27.5
7	3	C	95	SER	19.69	12.7
7	3	C	98	LYS	80.95	34.3
7	3	C	99	LYS	14.67	6.2
7	4	B	47	LEU	4.83	2.4
7	4	B	51	LEU	7.25	3.6
7	4	B	54	LEU	13.28	6.6
7	4	B	58	ILE	1.21	0.6
7	4	B	61	ILE	13.28	6.7
7	4	B	65	PHE	10.87	4.5
7	4	B	71	CYS	45.3	27.1
7	4	B	72	CYS	12.68	7.6
7	4	B	75	ASN	22.97	11.8
7	4	B	81	ARG	111.96	40.9
7	4	B	87	GLU	91.03	40.8
7	4	B	88	THR	87.69	51.0
7	4	B	94	ILE	30.19	15.3
7	4	B	95	SER	68.08	43.9
7	4	B	98	LYS	78.65	33.3
7	4	B	99	LYS	119.66	50.7
7	4	A	47	LEU	8.45	4.2
7	4	A	51	LEU	1.21	0.6
7	4	A	54	LEU	6.04	3.0
7	4	A	58	ILE	2.42	1.2
7	4	A	61	ILE	0.0	0.0
7	4	A	65	PHE	13.28	5.5
7	4	A	71	CYS	9.01	5.4
7	4	A	72	CYS	10.95	6.6
7	4	A	75	ASN	31.68	16.2
7	4	A	81	ARG	127.53	46.5
7	4	A	87	GLU	93.99	42.1
7	4	A	88	THR	76.55	44.5
7	4	A	94	ILE	68.83	34.9
7	4	A	95	SER	71.43	46.1
7	4	A	98	LYS	99.36	42.1
7	4	A	99	LYS	79.43	33.7
7	4	C	47	LEU	0.0	0.0
7	4	C	51	LEU	8.45	4.2
7	4	C	54	LEU	13.28	6.6
7	4	C	58	ILE	1.21	0.6
7	4	C	61	ILE	1.21	0.6
7	4	C	65	PHE	15.7	6.5
7	4	C	71	CYS	16.49	9.9
7	4	C	72	CYS	6.0	3.6
7	4	C	75	ASN	34.85	17.9
7	4	C	81	ARG	103.1	37.6
7	4	C	87	GLU	76.97	34.5
7	4	C	88	THR	8.32	4.8
7	4	C	94	ILE	27.64	14.0
7	4	C	95	SER	74.12	47.8
7	4	C	98	LYS	83.12	35.2
7	4	C	99	LYS	71.91	30.5
8	0	B	47	LEU	3.62	1.8
8	0	B	51	LEU	9.66	4.8
8	0	B	54	LEU	3.62	1.8
8	0	B	58	ILE	10.87	5.5
8	0	B	61	ILE	9.66	4.9
8	0	B	65	PHE	13.15	5.5
8	0	B	71	CYS	30.9	18.5
8	0	B	72	CYS	0.0	0.0
8	0	B	75	ASN	0.0	0.0
8	0	B	81	ARG	161.36	58.9
8	0	B	87	GLU	23.71	10.6
8	0	B	88	THR	12.19	7.1
8	0	B	94	ILE	67.63	34.3
8	0	B	95	SER	0.0	0.0
8	0	B	98	LYS	83.71	35.5
8	0	B	99	LYS	7.25	3.1
8	0	A	47	LEU	6.04	3.0
8	0	A	51	LEU	2.42	1.2
8	0	A	54	LEU	7.25	3.6
8	0	A	58	ILE	6.04	3.1
8	0	A	61	ILE	2.42	1.2
8	0	A	65	PHE	6.04	2.5
8	0	A	71	CYS	5.07	3.0
8	0	A	72	CYS	1.21	0.7
8	0	A	75	ASN	39.66	20.3
8	0	A	81	ARG	183.8	67.1
8	0	A	87	GLU	75.48	33.8
8	0	A	88	THR	80.47	46.8
8	0	A	94	ILE	66.28	33.6
8	0	A	95	SER	71.71	46.3
8	0	A	98	LYS	113.74	48.2
8	0	A	99	LYS	108.68	46.1
8	0	C	47	LEU	2.42	1.2
8	0	C	51	LEU	12.08	6.0
8	0	C	54	LEU	4.83	2.4
8	0	C	58	ILE	8.45	4.3
8	0	C	61	ILE	4.83	2.5
8	0	C	65	PHE	14.36	6.0
8	0	C	71	CYS	2.49	1.5
8	0	C	72	CYS	0.0	0.0
8	0	C	75	ASN	45.93	23.6
8	0	C	81	ARG	176.44	64.4
8	0	C	87	GLU	21.43	9.6
8	0	C	88	THR	17.69	10.3
8	0	C	94	ILE	59.04	30.0
8	0	C	95	SER	0.0	0.0
8	0	C	98	LYS	86.1	36.5
8	0	C	99	LYS	35.27	14.9
8	1	C	47	LEU	6.04	3.0
8	1	C	51	LEU	7.25	3.6
8	1	C	54	LEU	8.45	4.2
8	1	C	58	ILE	3.62	1.8
8	1	C	61	ILE	2.42	1.2
8	1	C	65	PHE	17.98	7.5
8	1	C	71	CYS	26.59	15.9
8	1	C	72	CYS	2.42	1.4
8	1	C	75	ASN	51.35	26.3
8	1	C	81	ARG	156.39	57.1
8	1	C	87	GLU	54.25	24.3
8	1	C	88	THR	32.32	18.8
8	1	C	94	ILE	78.09	39.6
8	1	C	95	SER	8.84	5.7
8	1	C	98	LYS	43.2	18.3
8	1	C	99	LYS	27.66	11.7
8	1	A	47	LEU	6.04	3.0
8	1	A	51	LEU	2.42	1.2
8	1	A	54	LEU	6.04	3.0
8	1	A	58	ILE	4.83	2.5
8	1	A	61	ILE	2.42	1.2
8	1	A	65	PHE	13.28	5.5
8	1	A	71	CYS	36.49	21.9
8	1	A	72	CYS	11.58	6.9
8	1	A	75	ASN	23.98	12.3
8	1	A	81	ARG	160.88	58.7
8	1	A	87	GLU	101.2	45.4
8	1	A	88	THR	79.38	46.1
8	1	A	94	ILE	100.9	51.2
8	1	A	95	SER	77.2	49.8
8	1	A	98	LYS	75.48	32.0
8	1	A	99	LYS	30.26	12.8
8	1	B	47	LEU	6.04	3.0
8	1	B	51	LEU	6.04	3.0
8	1	B	54	LEU	4.83	2.4
8	1	B	58	ILE	2.42	1.2
8	1	B	61	ILE	14.49	7.4
8	1	B	65	PHE	12.08	5.0
8	1	B	71	CYS	43.89	26.3
8	1	B	72	CYS	10.97	6.6
8	1	B	75	ASN	23.23	11.9
8	1	B	81	ARG	155.16	56.6
8	1	B	87	GLU	71.06	31.9
8	1	B	88	THR	82.73	48.1
8	1	B	94	ILE	51.66	26.2
8	1	B	95	SER	62.45	40.3
8	1	B	98	LYS	72.55	30.7
8	1	B	99	LYS	124.24	52.6
8	2	B	47	LEU	10.87	5.4
8	2	B	51	LEU	7.25	3.6
8	2	B	54	LEU	8.45	4.2
8	2	B	58	ILE	2.42	1.2
8	2	B	61	ILE	14.49	7.4
8	2	B	65	PHE	6.04	2.5
8	2	B	71	CYS	41.24	24.7
8	2	B	72	CYS	3.7	2.2
8	2	B	75	ASN	11.79	6.0
8	2	B	81	ARG	136.04	49.7
8	2	B	87	GLU	89.0	39.9
8	2	B	88	THR	86.35	50.2
8	2	B	94	ILE	49.51	25.1
8	2	B	95	SER	71.3	46.0
8	2	B	98	LYS	106.49	45.1
8	2	B	99	LYS	96.31	40.8
8	2	A	47	LEU	7.25	3.6
8	2	A	51	LEU	3.62	1.8
8	2	A	54	LEU	2.42	1.2
8	2	A	58	ILE	7.25	3.7
8	2	A	61	ILE	1.21	0.6
8	2	A	65	PHE	18.11	7.5
8	2	A	71	CYS	7.4	4.4
8	2	A	72	CYS	8.45	5.1
8	2	A	75	ASN	5.36	2.7
8	2	A	81	ARG	121.92	44.5
8	2	A	87	GLU	91.81	41.2
8	2	A	88	THR	83.53	48.6
8	2	A	94	ILE	73.53	37.3
8	2	A	95	SER	58.42	37.7
8	2	A	98	LYS	106.61	45.2
8	2	A	99	LYS	11.96	5.1
8	2	C	47	LEU	0.0	0.0
8	2	C	51	LEU	6.04	3.0
8	2	C	54	LEU	6.04	3.0
8	2	C	58	ILE	3.62	1.8
8	2	C	61	ILE	2.42	1.2
8	2	C	65	PHE	14.49	6.0
8	2	C	71	CYS	12.28	7.4
8	2	C	72	CYS	2.49	1.5
8	2	C	75	ASN	4.29	2.2
8	2	C	81	ARG	110.36	40.3
8	2	C	87	GLU	88.07	39.5
8	2	C	88	THR	22.11	12.9
8	2	C	94	ILE	49.38	25.1
8	2	C	95	SER	30.41	19.6
8	2	C	98	LYS	106.38	45.1
8	2	C	99	LYS	15.88	6.7
8	3	C	47	LEU	0.0	0.0
8	3	C	51	LEU	7.25	3.6
8	3	C	54	LEU	4.83	2.4
8	3	C	58	ILE	8.45	4.3
8	3	C	61	ILE	2.42	1.2
8	3	C	65	PHE	30.05	12.5
8	3	C	71	CYS	34.19	20.5
8	3	C	72	CYS	1.29	0.8
8	3	C	75	ASN	75.62	38.8
8	3	C	81	ARG	157.97	57.7
8	3	C	87	GLU	38.98	17.5
8	3	C	88	THR	27.89	16.2
8	3	C	94	ILE	30.19	15.3
8	3	C	95	SER	20.63	13.3
8	3	C	98	LYS	46.32	19.6
8	3	C	99	LYS	27.27	11.6
8	3	A	47	LEU	24.15	12.0
8	3	A	51	LEU	7.25	3.6
8	3	A	54	LEU	2.42	1.2
8	3	A	58	ILE	9.66	4.9
8	3	A	61	ILE	0.0	0.0
8	3	A	65	PHE	11.94	5.0
8	3	A	71	CYS	12.36	7.4
8	3	A	72	CYS	10.87	6.5
8	3	A	75	ASN	12.65	6.5
8	3	A	81	ARG	119.5	43.6
8	3	A	87	GLU	89.67	40.2
8	3	A	88	THR	68.1	39.6
8	3	A	94	ILE	74.87	38.0
8	3	A	95	SER	66.21	42.7
8	3	A	98	LYS	58.17	24.6
8	3	A	99	LYS	6.04	2.6
8	3	B	47	LEU	15.7	7.8
8	3	B	51	LEU	9.66	4.8
8	3	B	54	LEU	6.04	3.0
8	3	B	58	ILE	7.25	3.7
8	3	B	61	ILE	9.66	4.9
8	3	B	65	PHE	12.08	5.0
8	3	B	71	CYS	54.22	32.5
8	3	B	72	CYS	7.48	4.5
8	3	B	75	ASN	24.14	12.4
8	3	B	81	ARG	150.01	54.7
8	3	B	87	GLU	82.85	37.2
8	3	B	88	THR	94.12	54.7
8	3	B	94	ILE	62.66	31.8
8	3	B	95	SER	69.43	44.8
8	3	B	98	LYS	58.4	24.7
8	3	B	99	LYS	77.51	32.8
8	4	C	47	LEU	2.42	1.2
8	4	C	51	LEU	12.08	6.0
8	4	C	54	LEU	8.45	4.2
8	4	C	58	ILE	9.66	4.9
8	4	C	61	ILE	2.42	1.2
8	4	C	65	PHE	12.08	5.0
8	4	C	71	CYS	61.29	36.7
8	4	C	72	CYS	43.56	26.1
8	4	C	75	ASN	15.13	7.8
8	4	C	81	ARG	148.48	54.2
8	4	C	87	GLU	62.08	27.8
8	4	C	88	THR	82.77	48.1
8	4	C	94	ILE	35.02	17.8
8	4	C	95	SER	49.73	32.1
8	4	C	98	LYS	130.62	55.3
8	4	C	99	LYS	139.78	59.2
8	4	A	47	LEU	9.66	4.8
8	4	A	51	LEU	1.21	0.6
8	4	A	54	LEU	6.04	3.0
8	4	A	58	ILE	9.66	4.9
8	4	A	61	ILE	3.62	1.8
8	4	A	65	PHE	21.74	9.1
8	4	A	71	CYS	14.15	8.5
8	4	A	72	CYS	19.8	11.9
8	4	A	75	ASN	11.05	5.7
8	4	A	81	ARG	123.24	45.0
8	4	A	87	GLU	83.9	37.6
8	4	A	88	THR	86.49	50.3
8	4	A	94	ILE	65.08	33.0
8	4	A	95	SER	47.47	30.6
8	4	A	98	LYS	128.44	54.4
8	4	A	99	LYS	138.65	58.7
8	4	B	47	LEU	15.7	7.8
8	4	B	51	LEU	10.87	5.4
8	4	B	54	LEU	6.04	3.0
8	4	B	58	ILE	9.66	4.9
8	4	B	61	ILE	20.53	10.4
8	4	B	65	PHE	16.91	7.0
8	4	B	71	CYS	65.99	39.5
8	4	B	72	CYS	23.89	14.3
8	4	B	75	ASN	34.46	17.7
8	4	B	81	ARG	152.04	55.5
8	4	B	87	GLU	74.55	33.4
8	4	B	88	THR	87.42	50.8
8	4	B	94	ILE	49.51	25.1
8	4	B	95	SER	43.99	28.4
8	4	B	98	LYS	135.34	57.3
8	4	B	99	LYS	112.47	47.7
9	0	C	47	LEU	2.42	1.2
9	0	C	51	LEU	8.45	4.2
9	0	C	54	LEU	7.25	3.6
9	0	C	58	ILE	7.25	3.7
9	0	C	61	ILE	3.62	1.8
9	0	C	65	PHE	17.98	7.5
9	0	C	71	CYS	16.57	9.9
9	0	C	72	CYS	0.0	0.0
9	0	C	75	ASN	49.87	25.6
9	0	C	81	ARG	120.82	44.1
9	0	C	87	GLU	77.75	34.9
9	0	C	88	THR	8.04	4.7
9	0	C	94	ILE	42.27	21.5
9	0	C	95	SER	20.49	13.2
9	0	C	98	LYS	83.89	35.5
9	0	C	99	LYS	23.92	10.1
9	0	B	47	LEU	13.28	6.6
9	0	B	51	LEU	8.45	4.2
9	0	B	54	LEU	2.42	1.2
9	0	B	58	ILE	9.66	4.9
9	0	B	61	ILE	3.62	1.8
9	0	B	65	PHE	13.28	5.5
9	0	B	71	CYS	30.87	18.5
9	0	B	72	CYS	0.0	0.0
9	0	B	75	ASN	3.49	1.8
9	0	B	81	ARG	102.01	37.2
9	0	B	87	GLU	75.58	33.9
9	0	B	88	THR	4.56	2.7
9	0	B	94	ILE	78.36	39.8
9	0	B	95	SER	23.57	15.2
9	0	B	98	LYS	108.04	45.8
9	0	B	99	LYS	4.72	2.0
9	0	A	47	LEU	9.66	4.8
9	0	A	51	LEU	2.42	1.2
9	0	A	54	LEU	7.25	3.6
9	0	A	58	ILE	1.21	0.6
9	0	A	61	ILE	3.62	1.8
9	0	A	65	PHE	3.62	1.5
9	0	A	71	CYS	15.28	9.2
9	0	A	72	CYS	1.21	0.7
9	0	A	75	ASN	52.99	27.2
9	0	A	81	ARG	120.8	44.1
9	0	A	87	GLU	72.79	32.6
9	0	A	88	THR	86.21	50.1
9	0	A	94	ILE	33.81	17.2
9	0	A	95	SER	72.1	46.5
9	0	A	98	LYS	82.45	34.9
9	0	A	99	LYS	103.6	43.9
9	1	C	47	LEU	9.66	4.8
9	1	C	51	LEU	12.08	6.0
9	1	C	54	LEU	6.04	3.0
9	1	C	58	ILE	2.42	1.2
9	1	C	61	ILE	4.83	2.5
9	1	C	65	PHE	21.74	9.1
9	1	C	71	CYS	28.07	16.8
9	1	C	72	CYS	0.0	0.0
9	1	C	75	ASN	30.57	15.7
9	1	C	81	ARG	155.66	56.8
9	1	C	87	GLU	70.92	31.8
9	1	C	88	THR	80.45	46.8
9	1	C	94	ILE	19.32	9.8
9	1	C	95	SER	68.22	44.0
9	1	C	98	LYS	83.53	35.4
9	1	C	99	LYS	120.53	51.1
9	1	A	47	LEU	7.25	3.6
9	1	A	51	LEU	2.42	1.2
9	1	A	54	LEU	7.25	3.6
9	1	A	58	ILE	4.83	2.5
9	1	A	61	ILE	7.11	3.6
9	1	A	65	PHE	20.42	8.5
9	1	A	71	CYS	39.41	23.6
9	1	A	72	CYS	8.85	5.3
9	1	A	75	ASN	30.68	15.7
9	1	A	81	ARG	152.27	55.6
9	1	A	87	GLU	69.56	31.2
9	1	A	88	THR	85.28	49.6
9	1	A	94	ILE	43.47	22.1
9	1	A	95	SER	72.64	46.9
9	1	A	98	LYS	95.85	40.6
9	1	A	99	LYS	126.54	53.6
9	1	B	47	LEU	16.91	8.4
9	1	B	51	LEU	12.08	6.0
9	1	B	54	LEU	6.04	3.0
9	1	B	58	ILE	2.42	1.2
9	1	B	61	ILE	14.49	7.4
9	1	B	65	PHE	15.7	6.5
9	1	B	71	CYS	28.88	17.3
9	1	B	72	CYS	3.78	2.3
9	1	B	75	ASN	5.38	2.8
9	1	B	81	ARG	150.1	54.8
9	1	B	87	GLU	80.57	36.1
9	1	B	88	THR	87.29	50.7
9	1	B	94	ILE	22.94	11.6
9	1	B	95	SER	69.15	44.6
9	1	B	98	LYS	94.74	40.1
9	1	B	99	LYS	108.77	46.1
9	2	C	47	LEU	3.62	1.8
9	2	C	51	LEU	8.45	4.2
9	2	C	54	LEU	3.62	1.8
9	2	C	58	ILE	12.08	6.1
9	2	C	61	ILE	2.42	1.2
9	2	C	65	PHE	16.91	7.0
9	2	C	71	CYS	7.72	4.6
9	2	C	72	CYS	1.21	0.7
9	2	C	75	ASN	44.37	22.8
9	2	C	81	ARG	151.52	55.3
9	2	C	87	GLU	32.44	14.5
9	2	C	88	THR	29.9	17.4
9	2	C	94	ILE	54.21	27.5
9	2	C	95	SER	6.56	4.2
9	2	C	98	LYS	96.08	40.7
9	2	C	99	LYS	14.49	6.1
9	2	A	47	LEU	7.25	3.6
9	2	A	51	LEU	0.0	0.0
9	2	A	54	LEU	3.62	1.8
9	2	A	58	ILE	3.62	1.8
9	2	A	61	ILE	2.42	1.2
9	2	A	65	PHE	6.04	2.5
9	2	A	71	CYS	12.71	7.6
9	2	A	72	CYS	2.42	1.4
9	2	A	75	ASN	40.77	20.9
9	2	A	81	ARG	151.52	55.3
9	2	A	87	GLU	87.29	39.1
9	2	A	88	THR	86.1	50.1
9	2	A	94	ILE	59.04	30.0
9	2	A	95	SER	71.02	45.8
9	2	A	98	LYS	111.67	47.3
9	2	A	99	LYS	104.47	44.3
9	2	B	47	LEU	10.87	5.4
9	2	B	51	LEU	9.66	4.8
9	2	B	54	LEU	2.42	1.2
9	2	B	58	ILE	12.08	6.1
9	2	B	61	ILE	7.25	3.7
9	2	B	65	PHE	15.7	6.5
9	2	B	71	CYS	30.98	18.6
9	2	B	72	CYS	0.0	0.0
9	2	B	75	ASN	1.07	0.5
9	2	B	81	ARG	145.37	53.1
9	2	B	87	GLU	21.57	9.7
9	2	B	88	THR	27.76	16.1
9	2	B	94	ILE	75.94	38.6
9	2	B	95	SER	4.29	2.8
9	2	B	98	LYS	90.16	38.2
9	2	B	99	LYS	2.42	1.0
9	3	B	47	LEU	14.49	7.2
9	3	B	51	LEU	14.49	7.2
9	3	B	54	LEU	7.25	3.6
9	3	B	58	ILE	13.28	6.7
9	3	B	61	ILE	6.04	3.1
9	3	B	65	PHE	13.28	5.5
9	3	B	71	CYS	16.95	10.2
9	3	B	72	CYS	2.49	1.5
9	3	B	75	ASN	2.42	1.2
9	3	B	81	ARG	119.32	43.5
9	3	B	87	GLU	92.49	41.5
9	3	B	88	THR	82.73	48.1
9	3	B	94	ILE	60.91	30.9
9	3	B	95	SER	62.45	40.3
9	3	B	98	LYS	124.27	52.7
9	3	B	99	LYS	98.84	41.9
9	3	A	47	LEU	7.25	3.6
9	3	A	51	LEU	2.42	1.2
9	3	A	54	LEU	6.04	3.0
9	3	A	58	ILE	1.21	0.6
9	3	A	61	ILE	0.0	0.0
9	3	A	65	PHE	2.42	1.0
9	3	A	71	CYS	20.43	12.2
9	3	A	72	CYS	3.62	2.2
9	3	A	75	ASN	30.13	15.5
9	3	A	81	ARG	139.44	50.9
9	3	A	87	GLU	87.27	39.1
9	3	A	88	THR	83.96	48.8
9	3	A	94	ILE	70.04	35.6
9	3	A	95	SER	56.82	36.7
9	3	A	98	LYS	111.1	47.1
9	3	A	99	LYS	130.17	55.2
9	3	C	47	LEU	4.69	2.3
9	3	C	51	LEU	12.08	6.0
9	3	C	54	LEU	4.83	2.4
9	3	C	58	ILE	9.66	4.9
9	3	C	61	ILE	1.21	0.6
9	3	C	65	PHE	20.53	8.6
9	3	C	71	CYS	5.15	3.1
9	3	C	72	CYS	4.99	3.0
9	3	C	75	ASN	29.06	14.9
9	3	C	81	ARG	141.72	51.7
9	3	C	87	GLU	30.68	13.8
9	3	C	88	THR	48.41	28.1
9	3	C	94	ILE	66.28	33.6
9	3	C	95	SER	15.27	9.9
9	3	C	98	LYS	114.49	48.5
9	3	C	99	LYS	68.99	29.2
9	4	B	47	LEU	8.45	4.2
9	4	B	51	LEU	10.87	5.4
9	4	B	54	LEU	3.62	1.8
9	4	B	58	ILE	6.04	3.1
9	4	B	61	ILE	1.21	0.6
9	4	B	65	PHE	8.45	3.5
9	4	B	71	CYS	17.97	10.8
9	4	B	72	CYS	0.0	0.0
9	4	B	75	ASN	0.0	0.0
9	4	B	81	ARG	145.8	53.2
9	4	B	87	GLU	38.45	17.2
9	4	B	88	THR	13.95	8.1
9	4	B	94	ILE	78.36	39.8
9	4	B	95	SER	26.92	17.4
9	4	B	98	LYS	104.08	44.1
9	4	B	99	LYS	3.51	1.5
9	4	A	47	LEU	4.83	2.4
9	4	A	51	LEU	2.42	1.2
9	4	A	54	LEU	6.04	3.0
9	4	A	58	ILE	2.42	1.2
9	4	A	61	ILE	0.0	0.0
9	4	A	65	PHE	0.0	0.0
9	4	A	71	CYS	28.93	17.3
9	4	A	72	CYS	6.04	3.6
9	4	A	75	ASN	43.12	22.1
9	4	A	81	ARG	151.06	55.1
9	4	A	87	GLU	79.79	35.8
9	4	A	88	THR	88.38	51.4
9	4	A	94	ILE	39.85	20.2
9	4	A	95	SER	73.71	47.6
9	4	A	98	LYS	70.54	29.9
9	4	A	99	LYS	98.93	41.9
9	4	C	47	LEU	2.42	1.2
9	4	C	51	LEU	6.04	3.0
9	4	C	54	LEU	9.66	4.8
9	4	C	58	ILE	4.83	2.5
9	4	C	61	ILE	2.42	1.2
9	4	C	65	PHE	10.87	4.5
9	4	C	71	CYS	6.35	3.8
9	4	C	72	CYS	1.29	0.8
9	4	C	75	ASN	35.1	18.0
9	4	C	81	ARG	162.2	59.2
9	4	C	87	GLU	37.0	16.6
9	4	C	88	THR	24.68	14.3
9	4	C	94	ILE	42.27	21.5
9	4	C	95	SER	27.06	17.5
9	4	C	98	LYS	80.27	34.0
9	4	C	99	LYS	30.21	12.8
