taxon_a,taxon_b,patristic,p_distance,n_compared_columns
"Capripoxvirus|A0A4D6DKN1|Capripoxvirus_goatpox","Leporipoxvirus|AAF17998.1|Leporipoxvirus_shope",1.554468,0.567376,141
"Capripoxvirus|A0A4D6DKN1|Capripoxvirus_goatpox","Orthopoxvirus|AAL73853.1|Orthopoxvirus_camelpox",4.780975,0.697248,109
"Capripoxvirus|A0A4D6DKN1|Capripoxvirus_goatpox","Orthopoxvirus|AAQ72922.1|Orthopoxvirus_skunkpox",4.906459,0.743590,117
"Capripoxvirus|A0A4D6DKN1|Capripoxvirus_goatpox","Yatapoxvirus|AAR07473.1|Yatapoxvirus_yabapox",1.407350,0.507576,132
"Capripoxvirus|A0A4D6DKN1|Capripoxvirus_goatpox","Sciuripoxvirus|ABD51467.1|Sciuripoxvirus_squirrelpox",7.164530,0.728571,70
"Capripoxvirus|A0A4D6DKN1|Capripoxvirus_goatpox","Orthopoxvirus|ABD97717.1|Orthopoxvirus_taterapox",4.768285,0.715596,109
"Capripoxvirus|A0A4D6DKN1|Capripoxvirus_goatpox","Cervidpoxvirus|ABI99110.1|Cervidpoxvirus_muledeerpox",1.218937,0.514925,134
"Capripoxvirus|A0A4D6DKN1|Capripoxvirus_goatpox","Cervidpoxvirus|ABI99281.1|Cervidpoxvirus_muledeerpox",1.218730,0.511111,135
"Capripoxvirus|A0A4D6DKN1|Capripoxvirus_goatpox","Yatapoxvirus|ABQ43592.1|Yatapoxvirus_tanapox",1.516183,0.571429,133
"Capripoxvirus|A0A4D6DKN1|Capripoxvirus_goatpox","Oryzopoxvirus|ADT91144.1|Oryzopoxvirus_cotia",2.380040,0.591549,142
"Capripoxvirus|A0A4D6DKN1|Capripoxvirus_goatpox","Centapoxvirus|AEN03720.1|Centapoxvirus_yokapox",4.512684,0.666667,99
"Capripoxvirus|A0A4D6DKN1|Capripoxvirus_goatpox","Parapoxvirus|AIZ77355.1|Parapoxvirus_reddeerpox",8.799472,0.766667,90
"Capripoxvirus|A0A4D6DKN1|Capripoxvirus_goatpox","Orthopoxvirus|AKJ93776.1|Orthopoxvirus_raccoonpox",5.051334,0.739130,115
"Capripoxvirus|A0A4D6DKN1|Capripoxvirus_goatpox","Pteropopoxvirus|ANS71206.1|Pteropopoxvirus_pteropox",8.444959,0.776596,94
"Capripoxvirus|A0A4D6DKN1|Capripoxvirus_goatpox","Orthopoxvirus|AOP31836.1|Orthopoxvirus_volepox",4.958337,0.750000,116
"Capripoxvirus|A0A4D6DKN1|Capripoxvirus_goatpox","Oryzopoxvirus|APG58335.1|Unclassified_BeAn58058",2.243218,0.594406,143
"Capripoxvirus|A0A4D6DKN1|Capripoxvirus_goatpox","Parapoxvirus|ASF89976.1|Parapoxvirus_sealpox",8.945207,0.775281,89
"Capripoxvirus|A0A4D6DKN1|Capripoxvirus_goatpox","Vespertilionpoxvirus|ASK51325.1|Vespertilionpoxvirus_eptesipox",6.229465,0.700935,107
"Capripoxvirus|A0A4D6DKN1|Capripoxvirus_goatpox","Centapoxvirus|AST09338.1|Centapoxvirus_microtuspox",3.884623,0.660870,115
"Capripoxvirus|A0A4D6DKN1|Capripoxvirus_goatpox","Centapoxvirus|AST09540.1|Centapoxvirus_microtuspox",3.646524,0.660870,115
"Capripoxvirus|A0A4D6DKN1|Capripoxvirus_goatpox","Cervidpoxvirus|AUI80687.1|Unclassified_white-tailed_deer_poxvirus",1.184981,0.518519,135
"Capripoxvirus|A0A4D6DKN1|Capripoxvirus_goatpox","Mustelpoxvirus|AWU47162.1|Mustelpoxvirus_seaotterpox",8.655606,0.778846,104
"Capripoxvirus|A0A4D6DKN1|Capripoxvirus_goatpox","Cervidpoxvirus|AYC44792.1|Unclassified_moosepox_virus",1.219476,0.511278,133
"Capripoxvirus|A0A4D6DKN1|Capripoxvirus_goatpox","Orthopoxvirus|AYN64713.1|Orthopoxvirus_abatino",4.780316,0.697248,109
"Capripoxvirus|A0A4D6DKN1|Capripoxvirus_goatpox","Orthopoxvirus|CAG7621171.1|Orthopoxvirus_ectomelia",4.793581,0.706422,109
"Capripoxvirus|A0A4D6DKN1|Capripoxvirus_goatpox","Suipoxvirus|NP_570274.1|Suipoxvirus_swinepox",1.471851,0.524476,143
"Capripoxvirus|A0A4D6DKN1|Capripoxvirus_goatpox","Parapoxvirus|Q6TV84|Parapoxvirus_bovinestomatitis",9.091290,0.752809,89
"Capripoxvirus|A0A4D6DKN1|Capripoxvirus_goatpox","Parapoxvirus|Q6TVL6|Parapoxvirus_orf",8.903161,0.722222,90
"Capripoxvirus|A0A4D6DKN1|Capripoxvirus_goatpox","Leporipoxvirus|Q83655|Leporipoxvirus_myxoma",1.435427,0.562500,144
"Capripoxvirus|A0A4D6DKN1|Capripoxvirus_goatpox","unclassified|QDJ95055.1|Unclassified_hypsugopox_virus",6.414343,0.715596,109
"Capripoxvirus|A0A4D6DKN1|Capripoxvirus_goatpox","Orthopoxvirus|QED21266.1|Orthopoxvirus_borealpox",4.658468,0.706422,109
"Capripoxvirus|A0A4D6DKN1|Capripoxvirus_goatpox","Orthopoxvirus|QEQ49703.1|Orthopoxvirus_akhmetapox",4.793310,0.706422,109
"Capripoxvirus|A0A4D6DKN1|Capripoxvirus_goatpox","unclassified|QHG62676.1|Unclassified_cetacean_poxvirus_1",6.719849,0.774194,93
"Capripoxvirus|A0A4D6DKN1|Capripoxvirus_goatpox","unclassified|QHR82657.1|Unclassified_brazilian_porcupinepox_virus_1",1.919726,0.507692,130
"Capripoxvirus|A0A4D6DKN1|Capripoxvirus_goatpox","Avipoxvirus|QZW33596.1|Unclassified_magpiepox_virus_2",8.059704,0.689655,87
"Capripoxvirus|A0A4D6DKN1|Capripoxvirus_goatpox","Capripoxvirus|T2DHX9|Capripoxvirus_sheeppox",0.063906,0.040541,148
"Capripoxvirus|A0A4D6DKN1|Capripoxvirus_goatpox","Orthopoxvirus|V9PXP5|Orthopoxvirus_cowpox",4.793428,0.715596,109
"Capripoxvirus|A0A4D6DKN1|Capripoxvirus_goatpox","unclassified|WGO62741.1|Unclassified_wadden_sea_poxvirus",7.322308,0.666667,96
"Capripoxvirus|A0A4D6DKN1|Capripoxvirus_goatpox","Parapoxvirus|WOC35488.1|Unclassified_equine_parapoxvirus",8.054617,0.714286,91
"Capripoxvirus|A0A4D6DKN1|Capripoxvirus_goatpox","Orthopoxvirus|WWS34253.1|Orthopoxvirus_variola",4.768107,0.706422,109
"Capripoxvirus|A0A4D6DKN1|Capripoxvirus_goatpox","Parapoxvirus|WZD65066.1|Parapoxvirus_pseudocowpox",8.800018,0.733333,90
"Capripoxvirus|A0A4D6DKN1|Capripoxvirus_goatpox","Parapoxvirus|WZD65198.1|Parapoxvirus_pseudocowpox",8.915878,0.747253,91
"Capripoxvirus|A0A4D6DKN1|Capripoxvirus_goatpox","Parapoxvirus|WZD65323.1|Parapoxvirus_pseudocowpox",8.904142,0.769231,91
"Capripoxvirus|A0A4D6DKN1|Capripoxvirus_goatpox","Parapoxvirus|WZD65710.1|Parapoxvirus_bovinestomatitis",9.128422,0.784091,88
"Capripoxvirus|A0A4D6DKN1|Capripoxvirus_goatpox","Parapoxvirus|WZD65840.1|Parapoxvirus_bovinestomatitis",9.161490,0.784091,88
"Capripoxvirus|A0A4D6DKN1|Capripoxvirus_goatpox","Parapoxvirus|WZD65968.1|Parapoxvirus_bovinestomatitis",9.178172,0.752809,89
"Capripoxvirus|A0A4D6DKN1|Capripoxvirus_goatpox","Parapoxvirus|WZD66097.1|Parapoxvirus_bovinestomatitis",9.160707,0.784091,88
"Capripoxvirus|A0A4D6DKN1|Capripoxvirus_goatpox","Capripoxvirus|XKH15810.1|Capripoxvirus_sheeppox",0.085663,0.060811,148
"Capripoxvirus|A0A4D6DKN1|Capripoxvirus_goatpox","Parapoxvirus|XPQ45389.1|Parapoxvirus_orf",8.870018,0.711111,90
"Capripoxvirus|A0A4D6DKN1|Capripoxvirus_goatpox","Leporipoxvirus|YAW79107.1|Leporipoxvirus_myxoma",1.413418,0.576389,144
"Capripoxvirus|A0A4D6DKN1|Capripoxvirus_goatpox","Leporipoxvirus|YBO75993.1|Leporipoxvirus_myxoma",1.460600,0.580420,143
"Capripoxvirus|A0A4D6DKN1|Capripoxvirus_goatpox","Parapoxvirus|YBU52136.1|Parapoxvirus_orf",8.636271,0.722222,90
"Capripoxvirus|A0A4D6DKN1|Capripoxvirus_goatpox","Capripoxvirus|YBU52347.1|Capripoxvirus_sheeppox",0.028253,0.027027,148
"Capripoxvirus|A0A4D6DKN1|Capripoxvirus_goatpox","Capripoxvirus|YCL82046.1|Capripoxvirus_lumpyskinpox",0.063992,0.060811,148
"Capripoxvirus|A0A4D6DKN1|Capripoxvirus_goatpox","Parapoxvirus|YP_003457410.1|Parapoxvirus_pseudocowpox",8.878883,0.758242,91
"Capripoxvirus|A0A4D6DKN1|Capripoxvirus_goatpox","Orthopoxvirus|P20535.1|Orthopoxvirus_vaccinia",4.780952,0.697248,109
"Capripoxvirus|A0A4D6DKN1|Capripoxvirus_goatpox","Parapoxvirus|P26654.1|Parapoxvirus_orf",8.887811,0.707865,89
"Capripoxvirus|A0A4D6DKN1|Capripoxvirus_goatpox","Orthopoxvirus|YFT66960.1|Orthopoxvirus_monkeypox",4.793488,0.706422,109
"Capripoxvirus|A0A4D6DKN1|Capripoxvirus_goatpox","Orthopoxvirus|YFT67316.1|Orthopoxvirus_monkeypox",4.817656,0.706422,109
"Leporipoxvirus|AAF17998.1|Leporipoxvirus_shope","Orthopoxvirus|AAL73853.1|Orthopoxvirus_camelpox",5.147861,0.719626,107
"Leporipoxvirus|AAF17998.1|Leporipoxvirus_shope","Orthopoxvirus|AAQ72922.1|Orthopoxvirus_skunkpox",5.273345,0.704348,115
"Leporipoxvirus|AAF17998.1|Leporipoxvirus_shope","Yatapoxvirus|AAR07473.1|Yatapoxvirus_yabapox",2.111972,0.613139,137
"Leporipoxvirus|AAF17998.1|Leporipoxvirus_shope","Sciuripoxvirus|ABD51467.1|Sciuripoxvirus_squirrelpox",7.531415,0.735294,68
"Leporipoxvirus|AAF17998.1|Leporipoxvirus_shope","Orthopoxvirus|ABD97717.1|Orthopoxvirus_taterapox",5.135170,0.738318,107
"Leporipoxvirus|AAF17998.1|Leporipoxvirus_shope","Cervidpoxvirus|ABI99110.1|Cervidpoxvirus_muledeerpox",1.585822,0.527132,129
"Leporipoxvirus|AAF17998.1|Leporipoxvirus_shope","Cervidpoxvirus|ABI99281.1|Cervidpoxvirus_muledeerpox",1.585615,0.515385,130
"Leporipoxvirus|AAF17998.1|Leporipoxvirus_shope","Yatapoxvirus|ABQ43592.1|Yatapoxvirus_tanapox",2.220804,0.615942,138
"Leporipoxvirus|AAF17998.1|Leporipoxvirus_shope","Oryzopoxvirus|ADT91144.1|Oryzopoxvirus_cotia",2.746925,0.644068,177
"Leporipoxvirus|AAF17998.1|Leporipoxvirus_shope","Centapoxvirus|AEN03720.1|Centapoxvirus_yokapox",4.879570,0.690722,97
"Leporipoxvirus|AAF17998.1|Leporipoxvirus_shope","Parapoxvirus|AIZ77355.1|Parapoxvirus_reddeerpox",9.166357,0.786517,89
"Leporipoxvirus|AAF17998.1|Leporipoxvirus_shope","Orthopoxvirus|AKJ93776.1|Orthopoxvirus_raccoonpox",5.418219,0.743363,113
"Leporipoxvirus|AAF17998.1|Leporipoxvirus_shope","Pteropopoxvirus|ANS71206.1|Pteropopoxvirus_pteropox",8.811845,0.752688,93
"Leporipoxvirus|AAF17998.1|Leporipoxvirus_shope","Orthopoxvirus|AOP31836.1|Orthopoxvirus_volepox",5.325223,0.710526,114
"Leporipoxvirus|AAF17998.1|Leporipoxvirus_shope","Oryzopoxvirus|APG58335.1|Unclassified_BeAn58058",2.610104,0.636905,168
"Leporipoxvirus|AAF17998.1|Leporipoxvirus_shope","Parapoxvirus|ASF89976.1|Parapoxvirus_sealpox",9.312092,0.738636,88
"Leporipoxvirus|AAF17998.1|Leporipoxvirus_shope","Vespertilionpoxvirus|ASK51325.1|Vespertilionpoxvirus_eptesipox",6.596350,0.695238,105
"Leporipoxvirus|AAF17998.1|Leporipoxvirus_shope","Centapoxvirus|AST09338.1|Centapoxvirus_microtuspox",4.251508,0.690265,113
"Leporipoxvirus|AAF17998.1|Leporipoxvirus_shope","Centapoxvirus|AST09540.1|Centapoxvirus_microtuspox",4.013409,0.654867,113
"Leporipoxvirus|AAF17998.1|Leporipoxvirus_shope","Cervidpoxvirus|AUI80687.1|Unclassified_white-tailed_deer_poxvirus",1.551866,0.507692,130
"Leporipoxvirus|AAF17998.1|Leporipoxvirus_shope","Mustelpoxvirus|AWU47162.1|Mustelpoxvirus_seaotterpox",9.022491,0.803922,102
"Leporipoxvirus|AAF17998.1|Leporipoxvirus_shope","Cervidpoxvirus|AYC44792.1|Unclassified_moosepox_virus",1.586361,0.500000,128
"Leporipoxvirus|AAF17998.1|Leporipoxvirus_shope","Orthopoxvirus|AYN64713.1|Orthopoxvirus_abatino",5.147202,0.728972,107
"Leporipoxvirus|AAF17998.1|Leporipoxvirus_shope","Orthopoxvirus|CAG7621171.1|Orthopoxvirus_ectomelia",5.160467,0.728972,107
"Leporipoxvirus|AAF17998.1|Leporipoxvirus_shope","Suipoxvirus|NP_570274.1|Suipoxvirus_swinepox",1.838737,0.492857,140
"Leporipoxvirus|AAF17998.1|Leporipoxvirus_shope","Parapoxvirus|Q6TV84|Parapoxvirus_bovinestomatitis",9.458175,0.758621,87
"Leporipoxvirus|AAF17998.1|Leporipoxvirus_shope","Parapoxvirus|Q6TVL6|Parapoxvirus_orf",9.270046,0.775281,89
"Leporipoxvirus|AAF17998.1|Leporipoxvirus_shope","Leporipoxvirus|Q83655|Leporipoxvirus_myxoma",0.325778,0.211429,175
"Leporipoxvirus|AAF17998.1|Leporipoxvirus_shope","unclassified|QDJ95055.1|Unclassified_hypsugopox_virus",6.781228,0.663551,107
"Leporipoxvirus|AAF17998.1|Leporipoxvirus_shope","Orthopoxvirus|QED21266.1|Orthopoxvirus_borealpox",5.025353,0.728972,107
"Leporipoxvirus|AAF17998.1|Leporipoxvirus_shope","Orthopoxvirus|QEQ49703.1|Orthopoxvirus_akhmetapox",5.160196,0.728972,107
"Leporipoxvirus|AAF17998.1|Leporipoxvirus_shope","unclassified|QHG62676.1|Unclassified_cetacean_poxvirus_1",7.086735,0.717391,92
"Leporipoxvirus|AAF17998.1|Leporipoxvirus_shope","unclassified|QHR82657.1|Unclassified_brazilian_porcupinepox_virus_1",2.286611,0.566176,136
"Leporipoxvirus|AAF17998.1|Leporipoxvirus_shope","Avipoxvirus|QZW33596.1|Unclassified_magpiepox_virus_2",8.426589,0.682353,85
"Leporipoxvirus|AAF17998.1|Leporipoxvirus_shope","Capripoxvirus|T2DHX9|Capripoxvirus_sheeppox",1.576309,0.567376,141
"Leporipoxvirus|AAF17998.1|Leporipoxvirus_shope","Orthopoxvirus|V9PXP5|Orthopoxvirus_cowpox",5.160313,0.719626,107
"Leporipoxvirus|AAF17998.1|Leporipoxvirus_shope","unclassified|WGO62741.1|Unclassified_wadden_sea_poxvirus",7.689193,0.694737,95
"Leporipoxvirus|AAF17998.1|Leporipoxvirus_shope","Parapoxvirus|WOC35488.1|Unclassified_equine_parapoxvirus",8.421503,0.777778,90
"Leporipoxvirus|AAF17998.1|Leporipoxvirus_shope","Orthopoxvirus|WWS34253.1|Orthopoxvirus_variola",5.134992,0.728972,107
"Leporipoxvirus|AAF17998.1|Leporipoxvirus_shope","Parapoxvirus|WZD65066.1|Parapoxvirus_pseudocowpox",9.166903,0.741573,89
"Leporipoxvirus|AAF17998.1|Leporipoxvirus_shope","Parapoxvirus|WZD65198.1|Parapoxvirus_pseudocowpox",9.282764,0.755556,90
"Leporipoxvirus|AAF17998.1|Leporipoxvirus_shope","Parapoxvirus|WZD65323.1|Parapoxvirus_pseudocowpox",9.271027,0.777778,90
"Leporipoxvirus|AAF17998.1|Leporipoxvirus_shope","Parapoxvirus|WZD65710.1|Parapoxvirus_bovinestomatitis",9.495307,0.781609,87
"Leporipoxvirus|AAF17998.1|Leporipoxvirus_shope","Parapoxvirus|WZD65840.1|Parapoxvirus_bovinestomatitis",9.528376,0.770115,87
"Leporipoxvirus|AAF17998.1|Leporipoxvirus_shope","Parapoxvirus|WZD65968.1|Parapoxvirus_bovinestomatitis",9.545058,0.781609,87
"Leporipoxvirus|AAF17998.1|Leporipoxvirus_shope","Parapoxvirus|WZD66097.1|Parapoxvirus_bovinestomatitis",9.527592,0.770115,87
"Leporipoxvirus|AAF17998.1|Leporipoxvirus_shope","Capripoxvirus|XKH15810.1|Capripoxvirus_sheeppox",1.598066,0.567376,141
"Leporipoxvirus|AAF17998.1|Leporipoxvirus_shope","Parapoxvirus|XPQ45389.1|Parapoxvirus_orf",9.236903,0.764045,89
"Leporipoxvirus|AAF17998.1|Leporipoxvirus_shope","Leporipoxvirus|YAW79107.1|Leporipoxvirus_myxoma",0.303769,0.200000,175
"Leporipoxvirus|AAF17998.1|Leporipoxvirus_shope","Leporipoxvirus|YBO75993.1|Leporipoxvirus_myxoma",0.225905,0.179775,178
"Leporipoxvirus|AAF17998.1|Leporipoxvirus_shope","Parapoxvirus|YBU52136.1|Parapoxvirus_orf",9.003156,0.764045,89
"Leporipoxvirus|AAF17998.1|Leporipoxvirus_shope","Capripoxvirus|YBU52347.1|Capripoxvirus_sheeppox",1.540652,0.560284,141
"Leporipoxvirus|AAF17998.1|Leporipoxvirus_shope","Capripoxvirus|YCL82046.1|Capripoxvirus_lumpyskinpox",1.576396,0.546099,141
"Leporipoxvirus|AAF17998.1|Leporipoxvirus_shope","Parapoxvirus|YP_003457410.1|Parapoxvirus_pseudocowpox",9.245768,0.744444,90
"Leporipoxvirus|AAF17998.1|Leporipoxvirus_shope","Orthopoxvirus|P20535.1|Orthopoxvirus_vaccinia",5.147837,0.728972,107
"Leporipoxvirus|AAF17998.1|Leporipoxvirus_shope","Parapoxvirus|P26654.1|Parapoxvirus_orf",9.254696,0.761364,88
"Leporipoxvirus|AAF17998.1|Leporipoxvirus_shope","Orthopoxvirus|YFT66960.1|Orthopoxvirus_monkeypox",5.160374,0.738318,107
"Leporipoxvirus|AAF17998.1|Leporipoxvirus_shope","Orthopoxvirus|YFT67316.1|Orthopoxvirus_monkeypox",5.184541,0.738318,107
"Orthopoxvirus|AAL73853.1|Orthopoxvirus_camelpox","Orthopoxvirus|AAQ72922.1|Orthopoxvirus_skunkpox",0.304626,0.163636,110
"Orthopoxvirus|AAL73853.1|Orthopoxvirus_camelpox","Yatapoxvirus|AAR07473.1|Yatapoxvirus_yabapox",5.338479,0.714286,112
"Orthopoxvirus|AAL73853.1|Orthopoxvirus_camelpox","Sciuripoxvirus|ABD51467.1|Sciuripoxvirus_squirrelpox",2.433177,0.557143,70
"Orthopoxvirus|AAL73853.1|Orthopoxvirus_camelpox","Orthopoxvirus|ABD97717.1|Orthopoxvirus_taterapox",0.061550,0.045455,110
"Orthopoxvirus|AAL73853.1|Orthopoxvirus_camelpox","Cervidpoxvirus|ABI99110.1|Cervidpoxvirus_muledeerpox",4.279824,0.690909,110
"Orthopoxvirus|AAL73853.1|Orthopoxvirus_camelpox","Cervidpoxvirus|ABI99281.1|Cervidpoxvirus_muledeerpox",4.279617,0.693694,111
"Orthopoxvirus|AAL73853.1|Orthopoxvirus_camelpox","Yatapoxvirus|ABQ43592.1|Yatapoxvirus_tanapox",5.447311,0.741071,112
"Orthopoxvirus|AAL73853.1|Orthopoxvirus_camelpox","Oryzopoxvirus|ADT91144.1|Oryzopoxvirus_cotia",5.274027,0.691589,107
"Orthopoxvirus|AAL73853.1|Orthopoxvirus_camelpox","Centapoxvirus|AEN03720.1|Centapoxvirus_yokapox",1.378246,0.428571,98
"Orthopoxvirus|AAL73853.1|Orthopoxvirus_camelpox","Parapoxvirus|AIZ77355.1|Parapoxvirus_reddeerpox",4.068120,0.654762,84
"Orthopoxvirus|AAL73853.1|Orthopoxvirus_camelpox","Orthopoxvirus|AKJ93776.1|Orthopoxvirus_raccoonpox",0.449501,0.192661,109
"Orthopoxvirus|AAL73853.1|Orthopoxvirus_camelpox","Pteropopoxvirus|ANS71206.1|Pteropopoxvirus_pteropox",3.713607,0.625000,88
"Orthopoxvirus|AAL73853.1|Orthopoxvirus_camelpox","Orthopoxvirus|AOP31836.1|Orthopoxvirus_volepox",0.356504,0.190909,110
"Orthopoxvirus|AAL73853.1|Orthopoxvirus_camelpox","Oryzopoxvirus|APG58335.1|Unclassified_BeAn58058",5.137205,0.657407,108
"Orthopoxvirus|AAL73853.1|Orthopoxvirus_camelpox","Parapoxvirus|ASF89976.1|Parapoxvirus_sealpox",4.213855,0.658537,82
"Orthopoxvirus|AAL73853.1|Orthopoxvirus_camelpox","Vespertilionpoxvirus|ASK51325.1|Vespertilionpoxvirus_eptesipox",1.498113,0.480392,102
"Orthopoxvirus|AAL73853.1|Orthopoxvirus_camelpox","Centapoxvirus|AST09338.1|Centapoxvirus_microtuspox",1.165289,0.427273,110
"Orthopoxvirus|AAL73853.1|Orthopoxvirus_camelpox","Centapoxvirus|AST09540.1|Centapoxvirus_microtuspox",1.134456,0.400000,110
"Orthopoxvirus|AAL73853.1|Orthopoxvirus_camelpox","Cervidpoxvirus|AUI80687.1|Unclassified_white-tailed_deer_poxvirus",4.245867,0.702703,111
"Orthopoxvirus|AAL73853.1|Orthopoxvirus_camelpox","Mustelpoxvirus|AWU47162.1|Mustelpoxvirus_seaotterpox",3.924254,0.693878,98
"Orthopoxvirus|AAL73853.1|Orthopoxvirus_camelpox","Cervidpoxvirus|AYC44792.1|Unclassified_moosepox_virus",4.280362,0.709091,110
"Orthopoxvirus|AAL73853.1|Orthopoxvirus_camelpox","Orthopoxvirus|AYN64713.1|Orthopoxvirus_abatino",0.048960,0.036364,110
"Orthopoxvirus|AAL73853.1|Orthopoxvirus_camelpox","Orthopoxvirus|CAG7621171.1|Orthopoxvirus_ectomelia",0.062219,0.045455,110
"Orthopoxvirus|AAL73853.1|Orthopoxvirus_camelpox","Suipoxvirus|NP_570274.1|Suipoxvirus_swinepox",4.437176,0.725664,113
"Orthopoxvirus|AAL73853.1|Orthopoxvirus_camelpox","Parapoxvirus|Q6TV84|Parapoxvirus_bovinestomatitis",4.359937,0.698795,83
"Orthopoxvirus|AAL73853.1|Orthopoxvirus_camelpox","Parapoxvirus|Q6TVL6|Parapoxvirus_orf",4.171809,0.690476,84
"Orthopoxvirus|AAL73853.1|Orthopoxvirus_camelpox","Leporipoxvirus|Q83655|Leporipoxvirus_myxoma",5.028819,0.735849,106
"Orthopoxvirus|AAL73853.1|Orthopoxvirus_camelpox","unclassified|QDJ95055.1|Unclassified_hypsugopox_virus",1.682991,0.539216,102
"Orthopoxvirus|AAL73853.1|Orthopoxvirus_camelpox","Orthopoxvirus|QED21266.1|Orthopoxvirus_borealpox",0.201072,0.109091,110
"Orthopoxvirus|AAL73853.1|Orthopoxvirus_camelpox","Orthopoxvirus|QEQ49703.1|Orthopoxvirus_akhmetapox",0.061950,0.045455,110
"Orthopoxvirus|AAL73853.1|Orthopoxvirus_camelpox","unclassified|QHG62676.1|Unclassified_cetacean_poxvirus_1",3.585411,0.630952,84
"Orthopoxvirus|AAL73853.1|Orthopoxvirus_camelpox","unclassified|QHR82657.1|Unclassified_brazilian_porcupinepox_virus_1",4.813713,0.726415,106
"Orthopoxvirus|AAL73853.1|Orthopoxvirus_camelpox","Avipoxvirus|QZW33596.1|Unclassified_magpiepox_virus_2",3.328351,0.569620,79
"Orthopoxvirus|AAL73853.1|Orthopoxvirus_camelpox","Capripoxvirus|T2DHX9|Capripoxvirus_sheeppox",4.802816,0.697248,109
"Orthopoxvirus|AAL73853.1|Orthopoxvirus_camelpox","Orthopoxvirus|V9PXP5|Orthopoxvirus_cowpox",0.062076,0.036364,110
"Orthopoxvirus|AAL73853.1|Orthopoxvirus_camelpox","unclassified|WGO62741.1|Unclassified_wadden_sea_poxvirus",4.187870,0.642857,84
"Orthopoxvirus|AAL73853.1|Orthopoxvirus_camelpox","Parapoxvirus|WOC35488.1|Unclassified_equine_parapoxvirus",3.323265,0.658824,85
"Orthopoxvirus|AAL73853.1|Orthopoxvirus_camelpox","Orthopoxvirus|WWS34253.1|Orthopoxvirus_variola",0.036749,0.027273,110
"Orthopoxvirus|AAL73853.1|Orthopoxvirus_camelpox","Parapoxvirus|WZD65066.1|Parapoxvirus_pseudocowpox",4.068666,0.666667,84
"Orthopoxvirus|AAL73853.1|Orthopoxvirus_camelpox","Parapoxvirus|WZD65198.1|Parapoxvirus_pseudocowpox",4.184526,0.682353,85
"Orthopoxvirus|AAL73853.1|Orthopoxvirus_camelpox","Parapoxvirus|WZD65323.1|Parapoxvirus_pseudocowpox",4.172790,0.705882,85
"Orthopoxvirus|AAL73853.1|Orthopoxvirus_camelpox","Parapoxvirus|WZD65710.1|Parapoxvirus_bovinestomatitis",4.397070,0.707317,82
"Orthopoxvirus|AAL73853.1|Orthopoxvirus_camelpox","Parapoxvirus|WZD65840.1|Parapoxvirus_bovinestomatitis",4.430138,0.707317,82
"Orthopoxvirus|AAL73853.1|Orthopoxvirus_camelpox","Parapoxvirus|WZD65968.1|Parapoxvirus_bovinestomatitis",4.446820,0.710843,83
"Orthopoxvirus|AAL73853.1|Orthopoxvirus_camelpox","Parapoxvirus|WZD66097.1|Parapoxvirus_bovinestomatitis",4.429355,0.707317,82
"Orthopoxvirus|AAL73853.1|Orthopoxvirus_camelpox","Capripoxvirus|XKH15810.1|Capripoxvirus_sheeppox",4.824574,0.700000,110
"Orthopoxvirus|AAL73853.1|Orthopoxvirus_camelpox","Parapoxvirus|XPQ45389.1|Parapoxvirus_orf",4.138666,0.690476,84
"Orthopoxvirus|AAL73853.1|Orthopoxvirus_camelpox","Leporipoxvirus|YAW79107.1|Leporipoxvirus_myxoma",5.006810,0.735849,106
"Orthopoxvirus|AAL73853.1|Orthopoxvirus_camelpox","Leporipoxvirus|YBO75993.1|Leporipoxvirus_myxoma",5.053993,0.741071,112
"Orthopoxvirus|AAL73853.1|Orthopoxvirus_camelpox","Parapoxvirus|YBU52136.1|Parapoxvirus_orf",3.904919,0.678571,84
"Orthopoxvirus|AAL73853.1|Orthopoxvirus_camelpox","Capripoxvirus|YBU52347.1|Capripoxvirus_sheeppox",4.767160,0.688073,109
"Orthopoxvirus|AAL73853.1|Orthopoxvirus_camelpox","Capripoxvirus|YCL82046.1|Capripoxvirus_lumpyskinpox",4.802903,0.688073,109
"Orthopoxvirus|AAL73853.1|Orthopoxvirus_camelpox","Parapoxvirus|YP_003457410.1|Parapoxvirus_pseudocowpox",4.147530,0.694118,85
"Orthopoxvirus|AAL73853.1|Orthopoxvirus_camelpox","Orthopoxvirus|P20535.1|Orthopoxvirus_vaccinia",0.049598,0.036364,110
"Orthopoxvirus|AAL73853.1|Orthopoxvirus_camelpox","Parapoxvirus|P26654.1|Parapoxvirus_orf",4.156459,0.686747,83
"Orthopoxvirus|AAL73853.1|Orthopoxvirus_camelpox","Orthopoxvirus|YFT66960.1|Orthopoxvirus_monkeypox",0.086753,0.063636,110
"Orthopoxvirus|AAL73853.1|Orthopoxvirus_camelpox","Orthopoxvirus|YFT67316.1|Orthopoxvirus_monkeypox",0.110921,0.063636,110
"Orthopoxvirus|AAQ72922.1|Orthopoxvirus_skunkpox","Yatapoxvirus|AAR07473.1|Yatapoxvirus_yabapox",5.463963,0.735043,117
"Orthopoxvirus|AAQ72922.1|Orthopoxvirus_skunkpox","Sciuripoxvirus|ABD51467.1|Sciuripoxvirus_squirrelpox",2.688180,0.585714,70
"Orthopoxvirus|AAQ72922.1|Orthopoxvirus_skunkpox","Orthopoxvirus|ABD97717.1|Orthopoxvirus_taterapox",0.291935,0.163636,110
"Orthopoxvirus|AAQ72922.1|Orthopoxvirus_skunkpox","Cervidpoxvirus|ABI99110.1|Cervidpoxvirus_muledeerpox",4.405308,0.689655,116
"Orthopoxvirus|AAQ72922.1|Orthopoxvirus_skunkpox","Cervidpoxvirus|ABI99281.1|Cervidpoxvirus_muledeerpox",4.405101,0.692308,117
"Orthopoxvirus|AAQ72922.1|Orthopoxvirus_skunkpox","Yatapoxvirus|ABQ43592.1|Yatapoxvirus_tanapox",5.572795,0.735043,117
"Orthopoxvirus|AAQ72922.1|Orthopoxvirus_skunkpox","Oryzopoxvirus|ADT91144.1|Oryzopoxvirus_cotia",5.399511,0.678261,115
"Orthopoxvirus|AAQ72922.1|Orthopoxvirus_skunkpox","Centapoxvirus|AEN03720.1|Centapoxvirus_yokapox",1.503730,0.464646,99
"Orthopoxvirus|AAQ72922.1|Orthopoxvirus_skunkpox","Parapoxvirus|AIZ77355.1|Parapoxvirus_reddeerpox",4.323123,0.677778,90
"Orthopoxvirus|AAQ72922.1|Orthopoxvirus_skunkpox","Orthopoxvirus|AKJ93776.1|Orthopoxvirus_raccoonpox",0.283661,0.176471,119
"Orthopoxvirus|AAQ72922.1|Orthopoxvirus_skunkpox","Pteropopoxvirus|ANS71206.1|Pteropopoxvirus_pteropox",3.968610,0.653061,98
"Orthopoxvirus|AAQ72922.1|Orthopoxvirus_skunkpox","Orthopoxvirus|AOP31836.1|Orthopoxvirus_volepox",0.190664,0.128788,132
"Orthopoxvirus|AAQ72922.1|Orthopoxvirus_skunkpox","Oryzopoxvirus|APG58335.1|Unclassified_BeAn58058",5.262689,0.655172,116
"Orthopoxvirus|AAQ72922.1|Orthopoxvirus_skunkpox","Parapoxvirus|ASF89976.1|Parapoxvirus_sealpox",4.468857,0.651685,89
"Orthopoxvirus|AAQ72922.1|Orthopoxvirus_skunkpox","Vespertilionpoxvirus|ASK51325.1|Vespertilionpoxvirus_eptesipox",1.753116,0.523810,105
"Orthopoxvirus|AAQ72922.1|Orthopoxvirus_skunkpox","Centapoxvirus|AST09338.1|Centapoxvirus_microtuspox",1.290773,0.417391,115
"Orthopoxvirus|AAQ72922.1|Orthopoxvirus_skunkpox","Centapoxvirus|AST09540.1|Centapoxvirus_microtuspox",1.259940,0.391304,115
"Orthopoxvirus|AAQ72922.1|Orthopoxvirus_skunkpox","Cervidpoxvirus|AUI80687.1|Unclassified_white-tailed_deer_poxvirus",4.371351,0.700855,117
"Orthopoxvirus|AAQ72922.1|Orthopoxvirus_skunkpox","Mustelpoxvirus|AWU47162.1|Mustelpoxvirus_seaotterpox",4.179257,0.703704,108
"Orthopoxvirus|AAQ72922.1|Orthopoxvirus_skunkpox","Cervidpoxvirus|AYC44792.1|Unclassified_moosepox_virus",4.405847,0.715517,116
"Orthopoxvirus|AAQ72922.1|Orthopoxvirus_skunkpox","Orthopoxvirus|AYN64713.1|Orthopoxvirus_abatino",0.303967,0.154545,110
"Orthopoxvirus|AAQ72922.1|Orthopoxvirus_skunkpox","Orthopoxvirus|CAG7621171.1|Orthopoxvirus_ectomelia",0.317232,0.145455,110
"Orthopoxvirus|AAQ72922.1|Orthopoxvirus_skunkpox","Suipoxvirus|NP_570274.1|Suipoxvirus_swinepox",4.562660,0.709402,117
"Orthopoxvirus|AAQ72922.1|Orthopoxvirus_skunkpox","Parapoxvirus|Q6TV84|Parapoxvirus_bovinestomatitis",4.614940,0.696629,89
"Orthopoxvirus|AAQ72922.1|Orthopoxvirus_skunkpox","Parapoxvirus|Q6TVL6|Parapoxvirus_orf",4.426812,0.688889,90
"Orthopoxvirus|AAQ72922.1|Orthopoxvirus_skunkpox","Leporipoxvirus|Q83655|Leporipoxvirus_myxoma",5.154304,0.719298,114
"Orthopoxvirus|AAQ72922.1|Orthopoxvirus_skunkpox","unclassified|QDJ95055.1|Unclassified_hypsugopox_virus",1.937994,0.556604,106
"Orthopoxvirus|AAQ72922.1|Orthopoxvirus_skunkpox","Orthopoxvirus|QED21266.1|Orthopoxvirus_borealpox",0.326556,0.181818,110
"Orthopoxvirus|AAQ72922.1|Orthopoxvirus_skunkpox","Orthopoxvirus|QEQ49703.1|Orthopoxvirus_akhmetapox",0.316961,0.154545,110
"Orthopoxvirus|AAQ72922.1|Orthopoxvirus_skunkpox","unclassified|QHG62676.1|Unclassified_cetacean_poxvirus_1",3.710895,0.659341,91
"Orthopoxvirus|AAQ72922.1|Orthopoxvirus_skunkpox","unclassified|QHR82657.1|Unclassified_brazilian_porcupinepox_virus_1",4.939197,0.719298,114
"Orthopoxvirus|AAQ72922.1|Orthopoxvirus_skunkpox","Avipoxvirus|QZW33596.1|Unclassified_magpiepox_virus_2",3.583354,0.588235,85
"Orthopoxvirus|AAQ72922.1|Orthopoxvirus_skunkpox","Capripoxvirus|T2DHX9|Capripoxvirus_sheeppox",4.928301,0.743590,117
"Orthopoxvirus|AAQ72922.1|Orthopoxvirus_skunkpox","Orthopoxvirus|V9PXP5|Orthopoxvirus_cowpox",0.317078,0.163636,110
"Orthopoxvirus|AAQ72922.1|Orthopoxvirus_skunkpox","unclassified|WGO62741.1|Unclassified_wadden_sea_poxvirus",4.313354,0.692308,91
"Orthopoxvirus|AAQ72922.1|Orthopoxvirus_skunkpox","Parapoxvirus|WOC35488.1|Unclassified_equine_parapoxvirus",3.578268,0.677419,93
"Orthopoxvirus|AAQ72922.1|Orthopoxvirus_skunkpox","Orthopoxvirus|WWS34253.1|Orthopoxvirus_variola",0.291757,0.154545,110
"Orthopoxvirus|AAQ72922.1|Orthopoxvirus_skunkpox","Parapoxvirus|WZD65066.1|Parapoxvirus_pseudocowpox",4.323668,0.655556,90
"Orthopoxvirus|AAQ72922.1|Orthopoxvirus_skunkpox","Parapoxvirus|WZD65198.1|Parapoxvirus_pseudocowpox",4.439529,0.670330,91
"Orthopoxvirus|AAQ72922.1|Orthopoxvirus_skunkpox","Parapoxvirus|WZD65323.1|Parapoxvirus_pseudocowpox",4.427793,0.692308,91
"Orthopoxvirus|AAQ72922.1|Orthopoxvirus_skunkpox","Parapoxvirus|WZD65710.1|Parapoxvirus_bovinestomatitis",4.652072,0.693182,88
"Orthopoxvirus|AAQ72922.1|Orthopoxvirus_skunkpox","Parapoxvirus|WZD65840.1|Parapoxvirus_bovinestomatitis",4.685141,0.693182,88
"Orthopoxvirus|AAQ72922.1|Orthopoxvirus_skunkpox","Parapoxvirus|WZD65968.1|Parapoxvirus_bovinestomatitis",4.701823,0.685393,89
"Orthopoxvirus|AAQ72922.1|Orthopoxvirus_skunkpox","Parapoxvirus|WZD66097.1|Parapoxvirus_bovinestomatitis",4.684358,0.681818,88
"Orthopoxvirus|AAQ72922.1|Orthopoxvirus_skunkpox","Capripoxvirus|XKH15810.1|Capripoxvirus_sheeppox",4.950058,0.743590,117
"Orthopoxvirus|AAQ72922.1|Orthopoxvirus_skunkpox","Parapoxvirus|XPQ45389.1|Parapoxvirus_orf",4.393668,0.677778,90
"Orthopoxvirus|AAQ72922.1|Orthopoxvirus_skunkpox","Leporipoxvirus|YAW79107.1|Leporipoxvirus_myxoma",5.132294,0.719298,114
"Orthopoxvirus|AAQ72922.1|Orthopoxvirus_skunkpox","Leporipoxvirus|YBO75993.1|Leporipoxvirus_myxoma",5.179477,0.717949,117
"Orthopoxvirus|AAQ72922.1|Orthopoxvirus_skunkpox","Parapoxvirus|YBU52136.1|Parapoxvirus_orf",4.159922,0.666667,90
"Orthopoxvirus|AAQ72922.1|Orthopoxvirus_skunkpox","Capripoxvirus|YBU52347.1|Capripoxvirus_sheeppox",4.892644,0.735043,117
"Orthopoxvirus|AAQ72922.1|Orthopoxvirus_skunkpox","Capripoxvirus|YCL82046.1|Capripoxvirus_lumpyskinpox",4.928387,0.726496,117
"Orthopoxvirus|AAQ72922.1|Orthopoxvirus_skunkpox","Parapoxvirus|YP_003457410.1|Parapoxvirus_pseudocowpox",4.402533,0.692308,91
"Orthopoxvirus|AAQ72922.1|Orthopoxvirus_skunkpox","Orthopoxvirus|P20535.1|Orthopoxvirus_vaccinia",0.304602,0.163636,110
"Orthopoxvirus|AAQ72922.1|Orthopoxvirus_skunkpox","Parapoxvirus|P26654.1|Parapoxvirus_orf",4.411461,0.685393,89
"Orthopoxvirus|AAQ72922.1|Orthopoxvirus_skunkpox","Orthopoxvirus|YFT66960.1|Orthopoxvirus_monkeypox",0.317139,0.172727,110
"Orthopoxvirus|AAQ72922.1|Orthopoxvirus_skunkpox","Orthopoxvirus|YFT67316.1|Orthopoxvirus_monkeypox",0.341307,0.181818,110
"Yatapoxvirus|AAR07473.1|Yatapoxvirus_yabapox","Sciuripoxvirus|ABD51467.1|Sciuripoxvirus_squirrelpox",7.722033,0.700000,70
"Yatapoxvirus|AAR07473.1|Yatapoxvirus_yabapox","Orthopoxvirus|ABD97717.1|Orthopoxvirus_taterapox",5.325789,0.715596,109
"Yatapoxvirus|AAR07473.1|Yatapoxvirus_yabapox","Cervidpoxvirus|ABI99110.1|Cervidpoxvirus_muledeerpox",1.776441,0.598425,127
"Yatapoxvirus|AAR07473.1|Yatapoxvirus_yabapox","Cervidpoxvirus|ABI99281.1|Cervidpoxvirus_muledeerpox",1.776234,0.601562,128
"Yatapoxvirus|AAR07473.1|Yatapoxvirus_yabapox","Yatapoxvirus|ABQ43592.1|Yatapoxvirus_tanapox",0.379483,0.239726,146
"Yatapoxvirus|AAR07473.1|Yatapoxvirus_yabapox","Oryzopoxvirus|ADT91144.1|Oryzopoxvirus_cotia",2.937544,0.597122,139
"Yatapoxvirus|AAR07473.1|Yatapoxvirus_yabapox","Centapoxvirus|AEN03720.1|Centapoxvirus_yokapox",5.070188,0.715686,102
"Yatapoxvirus|AAR07473.1|Yatapoxvirus_yabapox","Parapoxvirus|AIZ77355.1|Parapoxvirus_reddeerpox",9.356976,0.744444,90
"Yatapoxvirus|AAR07473.1|Yatapoxvirus_yabapox","Orthopoxvirus|AKJ93776.1|Orthopoxvirus_raccoonpox",5.608838,0.739130,115
"Yatapoxvirus|AAR07473.1|Yatapoxvirus_yabapox","Pteropopoxvirus|ANS71206.1|Pteropopoxvirus_pteropox",9.002463,0.744681,94
"Yatapoxvirus|AAR07473.1|Yatapoxvirus_yabapox","Orthopoxvirus|AOP31836.1|Orthopoxvirus_volepox",5.515841,0.741379,116
"Yatapoxvirus|AAR07473.1|Yatapoxvirus_yabapox","Oryzopoxvirus|APG58335.1|Unclassified_BeAn58058",2.800722,0.574627,134
"Yatapoxvirus|AAR07473.1|Yatapoxvirus_yabapox","Parapoxvirus|ASF89976.1|Parapoxvirus_sealpox",9.502710,0.752809,89
"Yatapoxvirus|AAR07473.1|Yatapoxvirus_yabapox","Vespertilionpoxvirus|ASK51325.1|Vespertilionpoxvirus_eptesipox",6.786969,0.723214,112
"Yatapoxvirus|AAR07473.1|Yatapoxvirus_yabapox","Centapoxvirus|AST09338.1|Centapoxvirus_microtuspox",4.442127,0.709402,117
"Yatapoxvirus|AAR07473.1|Yatapoxvirus_yabapox","Centapoxvirus|AST09540.1|Centapoxvirus_microtuspox",4.204028,0.709402,117
"Yatapoxvirus|AAR07473.1|Yatapoxvirus_yabapox","Cervidpoxvirus|AUI80687.1|Unclassified_white-tailed_deer_poxvirus",1.742484,0.601562,128
"Yatapoxvirus|AAR07473.1|Yatapoxvirus_yabapox","Mustelpoxvirus|AWU47162.1|Mustelpoxvirus_seaotterpox",9.213110,0.750000,104
"Yatapoxvirus|AAR07473.1|Yatapoxvirus_yabapox","Cervidpoxvirus|AYC44792.1|Unclassified_moosepox_virus",1.776980,0.595238,126
"Yatapoxvirus|AAR07473.1|Yatapoxvirus_yabapox","Orthopoxvirus|AYN64713.1|Orthopoxvirus_abatino",5.337820,0.706422,109
"Yatapoxvirus|AAR07473.1|Yatapoxvirus_yabapox","Orthopoxvirus|CAG7621171.1|Orthopoxvirus_ectomelia",5.351085,0.706422,109
"Yatapoxvirus|AAR07473.1|Yatapoxvirus_yabapox","Suipoxvirus|NP_570274.1|Suipoxvirus_swinepox",2.029355,0.601504,133
"Yatapoxvirus|AAR07473.1|Yatapoxvirus_yabapox","Parapoxvirus|Q6TV84|Parapoxvirus_bovinestomatitis",9.648793,0.775281,89
"Yatapoxvirus|AAR07473.1|Yatapoxvirus_yabapox","Parapoxvirus|Q6TVL6|Parapoxvirus_orf",9.460665,0.733333,90
"Yatapoxvirus|AAR07473.1|Yatapoxvirus_yabapox","Leporipoxvirus|Q83655|Leporipoxvirus_myxoma",1.992931,0.582090,134
"Yatapoxvirus|AAR07473.1|Yatapoxvirus_yabapox","unclassified|QDJ95055.1|Unclassified_hypsugopox_virus",6.971847,0.710526,114
"Yatapoxvirus|AAR07473.1|Yatapoxvirus_yabapox","Orthopoxvirus|QED21266.1|Orthopoxvirus_borealpox",5.215972,0.724771,109
"Yatapoxvirus|AAR07473.1|Yatapoxvirus_yabapox","Orthopoxvirus|QEQ49703.1|Orthopoxvirus_akhmetapox",5.350814,0.706422,109
"Yatapoxvirus|AAR07473.1|Yatapoxvirus_yabapox","unclassified|QHG62676.1|Unclassified_cetacean_poxvirus_1",7.277353,0.752688,93
"Yatapoxvirus|AAR07473.1|Yatapoxvirus_yabapox","unclassified|QHR82657.1|Unclassified_brazilian_porcupinepox_virus_1",2.477230,0.530769,130
"Yatapoxvirus|AAR07473.1|Yatapoxvirus_yabapox","Avipoxvirus|QZW33596.1|Unclassified_magpiepox_virus_2",8.617207,0.659091,88
"Yatapoxvirus|AAR07473.1|Yatapoxvirus_yabapox","Capripoxvirus|T2DHX9|Capripoxvirus_sheeppox",1.429192,0.522727,132
"Yatapoxvirus|AAR07473.1|Yatapoxvirus_yabapox","Orthopoxvirus|V9PXP5|Orthopoxvirus_cowpox",5.350932,0.715596,109
"Yatapoxvirus|AAR07473.1|Yatapoxvirus_yabapox","unclassified|WGO62741.1|Unclassified_wadden_sea_poxvirus",7.879812,0.645833,96
"Yatapoxvirus|AAR07473.1|Yatapoxvirus_yabapox","Parapoxvirus|WOC35488.1|Unclassified_equine_parapoxvirus",8.612121,0.720430,93
"Yatapoxvirus|AAR07473.1|Yatapoxvirus_yabapox","Orthopoxvirus|WWS34253.1|Orthopoxvirus_variola",5.325611,0.697248,109
"Yatapoxvirus|AAR07473.1|Yatapoxvirus_yabapox","Parapoxvirus|WZD65066.1|Parapoxvirus_pseudocowpox",9.357522,0.744444,90
"Yatapoxvirus|AAR07473.1|Yatapoxvirus_yabapox","Parapoxvirus|WZD65198.1|Parapoxvirus_pseudocowpox",9.473382,0.747253,91
"Yatapoxvirus|AAR07473.1|Yatapoxvirus_yabapox","Parapoxvirus|WZD65323.1|Parapoxvirus_pseudocowpox",9.461646,0.769231,91
"Yatapoxvirus|AAR07473.1|Yatapoxvirus_yabapox","Parapoxvirus|WZD65710.1|Parapoxvirus_bovinestomatitis",9.685925,0.806818,88
"Yatapoxvirus|AAR07473.1|Yatapoxvirus_yabapox","Parapoxvirus|WZD65840.1|Parapoxvirus_bovinestomatitis",9.718994,0.806818,88
"Yatapoxvirus|AAR07473.1|Yatapoxvirus_yabapox","Parapoxvirus|WZD65968.1|Parapoxvirus_bovinestomatitis",9.735676,0.797753,89
"Yatapoxvirus|AAR07473.1|Yatapoxvirus_yabapox","Parapoxvirus|WZD66097.1|Parapoxvirus_bovinestomatitis",9.718211,0.806818,88
"Yatapoxvirus|AAR07473.1|Yatapoxvirus_yabapox","Capripoxvirus|XKH15810.1|Capripoxvirus_sheeppox",1.450949,0.526316,133
"Yatapoxvirus|AAR07473.1|Yatapoxvirus_yabapox","Parapoxvirus|XPQ45389.1|Parapoxvirus_orf",9.427521,0.722222,90
"Yatapoxvirus|AAR07473.1|Yatapoxvirus_yabapox","Leporipoxvirus|YAW79107.1|Leporipoxvirus_myxoma",1.970922,0.582090,134
"Yatapoxvirus|AAR07473.1|Yatapoxvirus_yabapox","Leporipoxvirus|YBO75993.1|Leporipoxvirus_myxoma",2.018104,0.589041,146
"Yatapoxvirus|AAR07473.1|Yatapoxvirus_yabapox","Parapoxvirus|YBU52136.1|Parapoxvirus_orf",9.193775,0.733333,90
"Yatapoxvirus|AAR07473.1|Yatapoxvirus_yabapox","Capripoxvirus|YBU52347.1|Capripoxvirus_sheeppox",1.393535,0.507576,132
"Yatapoxvirus|AAR07473.1|Yatapoxvirus_yabapox","Capripoxvirus|YCL82046.1|Capripoxvirus_lumpyskinpox",1.429278,0.515152,132
"Yatapoxvirus|AAR07473.1|Yatapoxvirus_yabapox","Parapoxvirus|YP_003457410.1|Parapoxvirus_pseudocowpox",9.436386,0.758242,91
"Yatapoxvirus|AAR07473.1|Yatapoxvirus_yabapox","Orthopoxvirus|P20535.1|Orthopoxvirus_vaccinia",5.338456,0.706422,109
"Yatapoxvirus|AAR07473.1|Yatapoxvirus_yabapox","Parapoxvirus|P26654.1|Parapoxvirus_orf",9.445315,0.719101,89
"Yatapoxvirus|AAR07473.1|Yatapoxvirus_yabapox","Orthopoxvirus|YFT66960.1|Orthopoxvirus_monkeypox",5.350992,0.715596,109
"Yatapoxvirus|AAR07473.1|Yatapoxvirus_yabapox","Orthopoxvirus|YFT67316.1|Orthopoxvirus_monkeypox",5.375160,0.715596,109
"Sciuripoxvirus|ABD51467.1|Sciuripoxvirus_squirrelpox","Orthopoxvirus|ABD97717.1|Orthopoxvirus_taterapox",2.445104,0.557143,70
"Sciuripoxvirus|ABD51467.1|Sciuripoxvirus_squirrelpox","Cervidpoxvirus|ABI99110.1|Cervidpoxvirus_muledeerpox",6.663378,0.657143,70
"Sciuripoxvirus|ABD51467.1|Sciuripoxvirus_squirrelpox","Cervidpoxvirus|ABI99281.1|Cervidpoxvirus_muledeerpox",6.663171,0.671429,70
"Sciuripoxvirus|ABD51467.1|Sciuripoxvirus_squirrelpox","Yatapoxvirus|ABQ43592.1|Yatapoxvirus_tanapox",7.830865,0.690141,71
"Sciuripoxvirus|ABD51467.1|Sciuripoxvirus_squirrelpox","Oryzopoxvirus|ADT91144.1|Oryzopoxvirus_cotia",7.657581,0.666667,69
"Sciuripoxvirus|ABD51467.1|Sciuripoxvirus_squirrelpox","Centapoxvirus|AEN03720.1|Centapoxvirus_yokapox",3.761800,0.614286,70
"Sciuripoxvirus|ABD51467.1|Sciuripoxvirus_squirrelpox","Parapoxvirus|AIZ77355.1|Parapoxvirus_reddeerpox",4.304179,0.647059,68
"Sciuripoxvirus|ABD51467.1|Sciuripoxvirus_squirrelpox","Orthopoxvirus|AKJ93776.1|Orthopoxvirus_raccoonpox",2.833055,0.600000,70
"Sciuripoxvirus|ABD51467.1|Sciuripoxvirus_squirrelpox","Pteropopoxvirus|ANS71206.1|Pteropopoxvirus_pteropox",3.949666,0.652174,69
"Sciuripoxvirus|ABD51467.1|Sciuripoxvirus_squirrelpox","Orthopoxvirus|AOP31836.1|Orthopoxvirus_volepox",2.740058,0.585714,70
"Sciuripoxvirus|ABD51467.1|Sciuripoxvirus_squirrelpox","Oryzopoxvirus|APG58335.1|Unclassified_BeAn58058",7.520759,0.637681,69
"Sciuripoxvirus|ABD51467.1|Sciuripoxvirus_squirrelpox","Parapoxvirus|ASF89976.1|Parapoxvirus_sealpox",4.449913,0.632353,68
"Sciuripoxvirus|ABD51467.1|Sciuripoxvirus_squirrelpox","Vespertilionpoxvirus|ASK51325.1|Vespertilionpoxvirus_eptesipox",3.350314,0.628571,70
"Sciuripoxvirus|ABD51467.1|Sciuripoxvirus_squirrelpox","Centapoxvirus|AST09338.1|Centapoxvirus_microtuspox",3.548843,0.628571,70
"Sciuripoxvirus|ABD51467.1|Sciuripoxvirus_squirrelpox","Centapoxvirus|AST09540.1|Centapoxvirus_microtuspox",3.518010,0.614286,70
"Sciuripoxvirus|ABD51467.1|Sciuripoxvirus_squirrelpox","Cervidpoxvirus|AUI80687.1|Unclassified_white-tailed_deer_poxvirus",6.629421,0.657143,70
"Sciuripoxvirus|ABD51467.1|Sciuripoxvirus_squirrelpox","Mustelpoxvirus|AWU47162.1|Mustelpoxvirus_seaotterpox",4.160313,0.614286,70
"Sciuripoxvirus|ABD51467.1|Sciuripoxvirus_squirrelpox","Cervidpoxvirus|AYC44792.1|Unclassified_moosepox_virus",6.663917,0.657143,70
"Sciuripoxvirus|ABD51467.1|Sciuripoxvirus_squirrelpox","Orthopoxvirus|AYN64713.1|Orthopoxvirus_abatino",2.432519,0.557143,70
"Sciuripoxvirus|ABD51467.1|Sciuripoxvirus_squirrelpox","Orthopoxvirus|CAG7621171.1|Orthopoxvirus_ectomelia",2.445784,0.542857,70
"Sciuripoxvirus|ABD51467.1|Sciuripoxvirus_squirrelpox","Suipoxvirus|NP_570274.1|Suipoxvirus_swinepox",6.820730,0.685714,70
"Sciuripoxvirus|ABD51467.1|Sciuripoxvirus_squirrelpox","Parapoxvirus|Q6TV84|Parapoxvirus_bovinestomatitis",4.595996,0.666667,69
"Sciuripoxvirus|ABD51467.1|Sciuripoxvirus_squirrelpox","Parapoxvirus|Q6TVL6|Parapoxvirus_orf",4.407868,0.617647,68
"Sciuripoxvirus|ABD51467.1|Sciuripoxvirus_squirrelpox","Leporipoxvirus|Q83655|Leporipoxvirus_myxoma",7.412374,0.716418,67
"Sciuripoxvirus|ABD51467.1|Sciuripoxvirus_squirrelpox","unclassified|QDJ95055.1|Unclassified_hypsugopox_virus",3.535192,0.571429,70
"Sciuripoxvirus|ABD51467.1|Sciuripoxvirus_squirrelpox","Orthopoxvirus|QED21266.1|Orthopoxvirus_borealpox",2.584626,0.571429,70
"Sciuripoxvirus|ABD51467.1|Sciuripoxvirus_squirrelpox","Orthopoxvirus|QEQ49703.1|Orthopoxvirus_akhmetapox",2.445513,0.557143,70
"Sciuripoxvirus|ABD51467.1|Sciuripoxvirus_squirrelpox","unclassified|QHG62676.1|Unclassified_cetacean_poxvirus_1",5.968965,0.722222,72
"Sciuripoxvirus|ABD51467.1|Sciuripoxvirus_squirrelpox","unclassified|QHR82657.1|Unclassified_brazilian_porcupinepox_virus_1",7.197267,0.701493,67
"Sciuripoxvirus|ABD51467.1|Sciuripoxvirus_squirrelpox","Avipoxvirus|QZW33596.1|Unclassified_magpiepox_virus_2",3.564410,0.647887,71
"Sciuripoxvirus|ABD51467.1|Sciuripoxvirus_squirrelpox","Capripoxvirus|T2DHX9|Capripoxvirus_sheeppox",7.186371,0.728571,70
"Sciuripoxvirus|ABD51467.1|Sciuripoxvirus_squirrelpox","Orthopoxvirus|V9PXP5|Orthopoxvirus_cowpox",2.371107,0.557143,70
"Sciuripoxvirus|ABD51467.1|Sciuripoxvirus_squirrelpox","unclassified|WGO62741.1|Unclassified_wadden_sea_poxvirus",6.571424,0.753623,69
"Sciuripoxvirus|ABD51467.1|Sciuripoxvirus_squirrelpox","Parapoxvirus|WOC35488.1|Unclassified_equine_parapoxvirus",3.559324,0.652174,69
"Sciuripoxvirus|ABD51467.1|Sciuripoxvirus_squirrelpox","Orthopoxvirus|WWS34253.1|Orthopoxvirus_variola",2.420309,0.528571,70
"Sciuripoxvirus|ABD51467.1|Sciuripoxvirus_squirrelpox","Parapoxvirus|WZD65066.1|Parapoxvirus_pseudocowpox",4.304725,0.617647,68
"Sciuripoxvirus|ABD51467.1|Sciuripoxvirus_squirrelpox","Parapoxvirus|WZD65198.1|Parapoxvirus_pseudocowpox",4.420585,0.608696,69
"Sciuripoxvirus|ABD51467.1|Sciuripoxvirus_squirrelpox","Parapoxvirus|WZD65323.1|Parapoxvirus_pseudocowpox",4.408849,0.608696,69
"Sciuripoxvirus|ABD51467.1|Sciuripoxvirus_squirrelpox","Parapoxvirus|WZD65710.1|Parapoxvirus_bovinestomatitis",4.633128,0.661765,68
"Sciuripoxvirus|ABD51467.1|Sciuripoxvirus_squirrelpox","Parapoxvirus|WZD65840.1|Parapoxvirus_bovinestomatitis",4.666197,0.661765,68
"Sciuripoxvirus|ABD51467.1|Sciuripoxvirus_squirrelpox","Parapoxvirus|WZD65968.1|Parapoxvirus_bovinestomatitis",4.682879,0.681159,69
"Sciuripoxvirus|ABD51467.1|Sciuripoxvirus_squirrelpox","Parapoxvirus|WZD66097.1|Parapoxvirus_bovinestomatitis",4.665414,0.661765,68
"Sciuripoxvirus|ABD51467.1|Sciuripoxvirus_squirrelpox","Capripoxvirus|XKH15810.1|Capripoxvirus_sheeppox",7.208128,0.728571,70
"Sciuripoxvirus|ABD51467.1|Sciuripoxvirus_squirrelpox","Parapoxvirus|XPQ45389.1|Parapoxvirus_orf",4.374724,0.647059,68
"Sciuripoxvirus|ABD51467.1|Sciuripoxvirus_squirrelpox","Leporipoxvirus|YAW79107.1|Leporipoxvirus_myxoma",7.390364,0.716418,67
"Sciuripoxvirus|ABD51467.1|Sciuripoxvirus_squirrelpox","Leporipoxvirus|YBO75993.1|Leporipoxvirus_myxoma",7.437547,0.728571,70
"Sciuripoxvirus|ABD51467.1|Sciuripoxvirus_squirrelpox","Parapoxvirus|YBU52136.1|Parapoxvirus_orf",4.140978,0.632353,68
"Sciuripoxvirus|ABD51467.1|Sciuripoxvirus_squirrelpox","Capripoxvirus|YBU52347.1|Capripoxvirus_sheeppox",7.150714,0.728571,70
"Sciuripoxvirus|ABD51467.1|Sciuripoxvirus_squirrelpox","Capripoxvirus|YCL82046.1|Capripoxvirus_lumpyskinpox",7.186457,0.728571,70
"Sciuripoxvirus|ABD51467.1|Sciuripoxvirus_squirrelpox","Parapoxvirus|YP_003457410.1|Parapoxvirus_pseudocowpox",4.383589,0.608696,69
"Sciuripoxvirus|ABD51467.1|Sciuripoxvirus_squirrelpox","Orthopoxvirus|P20535.1|Orthopoxvirus_vaccinia",2.433154,0.542857,70
"Sciuripoxvirus|ABD51467.1|Sciuripoxvirus_squirrelpox","Parapoxvirus|P26654.1|Parapoxvirus_orf",4.392518,0.647059,68
"Sciuripoxvirus|ABD51467.1|Sciuripoxvirus_squirrelpox","Orthopoxvirus|YFT66960.1|Orthopoxvirus_monkeypox",2.470308,0.557143,70
"Sciuripoxvirus|ABD51467.1|Sciuripoxvirus_squirrelpox","Orthopoxvirus|YFT67316.1|Orthopoxvirus_monkeypox",2.494475,0.528571,70
"Orthopoxvirus|ABD97717.1|Orthopoxvirus_taterapox","Cervidpoxvirus|ABI99110.1|Cervidpoxvirus_muledeerpox",4.267133,0.712963,108
"Orthopoxvirus|ABD97717.1|Orthopoxvirus_taterapox","Cervidpoxvirus|ABI99281.1|Cervidpoxvirus_muledeerpox",4.266926,0.715596,109
"Orthopoxvirus|ABD97717.1|Orthopoxvirus_taterapox","Yatapoxvirus|ABQ43592.1|Yatapoxvirus_tanapox",5.434621,0.733945,109
"Orthopoxvirus|ABD97717.1|Orthopoxvirus_taterapox","Oryzopoxvirus|ADT91144.1|Oryzopoxvirus_cotia",5.261336,0.700935,107
"Orthopoxvirus|ABD97717.1|Orthopoxvirus_taterapox","Centapoxvirus|AEN03720.1|Centapoxvirus_yokapox",1.365556,0.421053,95
"Orthopoxvirus|ABD97717.1|Orthopoxvirus_taterapox","Parapoxvirus|AIZ77355.1|Parapoxvirus_reddeerpox",4.080047,0.654762,84
"Orthopoxvirus|ABD97717.1|Orthopoxvirus_taterapox","Orthopoxvirus|AKJ93776.1|Orthopoxvirus_raccoonpox",0.436810,0.183486,109
"Orthopoxvirus|ABD97717.1|Orthopoxvirus_taterapox","Pteropopoxvirus|ANS71206.1|Pteropopoxvirus_pteropox",3.725534,0.625000,88
"Orthopoxvirus|ABD97717.1|Orthopoxvirus_taterapox","Orthopoxvirus|AOP31836.1|Orthopoxvirus_volepox",0.343813,0.181818,110
"Orthopoxvirus|ABD97717.1|Orthopoxvirus_taterapox","Oryzopoxvirus|APG58335.1|Unclassified_BeAn58058",5.124515,0.675926,108
"Orthopoxvirus|ABD97717.1|Orthopoxvirus_taterapox","Parapoxvirus|ASF89976.1|Parapoxvirus_sealpox",4.225781,0.658537,82
"Orthopoxvirus|ABD97717.1|Orthopoxvirus_taterapox","Vespertilionpoxvirus|ASK51325.1|Vespertilionpoxvirus_eptesipox",1.510040,0.480000,100
"Orthopoxvirus|ABD97717.1|Orthopoxvirus_taterapox","Centapoxvirus|AST09338.1|Centapoxvirus_microtuspox",1.152598,0.425926,108
"Orthopoxvirus|ABD97717.1|Orthopoxvirus_taterapox","Centapoxvirus|AST09540.1|Centapoxvirus_microtuspox",1.121766,0.407407,108
"Orthopoxvirus|ABD97717.1|Orthopoxvirus_taterapox","Cervidpoxvirus|AUI80687.1|Unclassified_white-tailed_deer_poxvirus",4.233177,0.724771,109
"Orthopoxvirus|ABD97717.1|Orthopoxvirus_taterapox","Mustelpoxvirus|AWU47162.1|Mustelpoxvirus_seaotterpox",3.936181,0.693878,98
"Orthopoxvirus|ABD97717.1|Orthopoxvirus_taterapox","Cervidpoxvirus|AYC44792.1|Unclassified_moosepox_virus",4.267672,0.731481,108
"Orthopoxvirus|ABD97717.1|Orthopoxvirus_taterapox","Orthopoxvirus|AYN64713.1|Orthopoxvirus_abatino",0.060891,0.045455,110
"Orthopoxvirus|ABD97717.1|Orthopoxvirus_taterapox","Orthopoxvirus|CAG7621171.1|Orthopoxvirus_ectomelia",0.074156,0.054545,110
"Orthopoxvirus|ABD97717.1|Orthopoxvirus_taterapox","Suipoxvirus|NP_570274.1|Suipoxvirus_swinepox",4.424485,0.733945,109
"Orthopoxvirus|ABD97717.1|Orthopoxvirus_taterapox","Parapoxvirus|Q6TV84|Parapoxvirus_bovinestomatitis",4.371864,0.698795,83
"Orthopoxvirus|ABD97717.1|Orthopoxvirus_taterapox","Parapoxvirus|Q6TVL6|Parapoxvirus_orf",4.183736,0.690476,84
"Orthopoxvirus|ABD97717.1|Orthopoxvirus_taterapox","Leporipoxvirus|Q83655|Leporipoxvirus_myxoma",5.016129,0.754717,106
"Orthopoxvirus|ABD97717.1|Orthopoxvirus_taterapox","unclassified|QDJ95055.1|Unclassified_hypsugopox_virus",1.694918,0.540000,100
"Orthopoxvirus|ABD97717.1|Orthopoxvirus_taterapox","Orthopoxvirus|QED21266.1|Orthopoxvirus_borealpox",0.188381,0.127273,110
"Orthopoxvirus|ABD97717.1|Orthopoxvirus_taterapox","Orthopoxvirus|QEQ49703.1|Orthopoxvirus_akhmetapox",0.073885,0.054545,110
"Orthopoxvirus|ABD97717.1|Orthopoxvirus_taterapox","unclassified|QHG62676.1|Unclassified_cetacean_poxvirus_1",3.572721,0.630952,84
"Orthopoxvirus|ABD97717.1|Orthopoxvirus_taterapox","unclassified|QHR82657.1|Unclassified_brazilian_porcupinepox_virus_1",4.801022,0.735849,106
"Orthopoxvirus|ABD97717.1|Orthopoxvirus_taterapox","Avipoxvirus|QZW33596.1|Unclassified_magpiepox_virus_2",3.340278,0.564103,78
"Orthopoxvirus|ABD97717.1|Orthopoxvirus_taterapox","Capripoxvirus|T2DHX9|Capripoxvirus_sheeppox",4.790126,0.715596,109
"Orthopoxvirus|ABD97717.1|Orthopoxvirus_taterapox","Orthopoxvirus|V9PXP5|Orthopoxvirus_cowpox",0.074002,0.054545,110
"Orthopoxvirus|ABD97717.1|Orthopoxvirus_taterapox","unclassified|WGO62741.1|Unclassified_wadden_sea_poxvirus",4.175179,0.642857,84
"Orthopoxvirus|ABD97717.1|Orthopoxvirus_taterapox","Parapoxvirus|WOC35488.1|Unclassified_equine_parapoxvirus",3.335192,0.658824,85
"Orthopoxvirus|ABD97717.1|Orthopoxvirus_taterapox","Orthopoxvirus|WWS34253.1|Orthopoxvirus_variola",0.048681,0.036364,110
"Orthopoxvirus|ABD97717.1|Orthopoxvirus_taterapox","Parapoxvirus|WZD65066.1|Parapoxvirus_pseudocowpox",4.080593,0.666667,84
"Orthopoxvirus|ABD97717.1|Orthopoxvirus_taterapox","Parapoxvirus|WZD65198.1|Parapoxvirus_pseudocowpox",4.196453,0.682353,85
"Orthopoxvirus|ABD97717.1|Orthopoxvirus_taterapox","Parapoxvirus|WZD65323.1|Parapoxvirus_pseudocowpox",4.184717,0.705882,85
"Orthopoxvirus|ABD97717.1|Orthopoxvirus_taterapox","Parapoxvirus|WZD65710.1|Parapoxvirus_bovinestomatitis",4.408996,0.707317,82
"Orthopoxvirus|ABD97717.1|Orthopoxvirus_taterapox","Parapoxvirus|WZD65840.1|Parapoxvirus_bovinestomatitis",4.442065,0.707317,82
"Orthopoxvirus|ABD97717.1|Orthopoxvirus_taterapox","Parapoxvirus|WZD65968.1|Parapoxvirus_bovinestomatitis",4.458747,0.710843,83
"Orthopoxvirus|ABD97717.1|Orthopoxvirus_taterapox","Parapoxvirus|WZD66097.1|Parapoxvirus_bovinestomatitis",4.441282,0.707317,82
"Orthopoxvirus|ABD97717.1|Orthopoxvirus_taterapox","Capripoxvirus|XKH15810.1|Capripoxvirus_sheeppox",4.811883,0.715596,109
"Orthopoxvirus|ABD97717.1|Orthopoxvirus_taterapox","Parapoxvirus|XPQ45389.1|Parapoxvirus_orf",4.150592,0.690476,84
"Orthopoxvirus|ABD97717.1|Orthopoxvirus_taterapox","Leporipoxvirus|YAW79107.1|Leporipoxvirus_myxoma",4.994120,0.754717,106
"Orthopoxvirus|ABD97717.1|Orthopoxvirus_taterapox","Leporipoxvirus|YBO75993.1|Leporipoxvirus_myxoma",5.041302,0.752294,109
"Orthopoxvirus|ABD97717.1|Orthopoxvirus_taterapox","Parapoxvirus|YBU52136.1|Parapoxvirus_orf",3.916846,0.678571,84
"Orthopoxvirus|ABD97717.1|Orthopoxvirus_taterapox","Capripoxvirus|YBU52347.1|Capripoxvirus_sheeppox",4.754469,0.706422,109
"Orthopoxvirus|ABD97717.1|Orthopoxvirus_taterapox","Capripoxvirus|YCL82046.1|Capripoxvirus_lumpyskinpox",4.790213,0.706422,109
"Orthopoxvirus|ABD97717.1|Orthopoxvirus_taterapox","Parapoxvirus|YP_003457410.1|Parapoxvirus_pseudocowpox",4.159457,0.694118,85
"Orthopoxvirus|ABD97717.1|Orthopoxvirus_taterapox","Orthopoxvirus|P20535.1|Orthopoxvirus_vaccinia",0.061527,0.045455,110
"Orthopoxvirus|ABD97717.1|Orthopoxvirus_taterapox","Parapoxvirus|P26654.1|Parapoxvirus_orf",4.168386,0.686747,83
"Orthopoxvirus|ABD97717.1|Orthopoxvirus_taterapox","Orthopoxvirus|YFT66960.1|Orthopoxvirus_monkeypox",0.074058,0.054545,110
"Orthopoxvirus|ABD97717.1|Orthopoxvirus_taterapox","Orthopoxvirus|YFT67316.1|Orthopoxvirus_monkeypox",0.098226,0.072727,110
"Cervidpoxvirus|ABI99110.1|Cervidpoxvirus_muledeerpox","Cervidpoxvirus|ABI99281.1|Cervidpoxvirus_muledeerpox",0.051127,0.044118,136
"Cervidpoxvirus|ABI99110.1|Cervidpoxvirus_muledeerpox","Yatapoxvirus|ABQ43592.1|Yatapoxvirus_tanapox",1.885273,0.574803,127
"Cervidpoxvirus|ABI99110.1|Cervidpoxvirus_muledeerpox","Oryzopoxvirus|ADT91144.1|Oryzopoxvirus_cotia",1.878888,0.541985,131
"Cervidpoxvirus|ABI99110.1|Cervidpoxvirus_muledeerpox","Centapoxvirus|AEN03720.1|Centapoxvirus_yokapox",4.011533,0.670000,100
"Cervidpoxvirus|ABI99110.1|Cervidpoxvirus_muledeerpox","Parapoxvirus|AIZ77355.1|Parapoxvirus_reddeerpox",8.298321,0.730337,89
"Cervidpoxvirus|ABI99110.1|Cervidpoxvirus_muledeerpox","Orthopoxvirus|AKJ93776.1|Orthopoxvirus_raccoonpox",4.550183,0.728070,114
"Cervidpoxvirus|ABI99110.1|Cervidpoxvirus_muledeerpox","Pteropopoxvirus|ANS71206.1|Pteropopoxvirus_pteropox",7.943808,0.774194,93
"Cervidpoxvirus|ABI99110.1|Cervidpoxvirus_muledeerpox","Orthopoxvirus|AOP31836.1|Orthopoxvirus_volepox",4.457186,0.704348,115
"Cervidpoxvirus|ABI99110.1|Cervidpoxvirus_muledeerpox","Oryzopoxvirus|APG58335.1|Unclassified_BeAn58058",1.742067,0.526718,131
"Cervidpoxvirus|ABI99110.1|Cervidpoxvirus_muledeerpox","Parapoxvirus|ASF89976.1|Parapoxvirus_sealpox",8.444055,0.704545,88
"Cervidpoxvirus|ABI99110.1|Cervidpoxvirus_muledeerpox","Vespertilionpoxvirus|ASK51325.1|Vespertilionpoxvirus_eptesipox",5.728314,0.700935,107
"Cervidpoxvirus|ABI99110.1|Cervidpoxvirus_muledeerpox","Centapoxvirus|AST09338.1|Centapoxvirus_microtuspox",3.383471,0.686957,115
"Cervidpoxvirus|ABI99110.1|Cervidpoxvirus_muledeerpox","Centapoxvirus|AST09540.1|Centapoxvirus_microtuspox",3.145372,0.634783,115
"Cervidpoxvirus|ABI99110.1|Cervidpoxvirus_muledeerpox","Cervidpoxvirus|AUI80687.1|Unclassified_white-tailed_deer_poxvirus",0.033961,0.029412,136
"Cervidpoxvirus|ABI99110.1|Cervidpoxvirus_muledeerpox","Mustelpoxvirus|AWU47162.1|Mustelpoxvirus_seaotterpox",8.154455,0.786408,103
"Cervidpoxvirus|ABI99110.1|Cervidpoxvirus_muledeerpox","Cervidpoxvirus|AYC44792.1|Unclassified_moosepox_virus",0.068462,0.059259,135
"Cervidpoxvirus|ABI99110.1|Cervidpoxvirus_muledeerpox","Orthopoxvirus|AYN64713.1|Orthopoxvirus_abatino",4.279165,0.703704,108
"Cervidpoxvirus|ABI99110.1|Cervidpoxvirus_muledeerpox","Orthopoxvirus|CAG7621171.1|Orthopoxvirus_ectomelia",4.292430,0.703704,108
"Cervidpoxvirus|ABI99110.1|Cervidpoxvirus_muledeerpox","Suipoxvirus|NP_570274.1|Suipoxvirus_swinepox",0.970700,0.425373,134
"Cervidpoxvirus|ABI99110.1|Cervidpoxvirus_muledeerpox","Parapoxvirus|Q6TV84|Parapoxvirus_bovinestomatitis",8.590138,0.727273,88
"Cervidpoxvirus|ABI99110.1|Cervidpoxvirus_muledeerpox","Parapoxvirus|Q6TVL6|Parapoxvirus_orf",8.402010,0.696629,89
"Cervidpoxvirus|ABI99110.1|Cervidpoxvirus_muledeerpox","Leporipoxvirus|Q83655|Leporipoxvirus_myxoma",1.466781,0.519084,131
"Cervidpoxvirus|ABI99110.1|Cervidpoxvirus_muledeerpox","unclassified|QDJ95055.1|Unclassified_hypsugopox_virus",5.913192,0.722222,108
"Cervidpoxvirus|ABI99110.1|Cervidpoxvirus_muledeerpox","Orthopoxvirus|QED21266.1|Orthopoxvirus_borealpox",4.157317,0.703704,108
"Cervidpoxvirus|ABI99110.1|Cervidpoxvirus_muledeerpox","Orthopoxvirus|QEQ49703.1|Orthopoxvirus_akhmetapox",4.292159,0.703704,108
"Cervidpoxvirus|ABI99110.1|Cervidpoxvirus_muledeerpox","unclassified|QHG62676.1|Unclassified_cetacean_poxvirus_1",6.218698,0.711111,90
"Cervidpoxvirus|ABI99110.1|Cervidpoxvirus_muledeerpox","unclassified|QHR82657.1|Unclassified_brazilian_porcupinepox_virus_1",1.418574,0.535433,127
"Cervidpoxvirus|ABI99110.1|Cervidpoxvirus_muledeerpox","Avipoxvirus|QZW33596.1|Unclassified_magpiepox_virus_2",7.558552,0.647727,88
"Cervidpoxvirus|ABI99110.1|Cervidpoxvirus_muledeerpox","Capripoxvirus|T2DHX9|Capripoxvirus_sheeppox",1.240778,0.514925,134
"Cervidpoxvirus|ABI99110.1|Cervidpoxvirus_muledeerpox","Orthopoxvirus|V9PXP5|Orthopoxvirus_cowpox",4.292276,0.703704,108
"Cervidpoxvirus|ABI99110.1|Cervidpoxvirus_muledeerpox","unclassified|WGO62741.1|Unclassified_wadden_sea_poxvirus",6.821156,0.677778,90
"Cervidpoxvirus|ABI99110.1|Cervidpoxvirus_muledeerpox","Parapoxvirus|WOC35488.1|Unclassified_equine_parapoxvirus",7.553466,0.722222,90
"Cervidpoxvirus|ABI99110.1|Cervidpoxvirus_muledeerpox","Orthopoxvirus|WWS34253.1|Orthopoxvirus_variola",4.266955,0.703704,108
"Cervidpoxvirus|ABI99110.1|Cervidpoxvirus_muledeerpox","Parapoxvirus|WZD65066.1|Parapoxvirus_pseudocowpox",8.298866,0.730337,89
"Cervidpoxvirus|ABI99110.1|Cervidpoxvirus_muledeerpox","Parapoxvirus|WZD65198.1|Parapoxvirus_pseudocowpox",8.414727,0.744444,90
"Cervidpoxvirus|ABI99110.1|Cervidpoxvirus_muledeerpox","Parapoxvirus|WZD65323.1|Parapoxvirus_pseudocowpox",8.402991,0.744444,90
"Cervidpoxvirus|ABI99110.1|Cervidpoxvirus_muledeerpox","Parapoxvirus|WZD65710.1|Parapoxvirus_bovinestomatitis",8.627270,0.724138,87
"Cervidpoxvirus|ABI99110.1|Cervidpoxvirus_muledeerpox","Parapoxvirus|WZD65840.1|Parapoxvirus_bovinestomatitis",8.660339,0.735632,87
"Cervidpoxvirus|ABI99110.1|Cervidpoxvirus_muledeerpox","Parapoxvirus|WZD65968.1|Parapoxvirus_bovinestomatitis",8.677021,0.715909,88
"Cervidpoxvirus|ABI99110.1|Cervidpoxvirus_muledeerpox","Parapoxvirus|WZD66097.1|Parapoxvirus_bovinestomatitis",8.659556,0.735632,87
"Cervidpoxvirus|ABI99110.1|Cervidpoxvirus_muledeerpox","Capripoxvirus|XKH15810.1|Capripoxvirus_sheeppox",1.262535,0.518519,135
"Cervidpoxvirus|ABI99110.1|Cervidpoxvirus_muledeerpox","Parapoxvirus|XPQ45389.1|Parapoxvirus_orf",8.368866,0.707865,89
"Cervidpoxvirus|ABI99110.1|Cervidpoxvirus_muledeerpox","Leporipoxvirus|YAW79107.1|Leporipoxvirus_myxoma",1.444772,0.519084,131
"Cervidpoxvirus|ABI99110.1|Cervidpoxvirus_muledeerpox","Leporipoxvirus|YBO75993.1|Leporipoxvirus_myxoma",1.491954,0.526316,133
"Cervidpoxvirus|ABI99110.1|Cervidpoxvirus_muledeerpox","Parapoxvirus|YBU52136.1|Parapoxvirus_orf",8.135120,0.696629,89
"Cervidpoxvirus|ABI99110.1|Cervidpoxvirus_muledeerpox","Capripoxvirus|YBU52347.1|Capripoxvirus_sheeppox",1.205122,0.507463,134
"Cervidpoxvirus|ABI99110.1|Cervidpoxvirus_muledeerpox","Capripoxvirus|YCL82046.1|Capripoxvirus_lumpyskinpox",1.240865,0.507463,134
"Cervidpoxvirus|ABI99110.1|Cervidpoxvirus_muledeerpox","Parapoxvirus|YP_003457410.1|Parapoxvirus_pseudocowpox",8.377731,0.722222,90
"Cervidpoxvirus|ABI99110.1|Cervidpoxvirus_muledeerpox","Orthopoxvirus|P20535.1|Orthopoxvirus_vaccinia",4.279800,0.694444,108
"Cervidpoxvirus|ABI99110.1|Cervidpoxvirus_muledeerpox","Parapoxvirus|P26654.1|Parapoxvirus_orf",8.386659,0.727273,88
"Cervidpoxvirus|ABI99110.1|Cervidpoxvirus_muledeerpox","Orthopoxvirus|YFT66960.1|Orthopoxvirus_monkeypox",4.292337,0.712963,108
"Cervidpoxvirus|ABI99110.1|Cervidpoxvirus_muledeerpox","Orthopoxvirus|YFT67316.1|Orthopoxvirus_monkeypox",4.316505,0.712963,108
"Cervidpoxvirus|ABI99281.1|Cervidpoxvirus_muledeerpox","Yatapoxvirus|ABQ43592.1|Yatapoxvirus_tanapox",1.885066,0.570312,128
"Cervidpoxvirus|ABI99281.1|Cervidpoxvirus_muledeerpox","Oryzopoxvirus|ADT91144.1|Oryzopoxvirus_cotia",1.878681,0.530303,132
"Cervidpoxvirus|ABI99281.1|Cervidpoxvirus_muledeerpox","Centapoxvirus|AEN03720.1|Centapoxvirus_yokapox",4.011326,0.673267,101
"Cervidpoxvirus|ABI99281.1|Cervidpoxvirus_muledeerpox","Parapoxvirus|AIZ77355.1|Parapoxvirus_reddeerpox",8.298114,0.722222,90
"Cervidpoxvirus|ABI99281.1|Cervidpoxvirus_muledeerpox","Orthopoxvirus|AKJ93776.1|Orthopoxvirus_raccoonpox",4.549976,0.730435,115
"Cervidpoxvirus|ABI99281.1|Cervidpoxvirus_muledeerpox","Pteropopoxvirus|ANS71206.1|Pteropopoxvirus_pteropox",7.943601,0.776596,94
"Cervidpoxvirus|ABI99281.1|Cervidpoxvirus_muledeerpox","Orthopoxvirus|AOP31836.1|Orthopoxvirus_volepox",4.456979,0.706897,116
"Cervidpoxvirus|ABI99281.1|Cervidpoxvirus_muledeerpox","Oryzopoxvirus|APG58335.1|Unclassified_BeAn58058",1.741860,0.515152,132
"Cervidpoxvirus|ABI99281.1|Cervidpoxvirus_muledeerpox","Parapoxvirus|ASF89976.1|Parapoxvirus_sealpox",8.443848,0.696629,89
"Cervidpoxvirus|ABI99281.1|Cervidpoxvirus_muledeerpox","Vespertilionpoxvirus|ASK51325.1|Vespertilionpoxvirus_eptesipox",5.728106,0.703704,108
"Cervidpoxvirus|ABI99281.1|Cervidpoxvirus_muledeerpox","Centapoxvirus|AST09338.1|Centapoxvirus_microtuspox",3.383264,0.689655,116
"Cervidpoxvirus|ABI99281.1|Cervidpoxvirus_muledeerpox","Centapoxvirus|AST09540.1|Centapoxvirus_microtuspox",3.145165,0.637931,116
"Cervidpoxvirus|ABI99281.1|Cervidpoxvirus_muledeerpox","Cervidpoxvirus|AUI80687.1|Unclassified_white-tailed_deer_poxvirus",0.033754,0.029197,137
"Cervidpoxvirus|ABI99281.1|Cervidpoxvirus_muledeerpox","Mustelpoxvirus|AWU47162.1|Mustelpoxvirus_seaotterpox",8.154248,0.778846,104
"Cervidpoxvirus|ABI99281.1|Cervidpoxvirus_muledeerpox","Cervidpoxvirus|AYC44792.1|Unclassified_moosepox_virus",0.068255,0.044444,135
"Cervidpoxvirus|ABI99281.1|Cervidpoxvirus_muledeerpox","Orthopoxvirus|AYN64713.1|Orthopoxvirus_abatino",4.278958,0.706422,109
"Cervidpoxvirus|ABI99281.1|Cervidpoxvirus_muledeerpox","Orthopoxvirus|CAG7621171.1|Orthopoxvirus_ectomelia",4.292223,0.706422,109
"Cervidpoxvirus|ABI99281.1|Cervidpoxvirus_muledeerpox","Suipoxvirus|NP_570274.1|Suipoxvirus_swinepox",0.970493,0.407407,135
"Cervidpoxvirus|ABI99281.1|Cervidpoxvirus_muledeerpox","Parapoxvirus|Q6TV84|Parapoxvirus_bovinestomatitis",8.589931,0.719101,89
"Cervidpoxvirus|ABI99281.1|Cervidpoxvirus_muledeerpox","Parapoxvirus|Q6TVL6|Parapoxvirus_orf",8.401803,0.688889,90
"Cervidpoxvirus|ABI99281.1|Cervidpoxvirus_muledeerpox","Leporipoxvirus|Q83655|Leporipoxvirus_myxoma",1.466574,0.507576,132
"Cervidpoxvirus|ABI99281.1|Cervidpoxvirus_muledeerpox","unclassified|QDJ95055.1|Unclassified_hypsugopox_virus",5.912985,0.724771,109
"Cervidpoxvirus|ABI99281.1|Cervidpoxvirus_muledeerpox","Orthopoxvirus|QED21266.1|Orthopoxvirus_borealpox",4.157110,0.706422,109
"Cervidpoxvirus|ABI99281.1|Cervidpoxvirus_muledeerpox","Orthopoxvirus|QEQ49703.1|Orthopoxvirus_akhmetapox",4.291952,0.706422,109
"Cervidpoxvirus|ABI99281.1|Cervidpoxvirus_muledeerpox","unclassified|QHG62676.1|Unclassified_cetacean_poxvirus_1",6.218491,0.714286,91
"Cervidpoxvirus|ABI99281.1|Cervidpoxvirus_muledeerpox","unclassified|QHR82657.1|Unclassified_brazilian_porcupinepox_virus_1",1.418367,0.507812,128
"Cervidpoxvirus|ABI99281.1|Cervidpoxvirus_muledeerpox","Avipoxvirus|QZW33596.1|Unclassified_magpiepox_virus_2",7.558345,0.647727,88
"Cervidpoxvirus|ABI99281.1|Cervidpoxvirus_muledeerpox","Capripoxvirus|T2DHX9|Capripoxvirus_sheeppox",1.240571,0.511111,135
"Cervidpoxvirus|ABI99281.1|Cervidpoxvirus_muledeerpox","Orthopoxvirus|V9PXP5|Orthopoxvirus_cowpox",4.292069,0.706422,109
"Cervidpoxvirus|ABI99281.1|Cervidpoxvirus_muledeerpox","unclassified|WGO62741.1|Unclassified_wadden_sea_poxvirus",6.820949,0.681319,91
"Cervidpoxvirus|ABI99281.1|Cervidpoxvirus_muledeerpox","Parapoxvirus|WOC35488.1|Unclassified_equine_parapoxvirus",7.553259,0.714286,91
"Cervidpoxvirus|ABI99281.1|Cervidpoxvirus_muledeerpox","Orthopoxvirus|WWS34253.1|Orthopoxvirus_variola",4.266748,0.706422,109
"Cervidpoxvirus|ABI99281.1|Cervidpoxvirus_muledeerpox","Parapoxvirus|WZD65066.1|Parapoxvirus_pseudocowpox",8.298659,0.711111,90
"Cervidpoxvirus|ABI99281.1|Cervidpoxvirus_muledeerpox","Parapoxvirus|WZD65198.1|Parapoxvirus_pseudocowpox",8.414520,0.736264,91
"Cervidpoxvirus|ABI99281.1|Cervidpoxvirus_muledeerpox","Parapoxvirus|WZD65323.1|Parapoxvirus_pseudocowpox",8.402784,0.736264,91
"Cervidpoxvirus|ABI99281.1|Cervidpoxvirus_muledeerpox","Parapoxvirus|WZD65710.1|Parapoxvirus_bovinestomatitis",8.627063,0.715909,88
"Cervidpoxvirus|ABI99281.1|Cervidpoxvirus_muledeerpox","Parapoxvirus|WZD65840.1|Parapoxvirus_bovinestomatitis",8.660132,0.727273,88
"Cervidpoxvirus|ABI99281.1|Cervidpoxvirus_muledeerpox","Parapoxvirus|WZD65968.1|Parapoxvirus_bovinestomatitis",8.676814,0.707865,89
"Cervidpoxvirus|ABI99281.1|Cervidpoxvirus_muledeerpox","Parapoxvirus|WZD66097.1|Parapoxvirus_bovinestomatitis",8.659348,0.727273,88
"Cervidpoxvirus|ABI99281.1|Cervidpoxvirus_muledeerpox","Capripoxvirus|XKH15810.1|Capripoxvirus_sheeppox",1.262328,0.514706,136
"Cervidpoxvirus|ABI99281.1|Cervidpoxvirus_muledeerpox","Parapoxvirus|XPQ45389.1|Parapoxvirus_orf",8.368659,0.700000,90
"Cervidpoxvirus|ABI99281.1|Cervidpoxvirus_muledeerpox","Leporipoxvirus|YAW79107.1|Leporipoxvirus_myxoma",1.444565,0.507576,132
"Cervidpoxvirus|ABI99281.1|Cervidpoxvirus_muledeerpox","Leporipoxvirus|YBO75993.1|Leporipoxvirus_myxoma",1.491747,0.514925,134
"Cervidpoxvirus|ABI99281.1|Cervidpoxvirus_muledeerpox","Parapoxvirus|YBU52136.1|Parapoxvirus_orf",8.134913,0.688889,90
"Cervidpoxvirus|ABI99281.1|Cervidpoxvirus_muledeerpox","Capripoxvirus|YBU52347.1|Capripoxvirus_sheeppox",1.204915,0.503704,135
"Cervidpoxvirus|ABI99281.1|Cervidpoxvirus_muledeerpox","Capripoxvirus|YCL82046.1|Capripoxvirus_lumpyskinpox",1.240658,0.496296,135
"Cervidpoxvirus|ABI99281.1|Cervidpoxvirus_muledeerpox","Parapoxvirus|YP_003457410.1|Parapoxvirus_pseudocowpox",8.377524,0.714286,91
"Cervidpoxvirus|ABI99281.1|Cervidpoxvirus_muledeerpox","Orthopoxvirus|P20535.1|Orthopoxvirus_vaccinia",4.279593,0.697248,109
"Cervidpoxvirus|ABI99281.1|Cervidpoxvirus_muledeerpox","Parapoxvirus|P26654.1|Parapoxvirus_orf",8.386452,0.719101,89
"Cervidpoxvirus|ABI99281.1|Cervidpoxvirus_muledeerpox","Orthopoxvirus|YFT66960.1|Orthopoxvirus_monkeypox",4.292130,0.715596,109
"Cervidpoxvirus|ABI99281.1|Cervidpoxvirus_muledeerpox","Orthopoxvirus|YFT67316.1|Orthopoxvirus_monkeypox",4.316298,0.715596,109
"Yatapoxvirus|ABQ43592.1|Yatapoxvirus_tanapox","Oryzopoxvirus|ADT91144.1|Oryzopoxvirus_cotia",3.046376,0.614286,140
"Yatapoxvirus|ABQ43592.1|Yatapoxvirus_tanapox","Centapoxvirus|AEN03720.1|Centapoxvirus_yokapox",5.179020,0.705882,102
"Yatapoxvirus|ABQ43592.1|Yatapoxvirus_tanapox","Parapoxvirus|AIZ77355.1|Parapoxvirus_reddeerpox",9.465808,0.755556,90
"Yatapoxvirus|ABQ43592.1|Yatapoxvirus_tanapox","Orthopoxvirus|AKJ93776.1|Orthopoxvirus_raccoonpox",5.717670,0.739130,115
"Yatapoxvirus|ABQ43592.1|Yatapoxvirus_tanapox","Pteropopoxvirus|ANS71206.1|Pteropopoxvirus_pteropox",9.111295,0.776596,94
"Yatapoxvirus|ABQ43592.1|Yatapoxvirus_tanapox","Orthopoxvirus|AOP31836.1|Orthopoxvirus_volepox",5.624673,0.758621,116
"Yatapoxvirus|ABQ43592.1|Yatapoxvirus_tanapox","Oryzopoxvirus|APG58335.1|Unclassified_BeAn58058",2.909554,0.600000,135
"Yatapoxvirus|ABQ43592.1|Yatapoxvirus_tanapox","Parapoxvirus|ASF89976.1|Parapoxvirus_sealpox",9.611543,0.752809,89
"Yatapoxvirus|ABQ43592.1|Yatapoxvirus_tanapox","Vespertilionpoxvirus|ASK51325.1|Vespertilionpoxvirus_eptesipox",6.895801,0.706422,109
"Yatapoxvirus|ABQ43592.1|Yatapoxvirus_tanapox","Centapoxvirus|AST09338.1|Centapoxvirus_microtuspox",4.550959,0.743590,117
"Yatapoxvirus|ABQ43592.1|Yatapoxvirus_tanapox","Centapoxvirus|AST09540.1|Centapoxvirus_microtuspox",4.312860,0.717949,117
"Yatapoxvirus|ABQ43592.1|Yatapoxvirus_tanapox","Cervidpoxvirus|AUI80687.1|Unclassified_white-tailed_deer_poxvirus",1.851316,0.570312,128
"Yatapoxvirus|ABQ43592.1|Yatapoxvirus_tanapox","Mustelpoxvirus|AWU47162.1|Mustelpoxvirus_seaotterpox",9.321942,0.788462,104
"Yatapoxvirus|ABQ43592.1|Yatapoxvirus_tanapox","Cervidpoxvirus|AYC44792.1|Unclassified_moosepox_virus",1.885812,0.563492,126
"Yatapoxvirus|ABQ43592.1|Yatapoxvirus_tanapox","Orthopoxvirus|AYN64713.1|Orthopoxvirus_abatino",5.446652,0.724771,109
"Yatapoxvirus|ABQ43592.1|Yatapoxvirus_tanapox","Orthopoxvirus|CAG7621171.1|Orthopoxvirus_ectomelia",5.459917,0.724771,109
"Yatapoxvirus|ABQ43592.1|Yatapoxvirus_tanapox","Suipoxvirus|NP_570274.1|Suipoxvirus_swinepox",2.138187,0.601504,133
"Yatapoxvirus|ABQ43592.1|Yatapoxvirus_tanapox","Parapoxvirus|Q6TV84|Parapoxvirus_bovinestomatitis",9.757625,0.775281,89
"Yatapoxvirus|ABQ43592.1|Yatapoxvirus_tanapox","Parapoxvirus|Q6TVL6|Parapoxvirus_orf",9.569497,0.733333,90
"Yatapoxvirus|ABQ43592.1|Yatapoxvirus_tanapox","Leporipoxvirus|Q83655|Leporipoxvirus_myxoma",2.101763,0.592593,135
"Yatapoxvirus|ABQ43592.1|Yatapoxvirus_tanapox","unclassified|QDJ95055.1|Unclassified_hypsugopox_virus",7.080679,0.702703,111
"Yatapoxvirus|ABQ43592.1|Yatapoxvirus_tanapox","Orthopoxvirus|QED21266.1|Orthopoxvirus_borealpox",5.324804,0.752294,109
"Yatapoxvirus|ABQ43592.1|Yatapoxvirus_tanapox","Orthopoxvirus|QEQ49703.1|Orthopoxvirus_akhmetapox",5.459646,0.724771,109
"Yatapoxvirus|ABQ43592.1|Yatapoxvirus_tanapox","unclassified|QHG62676.1|Unclassified_cetacean_poxvirus_1",7.386185,0.744681,94
"Yatapoxvirus|ABQ43592.1|Yatapoxvirus_tanapox","unclassified|QHR82657.1|Unclassified_brazilian_porcupinepox_virus_1",2.586062,0.538462,130
"Yatapoxvirus|ABQ43592.1|Yatapoxvirus_tanapox","Avipoxvirus|QZW33596.1|Unclassified_magpiepox_virus_2",8.726039,0.674157,89
"Yatapoxvirus|ABQ43592.1|Yatapoxvirus_tanapox","Capripoxvirus|T2DHX9|Capripoxvirus_sheeppox",1.538024,0.578947,133
"Yatapoxvirus|ABQ43592.1|Yatapoxvirus_tanapox","Orthopoxvirus|V9PXP5|Orthopoxvirus_cowpox",5.459764,0.733945,109
"Yatapoxvirus|ABQ43592.1|Yatapoxvirus_tanapox","unclassified|WGO62741.1|Unclassified_wadden_sea_poxvirus",7.988644,0.656250,96
"Yatapoxvirus|ABQ43592.1|Yatapoxvirus_tanapox","Parapoxvirus|WOC35488.1|Unclassified_equine_parapoxvirus",8.720953,0.736264,91
"Yatapoxvirus|ABQ43592.1|Yatapoxvirus_tanapox","Orthopoxvirus|WWS34253.1|Orthopoxvirus_variola",5.434443,0.715596,109
"Yatapoxvirus|ABQ43592.1|Yatapoxvirus_tanapox","Parapoxvirus|WZD65066.1|Parapoxvirus_pseudocowpox",9.466354,0.744444,90
"Yatapoxvirus|ABQ43592.1|Yatapoxvirus_tanapox","Parapoxvirus|WZD65198.1|Parapoxvirus_pseudocowpox",9.582214,0.747253,91
"Yatapoxvirus|ABQ43592.1|Yatapoxvirus_tanapox","Parapoxvirus|WZD65323.1|Parapoxvirus_pseudocowpox",9.570478,0.769231,91
"Yatapoxvirus|ABQ43592.1|Yatapoxvirus_tanapox","Parapoxvirus|WZD65710.1|Parapoxvirus_bovinestomatitis",9.794758,0.795455,88
"Yatapoxvirus|ABQ43592.1|Yatapoxvirus_tanapox","Parapoxvirus|WZD65840.1|Parapoxvirus_bovinestomatitis",9.827826,0.795455,88
"Yatapoxvirus|ABQ43592.1|Yatapoxvirus_tanapox","Parapoxvirus|WZD65968.1|Parapoxvirus_bovinestomatitis",9.844508,0.797753,89
"Yatapoxvirus|ABQ43592.1|Yatapoxvirus_tanapox","Parapoxvirus|WZD66097.1|Parapoxvirus_bovinestomatitis",9.827043,0.795455,88
"Yatapoxvirus|ABQ43592.1|Yatapoxvirus_tanapox","Capripoxvirus|XKH15810.1|Capripoxvirus_sheeppox",1.559781,0.567164,134
"Yatapoxvirus|ABQ43592.1|Yatapoxvirus_tanapox","Parapoxvirus|XPQ45389.1|Parapoxvirus_orf",9.536354,0.722222,90
"Yatapoxvirus|ABQ43592.1|Yatapoxvirus_tanapox","Leporipoxvirus|YAW79107.1|Leporipoxvirus_myxoma",2.079754,0.585185,135
"Yatapoxvirus|ABQ43592.1|Yatapoxvirus_tanapox","Leporipoxvirus|YBO75993.1|Leporipoxvirus_myxoma",2.126936,0.571429,147
"Yatapoxvirus|ABQ43592.1|Yatapoxvirus_tanapox","Parapoxvirus|YBU52136.1|Parapoxvirus_orf",9.302607,0.733333,90
"Yatapoxvirus|ABQ43592.1|Yatapoxvirus_tanapox","Capripoxvirus|YBU52347.1|Capripoxvirus_sheeppox",1.502367,0.571429,133
"Yatapoxvirus|ABQ43592.1|Yatapoxvirus_tanapox","Capripoxvirus|YCL82046.1|Capripoxvirus_lumpyskinpox",1.538110,0.571429,133
"Yatapoxvirus|ABQ43592.1|Yatapoxvirus_tanapox","Parapoxvirus|YP_003457410.1|Parapoxvirus_pseudocowpox",9.545219,0.747253,91
"Yatapoxvirus|ABQ43592.1|Yatapoxvirus_tanapox","Orthopoxvirus|P20535.1|Orthopoxvirus_vaccinia",5.447288,0.724771,109
"Yatapoxvirus|ABQ43592.1|Yatapoxvirus_tanapox","Parapoxvirus|P26654.1|Parapoxvirus_orf",9.554147,0.719101,89
"Yatapoxvirus|ABQ43592.1|Yatapoxvirus_tanapox","Orthopoxvirus|YFT66960.1|Orthopoxvirus_monkeypox",5.459824,0.733945,109
"Yatapoxvirus|ABQ43592.1|Yatapoxvirus_tanapox","Orthopoxvirus|YFT67316.1|Orthopoxvirus_monkeypox",5.483992,0.733945,109
"Oryzopoxvirus|ADT91144.1|Oryzopoxvirus_cotia","Centapoxvirus|AEN03720.1|Centapoxvirus_yokapox",5.005736,0.628866,97
"Oryzopoxvirus|ADT91144.1|Oryzopoxvirus_cotia","Parapoxvirus|AIZ77355.1|Parapoxvirus_reddeerpox",9.292523,0.786517,89
"Oryzopoxvirus|ADT91144.1|Oryzopoxvirus_cotia","Orthopoxvirus|AKJ93776.1|Orthopoxvirus_raccoonpox",5.544385,0.707965,113
"Oryzopoxvirus|ADT91144.1|Oryzopoxvirus_cotia","Pteropopoxvirus|ANS71206.1|Pteropopoxvirus_pteropox",8.938011,0.731183,93
"Oryzopoxvirus|ADT91144.1|Oryzopoxvirus_cotia","Orthopoxvirus|AOP31836.1|Orthopoxvirus_volepox",5.451389,0.692982,114
"Oryzopoxvirus|ADT91144.1|Oryzopoxvirus_cotia","Oryzopoxvirus|APG58335.1|Unclassified_BeAn58058",0.367655,0.257778,225
"Oryzopoxvirus|ADT91144.1|Oryzopoxvirus_cotia","Parapoxvirus|ASF89976.1|Parapoxvirus_sealpox",9.438258,0.738636,88
"Oryzopoxvirus|ADT91144.1|Oryzopoxvirus_cotia","Vespertilionpoxvirus|ASK51325.1|Vespertilionpoxvirus_eptesipox",6.722516,0.723810,105
"Oryzopoxvirus|ADT91144.1|Oryzopoxvirus_cotia","Centapoxvirus|AST09338.1|Centapoxvirus_microtuspox",4.377674,0.672566,113
"Oryzopoxvirus|ADT91144.1|Oryzopoxvirus_cotia","Centapoxvirus|AST09540.1|Centapoxvirus_microtuspox",4.139575,0.663717,113
"Oryzopoxvirus|ADT91144.1|Oryzopoxvirus_cotia","Cervidpoxvirus|AUI80687.1|Unclassified_white-tailed_deer_poxvirus",1.844931,0.537879,132
"Oryzopoxvirus|ADT91144.1|Oryzopoxvirus_cotia","Mustelpoxvirus|AWU47162.1|Mustelpoxvirus_seaotterpox",9.148657,0.774510,102
"Oryzopoxvirus|ADT91144.1|Oryzopoxvirus_cotia","Cervidpoxvirus|AYC44792.1|Unclassified_moosepox_virus",1.879427,0.538462,130
"Oryzopoxvirus|ADT91144.1|Oryzopoxvirus_cotia","Orthopoxvirus|AYN64713.1|Orthopoxvirus_abatino",5.273368,0.691589,107
"Oryzopoxvirus|ADT91144.1|Oryzopoxvirus_cotia","Orthopoxvirus|CAG7621171.1|Orthopoxvirus_ectomelia",5.286633,0.691589,107
"Oryzopoxvirus|ADT91144.1|Oryzopoxvirus_cotia","Suipoxvirus|NP_570274.1|Suipoxvirus_swinepox",2.036240,0.584507,142
"Oryzopoxvirus|ADT91144.1|Oryzopoxvirus_cotia","Parapoxvirus|Q6TV84|Parapoxvirus_bovinestomatitis",9.584341,0.747126,87
"Oryzopoxvirus|ADT91144.1|Oryzopoxvirus_cotia","Parapoxvirus|Q6TVL6|Parapoxvirus_orf",9.396212,0.741573,89
"Oryzopoxvirus|ADT91144.1|Oryzopoxvirus_cotia","Leporipoxvirus|Q83655|Leporipoxvirus_myxoma",2.627884,0.636364,176
"Oryzopoxvirus|ADT91144.1|Oryzopoxvirus_cotia","unclassified|QDJ95055.1|Unclassified_hypsugopox_virus",6.907394,0.700935,107
"Oryzopoxvirus|ADT91144.1|Oryzopoxvirus_cotia","Orthopoxvirus|QED21266.1|Orthopoxvirus_borealpox",5.151519,0.719626,107
"Oryzopoxvirus|ADT91144.1|Oryzopoxvirus_cotia","Orthopoxvirus|QEQ49703.1|Orthopoxvirus_akhmetapox",5.286362,0.691589,107
"Oryzopoxvirus|ADT91144.1|Oryzopoxvirus_cotia","unclassified|QHG62676.1|Unclassified_cetacean_poxvirus_1",7.212901,0.739130,92
"Oryzopoxvirus|ADT91144.1|Oryzopoxvirus_cotia","unclassified|QHR82657.1|Unclassified_brazilian_porcupinepox_virus_1",1.541170,0.492647,136
"Oryzopoxvirus|ADT91144.1|Oryzopoxvirus_cotia","Avipoxvirus|QZW33596.1|Unclassified_magpiepox_virus_2",8.552755,0.686047,86
"Oryzopoxvirus|ADT91144.1|Oryzopoxvirus_cotia","Capripoxvirus|T2DHX9|Capripoxvirus_sheeppox",2.401881,0.584507,142
"Oryzopoxvirus|ADT91144.1|Oryzopoxvirus_cotia","Orthopoxvirus|V9PXP5|Orthopoxvirus_cowpox",5.286479,0.691589,107
"Oryzopoxvirus|ADT91144.1|Oryzopoxvirus_cotia","unclassified|WGO62741.1|Unclassified_wadden_sea_poxvirus",7.815359,0.715789,95
"Oryzopoxvirus|ADT91144.1|Oryzopoxvirus_cotia","Parapoxvirus|WOC35488.1|Unclassified_equine_parapoxvirus",8.547669,0.744444,90
"Oryzopoxvirus|ADT91144.1|Oryzopoxvirus_cotia","Orthopoxvirus|WWS34253.1|Orthopoxvirus_variola",5.261158,0.691589,107
"Oryzopoxvirus|ADT91144.1|Oryzopoxvirus_cotia","Parapoxvirus|WZD65066.1|Parapoxvirus_pseudocowpox",9.293069,0.730337,89
"Oryzopoxvirus|ADT91144.1|Oryzopoxvirus_cotia","Parapoxvirus|WZD65198.1|Parapoxvirus_pseudocowpox",9.408930,0.755556,90
"Oryzopoxvirus|ADT91144.1|Oryzopoxvirus_cotia","Parapoxvirus|WZD65323.1|Parapoxvirus_pseudocowpox",9.397194,0.777778,90
"Oryzopoxvirus|ADT91144.1|Oryzopoxvirus_cotia","Parapoxvirus|WZD65710.1|Parapoxvirus_bovinestomatitis",9.621473,0.758621,87
"Oryzopoxvirus|ADT91144.1|Oryzopoxvirus_cotia","Parapoxvirus|WZD65840.1|Parapoxvirus_bovinestomatitis",9.654542,0.770115,87
"Oryzopoxvirus|ADT91144.1|Oryzopoxvirus_cotia","Parapoxvirus|WZD65968.1|Parapoxvirus_bovinestomatitis",9.671224,0.758621,87
"Oryzopoxvirus|ADT91144.1|Oryzopoxvirus_cotia","Parapoxvirus|WZD66097.1|Parapoxvirus_bovinestomatitis",9.653758,0.770115,87
"Oryzopoxvirus|ADT91144.1|Oryzopoxvirus_cotia","Capripoxvirus|XKH15810.1|Capripoxvirus_sheeppox",2.423638,0.570423,142
"Oryzopoxvirus|ADT91144.1|Oryzopoxvirus_cotia","Parapoxvirus|XPQ45389.1|Parapoxvirus_orf",9.363069,0.752809,89
"Oryzopoxvirus|ADT91144.1|Oryzopoxvirus_cotia","Leporipoxvirus|YAW79107.1|Leporipoxvirus_myxoma",2.605875,0.636364,176
"Oryzopoxvirus|ADT91144.1|Oryzopoxvirus_cotia","Leporipoxvirus|YBO75993.1|Leporipoxvirus_myxoma",2.653057,0.629834,181
"Oryzopoxvirus|ADT91144.1|Oryzopoxvirus_cotia","Parapoxvirus|YBU52136.1|Parapoxvirus_orf",9.129323,0.741573,89
"Oryzopoxvirus|ADT91144.1|Oryzopoxvirus_cotia","Capripoxvirus|YBU52347.1|Capripoxvirus_sheeppox",2.366224,0.584507,142
"Oryzopoxvirus|ADT91144.1|Oryzopoxvirus_cotia","Capripoxvirus|YCL82046.1|Capripoxvirus_lumpyskinpox",2.401967,0.584507,142
"Oryzopoxvirus|ADT91144.1|Oryzopoxvirus_cotia","Parapoxvirus|YP_003457410.1|Parapoxvirus_pseudocowpox",9.371934,0.755556,90
"Oryzopoxvirus|ADT91144.1|Oryzopoxvirus_cotia","Orthopoxvirus|P20535.1|Orthopoxvirus_vaccinia",5.274003,0.682243,107
"Oryzopoxvirus|ADT91144.1|Oryzopoxvirus_cotia","Parapoxvirus|P26654.1|Parapoxvirus_orf",9.380862,0.750000,88
"Oryzopoxvirus|ADT91144.1|Oryzopoxvirus_cotia","Orthopoxvirus|YFT66960.1|Orthopoxvirus_monkeypox",5.286540,0.700935,107
"Oryzopoxvirus|ADT91144.1|Oryzopoxvirus_cotia","Orthopoxvirus|YFT67316.1|Orthopoxvirus_monkeypox",5.310707,0.700935,107
"Centapoxvirus|AEN03720.1|Centapoxvirus_yokapox","Parapoxvirus|AIZ77355.1|Parapoxvirus_reddeerpox",5.396743,0.658824,85
"Centapoxvirus|AEN03720.1|Centapoxvirus_yokapox","Orthopoxvirus|AKJ93776.1|Orthopoxvirus_raccoonpox",1.648605,0.434343,99
"Centapoxvirus|AEN03720.1|Centapoxvirus_yokapox","Pteropopoxvirus|ANS71206.1|Pteropopoxvirus_pteropox",5.042230,0.670455,88
"Centapoxvirus|AEN03720.1|Centapoxvirus_yokapox","Orthopoxvirus|AOP31836.1|Orthopoxvirus_volepox",1.555608,0.444444,99
"Centapoxvirus|AEN03720.1|Centapoxvirus_yokapox","Oryzopoxvirus|APG58335.1|Unclassified_BeAn58058",4.868914,0.642857,98
"Centapoxvirus|AEN03720.1|Centapoxvirus_yokapox","Parapoxvirus|ASF89976.1|Parapoxvirus_sealpox",5.542478,0.602410,83
"Centapoxvirus|AEN03720.1|Centapoxvirus_yokapox","Vespertilionpoxvirus|ASK51325.1|Vespertilionpoxvirus_eptesipox",2.826736,0.584158,101
"Centapoxvirus|AEN03720.1|Centapoxvirus_yokapox","Centapoxvirus|AST09338.1|Centapoxvirus_microtuspox",0.896998,0.356436,101
"Centapoxvirus|AEN03720.1|Centapoxvirus_yokapox","Centapoxvirus|AST09540.1|Centapoxvirus_microtuspox",0.866165,0.366337,101
"Centapoxvirus|AEN03720.1|Centapoxvirus_yokapox","Cervidpoxvirus|AUI80687.1|Unclassified_white-tailed_deer_poxvirus",3.977576,0.683168,101
"Centapoxvirus|AEN03720.1|Centapoxvirus_yokapox","Mustelpoxvirus|AWU47162.1|Mustelpoxvirus_seaotterpox",5.252877,0.659341,91
"Centapoxvirus|AEN03720.1|Centapoxvirus_yokapox","Cervidpoxvirus|AYC44792.1|Unclassified_moosepox_virus",4.012071,0.690000,100
"Centapoxvirus|AEN03720.1|Centapoxvirus_yokapox","Orthopoxvirus|AYN64713.1|Orthopoxvirus_abatino",1.377587,0.421053,95
"Centapoxvirus|AEN03720.1|Centapoxvirus_yokapox","Orthopoxvirus|CAG7621171.1|Orthopoxvirus_ectomelia",1.390852,0.421053,95
"Centapoxvirus|AEN03720.1|Centapoxvirus_yokapox","Suipoxvirus|NP_570274.1|Suipoxvirus_swinepox",4.168885,0.693069,101
"Centapoxvirus|AEN03720.1|Centapoxvirus_yokapox","Parapoxvirus|Q6TV84|Parapoxvirus_bovinestomatitis",5.688560,0.702381,84
"Centapoxvirus|AEN03720.1|Centapoxvirus_yokapox","Parapoxvirus|Q6TVL6|Parapoxvirus_orf",5.500432,0.682353,85
"Centapoxvirus|AEN03720.1|Centapoxvirus_yokapox","Leporipoxvirus|Q83655|Leporipoxvirus_myxoma",4.760528,0.708333,96
"Centapoxvirus|AEN03720.1|Centapoxvirus_yokapox","unclassified|QDJ95055.1|Unclassified_hypsugopox_virus",3.011614,0.594059,101
"Centapoxvirus|AEN03720.1|Centapoxvirus_yokapox","Orthopoxvirus|QED21266.1|Orthopoxvirus_borealpox",1.255739,0.442105,95
"Centapoxvirus|AEN03720.1|Centapoxvirus_yokapox","Orthopoxvirus|QEQ49703.1|Orthopoxvirus_akhmetapox",1.390581,0.421053,95
"Centapoxvirus|AEN03720.1|Centapoxvirus_yokapox","unclassified|QHG62676.1|Unclassified_cetacean_poxvirus_1",2.982860,0.636364,88
"Centapoxvirus|AEN03720.1|Centapoxvirus_yokapox","unclassified|QHR82657.1|Unclassified_brazilian_porcupinepox_virus_1",4.545422,0.687500,96
"Centapoxvirus|AEN03720.1|Centapoxvirus_yokapox","Avipoxvirus|QZW33596.1|Unclassified_magpiepox_virus_2",4.656974,0.638554,83
"Centapoxvirus|AEN03720.1|Centapoxvirus_yokapox","Capripoxvirus|T2DHX9|Capripoxvirus_sheeppox",4.534525,0.666667,99
"Centapoxvirus|AEN03720.1|Centapoxvirus_yokapox","Orthopoxvirus|V9PXP5|Orthopoxvirus_cowpox",1.390699,0.421053,95
"Centapoxvirus|AEN03720.1|Centapoxvirus_yokapox","unclassified|WGO62741.1|Unclassified_wadden_sea_poxvirus",3.585318,0.636364,88
"Centapoxvirus|AEN03720.1|Centapoxvirus_yokapox","Parapoxvirus|WOC35488.1|Unclassified_equine_parapoxvirus",4.651888,0.674419,86
"Centapoxvirus|AEN03720.1|Centapoxvirus_yokapox","Orthopoxvirus|WWS34253.1|Orthopoxvirus_variola",1.365378,0.431579,95
"Centapoxvirus|AEN03720.1|Centapoxvirus_yokapox","Parapoxvirus|WZD65066.1|Parapoxvirus_pseudocowpox",5.397289,0.694118,85
"Centapoxvirus|AEN03720.1|Centapoxvirus_yokapox","Parapoxvirus|WZD65198.1|Parapoxvirus_pseudocowpox",5.513149,0.697674,86
"Centapoxvirus|AEN03720.1|Centapoxvirus_yokapox","Parapoxvirus|WZD65323.1|Parapoxvirus_pseudocowpox",5.501413,0.697674,86
"Centapoxvirus|AEN03720.1|Centapoxvirus_yokapox","Parapoxvirus|WZD65710.1|Parapoxvirus_bovinestomatitis",5.725692,0.674699,83
"Centapoxvirus|AEN03720.1|Centapoxvirus_yokapox","Parapoxvirus|WZD65840.1|Parapoxvirus_bovinestomatitis",5.758761,0.674699,83
"Centapoxvirus|AEN03720.1|Centapoxvirus_yokapox","Parapoxvirus|WZD65968.1|Parapoxvirus_bovinestomatitis",5.775443,0.678571,84
"Centapoxvirus|AEN03720.1|Centapoxvirus_yokapox","Parapoxvirus|WZD66097.1|Parapoxvirus_bovinestomatitis",5.757978,0.674699,83
"Centapoxvirus|AEN03720.1|Centapoxvirus_yokapox","Capripoxvirus|XKH15810.1|Capripoxvirus_sheeppox",4.556283,0.670000,100
"Centapoxvirus|AEN03720.1|Centapoxvirus_yokapox","Parapoxvirus|XPQ45389.1|Parapoxvirus_orf",5.467289,0.670588,85
"Centapoxvirus|AEN03720.1|Centapoxvirus_yokapox","Leporipoxvirus|YAW79107.1|Leporipoxvirus_myxoma",4.738519,0.708333,96
"Centapoxvirus|AEN03720.1|Centapoxvirus_yokapox","Leporipoxvirus|YBO75993.1|Leporipoxvirus_myxoma",4.785702,0.705882,102
"Centapoxvirus|AEN03720.1|Centapoxvirus_yokapox","Parapoxvirus|YBU52136.1|Parapoxvirus_orf",5.233542,0.670588,85
"Centapoxvirus|AEN03720.1|Centapoxvirus_yokapox","Capripoxvirus|YBU52347.1|Capripoxvirus_sheeppox",4.498869,0.666667,99
"Centapoxvirus|AEN03720.1|Centapoxvirus_yokapox","Capripoxvirus|YCL82046.1|Capripoxvirus_lumpyskinpox",4.534612,0.676768,99
"Centapoxvirus|AEN03720.1|Centapoxvirus_yokapox","Parapoxvirus|YP_003457410.1|Parapoxvirus_pseudocowpox",5.476153,0.674419,86
"Centapoxvirus|AEN03720.1|Centapoxvirus_yokapox","Orthopoxvirus|P20535.1|Orthopoxvirus_vaccinia",1.378223,0.421053,95
"Centapoxvirus|AEN03720.1|Centapoxvirus_yokapox","Parapoxvirus|P26654.1|Parapoxvirus_orf",5.485082,0.705882,85
"Centapoxvirus|AEN03720.1|Centapoxvirus_yokapox","Orthopoxvirus|YFT66960.1|Orthopoxvirus_monkeypox",1.390759,0.410526,95
"Centapoxvirus|AEN03720.1|Centapoxvirus_yokapox","Orthopoxvirus|YFT67316.1|Orthopoxvirus_monkeypox",1.414927,0.410526,95
"Parapoxvirus|AIZ77355.1|Parapoxvirus_reddeerpox","Orthopoxvirus|AKJ93776.1|Orthopoxvirus_raccoonpox",4.467997,0.677778,90
"Parapoxvirus|AIZ77355.1|Parapoxvirus_reddeerpox","Pteropopoxvirus|ANS71206.1|Pteropopoxvirus_pteropox",3.327870,0.636364,88
"Parapoxvirus|AIZ77355.1|Parapoxvirus_reddeerpox","Orthopoxvirus|AOP31836.1|Orthopoxvirus_volepox",4.375001,0.677778,90
"Parapoxvirus|AIZ77355.1|Parapoxvirus_reddeerpox","Oryzopoxvirus|APG58335.1|Unclassified_BeAn58058",9.155702,0.777778,90
"Parapoxvirus|AIZ77355.1|Parapoxvirus_reddeerpox","Parapoxvirus|ASF89976.1|Parapoxvirus_sealpox",0.604737,0.295455,88
"Parapoxvirus|AIZ77355.1|Parapoxvirus_reddeerpox","Vespertilionpoxvirus|ASK51325.1|Vespertilionpoxvirus_eptesipox",4.985257,0.697674,86
"Parapoxvirus|AIZ77355.1|Parapoxvirus_reddeerpox","Centapoxvirus|AST09338.1|Centapoxvirus_microtuspox",5.183786,0.666667,90
"Parapoxvirus|AIZ77355.1|Parapoxvirus_reddeerpox","Centapoxvirus|AST09540.1|Centapoxvirus_microtuspox",5.152953,0.677778,90
"Parapoxvirus|AIZ77355.1|Parapoxvirus_reddeerpox","Cervidpoxvirus|AUI80687.1|Unclassified_white-tailed_deer_poxvirus",8.264364,0.722222,90
"Parapoxvirus|AIZ77355.1|Parapoxvirus_reddeerpox","Mustelpoxvirus|AWU47162.1|Mustelpoxvirus_seaotterpox",3.538517,0.670455,88
"Parapoxvirus|AIZ77355.1|Parapoxvirus_reddeerpox","Cervidpoxvirus|AYC44792.1|Unclassified_moosepox_virus",8.298859,0.730337,89
"Parapoxvirus|AIZ77355.1|Parapoxvirus_reddeerpox","Orthopoxvirus|AYN64713.1|Orthopoxvirus_abatino",4.067461,0.654762,84
"Parapoxvirus|AIZ77355.1|Parapoxvirus_reddeerpox","Orthopoxvirus|CAG7621171.1|Orthopoxvirus_ectomelia",4.080726,0.654762,84
"Parapoxvirus|AIZ77355.1|Parapoxvirus_reddeerpox","Suipoxvirus|NP_570274.1|Suipoxvirus_swinepox",8.455673,0.755556,90
"Parapoxvirus|AIZ77355.1|Parapoxvirus_reddeerpox","Parapoxvirus|Q6TV84|Parapoxvirus_bovinestomatitis",1.243404,0.386364,88
"Parapoxvirus|AIZ77355.1|Parapoxvirus_reddeerpox","Parapoxvirus|Q6TVL6|Parapoxvirus_orf",1.055275,0.377778,90
"Parapoxvirus|AIZ77355.1|Parapoxvirus_reddeerpox","Leporipoxvirus|Q83655|Leporipoxvirus_myxoma",9.047316,0.772727,88
"Parapoxvirus|AIZ77355.1|Parapoxvirus_reddeerpox","unclassified|QDJ95055.1|Unclassified_hypsugopox_virus",5.170135,0.697674,86
"Parapoxvirus|AIZ77355.1|Parapoxvirus_reddeerpox","Orthopoxvirus|QED21266.1|Orthopoxvirus_borealpox",4.219568,0.654762,84
"Parapoxvirus|AIZ77355.1|Parapoxvirus_reddeerpox","Orthopoxvirus|QEQ49703.1|Orthopoxvirus_akhmetapox",4.080455,0.654762,84
"Parapoxvirus|AIZ77355.1|Parapoxvirus_reddeerpox","unclassified|QHG62676.1|Unclassified_cetacean_poxvirus_1",7.603908,0.776471,85
"Parapoxvirus|AIZ77355.1|Parapoxvirus_reddeerpox","unclassified|QHR82657.1|Unclassified_brazilian_porcupinepox_virus_1",8.832210,0.738636,88
"Parapoxvirus|AIZ77355.1|Parapoxvirus_reddeerpox","Avipoxvirus|QZW33596.1|Unclassified_magpiepox_virus_2",4.224284,0.662500,80
"Parapoxvirus|AIZ77355.1|Parapoxvirus_reddeerpox","Capripoxvirus|T2DHX9|Capripoxvirus_sheeppox",8.821313,0.755556,90
"Parapoxvirus|AIZ77355.1|Parapoxvirus_reddeerpox","Orthopoxvirus|V9PXP5|Orthopoxvirus_cowpox",4.006050,0.678571,84
"Parapoxvirus|AIZ77355.1|Parapoxvirus_reddeerpox","unclassified|WGO62741.1|Unclassified_wadden_sea_poxvirus",8.206366,0.776471,85
"Parapoxvirus|AIZ77355.1|Parapoxvirus_reddeerpox","Parapoxvirus|WOC35488.1|Unclassified_equine_parapoxvirus",1.104148,0.422222,90
"Parapoxvirus|AIZ77355.1|Parapoxvirus_reddeerpox","Orthopoxvirus|WWS34253.1|Orthopoxvirus_variola",4.055251,0.666667,84
"Parapoxvirus|AIZ77355.1|Parapoxvirus_reddeerpox","Parapoxvirus|WZD65066.1|Parapoxvirus_pseudocowpox",0.952132,0.388889,90
"Parapoxvirus|AIZ77355.1|Parapoxvirus_reddeerpox","Parapoxvirus|WZD65198.1|Parapoxvirus_pseudocowpox",1.067992,0.411111,90
"Parapoxvirus|AIZ77355.1|Parapoxvirus_reddeerpox","Parapoxvirus|WZD65323.1|Parapoxvirus_pseudocowpox",1.056256,0.388889,90
"Parapoxvirus|AIZ77355.1|Parapoxvirus_reddeerpox","Parapoxvirus|WZD65710.1|Parapoxvirus_bovinestomatitis",1.280536,0.352273,88
"Parapoxvirus|AIZ77355.1|Parapoxvirus_reddeerpox","Parapoxvirus|WZD65840.1|Parapoxvirus_bovinestomatitis",1.313604,0.352273,88
"Parapoxvirus|AIZ77355.1|Parapoxvirus_reddeerpox","Parapoxvirus|WZD65968.1|Parapoxvirus_bovinestomatitis",1.330286,0.375000,88
"Parapoxvirus|AIZ77355.1|Parapoxvirus_reddeerpox","Parapoxvirus|WZD66097.1|Parapoxvirus_bovinestomatitis",1.312821,0.352273,88
"Parapoxvirus|AIZ77355.1|Parapoxvirus_reddeerpox","Capripoxvirus|XKH15810.1|Capripoxvirus_sheeppox",8.843070,0.755556,90
"Parapoxvirus|AIZ77355.1|Parapoxvirus_reddeerpox","Parapoxvirus|XPQ45389.1|Parapoxvirus_orf",1.022132,0.366667,90
"Parapoxvirus|AIZ77355.1|Parapoxvirus_reddeerpox","Leporipoxvirus|YAW79107.1|Leporipoxvirus_myxoma",9.025307,0.772727,88
"Parapoxvirus|AIZ77355.1|Parapoxvirus_reddeerpox","Leporipoxvirus|YBO75993.1|Leporipoxvirus_myxoma",9.072489,0.766667,90
"Parapoxvirus|AIZ77355.1|Parapoxvirus_reddeerpox","Parapoxvirus|YBU52136.1|Parapoxvirus_orf",0.788385,0.344444,90
"Parapoxvirus|AIZ77355.1|Parapoxvirus_reddeerpox","Capripoxvirus|YBU52347.1|Capripoxvirus_sheeppox",8.785657,0.766667,90
"Parapoxvirus|AIZ77355.1|Parapoxvirus_reddeerpox","Capripoxvirus|YCL82046.1|Capripoxvirus_lumpyskinpox",8.821400,0.777778,90
"Parapoxvirus|AIZ77355.1|Parapoxvirus_reddeerpox","Parapoxvirus|YP_003457410.1|Parapoxvirus_pseudocowpox",1.030997,0.400000,90
"Parapoxvirus|AIZ77355.1|Parapoxvirus_reddeerpox","Orthopoxvirus|P20535.1|Orthopoxvirus_vaccinia",4.068097,0.654762,84
"Parapoxvirus|AIZ77355.1|Parapoxvirus_reddeerpox","Parapoxvirus|P26654.1|Parapoxvirus_orf",1.039925,0.359551,89
"Parapoxvirus|AIZ77355.1|Parapoxvirus_reddeerpox","Orthopoxvirus|YFT66960.1|Orthopoxvirus_monkeypox",4.105250,0.666667,84
"Parapoxvirus|AIZ77355.1|Parapoxvirus_reddeerpox","Orthopoxvirus|YFT67316.1|Orthopoxvirus_monkeypox",4.129418,0.666667,84
"Orthopoxvirus|AKJ93776.1|Orthopoxvirus_raccoonpox","Pteropopoxvirus|ANS71206.1|Pteropopoxvirus_pteropox",4.113485,0.656250,96
"Orthopoxvirus|AKJ93776.1|Orthopoxvirus_raccoonpox","Orthopoxvirus|AOP31836.1|Orthopoxvirus_volepox",0.257369,0.168067,119
"Orthopoxvirus|AKJ93776.1|Orthopoxvirus_raccoonpox","Oryzopoxvirus|APG58335.1|Unclassified_BeAn58058",5.407564,0.692982,114
"Orthopoxvirus|AKJ93776.1|Orthopoxvirus_raccoonpox","Parapoxvirus|ASF89976.1|Parapoxvirus_sealpox",4.613732,0.651685,89
"Orthopoxvirus|AKJ93776.1|Orthopoxvirus_raccoonpox","Vespertilionpoxvirus|ASK51325.1|Vespertilionpoxvirus_eptesipox",1.897990,0.523810,105
"Orthopoxvirus|AKJ93776.1|Orthopoxvirus_raccoonpox","Centapoxvirus|AST09338.1|Centapoxvirus_microtuspox",1.435648,0.408696,115
"Orthopoxvirus|AKJ93776.1|Orthopoxvirus_raccoonpox","Centapoxvirus|AST09540.1|Centapoxvirus_microtuspox",1.404815,0.426087,115
"Orthopoxvirus|AKJ93776.1|Orthopoxvirus_raccoonpox","Cervidpoxvirus|AUI80687.1|Unclassified_white-tailed_deer_poxvirus",4.516226,0.739130,115
"Orthopoxvirus|AKJ93776.1|Orthopoxvirus_raccoonpox","Mustelpoxvirus|AWU47162.1|Mustelpoxvirus_seaotterpox",4.324131,0.707547,106
"Orthopoxvirus|AKJ93776.1|Orthopoxvirus_raccoonpox","Cervidpoxvirus|AYC44792.1|Unclassified_moosepox_virus",4.550721,0.745614,114
"Orthopoxvirus|AKJ93776.1|Orthopoxvirus_raccoonpox","Orthopoxvirus|AYN64713.1|Orthopoxvirus_abatino",0.448842,0.183486,109
"Orthopoxvirus|AKJ93776.1|Orthopoxvirus_raccoonpox","Orthopoxvirus|CAG7621171.1|Orthopoxvirus_ectomelia",0.462107,0.183486,109
"Orthopoxvirus|AKJ93776.1|Orthopoxvirus_raccoonpox","Suipoxvirus|NP_570274.1|Suipoxvirus_swinepox",4.707534,0.747826,115
"Orthopoxvirus|AKJ93776.1|Orthopoxvirus_raccoonpox","Parapoxvirus|Q6TV84|Parapoxvirus_bovinestomatitis",4.759815,0.707865,89
"Orthopoxvirus|AKJ93776.1|Orthopoxvirus_raccoonpox","Parapoxvirus|Q6TVL6|Parapoxvirus_orf",4.571686,0.688889,90
"Orthopoxvirus|AKJ93776.1|Orthopoxvirus_raccoonpox","Leporipoxvirus|Q83655|Leporipoxvirus_myxoma",5.299178,0.758929,112
"Orthopoxvirus|AKJ93776.1|Orthopoxvirus_raccoonpox","unclassified|QDJ95055.1|Unclassified_hypsugopox_virus",2.082868,0.556604,106
"Orthopoxvirus|AKJ93776.1|Orthopoxvirus_raccoonpox","Orthopoxvirus|QED21266.1|Orthopoxvirus_borealpox",0.471430,0.174312,109
"Orthopoxvirus|AKJ93776.1|Orthopoxvirus_raccoonpox","Orthopoxvirus|QEQ49703.1|Orthopoxvirus_akhmetapox",0.461836,0.183486,109
"Orthopoxvirus|AKJ93776.1|Orthopoxvirus_raccoonpox","unclassified|QHG62676.1|Unclassified_cetacean_poxvirus_1",3.855770,0.659341,91
"Orthopoxvirus|AKJ93776.1|Orthopoxvirus_raccoonpox","unclassified|QHR82657.1|Unclassified_brazilian_porcupinepox_virus_1",5.084071,0.741071,112
"Orthopoxvirus|AKJ93776.1|Orthopoxvirus_raccoonpox","Avipoxvirus|QZW33596.1|Unclassified_magpiepox_virus_2",3.728229,0.611765,85
"Orthopoxvirus|AKJ93776.1|Orthopoxvirus_raccoonpox","Capripoxvirus|T2DHX9|Capripoxvirus_sheeppox",5.073175,0.739130,115
"Orthopoxvirus|AKJ93776.1|Orthopoxvirus_raccoonpox","Orthopoxvirus|V9PXP5|Orthopoxvirus_cowpox",0.461953,0.201835,109
"Orthopoxvirus|AKJ93776.1|Orthopoxvirus_raccoonpox","unclassified|WGO62741.1|Unclassified_wadden_sea_poxvirus",4.458228,0.670330,91
"Orthopoxvirus|AKJ93776.1|Orthopoxvirus_raccoonpox","Parapoxvirus|WOC35488.1|Unclassified_equine_parapoxvirus",3.723143,0.681319,91
"Orthopoxvirus|AKJ93776.1|Orthopoxvirus_raccoonpox","Orthopoxvirus|WWS34253.1|Orthopoxvirus_variola",0.436632,0.183486,109
"Orthopoxvirus|AKJ93776.1|Orthopoxvirus_raccoonpox","Parapoxvirus|WZD65066.1|Parapoxvirus_pseudocowpox",4.468543,0.688889,90
"Orthopoxvirus|AKJ93776.1|Orthopoxvirus_raccoonpox","Parapoxvirus|WZD65198.1|Parapoxvirus_pseudocowpox",4.584404,0.703297,91
"Orthopoxvirus|AKJ93776.1|Orthopoxvirus_raccoonpox","Parapoxvirus|WZD65323.1|Parapoxvirus_pseudocowpox",4.572667,0.692308,91
"Orthopoxvirus|AKJ93776.1|Orthopoxvirus_raccoonpox","Parapoxvirus|WZD65710.1|Parapoxvirus_bovinestomatitis",4.796947,0.693182,88
"Orthopoxvirus|AKJ93776.1|Orthopoxvirus_raccoonpox","Parapoxvirus|WZD65840.1|Parapoxvirus_bovinestomatitis",4.830016,0.693182,88
"Orthopoxvirus|AKJ93776.1|Orthopoxvirus_raccoonpox","Parapoxvirus|WZD65968.1|Parapoxvirus_bovinestomatitis",4.846698,0.707865,89
"Orthopoxvirus|AKJ93776.1|Orthopoxvirus_raccoonpox","Parapoxvirus|WZD66097.1|Parapoxvirus_bovinestomatitis",4.829232,0.704545,88
"Orthopoxvirus|AKJ93776.1|Orthopoxvirus_raccoonpox","Capripoxvirus|XKH15810.1|Capripoxvirus_sheeppox",5.094932,0.739130,115
"Orthopoxvirus|AKJ93776.1|Orthopoxvirus_raccoonpox","Parapoxvirus|XPQ45389.1|Parapoxvirus_orf",4.538543,0.688889,90
"Orthopoxvirus|AKJ93776.1|Orthopoxvirus_raccoonpox","Leporipoxvirus|YAW79107.1|Leporipoxvirus_myxoma",5.277169,0.758929,112
"Orthopoxvirus|AKJ93776.1|Orthopoxvirus_raccoonpox","Leporipoxvirus|YBO75993.1|Leporipoxvirus_myxoma",5.324351,0.765217,115
"Orthopoxvirus|AKJ93776.1|Orthopoxvirus_raccoonpox","Parapoxvirus|YBU52136.1|Parapoxvirus_orf",4.304796,0.677778,90
"Orthopoxvirus|AKJ93776.1|Orthopoxvirus_raccoonpox","Capripoxvirus|YBU52347.1|Capripoxvirus_sheeppox",5.037519,0.730435,115
"Orthopoxvirus|AKJ93776.1|Orthopoxvirus_raccoonpox","Capripoxvirus|YCL82046.1|Capripoxvirus_lumpyskinpox",5.073262,0.730435,115
"Orthopoxvirus|AKJ93776.1|Orthopoxvirus_raccoonpox","Parapoxvirus|YP_003457410.1|Parapoxvirus_pseudocowpox",4.547408,0.681319,91
"Orthopoxvirus|AKJ93776.1|Orthopoxvirus_raccoonpox","Orthopoxvirus|P20535.1|Orthopoxvirus_vaccinia",0.449477,0.183486,109
"Orthopoxvirus|AKJ93776.1|Orthopoxvirus_raccoonpox","Parapoxvirus|P26654.1|Parapoxvirus_orf",4.556336,0.707865,89
"Orthopoxvirus|AKJ93776.1|Orthopoxvirus_raccoonpox","Orthopoxvirus|YFT66960.1|Orthopoxvirus_monkeypox",0.462014,0.201835,109
"Orthopoxvirus|AKJ93776.1|Orthopoxvirus_raccoonpox","Orthopoxvirus|YFT67316.1|Orthopoxvirus_monkeypox",0.486181,0.211009,109
"Pteropopoxvirus|ANS71206.1|Pteropopoxvirus_pteropox","Orthopoxvirus|AOP31836.1|Orthopoxvirus_volepox",4.020488,0.625000,96
"Pteropopoxvirus|ANS71206.1|Pteropopoxvirus_pteropox","Oryzopoxvirus|APG58335.1|Unclassified_BeAn58058",8.801189,0.723404,94
"Pteropopoxvirus|ANS71206.1|Pteropopoxvirus_pteropox","Parapoxvirus|ASF89976.1|Parapoxvirus_sealpox",3.473605,0.666667,87
"Pteropopoxvirus|ANS71206.1|Pteropopoxvirus_pteropox","Vespertilionpoxvirus|ASK51325.1|Vespertilionpoxvirus_eptesipox",4.630744,0.662921,89
"Pteropopoxvirus|ANS71206.1|Pteropopoxvirus_pteropox","Centapoxvirus|AST09338.1|Centapoxvirus_microtuspox",4.829273,0.723404,94
"Pteropopoxvirus|ANS71206.1|Pteropopoxvirus_pteropox","Centapoxvirus|AST09540.1|Centapoxvirus_microtuspox",4.798440,0.712766,94
"Pteropopoxvirus|ANS71206.1|Pteropopoxvirus_pteropox","Cervidpoxvirus|AUI80687.1|Unclassified_white-tailed_deer_poxvirus",7.909851,0.776596,94
"Pteropopoxvirus|ANS71206.1|Pteropopoxvirus_pteropox","Mustelpoxvirus|AWU47162.1|Mustelpoxvirus_seaotterpox",0.997947,0.418367,98
"Pteropopoxvirus|ANS71206.1|Pteropopoxvirus_pteropox","Cervidpoxvirus|AYC44792.1|Unclassified_moosepox_virus",7.944347,0.774194,93
"Pteropopoxvirus|ANS71206.1|Pteropopoxvirus_pteropox","Orthopoxvirus|AYN64713.1|Orthopoxvirus_abatino",3.712948,0.636364,88
"Pteropopoxvirus|ANS71206.1|Pteropopoxvirus_pteropox","Orthopoxvirus|CAG7621171.1|Orthopoxvirus_ectomelia",3.726213,0.625000,88
"Pteropopoxvirus|ANS71206.1|Pteropopoxvirus_pteropox","Suipoxvirus|NP_570274.1|Suipoxvirus_swinepox",8.101160,0.744681,94
"Pteropopoxvirus|ANS71206.1|Pteropopoxvirus_pteropox","Parapoxvirus|Q6TV84|Parapoxvirus_bovinestomatitis",3.619687,0.674419,86
"Pteropopoxvirus|ANS71206.1|Pteropopoxvirus_pteropox","Parapoxvirus|Q6TVL6|Parapoxvirus_orf",3.431559,0.659091,88
"Pteropopoxvirus|ANS71206.1|Pteropopoxvirus_pteropox","Leporipoxvirus|Q83655|Leporipoxvirus_myxoma",8.692803,0.750000,92
"Pteropopoxvirus|ANS71206.1|Pteropopoxvirus_pteropox","unclassified|QDJ95055.1|Unclassified_hypsugopox_virus",4.815622,0.644444,90
"Pteropopoxvirus|ANS71206.1|Pteropopoxvirus_pteropox","Orthopoxvirus|QED21266.1|Orthopoxvirus_borealpox",3.865056,0.636364,88
"Pteropopoxvirus|ANS71206.1|Pteropopoxvirus_pteropox","Orthopoxvirus|QEQ49703.1|Orthopoxvirus_akhmetapox",3.725942,0.625000,88
"Pteropopoxvirus|ANS71206.1|Pteropopoxvirus_pteropox","unclassified|QHG62676.1|Unclassified_cetacean_poxvirus_1",7.249395,0.735632,87
"Pteropopoxvirus|ANS71206.1|Pteropopoxvirus_pteropox","unclassified|QHR82657.1|Unclassified_brazilian_porcupinepox_virus_1",8.477697,0.793478,92
"Pteropopoxvirus|ANS71206.1|Pteropopoxvirus_pteropox","Avipoxvirus|QZW33596.1|Unclassified_magpiepox_virus_2",3.869771,0.725000,80
"Pteropopoxvirus|ANS71206.1|Pteropopoxvirus_pteropox","Capripoxvirus|T2DHX9|Capripoxvirus_sheeppox",8.466801,0.776596,94
"Pteropopoxvirus|ANS71206.1|Pteropopoxvirus_pteropox","Orthopoxvirus|V9PXP5|Orthopoxvirus_cowpox",3.651537,0.636364,88
"Pteropopoxvirus|ANS71206.1|Pteropopoxvirus_pteropox","unclassified|WGO62741.1|Unclassified_wadden_sea_poxvirus",7.851854,0.770115,87
"Pteropopoxvirus|ANS71206.1|Pteropopoxvirus_pteropox","Parapoxvirus|WOC35488.1|Unclassified_equine_parapoxvirus",2.583015,0.595506,89
"Pteropopoxvirus|ANS71206.1|Pteropopoxvirus_pteropox","Orthopoxvirus|WWS34253.1|Orthopoxvirus_variola",3.700739,0.636364,88
"Pteropopoxvirus|ANS71206.1|Pteropopoxvirus_pteropox","Parapoxvirus|WZD65066.1|Parapoxvirus_pseudocowpox",3.328416,0.681818,88
"Pteropopoxvirus|ANS71206.1|Pteropopoxvirus_pteropox","Parapoxvirus|WZD65198.1|Parapoxvirus_pseudocowpox",3.444276,0.685393,89
"Pteropopoxvirus|ANS71206.1|Pteropopoxvirus_pteropox","Parapoxvirus|WZD65323.1|Parapoxvirus_pseudocowpox",3.432540,0.685393,89
"Pteropopoxvirus|ANS71206.1|Pteropopoxvirus_pteropox","Parapoxvirus|WZD65710.1|Parapoxvirus_bovinestomatitis",3.656819,0.686047,86
"Pteropopoxvirus|ANS71206.1|Pteropopoxvirus_pteropox","Parapoxvirus|WZD65840.1|Parapoxvirus_bovinestomatitis",3.689888,0.697674,86
"Pteropopoxvirus|ANS71206.1|Pteropopoxvirus_pteropox","Parapoxvirus|WZD65968.1|Parapoxvirus_bovinestomatitis",3.706570,0.697674,86
"Pteropopoxvirus|ANS71206.1|Pteropopoxvirus_pteropox","Parapoxvirus|WZD66097.1|Parapoxvirus_bovinestomatitis",3.689105,0.697674,86
"Pteropopoxvirus|ANS71206.1|Pteropopoxvirus_pteropox","Capripoxvirus|XKH15810.1|Capripoxvirus_sheeppox",8.488558,0.776596,94
"Pteropopoxvirus|ANS71206.1|Pteropopoxvirus_pteropox","Parapoxvirus|XPQ45389.1|Parapoxvirus_orf",3.398416,0.659091,88
"Pteropopoxvirus|ANS71206.1|Pteropopoxvirus_pteropox","Leporipoxvirus|YAW79107.1|Leporipoxvirus_myxoma",8.670794,0.750000,92
"Pteropopoxvirus|ANS71206.1|Pteropopoxvirus_pteropox","Leporipoxvirus|YBO75993.1|Leporipoxvirus_myxoma",8.717977,0.734043,94
"Pteropopoxvirus|ANS71206.1|Pteropopoxvirus_pteropox","Parapoxvirus|YBU52136.1|Parapoxvirus_orf",3.164669,0.647727,88
"Pteropopoxvirus|ANS71206.1|Pteropopoxvirus_pteropox","Capripoxvirus|YBU52347.1|Capripoxvirus_sheeppox",8.431144,0.776596,94
"Pteropopoxvirus|ANS71206.1|Pteropopoxvirus_pteropox","Capripoxvirus|YCL82046.1|Capripoxvirus_lumpyskinpox",8.466887,0.776596,94
"Pteropopoxvirus|ANS71206.1|Pteropopoxvirus_pteropox","Parapoxvirus|YP_003457410.1|Parapoxvirus_pseudocowpox",3.407280,0.685393,89
"Pteropopoxvirus|ANS71206.1|Pteropopoxvirus_pteropox","Orthopoxvirus|P20535.1|Orthopoxvirus_vaccinia",3.713584,0.625000,88
"Pteropopoxvirus|ANS71206.1|Pteropopoxvirus_pteropox","Parapoxvirus|P26654.1|Parapoxvirus_orf",3.416209,0.643678,87
"Pteropopoxvirus|ANS71206.1|Pteropopoxvirus_pteropox","Orthopoxvirus|YFT66960.1|Orthopoxvirus_monkeypox",3.750738,0.636364,88
"Pteropopoxvirus|ANS71206.1|Pteropopoxvirus_pteropox","Orthopoxvirus|YFT67316.1|Orthopoxvirus_monkeypox",3.774905,0.636364,88
"Orthopoxvirus|AOP31836.1|Orthopoxvirus_volepox","Oryzopoxvirus|APG58335.1|Unclassified_BeAn58058",5.314567,0.660870,115
"Orthopoxvirus|AOP31836.1|Orthopoxvirus_volepox","Parapoxvirus|ASF89976.1|Parapoxvirus_sealpox",4.520735,0.662921,89
"Orthopoxvirus|AOP31836.1|Orthopoxvirus_volepox","Vespertilionpoxvirus|ASK51325.1|Vespertilionpoxvirus_eptesipox",1.804993,0.495238,105
"Orthopoxvirus|AOP31836.1|Orthopoxvirus_volepox","Centapoxvirus|AST09338.1|Centapoxvirus_microtuspox",1.342651,0.443478,115
"Orthopoxvirus|AOP31836.1|Orthopoxvirus_volepox","Centapoxvirus|AST09540.1|Centapoxvirus_microtuspox",1.311818,0.426087,115
"Orthopoxvirus|AOP31836.1|Orthopoxvirus_volepox","Cervidpoxvirus|AUI80687.1|Unclassified_white-tailed_deer_poxvirus",4.423229,0.715517,116
"Orthopoxvirus|AOP31836.1|Orthopoxvirus_volepox","Mustelpoxvirus|AWU47162.1|Mustelpoxvirus_seaotterpox",4.231135,0.669811,106
"Orthopoxvirus|AOP31836.1|Orthopoxvirus_volepox","Cervidpoxvirus|AYC44792.1|Unclassified_moosepox_virus",4.457724,0.721739,115
"Orthopoxvirus|AOP31836.1|Orthopoxvirus_volepox","Orthopoxvirus|AYN64713.1|Orthopoxvirus_abatino",0.355845,0.181818,110
"Orthopoxvirus|AOP31836.1|Orthopoxvirus_volepox","Orthopoxvirus|CAG7621171.1|Orthopoxvirus_ectomelia",0.369110,0.181818,110
"Orthopoxvirus|AOP31836.1|Orthopoxvirus_volepox","Suipoxvirus|NP_570274.1|Suipoxvirus_swinepox",4.614538,0.724138,116
"Orthopoxvirus|AOP31836.1|Orthopoxvirus_volepox","Parapoxvirus|Q6TV84|Parapoxvirus_bovinestomatitis",4.666818,0.685393,89
"Orthopoxvirus|AOP31836.1|Orthopoxvirus_volepox","Parapoxvirus|Q6TVL6|Parapoxvirus_orf",4.478690,0.688889,90
"Orthopoxvirus|AOP31836.1|Orthopoxvirus_volepox","Leporipoxvirus|Q83655|Leporipoxvirus_myxoma",5.206181,0.725664,113
"Orthopoxvirus|AOP31836.1|Orthopoxvirus_volepox","unclassified|QDJ95055.1|Unclassified_hypsugopox_virus",1.989872,0.528302,106
"Orthopoxvirus|AOP31836.1|Orthopoxvirus_volepox","Orthopoxvirus|QED21266.1|Orthopoxvirus_borealpox",0.378434,0.200000,110
"Orthopoxvirus|AOP31836.1|Orthopoxvirus_volepox","Orthopoxvirus|QEQ49703.1|Orthopoxvirus_akhmetapox",0.368839,0.190909,110
"Orthopoxvirus|AOP31836.1|Orthopoxvirus_volepox","unclassified|QHG62676.1|Unclassified_cetacean_poxvirus_1",3.762773,0.648352,91
"Orthopoxvirus|AOP31836.1|Orthopoxvirus_volepox","unclassified|QHR82657.1|Unclassified_brazilian_porcupinepox_virus_1",4.991075,0.725664,113
"Orthopoxvirus|AOP31836.1|Orthopoxvirus_volepox","Avipoxvirus|QZW33596.1|Unclassified_magpiepox_virus_2",3.635232,0.600000,85
"Orthopoxvirus|AOP31836.1|Orthopoxvirus_volepox","Capripoxvirus|T2DHX9|Capripoxvirus_sheeppox",4.980178,0.750000,116
"Orthopoxvirus|AOP31836.1|Orthopoxvirus_volepox","Orthopoxvirus|V9PXP5|Orthopoxvirus_cowpox",0.368956,0.190909,110
"Orthopoxvirus|AOP31836.1|Orthopoxvirus_volepox","unclassified|WGO62741.1|Unclassified_wadden_sea_poxvirus",4.365232,0.681319,91
"Orthopoxvirus|AOP31836.1|Orthopoxvirus_volepox","Parapoxvirus|WOC35488.1|Unclassified_equine_parapoxvirus",3.630146,0.677419,93
"Orthopoxvirus|AOP31836.1|Orthopoxvirus_volepox","Orthopoxvirus|WWS34253.1|Orthopoxvirus_variola",0.343635,0.181818,110
"Orthopoxvirus|AOP31836.1|Orthopoxvirus_volepox","Parapoxvirus|WZD65066.1|Parapoxvirus_pseudocowpox",4.375546,0.666667,90
"Orthopoxvirus|AOP31836.1|Orthopoxvirus_volepox","Parapoxvirus|WZD65198.1|Parapoxvirus_pseudocowpox",4.491407,0.681319,91
"Orthopoxvirus|AOP31836.1|Orthopoxvirus_volepox","Parapoxvirus|WZD65323.1|Parapoxvirus_pseudocowpox",4.479671,0.681319,91
"Orthopoxvirus|AOP31836.1|Orthopoxvirus_volepox","Parapoxvirus|WZD65710.1|Parapoxvirus_bovinestomatitis",4.703950,0.693182,88
"Orthopoxvirus|AOP31836.1|Orthopoxvirus_volepox","Parapoxvirus|WZD65840.1|Parapoxvirus_bovinestomatitis",4.737019,0.693182,88
"Orthopoxvirus|AOP31836.1|Orthopoxvirus_volepox","Parapoxvirus|WZD65968.1|Parapoxvirus_bovinestomatitis",4.753701,0.707865,89
"Orthopoxvirus|AOP31836.1|Orthopoxvirus_volepox","Parapoxvirus|WZD66097.1|Parapoxvirus_bovinestomatitis",4.736235,0.704545,88
"Orthopoxvirus|AOP31836.1|Orthopoxvirus_volepox","Capripoxvirus|XKH15810.1|Capripoxvirus_sheeppox",5.001935,0.750000,116
"Orthopoxvirus|AOP31836.1|Orthopoxvirus_volepox","Parapoxvirus|XPQ45389.1|Parapoxvirus_orf",4.445546,0.677778,90
"Orthopoxvirus|AOP31836.1|Orthopoxvirus_volepox","Leporipoxvirus|YAW79107.1|Leporipoxvirus_myxoma",5.184172,0.725664,113
"Orthopoxvirus|AOP31836.1|Orthopoxvirus_volepox","Leporipoxvirus|YBO75993.1|Leporipoxvirus_myxoma",5.231354,0.724138,116
"Orthopoxvirus|AOP31836.1|Orthopoxvirus_volepox","Parapoxvirus|YBU52136.1|Parapoxvirus_orf",4.211800,0.677778,90
"Orthopoxvirus|AOP31836.1|Orthopoxvirus_volepox","Capripoxvirus|YBU52347.1|Capripoxvirus_sheeppox",4.944522,0.741379,116
"Orthopoxvirus|AOP31836.1|Orthopoxvirus_volepox","Capripoxvirus|YCL82046.1|Capripoxvirus_lumpyskinpox",4.980265,0.732759,116
"Orthopoxvirus|AOP31836.1|Orthopoxvirus_volepox","Parapoxvirus|YP_003457410.1|Parapoxvirus_pseudocowpox",4.454411,0.681319,91
"Orthopoxvirus|AOP31836.1|Orthopoxvirus_volepox","Orthopoxvirus|P20535.1|Orthopoxvirus_vaccinia",0.356480,0.190909,110
"Orthopoxvirus|AOP31836.1|Orthopoxvirus_volepox","Parapoxvirus|P26654.1|Parapoxvirus_orf",4.463339,0.685393,89
"Orthopoxvirus|AOP31836.1|Orthopoxvirus_volepox","Orthopoxvirus|YFT66960.1|Orthopoxvirus_monkeypox",0.369017,0.200000,110
"Orthopoxvirus|AOP31836.1|Orthopoxvirus_volepox","Orthopoxvirus|YFT67316.1|Orthopoxvirus_monkeypox",0.393184,0.209091,110
"Oryzopoxvirus|APG58335.1|Unclassified_BeAn58058","Parapoxvirus|ASF89976.1|Parapoxvirus_sealpox",9.301437,0.752809,89
"Oryzopoxvirus|APG58335.1|Unclassified_BeAn58058","Vespertilionpoxvirus|ASK51325.1|Vespertilionpoxvirus_eptesipox",6.585695,0.728972,107
"Oryzopoxvirus|APG58335.1|Unclassified_BeAn58058","Centapoxvirus|AST09338.1|Centapoxvirus_microtuspox",4.240853,0.666667,114
"Oryzopoxvirus|APG58335.1|Unclassified_BeAn58058","Centapoxvirus|AST09540.1|Centapoxvirus_microtuspox",4.002754,0.649123,114
"Oryzopoxvirus|APG58335.1|Unclassified_BeAn58058","Cervidpoxvirus|AUI80687.1|Unclassified_white-tailed_deer_poxvirus",1.708110,0.530303,132
"Oryzopoxvirus|APG58335.1|Unclassified_BeAn58058","Mustelpoxvirus|AWU47162.1|Mustelpoxvirus_seaotterpox",9.011836,0.766990,103
"Oryzopoxvirus|APG58335.1|Unclassified_BeAn58058","Cervidpoxvirus|AYC44792.1|Unclassified_moosepox_virus",1.742606,0.534351,131
"Oryzopoxvirus|APG58335.1|Unclassified_BeAn58058","Orthopoxvirus|AYN64713.1|Orthopoxvirus_abatino",5.136546,0.666667,108
"Oryzopoxvirus|APG58335.1|Unclassified_BeAn58058","Orthopoxvirus|CAG7621171.1|Orthopoxvirus_ectomelia",5.149811,0.666667,108
"Oryzopoxvirus|APG58335.1|Unclassified_BeAn58058","Suipoxvirus|NP_570274.1|Suipoxvirus_swinepox",1.899419,0.563380,142
"Oryzopoxvirus|APG58335.1|Unclassified_BeAn58058","Parapoxvirus|Q6TV84|Parapoxvirus_bovinestomatitis",9.447519,0.727273,88
"Oryzopoxvirus|APG58335.1|Unclassified_BeAn58058","Parapoxvirus|Q6TVL6|Parapoxvirus_orf",9.259391,0.722222,90
"Oryzopoxvirus|APG58335.1|Unclassified_BeAn58058","Leporipoxvirus|Q83655|Leporipoxvirus_myxoma",2.491062,0.643678,174
"Oryzopoxvirus|APG58335.1|Unclassified_BeAn58058","unclassified|QDJ95055.1|Unclassified_hypsugopox_virus",6.770573,0.706422,109
"Oryzopoxvirus|APG58335.1|Unclassified_BeAn58058","Orthopoxvirus|QED21266.1|Orthopoxvirus_borealpox",5.014698,0.685185,108
"Oryzopoxvirus|APG58335.1|Unclassified_BeAn58058","Orthopoxvirus|QEQ49703.1|Orthopoxvirus_akhmetapox",5.149540,0.666667,108
"Oryzopoxvirus|APG58335.1|Unclassified_BeAn58058","unclassified|QHG62676.1|Unclassified_cetacean_poxvirus_1",7.076079,0.731183,93
"Oryzopoxvirus|APG58335.1|Unclassified_BeAn58058","unclassified|QHR82657.1|Unclassified_brazilian_porcupinepox_virus_1",1.404349,0.447761,134
"Oryzopoxvirus|APG58335.1|Unclassified_BeAn58058","Avipoxvirus|QZW33596.1|Unclassified_magpiepox_virus_2",8.415933,0.681818,88
"Oryzopoxvirus|APG58335.1|Unclassified_BeAn58058","Capripoxvirus|T2DHX9|Capripoxvirus_sheeppox",2.265059,0.601399,143
"Oryzopoxvirus|APG58335.1|Unclassified_BeAn58058","Orthopoxvirus|V9PXP5|Orthopoxvirus_cowpox",5.149658,0.666667,108
"Oryzopoxvirus|APG58335.1|Unclassified_BeAn58058","unclassified|WGO62741.1|Unclassified_wadden_sea_poxvirus",7.678538,0.729167,96
"Oryzopoxvirus|APG58335.1|Unclassified_BeAn58058","Parapoxvirus|WOC35488.1|Unclassified_equine_parapoxvirus",8.410847,0.736264,91
"Oryzopoxvirus|APG58335.1|Unclassified_BeAn58058","Orthopoxvirus|WWS34253.1|Orthopoxvirus_variola",5.124337,0.666667,108
"Oryzopoxvirus|APG58335.1|Unclassified_BeAn58058","Parapoxvirus|WZD65066.1|Parapoxvirus_pseudocowpox",9.156248,0.711111,90
"Oryzopoxvirus|APG58335.1|Unclassified_BeAn58058","Parapoxvirus|WZD65198.1|Parapoxvirus_pseudocowpox",9.272108,0.736264,91
"Oryzopoxvirus|APG58335.1|Unclassified_BeAn58058","Parapoxvirus|WZD65323.1|Parapoxvirus_pseudocowpox",9.260372,0.758242,91
"Oryzopoxvirus|APG58335.1|Unclassified_BeAn58058","Parapoxvirus|WZD65710.1|Parapoxvirus_bovinestomatitis",9.484652,0.738636,88
"Oryzopoxvirus|APG58335.1|Unclassified_BeAn58058","Parapoxvirus|WZD65840.1|Parapoxvirus_bovinestomatitis",9.517720,0.750000,88
"Oryzopoxvirus|APG58335.1|Unclassified_BeAn58058","Parapoxvirus|WZD65968.1|Parapoxvirus_bovinestomatitis",9.534402,0.738636,88
"Oryzopoxvirus|APG58335.1|Unclassified_BeAn58058","Parapoxvirus|WZD66097.1|Parapoxvirus_bovinestomatitis",9.516937,0.750000,88
"Oryzopoxvirus|APG58335.1|Unclassified_BeAn58058","Capripoxvirus|XKH15810.1|Capripoxvirus_sheeppox",2.286817,0.587413,143
"Oryzopoxvirus|APG58335.1|Unclassified_BeAn58058","Parapoxvirus|XPQ45389.1|Parapoxvirus_orf",9.226248,0.733333,90
"Oryzopoxvirus|APG58335.1|Unclassified_BeAn58058","Leporipoxvirus|YAW79107.1|Leporipoxvirus_myxoma",2.469053,0.643678,174
"Oryzopoxvirus|APG58335.1|Unclassified_BeAn58058","Leporipoxvirus|YBO75993.1|Leporipoxvirus_myxoma",2.516236,0.624277,173
"Oryzopoxvirus|APG58335.1|Unclassified_BeAn58058","Parapoxvirus|YBU52136.1|Parapoxvirus_orf",8.992501,0.722222,90
"Oryzopoxvirus|APG58335.1|Unclassified_BeAn58058","Capripoxvirus|YBU52347.1|Capripoxvirus_sheeppox",2.229403,0.587413,143
"Oryzopoxvirus|APG58335.1|Unclassified_BeAn58058","Capripoxvirus|YCL82046.1|Capripoxvirus_lumpyskinpox",2.265146,0.580420,143
"Oryzopoxvirus|APG58335.1|Unclassified_BeAn58058","Parapoxvirus|YP_003457410.1|Parapoxvirus_pseudocowpox",9.235112,0.736264,91
"Oryzopoxvirus|APG58335.1|Unclassified_BeAn58058","Orthopoxvirus|P20535.1|Orthopoxvirus_vaccinia",5.137182,0.657407,108
"Oryzopoxvirus|APG58335.1|Unclassified_BeAn58058","Parapoxvirus|P26654.1|Parapoxvirus_orf",9.244041,0.730337,89
"Oryzopoxvirus|APG58335.1|Unclassified_BeAn58058","Orthopoxvirus|YFT66960.1|Orthopoxvirus_monkeypox",5.149718,0.675926,108
"Oryzopoxvirus|APG58335.1|Unclassified_BeAn58058","Orthopoxvirus|YFT67316.1|Orthopoxvirus_monkeypox",5.173886,0.675926,108
"Parapoxvirus|ASF89976.1|Parapoxvirus_sealpox","Vespertilionpoxvirus|ASK51325.1|Vespertilionpoxvirus_eptesipox",5.130991,0.654762,84
"Parapoxvirus|ASF89976.1|Parapoxvirus_sealpox","Centapoxvirus|AST09338.1|Centapoxvirus_microtuspox",5.329520,0.629213,89
"Parapoxvirus|ASF89976.1|Parapoxvirus_sealpox","Centapoxvirus|AST09540.1|Centapoxvirus_microtuspox",5.298687,0.640449,89
"Parapoxvirus|ASF89976.1|Parapoxvirus_sealpox","Cervidpoxvirus|AUI80687.1|Unclassified_white-tailed_deer_poxvirus",8.410098,0.696629,89
"Parapoxvirus|ASF89976.1|Parapoxvirus_sealpox","Mustelpoxvirus|AWU47162.1|Mustelpoxvirus_seaotterpox",3.684251,0.666667,87
"Parapoxvirus|ASF89976.1|Parapoxvirus_sealpox","Cervidpoxvirus|AYC44792.1|Unclassified_moosepox_virus",8.444594,0.715909,88
"Parapoxvirus|ASF89976.1|Parapoxvirus_sealpox","Orthopoxvirus|AYN64713.1|Orthopoxvirus_abatino",4.213196,0.658537,82
"Parapoxvirus|ASF89976.1|Parapoxvirus_sealpox","Orthopoxvirus|CAG7621171.1|Orthopoxvirus_ectomelia",4.226461,0.658537,82
"Parapoxvirus|ASF89976.1|Parapoxvirus_sealpox","Suipoxvirus|NP_570274.1|Suipoxvirus_swinepox",8.601407,0.752809,89
"Parapoxvirus|ASF89976.1|Parapoxvirus_sealpox","Parapoxvirus|Q6TV84|Parapoxvirus_bovinestomatitis",1.389138,0.372093,86
"Parapoxvirus|ASF89976.1|Parapoxvirus_sealpox","Parapoxvirus|Q6TVL6|Parapoxvirus_orf",1.201010,0.386364,88
"Parapoxvirus|ASF89976.1|Parapoxvirus_sealpox","Leporipoxvirus|Q83655|Leporipoxvirus_myxoma",9.193051,0.747126,87
"Parapoxvirus|ASF89976.1|Parapoxvirus_sealpox","unclassified|QDJ95055.1|Unclassified_hypsugopox_virus",5.315869,0.658824,85
"Parapoxvirus|ASF89976.1|Parapoxvirus_sealpox","Orthopoxvirus|QED21266.1|Orthopoxvirus_borealpox",4.365303,0.658537,82
"Parapoxvirus|ASF89976.1|Parapoxvirus_sealpox","Orthopoxvirus|QEQ49703.1|Orthopoxvirus_akhmetapox",4.226190,0.658537,82
"Parapoxvirus|ASF89976.1|Parapoxvirus_sealpox","unclassified|QHG62676.1|Unclassified_cetacean_poxvirus_1",7.749643,0.738095,84
"Parapoxvirus|ASF89976.1|Parapoxvirus_sealpox","unclassified|QHR82657.1|Unclassified_brazilian_porcupinepox_virus_1",8.977944,0.701149,87
"Parapoxvirus|ASF89976.1|Parapoxvirus_sealpox","Avipoxvirus|QZW33596.1|Unclassified_magpiepox_virus_2",4.370019,0.696203,79
"Parapoxvirus|ASF89976.1|Parapoxvirus_sealpox","Capripoxvirus|T2DHX9|Capripoxvirus_sheeppox",8.967048,0.764045,89
"Parapoxvirus|ASF89976.1|Parapoxvirus_sealpox","Orthopoxvirus|V9PXP5|Orthopoxvirus_cowpox",4.151784,0.658537,82
"Parapoxvirus|ASF89976.1|Parapoxvirus_sealpox","unclassified|WGO62741.1|Unclassified_wadden_sea_poxvirus",8.352101,0.738095,84
"Parapoxvirus|ASF89976.1|Parapoxvirus_sealpox","Parapoxvirus|WOC35488.1|Unclassified_equine_parapoxvirus",1.249882,0.465909,88
"Parapoxvirus|ASF89976.1|Parapoxvirus_sealpox","Orthopoxvirus|WWS34253.1|Orthopoxvirus_variola",4.200986,0.670732,82
"Parapoxvirus|ASF89976.1|Parapoxvirus_sealpox","Parapoxvirus|WZD65066.1|Parapoxvirus_pseudocowpox",1.097867,0.409091,88
"Parapoxvirus|ASF89976.1|Parapoxvirus_sealpox","Parapoxvirus|WZD65198.1|Parapoxvirus_pseudocowpox",1.213727,0.375000,88
"Parapoxvirus|ASF89976.1|Parapoxvirus_sealpox","Parapoxvirus|WZD65323.1|Parapoxvirus_pseudocowpox",1.201991,0.363636,88
"Parapoxvirus|ASF89976.1|Parapoxvirus_sealpox","Parapoxvirus|WZD65710.1|Parapoxvirus_bovinestomatitis",1.426270,0.337209,86
"Parapoxvirus|ASF89976.1|Parapoxvirus_sealpox","Parapoxvirus|WZD65840.1|Parapoxvirus_bovinestomatitis",1.459339,0.325581,86
"Parapoxvirus|ASF89976.1|Parapoxvirus_sealpox","Parapoxvirus|WZD65968.1|Parapoxvirus_bovinestomatitis",1.476021,0.360465,86
"Parapoxvirus|ASF89976.1|Parapoxvirus_sealpox","Parapoxvirus|WZD66097.1|Parapoxvirus_bovinestomatitis",1.458556,0.325581,86
"Parapoxvirus|ASF89976.1|Parapoxvirus_sealpox","Capripoxvirus|XKH15810.1|Capripoxvirus_sheeppox",8.988805,0.764045,89
"Parapoxvirus|ASF89976.1|Parapoxvirus_sealpox","Parapoxvirus|XPQ45389.1|Parapoxvirus_orf",1.167866,0.375000,88
"Parapoxvirus|ASF89976.1|Parapoxvirus_sealpox","Leporipoxvirus|YAW79107.1|Leporipoxvirus_myxoma",9.171042,0.747126,87
"Parapoxvirus|ASF89976.1|Parapoxvirus_sealpox","Leporipoxvirus|YBO75993.1|Leporipoxvirus_myxoma",9.218224,0.752809,89
"Parapoxvirus|ASF89976.1|Parapoxvirus_sealpox","Parapoxvirus|YBU52136.1|Parapoxvirus_orf",0.934120,0.375000,88
"Parapoxvirus|ASF89976.1|Parapoxvirus_sealpox","Capripoxvirus|YBU52347.1|Capripoxvirus_sheeppox",8.931391,0.775281,89
"Parapoxvirus|ASF89976.1|Parapoxvirus_sealpox","Capripoxvirus|YCL82046.1|Capripoxvirus_lumpyskinpox",8.967134,0.775281,89
"Parapoxvirus|ASF89976.1|Parapoxvirus_sealpox","Parapoxvirus|YP_003457410.1|Parapoxvirus_pseudocowpox",1.176731,0.363636,88
"Parapoxvirus|ASF89976.1|Parapoxvirus_sealpox","Orthopoxvirus|P20535.1|Orthopoxvirus_vaccinia",4.213831,0.658537,82
"Parapoxvirus|ASF89976.1|Parapoxvirus_sealpox","Parapoxvirus|P26654.1|Parapoxvirus_orf",1.185660,0.379310,87
"Parapoxvirus|ASF89976.1|Parapoxvirus_sealpox","Orthopoxvirus|YFT66960.1|Orthopoxvirus_monkeypox",4.250985,0.658537,82
"Parapoxvirus|ASF89976.1|Parapoxvirus_sealpox","Orthopoxvirus|YFT67316.1|Orthopoxvirus_monkeypox",4.275153,0.658537,82
"Vespertilionpoxvirus|ASK51325.1|Vespertilionpoxvirus_eptesipox","Centapoxvirus|AST09338.1|Centapoxvirus_microtuspox",2.613778,0.607477,107
"Vespertilionpoxvirus|ASK51325.1|Vespertilionpoxvirus_eptesipox","Centapoxvirus|AST09540.1|Centapoxvirus_microtuspox",2.582946,0.560748,107
"Vespertilionpoxvirus|ASK51325.1|Vespertilionpoxvirus_eptesipox","Cervidpoxvirus|AUI80687.1|Unclassified_white-tailed_deer_poxvirus",5.694357,0.712963,108
"Vespertilionpoxvirus|ASK51325.1|Vespertilionpoxvirus_eptesipox","Mustelpoxvirus|AWU47162.1|Mustelpoxvirus_seaotterpox",4.841391,0.701031,97
"Vespertilionpoxvirus|ASK51325.1|Vespertilionpoxvirus_eptesipox","Cervidpoxvirus|AYC44792.1|Unclassified_moosepox_virus",5.728852,0.719626,107
"Vespertilionpoxvirus|ASK51325.1|Vespertilionpoxvirus_eptesipox","Orthopoxvirus|AYN64713.1|Orthopoxvirus_abatino",1.497454,0.480000,100
"Vespertilionpoxvirus|ASK51325.1|Vespertilionpoxvirus_eptesipox","Orthopoxvirus|CAG7621171.1|Orthopoxvirus_ectomelia",1.510719,0.480000,100
"Vespertilionpoxvirus|ASK51325.1|Vespertilionpoxvirus_eptesipox","Suipoxvirus|NP_570274.1|Suipoxvirus_swinepox",5.885665,0.740741,108
"Vespertilionpoxvirus|ASK51325.1|Vespertilionpoxvirus_eptesipox","Parapoxvirus|Q6TV84|Parapoxvirus_bovinestomatitis",5.277074,0.705882,85
"Vespertilionpoxvirus|ASK51325.1|Vespertilionpoxvirus_eptesipox","Parapoxvirus|Q6TVL6|Parapoxvirus_orf",5.088946,0.709302,86
"Vespertilionpoxvirus|ASK51325.1|Vespertilionpoxvirus_eptesipox","Leporipoxvirus|Q83655|Leporipoxvirus_myxoma",6.477309,0.730769,104
"Vespertilionpoxvirus|ASK51325.1|Vespertilionpoxvirus_eptesipox","unclassified|QDJ95055.1|Unclassified_hypsugopox_virus",0.406797,0.245614,114
"Vespertilionpoxvirus|ASK51325.1|Vespertilionpoxvirus_eptesipox","Orthopoxvirus|QED21266.1|Orthopoxvirus_borealpox",1.649561,0.510000,100
"Vespertilionpoxvirus|ASK51325.1|Vespertilionpoxvirus_eptesipox","Orthopoxvirus|QEQ49703.1|Orthopoxvirus_akhmetapox",1.510448,0.460000,100
"Vespertilionpoxvirus|ASK51325.1|Vespertilionpoxvirus_eptesipox","unclassified|QHG62676.1|Unclassified_cetacean_poxvirus_1",5.033901,0.629213,89
"Vespertilionpoxvirus|ASK51325.1|Vespertilionpoxvirus_eptesipox","unclassified|QHR82657.1|Unclassified_brazilian_porcupinepox_virus_1",6.262202,0.699029,103
"Vespertilionpoxvirus|ASK51325.1|Vespertilionpoxvirus_eptesipox","Avipoxvirus|QZW33596.1|Unclassified_magpiepox_virus_2",4.245488,0.568182,88
"Vespertilionpoxvirus|ASK51325.1|Vespertilionpoxvirus_eptesipox","Capripoxvirus|T2DHX9|Capripoxvirus_sheeppox",6.251306,0.700935,107
"Vespertilionpoxvirus|ASK51325.1|Vespertilionpoxvirus_eptesipox","Orthopoxvirus|V9PXP5|Orthopoxvirus_cowpox",1.436042,0.470000,100
"Vespertilionpoxvirus|ASK51325.1|Vespertilionpoxvirus_eptesipox","unclassified|WGO62741.1|Unclassified_wadden_sea_poxvirus",5.636359,0.674157,89
"Vespertilionpoxvirus|ASK51325.1|Vespertilionpoxvirus_eptesipox","Parapoxvirus|WOC35488.1|Unclassified_equine_parapoxvirus",4.240402,0.707865,89
"Vespertilionpoxvirus|ASK51325.1|Vespertilionpoxvirus_eptesipox","Orthopoxvirus|WWS34253.1|Orthopoxvirus_variola",1.485244,0.480000,100
"Vespertilionpoxvirus|ASK51325.1|Vespertilionpoxvirus_eptesipox","Parapoxvirus|WZD65066.1|Parapoxvirus_pseudocowpox",4.985802,0.697674,86
"Vespertilionpoxvirus|ASK51325.1|Vespertilionpoxvirus_eptesipox","Parapoxvirus|WZD65198.1|Parapoxvirus_pseudocowpox",5.101663,0.712644,87
"Vespertilionpoxvirus|ASK51325.1|Vespertilionpoxvirus_eptesipox","Parapoxvirus|WZD65323.1|Parapoxvirus_pseudocowpox",5.089927,0.724138,87
"Vespertilionpoxvirus|ASK51325.1|Vespertilionpoxvirus_eptesipox","Parapoxvirus|WZD65710.1|Parapoxvirus_bovinestomatitis",5.314206,0.726190,84
"Vespertilionpoxvirus|ASK51325.1|Vespertilionpoxvirus_eptesipox","Parapoxvirus|WZD65840.1|Parapoxvirus_bovinestomatitis",5.347275,0.726190,84
"Vespertilionpoxvirus|ASK51325.1|Vespertilionpoxvirus_eptesipox","Parapoxvirus|WZD65968.1|Parapoxvirus_bovinestomatitis",5.363957,0.741176,85
"Vespertilionpoxvirus|ASK51325.1|Vespertilionpoxvirus_eptesipox","Parapoxvirus|WZD66097.1|Parapoxvirus_bovinestomatitis",5.346492,0.726190,84
"Vespertilionpoxvirus|ASK51325.1|Vespertilionpoxvirus_eptesipox","Capripoxvirus|XKH15810.1|Capripoxvirus_sheeppox",6.273063,0.694444,108
"Vespertilionpoxvirus|ASK51325.1|Vespertilionpoxvirus_eptesipox","Parapoxvirus|XPQ45389.1|Parapoxvirus_orf",5.055802,0.697674,86
"Vespertilionpoxvirus|ASK51325.1|Vespertilionpoxvirus_eptesipox","Leporipoxvirus|YAW79107.1|Leporipoxvirus_myxoma",6.455300,0.730769,104
"Vespertilionpoxvirus|ASK51325.1|Vespertilionpoxvirus_eptesipox","Leporipoxvirus|YBO75993.1|Leporipoxvirus_myxoma",6.502482,0.706422,109
"Vespertilionpoxvirus|ASK51325.1|Vespertilionpoxvirus_eptesipox","Parapoxvirus|YBU52136.1|Parapoxvirus_orf",4.822056,0.686047,86
"Vespertilionpoxvirus|ASK51325.1|Vespertilionpoxvirus_eptesipox","Capripoxvirus|YBU52347.1|Capripoxvirus_sheeppox",6.215649,0.700935,107
"Vespertilionpoxvirus|ASK51325.1|Vespertilionpoxvirus_eptesipox","Capripoxvirus|YCL82046.1|Capripoxvirus_lumpyskinpox",6.251393,0.691589,107
"Vespertilionpoxvirus|ASK51325.1|Vespertilionpoxvirus_eptesipox","Parapoxvirus|YP_003457410.1|Parapoxvirus_pseudocowpox",5.064667,0.689655,87
"Vespertilionpoxvirus|ASK51325.1|Vespertilionpoxvirus_eptesipox","Orthopoxvirus|P20535.1|Orthopoxvirus_vaccinia",1.498089,0.470000,100
"Vespertilionpoxvirus|ASK51325.1|Vespertilionpoxvirus_eptesipox","Parapoxvirus|P26654.1|Parapoxvirus_orf",5.073595,0.697674,86
"Vespertilionpoxvirus|ASK51325.1|Vespertilionpoxvirus_eptesipox","Orthopoxvirus|YFT66960.1|Orthopoxvirus_monkeypox",1.535243,0.500000,100
"Vespertilionpoxvirus|ASK51325.1|Vespertilionpoxvirus_eptesipox","Orthopoxvirus|YFT67316.1|Orthopoxvirus_monkeypox",1.559411,0.500000,100
"Centapoxvirus|AST09338.1|Centapoxvirus_microtuspox","Centapoxvirus|AST09540.1|Centapoxvirus_microtuspox",0.238104,0.153846,117
"Centapoxvirus|AST09338.1|Centapoxvirus_microtuspox","Cervidpoxvirus|AUI80687.1|Unclassified_white-tailed_deer_poxvirus",3.349515,0.698276,116
"Centapoxvirus|AST09338.1|Centapoxvirus_microtuspox","Mustelpoxvirus|AWU47162.1|Mustelpoxvirus_seaotterpox",5.039920,0.730769,104
"Centapoxvirus|AST09338.1|Centapoxvirus_microtuspox","Cervidpoxvirus|AYC44792.1|Unclassified_moosepox_virus",3.384010,0.695652,115
"Centapoxvirus|AST09338.1|Centapoxvirus_microtuspox","Orthopoxvirus|AYN64713.1|Orthopoxvirus_abatino",1.164630,0.416667,108
"Centapoxvirus|AST09338.1|Centapoxvirus_microtuspox","Orthopoxvirus|CAG7621171.1|Orthopoxvirus_ectomelia",1.177895,0.416667,108
"Centapoxvirus|AST09338.1|Centapoxvirus_microtuspox","Suipoxvirus|NP_570274.1|Suipoxvirus_swinepox",3.540823,0.715517,116
"Centapoxvirus|AST09338.1|Centapoxvirus_microtuspox","Parapoxvirus|Q6TV84|Parapoxvirus_bovinestomatitis",5.475603,0.707865,89
"Centapoxvirus|AST09338.1|Centapoxvirus_microtuspox","Parapoxvirus|Q6TVL6|Parapoxvirus_orf",5.287475,0.688889,90
"Centapoxvirus|AST09338.1|Centapoxvirus_microtuspox","Leporipoxvirus|Q83655|Leporipoxvirus_myxoma",4.132467,0.705357,112
"Centapoxvirus|AST09338.1|Centapoxvirus_microtuspox","unclassified|QDJ95055.1|Unclassified_hypsugopox_virus",2.798657,0.583333,108
"Centapoxvirus|AST09338.1|Centapoxvirus_microtuspox","Orthopoxvirus|QED21266.1|Orthopoxvirus_borealpox",1.042782,0.370370,108
"Centapoxvirus|AST09338.1|Centapoxvirus_microtuspox","Orthopoxvirus|QEQ49703.1|Orthopoxvirus_akhmetapox",1.177624,0.416667,108
"Centapoxvirus|AST09338.1|Centapoxvirus_microtuspox","unclassified|QHG62676.1|Unclassified_cetacean_poxvirus_1",3.104163,0.659341,91
"Centapoxvirus|AST09338.1|Centapoxvirus_microtuspox","unclassified|QHR82657.1|Unclassified_brazilian_porcupinepox_virus_1",3.917360,0.732143,112
"Centapoxvirus|AST09338.1|Centapoxvirus_microtuspox","Avipoxvirus|QZW33596.1|Unclassified_magpiepox_virus_2",4.444017,0.627907,86
"Centapoxvirus|AST09338.1|Centapoxvirus_microtuspox","Capripoxvirus|T2DHX9|Capripoxvirus_sheeppox",3.906464,0.660870,115
"Centapoxvirus|AST09338.1|Centapoxvirus_microtuspox","Orthopoxvirus|V9PXP5|Orthopoxvirus_cowpox",1.177741,0.425926,108
"Centapoxvirus|AST09338.1|Centapoxvirus_microtuspox","unclassified|WGO62741.1|Unclassified_wadden_sea_poxvirus",3.706621,0.648352,91
"Centapoxvirus|AST09338.1|Centapoxvirus_microtuspox","Parapoxvirus|WOC35488.1|Unclassified_equine_parapoxvirus",4.438931,0.681319,91
"Centapoxvirus|AST09338.1|Centapoxvirus_microtuspox","Orthopoxvirus|WWS34253.1|Orthopoxvirus_variola",1.152420,0.425926,108
"Centapoxvirus|AST09338.1|Centapoxvirus_microtuspox","Parapoxvirus|WZD65066.1|Parapoxvirus_pseudocowpox",5.184331,0.688889,90
"Centapoxvirus|AST09338.1|Centapoxvirus_microtuspox","Parapoxvirus|WZD65198.1|Parapoxvirus_pseudocowpox",5.300192,0.692308,91
"Centapoxvirus|AST09338.1|Centapoxvirus_microtuspox","Parapoxvirus|WZD65323.1|Parapoxvirus_pseudocowpox",5.288456,0.703297,91
"Centapoxvirus|AST09338.1|Centapoxvirus_microtuspox","Parapoxvirus|WZD65710.1|Parapoxvirus_bovinestomatitis",5.512735,0.693182,88
"Centapoxvirus|AST09338.1|Centapoxvirus_microtuspox","Parapoxvirus|WZD65840.1|Parapoxvirus_bovinestomatitis",5.545804,0.693182,88
"Centapoxvirus|AST09338.1|Centapoxvirus_microtuspox","Parapoxvirus|WZD65968.1|Parapoxvirus_bovinestomatitis",5.562486,0.696629,89
"Centapoxvirus|AST09338.1|Centapoxvirus_microtuspox","Parapoxvirus|WZD66097.1|Parapoxvirus_bovinestomatitis",5.545020,0.693182,88
"Centapoxvirus|AST09338.1|Centapoxvirus_microtuspox","Capripoxvirus|XKH15810.1|Capripoxvirus_sheeppox",3.928221,0.663793,116
"Centapoxvirus|AST09338.1|Centapoxvirus_microtuspox","Parapoxvirus|XPQ45389.1|Parapoxvirus_orf",5.254331,0.677778,90
"Centapoxvirus|AST09338.1|Centapoxvirus_microtuspox","Leporipoxvirus|YAW79107.1|Leporipoxvirus_myxoma",4.110458,0.705357,112
"Centapoxvirus|AST09338.1|Centapoxvirus_microtuspox","Leporipoxvirus|YBO75993.1|Leporipoxvirus_myxoma",4.157640,0.692308,117
"Centapoxvirus|AST09338.1|Centapoxvirus_microtuspox","Parapoxvirus|YBU52136.1|Parapoxvirus_orf",5.020585,0.677778,90
"Centapoxvirus|AST09338.1|Centapoxvirus_microtuspox","Capripoxvirus|YBU52347.1|Capripoxvirus_sheeppox",3.870807,0.652174,115
"Centapoxvirus|AST09338.1|Centapoxvirus_microtuspox","Capripoxvirus|YCL82046.1|Capripoxvirus_lumpyskinpox",3.906551,0.660870,115
"Centapoxvirus|AST09338.1|Centapoxvirus_microtuspox","Parapoxvirus|YP_003457410.1|Parapoxvirus_pseudocowpox",5.263196,0.681319,91
"Centapoxvirus|AST09338.1|Centapoxvirus_microtuspox","Orthopoxvirus|P20535.1|Orthopoxvirus_vaccinia",1.165265,0.407407,108
"Centapoxvirus|AST09338.1|Centapoxvirus_microtuspox","Parapoxvirus|P26654.1|Parapoxvirus_orf",5.272124,0.707865,89
"Centapoxvirus|AST09338.1|Centapoxvirus_microtuspox","Orthopoxvirus|YFT66960.1|Orthopoxvirus_monkeypox",1.177802,0.416667,108
"Centapoxvirus|AST09338.1|Centapoxvirus_microtuspox","Orthopoxvirus|YFT67316.1|Orthopoxvirus_monkeypox",1.201970,0.416667,108
"Centapoxvirus|AST09540.1|Centapoxvirus_microtuspox","Cervidpoxvirus|AUI80687.1|Unclassified_white-tailed_deer_poxvirus",3.111416,0.646552,116
"Centapoxvirus|AST09540.1|Centapoxvirus_microtuspox","Mustelpoxvirus|AWU47162.1|Mustelpoxvirus_seaotterpox",5.009087,0.730769,104
"Centapoxvirus|AST09540.1|Centapoxvirus_microtuspox","Cervidpoxvirus|AYC44792.1|Unclassified_moosepox_virus",3.145911,0.643478,115
"Centapoxvirus|AST09540.1|Centapoxvirus_microtuspox","Orthopoxvirus|AYN64713.1|Orthopoxvirus_abatino",1.133797,0.388889,108
"Centapoxvirus|AST09540.1|Centapoxvirus_microtuspox","Orthopoxvirus|CAG7621171.1|Orthopoxvirus_ectomelia",1.147062,0.398148,108
"Centapoxvirus|AST09540.1|Centapoxvirus_microtuspox","Suipoxvirus|NP_570274.1|Suipoxvirus_swinepox",3.302724,0.672414,116
"Centapoxvirus|AST09540.1|Centapoxvirus_microtuspox","Parapoxvirus|Q6TV84|Parapoxvirus_bovinestomatitis",5.444770,0.707865,89
"Centapoxvirus|AST09540.1|Centapoxvirus_microtuspox","Parapoxvirus|Q6TVL6|Parapoxvirus_orf",5.256642,0.688889,90
"Centapoxvirus|AST09540.1|Centapoxvirus_microtuspox","Leporipoxvirus|Q83655|Leporipoxvirus_myxoma",3.894368,0.669643,112
"Centapoxvirus|AST09540.1|Centapoxvirus_microtuspox","unclassified|QDJ95055.1|Unclassified_hypsugopox_virus",2.767824,0.546296,108
"Centapoxvirus|AST09540.1|Centapoxvirus_microtuspox","Orthopoxvirus|QED21266.1|Orthopoxvirus_borealpox",1.011949,0.370370,108
"Centapoxvirus|AST09540.1|Centapoxvirus_microtuspox","Orthopoxvirus|QEQ49703.1|Orthopoxvirus_akhmetapox",1.146791,0.388889,108
"Centapoxvirus|AST09540.1|Centapoxvirus_microtuspox","unclassified|QHG62676.1|Unclassified_cetacean_poxvirus_1",3.073330,0.659341,91
"Centapoxvirus|AST09540.1|Centapoxvirus_microtuspox","unclassified|QHR82657.1|Unclassified_brazilian_porcupinepox_virus_1",3.679261,0.714286,112
"Centapoxvirus|AST09540.1|Centapoxvirus_microtuspox","Avipoxvirus|QZW33596.1|Unclassified_magpiepox_virus_2",4.413184,0.616279,86
"Centapoxvirus|AST09540.1|Centapoxvirus_microtuspox","Capripoxvirus|T2DHX9|Capripoxvirus_sheeppox",3.668365,0.660870,115
"Centapoxvirus|AST09540.1|Centapoxvirus_microtuspox","Orthopoxvirus|V9PXP5|Orthopoxvirus_cowpox",1.146908,0.398148,108
"Centapoxvirus|AST09540.1|Centapoxvirus_microtuspox","unclassified|WGO62741.1|Unclassified_wadden_sea_poxvirus",3.675789,0.659341,91
"Centapoxvirus|AST09540.1|Centapoxvirus_microtuspox","Parapoxvirus|WOC35488.1|Unclassified_equine_parapoxvirus",4.408098,0.670330,91
"Centapoxvirus|AST09540.1|Centapoxvirus_microtuspox","Orthopoxvirus|WWS34253.1|Orthopoxvirus_variola",1.121587,0.398148,108
"Centapoxvirus|AST09540.1|Centapoxvirus_microtuspox","Parapoxvirus|WZD65066.1|Parapoxvirus_pseudocowpox",5.153499,0.700000,90
"Centapoxvirus|AST09540.1|Centapoxvirus_microtuspox","Parapoxvirus|WZD65198.1|Parapoxvirus_pseudocowpox",5.269359,0.703297,91
"Centapoxvirus|AST09540.1|Centapoxvirus_microtuspox","Parapoxvirus|WZD65323.1|Parapoxvirus_pseudocowpox",5.257623,0.703297,91
"Centapoxvirus|AST09540.1|Centapoxvirus_microtuspox","Parapoxvirus|WZD65710.1|Parapoxvirus_bovinestomatitis",5.481902,0.693182,88
"Centapoxvirus|AST09540.1|Centapoxvirus_microtuspox","Parapoxvirus|WZD65840.1|Parapoxvirus_bovinestomatitis",5.514971,0.693182,88
"Centapoxvirus|AST09540.1|Centapoxvirus_microtuspox","Parapoxvirus|WZD65968.1|Parapoxvirus_bovinestomatitis",5.531653,0.696629,89
"Centapoxvirus|AST09540.1|Centapoxvirus_microtuspox","Parapoxvirus|WZD66097.1|Parapoxvirus_bovinestomatitis",5.514188,0.693182,88
"Centapoxvirus|AST09540.1|Centapoxvirus_microtuspox","Capripoxvirus|XKH15810.1|Capripoxvirus_sheeppox",3.690122,0.663793,116
"Centapoxvirus|AST09540.1|Centapoxvirus_microtuspox","Parapoxvirus|XPQ45389.1|Parapoxvirus_orf",5.223498,0.677778,90
"Centapoxvirus|AST09540.1|Centapoxvirus_microtuspox","Leporipoxvirus|YAW79107.1|Leporipoxvirus_myxoma",3.872359,0.669643,112
"Centapoxvirus|AST09540.1|Centapoxvirus_microtuspox","Leporipoxvirus|YBO75993.1|Leporipoxvirus_myxoma",3.919541,0.666667,117
"Centapoxvirus|AST09540.1|Centapoxvirus_microtuspox","Parapoxvirus|YBU52136.1|Parapoxvirus_orf",4.989752,0.688889,90
"Centapoxvirus|AST09540.1|Centapoxvirus_microtuspox","Capripoxvirus|YBU52347.1|Capripoxvirus_sheeppox",3.632708,0.652174,115
"Centapoxvirus|AST09540.1|Centapoxvirus_microtuspox","Capripoxvirus|YCL82046.1|Capripoxvirus_lumpyskinpox",3.668452,0.643478,115
"Centapoxvirus|AST09540.1|Centapoxvirus_microtuspox","Parapoxvirus|YP_003457410.1|Parapoxvirus_pseudocowpox",5.232363,0.681319,91
"Centapoxvirus|AST09540.1|Centapoxvirus_microtuspox","Orthopoxvirus|P20535.1|Orthopoxvirus_vaccinia",1.134433,0.379630,108
"Centapoxvirus|AST09540.1|Centapoxvirus_microtuspox","Parapoxvirus|P26654.1|Parapoxvirus_orf",5.241292,0.707865,89
"Centapoxvirus|AST09540.1|Centapoxvirus_microtuspox","Orthopoxvirus|YFT66960.1|Orthopoxvirus_monkeypox",1.146969,0.398148,108
"Centapoxvirus|AST09540.1|Centapoxvirus_microtuspox","Orthopoxvirus|YFT67316.1|Orthopoxvirus_monkeypox",1.171137,0.398148,108
"Cervidpoxvirus|AUI80687.1|Unclassified_white-tailed_deer_poxvirus","Mustelpoxvirus|AWU47162.1|Mustelpoxvirus_seaotterpox",8.120498,0.788462,104
"Cervidpoxvirus|AUI80687.1|Unclassified_white-tailed_deer_poxvirus","Cervidpoxvirus|AYC44792.1|Unclassified_moosepox_virus",0.034505,0.029630,135
"Cervidpoxvirus|AUI80687.1|Unclassified_white-tailed_deer_poxvirus","Orthopoxvirus|AYN64713.1|Orthopoxvirus_abatino",4.245208,0.715596,109
"Cervidpoxvirus|AUI80687.1|Unclassified_white-tailed_deer_poxvirus","Orthopoxvirus|CAG7621171.1|Orthopoxvirus_ectomelia",4.258473,0.715596,109
"Cervidpoxvirus|AUI80687.1|Unclassified_white-tailed_deer_poxvirus","Suipoxvirus|NP_570274.1|Suipoxvirus_swinepox",0.936743,0.407407,135
"Cervidpoxvirus|AUI80687.1|Unclassified_white-tailed_deer_poxvirus","Parapoxvirus|Q6TV84|Parapoxvirus_bovinestomatitis",8.556181,0.719101,89
"Cervidpoxvirus|AUI80687.1|Unclassified_white-tailed_deer_poxvirus","Parapoxvirus|Q6TVL6|Parapoxvirus_orf",8.368053,0.688889,90
"Cervidpoxvirus|AUI80687.1|Unclassified_white-tailed_deer_poxvirus","Leporipoxvirus|Q83655|Leporipoxvirus_myxoma",1.432825,0.500000,132
"Cervidpoxvirus|AUI80687.1|Unclassified_white-tailed_deer_poxvirus","unclassified|QDJ95055.1|Unclassified_hypsugopox_virus",5.879235,0.733945,109
"Cervidpoxvirus|AUI80687.1|Unclassified_white-tailed_deer_poxvirus","Orthopoxvirus|QED21266.1|Orthopoxvirus_borealpox",4.123360,0.715596,109
"Cervidpoxvirus|AUI80687.1|Unclassified_white-tailed_deer_poxvirus","Orthopoxvirus|QEQ49703.1|Orthopoxvirus_akhmetapox",4.258202,0.715596,109
"Cervidpoxvirus|AUI80687.1|Unclassified_white-tailed_deer_poxvirus","unclassified|QHG62676.1|Unclassified_cetacean_poxvirus_1",6.184741,0.725275,91
"Cervidpoxvirus|AUI80687.1|Unclassified_white-tailed_deer_poxvirus","unclassified|QHR82657.1|Unclassified_brazilian_porcupinepox_virus_1",1.384618,0.507812,128
"Cervidpoxvirus|AUI80687.1|Unclassified_white-tailed_deer_poxvirus","Avipoxvirus|QZW33596.1|Unclassified_magpiepox_virus_2",7.524595,0.647727,88
"Cervidpoxvirus|AUI80687.1|Unclassified_white-tailed_deer_poxvirus","Capripoxvirus|T2DHX9|Capripoxvirus_sheeppox",1.206822,0.518519,135
"Cervidpoxvirus|AUI80687.1|Unclassified_white-tailed_deer_poxvirus","Orthopoxvirus|V9PXP5|Orthopoxvirus_cowpox",4.258319,0.715596,109
"Cervidpoxvirus|AUI80687.1|Unclassified_white-tailed_deer_poxvirus","unclassified|WGO62741.1|Unclassified_wadden_sea_poxvirus",6.787200,0.692308,91
"Cervidpoxvirus|AUI80687.1|Unclassified_white-tailed_deer_poxvirus","Parapoxvirus|WOC35488.1|Unclassified_equine_parapoxvirus",7.519509,0.714286,91
"Cervidpoxvirus|AUI80687.1|Unclassified_white-tailed_deer_poxvirus","Orthopoxvirus|WWS34253.1|Orthopoxvirus_variola",4.232998,0.715596,109
"Cervidpoxvirus|AUI80687.1|Unclassified_white-tailed_deer_poxvirus","Parapoxvirus|WZD65066.1|Parapoxvirus_pseudocowpox",8.264910,0.711111,90
"Cervidpoxvirus|AUI80687.1|Unclassified_white-tailed_deer_poxvirus","Parapoxvirus|WZD65198.1|Parapoxvirus_pseudocowpox",8.380770,0.736264,91
"Cervidpoxvirus|AUI80687.1|Unclassified_white-tailed_deer_poxvirus","Parapoxvirus|WZD65323.1|Parapoxvirus_pseudocowpox",8.369034,0.736264,91
"Cervidpoxvirus|AUI80687.1|Unclassified_white-tailed_deer_poxvirus","Parapoxvirus|WZD65710.1|Parapoxvirus_bovinestomatitis",8.593313,0.715909,88
"Cervidpoxvirus|AUI80687.1|Unclassified_white-tailed_deer_poxvirus","Parapoxvirus|WZD65840.1|Parapoxvirus_bovinestomatitis",8.626382,0.727273,88
"Cervidpoxvirus|AUI80687.1|Unclassified_white-tailed_deer_poxvirus","Parapoxvirus|WZD65968.1|Parapoxvirus_bovinestomatitis",8.643064,0.707865,89
"Cervidpoxvirus|AUI80687.1|Unclassified_white-tailed_deer_poxvirus","Parapoxvirus|WZD66097.1|Parapoxvirus_bovinestomatitis",8.625599,0.727273,88
"Cervidpoxvirus|AUI80687.1|Unclassified_white-tailed_deer_poxvirus","Capripoxvirus|XKH15810.1|Capripoxvirus_sheeppox",1.228579,0.522059,136
"Cervidpoxvirus|AUI80687.1|Unclassified_white-tailed_deer_poxvirus","Parapoxvirus|XPQ45389.1|Parapoxvirus_orf",8.334909,0.700000,90
"Cervidpoxvirus|AUI80687.1|Unclassified_white-tailed_deer_poxvirus","Leporipoxvirus|YAW79107.1|Leporipoxvirus_myxoma",1.410815,0.500000,132
"Cervidpoxvirus|AUI80687.1|Unclassified_white-tailed_deer_poxvirus","Leporipoxvirus|YBO75993.1|Leporipoxvirus_myxoma",1.457998,0.507463,134
"Cervidpoxvirus|AUI80687.1|Unclassified_white-tailed_deer_poxvirus","Parapoxvirus|YBU52136.1|Parapoxvirus_orf",8.101163,0.688889,90
"Cervidpoxvirus|AUI80687.1|Unclassified_white-tailed_deer_poxvirus","Capripoxvirus|YBU52347.1|Capripoxvirus_sheeppox",1.171165,0.511111,135
"Cervidpoxvirus|AUI80687.1|Unclassified_white-tailed_deer_poxvirus","Capripoxvirus|YCL82046.1|Capripoxvirus_lumpyskinpox",1.206908,0.511111,135
"Cervidpoxvirus|AUI80687.1|Unclassified_white-tailed_deer_poxvirus","Parapoxvirus|YP_003457410.1|Parapoxvirus_pseudocowpox",8.343774,0.714286,91
"Cervidpoxvirus|AUI80687.1|Unclassified_white-tailed_deer_poxvirus","Orthopoxvirus|P20535.1|Orthopoxvirus_vaccinia",4.245844,0.706422,109
"Cervidpoxvirus|AUI80687.1|Unclassified_white-tailed_deer_poxvirus","Parapoxvirus|P26654.1|Parapoxvirus_orf",8.352703,0.719101,89
"Cervidpoxvirus|AUI80687.1|Unclassified_white-tailed_deer_poxvirus","Orthopoxvirus|YFT66960.1|Orthopoxvirus_monkeypox",4.258380,0.724771,109
"Cervidpoxvirus|AUI80687.1|Unclassified_white-tailed_deer_poxvirus","Orthopoxvirus|YFT67316.1|Orthopoxvirus_monkeypox",4.282548,0.724771,109
"Mustelpoxvirus|AWU47162.1|Mustelpoxvirus_seaotterpox","Cervidpoxvirus|AYC44792.1|Unclassified_moosepox_virus",8.154993,0.786408,103
"Mustelpoxvirus|AWU47162.1|Mustelpoxvirus_seaotterpox","Orthopoxvirus|AYN64713.1|Orthopoxvirus_abatino",3.923595,0.683673,98
"Mustelpoxvirus|AWU47162.1|Mustelpoxvirus_seaotterpox","Orthopoxvirus|CAG7621171.1|Orthopoxvirus_ectomelia",3.936860,0.693878,98
"Mustelpoxvirus|AWU47162.1|Mustelpoxvirus_seaotterpox","Suipoxvirus|NP_570274.1|Suipoxvirus_swinepox",8.311807,0.759615,104
"Mustelpoxvirus|AWU47162.1|Mustelpoxvirus_seaotterpox","Parapoxvirus|Q6TV84|Parapoxvirus_bovinestomatitis",3.830334,0.632184,87
"Mustelpoxvirus|AWU47162.1|Mustelpoxvirus_seaotterpox","Parapoxvirus|Q6TVL6|Parapoxvirus_orf",3.642206,0.636364,88
"Mustelpoxvirus|AWU47162.1|Mustelpoxvirus_seaotterpox","Leporipoxvirus|Q83655|Leporipoxvirus_myxoma",8.903450,0.801980,101
"Mustelpoxvirus|AWU47162.1|Mustelpoxvirus_seaotterpox","unclassified|QDJ95055.1|Unclassified_hypsugopox_virus",5.026269,0.714286,98
"Mustelpoxvirus|AWU47162.1|Mustelpoxvirus_seaotterpox","Orthopoxvirus|QED21266.1|Orthopoxvirus_borealpox",4.075702,0.663265,98
"Mustelpoxvirus|AWU47162.1|Mustelpoxvirus_seaotterpox","Orthopoxvirus|QEQ49703.1|Orthopoxvirus_akhmetapox",3.936589,0.683673,98
"Mustelpoxvirus|AWU47162.1|Mustelpoxvirus_seaotterpox","unclassified|QHG62676.1|Unclassified_cetacean_poxvirus_1",7.460042,0.724138,87
"Mustelpoxvirus|AWU47162.1|Mustelpoxvirus_seaotterpox","unclassified|QHR82657.1|Unclassified_brazilian_porcupinepox_virus_1",8.688344,0.792079,101
"Mustelpoxvirus|AWU47162.1|Mustelpoxvirus_seaotterpox","Avipoxvirus|QZW33596.1|Unclassified_magpiepox_virus_2",4.080418,0.666667,81
"Mustelpoxvirus|AWU47162.1|Mustelpoxvirus_seaotterpox","Capripoxvirus|T2DHX9|Capripoxvirus_sheeppox",8.677447,0.778846,104
"Mustelpoxvirus|AWU47162.1|Mustelpoxvirus_seaotterpox","Orthopoxvirus|V9PXP5|Orthopoxvirus_cowpox",3.862184,0.693878,98
"Mustelpoxvirus|AWU47162.1|Mustelpoxvirus_seaotterpox","unclassified|WGO62741.1|Unclassified_wadden_sea_poxvirus",8.062501,0.758621,87
"Mustelpoxvirus|AWU47162.1|Mustelpoxvirus_seaotterpox","Parapoxvirus|WOC35488.1|Unclassified_equine_parapoxvirus",2.793662,0.629213,89
"Mustelpoxvirus|AWU47162.1|Mustelpoxvirus_seaotterpox","Orthopoxvirus|WWS34253.1|Orthopoxvirus_variola",3.911385,0.683673,98
"Mustelpoxvirus|AWU47162.1|Mustelpoxvirus_seaotterpox","Parapoxvirus|WZD65066.1|Parapoxvirus_pseudocowpox",3.539063,0.659091,88
"Mustelpoxvirus|AWU47162.1|Mustelpoxvirus_seaotterpox","Parapoxvirus|WZD65198.1|Parapoxvirus_pseudocowpox",3.654923,0.662921,89
"Mustelpoxvirus|AWU47162.1|Mustelpoxvirus_seaotterpox","Parapoxvirus|WZD65323.1|Parapoxvirus_pseudocowpox",3.643187,0.674157,89
"Mustelpoxvirus|AWU47162.1|Mustelpoxvirus_seaotterpox","Parapoxvirus|WZD65710.1|Parapoxvirus_bovinestomatitis",3.867466,0.662791,86
"Mustelpoxvirus|AWU47162.1|Mustelpoxvirus_seaotterpox","Parapoxvirus|WZD65840.1|Parapoxvirus_bovinestomatitis",3.900535,0.662791,86
"Mustelpoxvirus|AWU47162.1|Mustelpoxvirus_seaotterpox","Parapoxvirus|WZD65968.1|Parapoxvirus_bovinestomatitis",3.917217,0.666667,87
"Mustelpoxvirus|AWU47162.1|Mustelpoxvirus_seaotterpox","Parapoxvirus|WZD66097.1|Parapoxvirus_bovinestomatitis",3.899752,0.662791,86
"Mustelpoxvirus|AWU47162.1|Mustelpoxvirus_seaotterpox","Capripoxvirus|XKH15810.1|Capripoxvirus_sheeppox",8.699204,0.788462,104
"Mustelpoxvirus|AWU47162.1|Mustelpoxvirus_seaotterpox","Parapoxvirus|XPQ45389.1|Parapoxvirus_orf",3.609062,0.647727,88
"Mustelpoxvirus|AWU47162.1|Mustelpoxvirus_seaotterpox","Leporipoxvirus|YAW79107.1|Leporipoxvirus_myxoma",8.881441,0.801980,101
"Mustelpoxvirus|AWU47162.1|Mustelpoxvirus_seaotterpox","Leporipoxvirus|YBO75993.1|Leporipoxvirus_myxoma",8.928623,0.788462,104
"Mustelpoxvirus|AWU47162.1|Mustelpoxvirus_seaotterpox","Parapoxvirus|YBU52136.1|Parapoxvirus_orf",3.375316,0.670455,88
"Mustelpoxvirus|AWU47162.1|Mustelpoxvirus_seaotterpox","Capripoxvirus|YBU52347.1|Capripoxvirus_sheeppox",8.641791,0.788462,104
"Mustelpoxvirus|AWU47162.1|Mustelpoxvirus_seaotterpox","Capripoxvirus|YCL82046.1|Capripoxvirus_lumpyskinpox",8.677534,0.778846,104
"Mustelpoxvirus|AWU47162.1|Mustelpoxvirus_seaotterpox","Parapoxvirus|YP_003457410.1|Parapoxvirus_pseudocowpox",3.617927,0.662921,89
"Mustelpoxvirus|AWU47162.1|Mustelpoxvirus_seaotterpox","Orthopoxvirus|P20535.1|Orthopoxvirus_vaccinia",3.924231,0.693878,98
"Mustelpoxvirus|AWU47162.1|Mustelpoxvirus_seaotterpox","Parapoxvirus|P26654.1|Parapoxvirus_orf",3.626856,0.655172,87
"Mustelpoxvirus|AWU47162.1|Mustelpoxvirus_seaotterpox","Orthopoxvirus|YFT66960.1|Orthopoxvirus_monkeypox",3.961384,0.683673,98
"Mustelpoxvirus|AWU47162.1|Mustelpoxvirus_seaotterpox","Orthopoxvirus|YFT67316.1|Orthopoxvirus_monkeypox",3.985552,0.683673,98
"Cervidpoxvirus|AYC44792.1|Unclassified_moosepox_virus","Orthopoxvirus|AYN64713.1|Orthopoxvirus_abatino",4.279704,0.722222,108
"Cervidpoxvirus|AYC44792.1|Unclassified_moosepox_virus","Orthopoxvirus|CAG7621171.1|Orthopoxvirus_ectomelia",4.292969,0.722222,108
"Cervidpoxvirus|AYC44792.1|Unclassified_moosepox_virus","Suipoxvirus|NP_570274.1|Suipoxvirus_swinepox",0.971239,0.417910,134
"Cervidpoxvirus|AYC44792.1|Unclassified_moosepox_virus","Parapoxvirus|Q6TV84|Parapoxvirus_bovinestomatitis",8.590677,0.727273,88
"Cervidpoxvirus|AYC44792.1|Unclassified_moosepox_virus","Parapoxvirus|Q6TVL6|Parapoxvirus_orf",8.402548,0.696629,89
"Cervidpoxvirus|AYC44792.1|Unclassified_moosepox_virus","Leporipoxvirus|Q83655|Leporipoxvirus_myxoma",1.467320,0.492308,130
"Cervidpoxvirus|AYC44792.1|Unclassified_moosepox_virus","unclassified|QDJ95055.1|Unclassified_hypsugopox_virus",5.913730,0.731481,108
"Cervidpoxvirus|AYC44792.1|Unclassified_moosepox_virus","Orthopoxvirus|QED21266.1|Orthopoxvirus_borealpox",4.157855,0.722222,108
"Cervidpoxvirus|AYC44792.1|Unclassified_moosepox_virus","Orthopoxvirus|QEQ49703.1|Orthopoxvirus_akhmetapox",4.292698,0.722222,108
"Cervidpoxvirus|AYC44792.1|Unclassified_moosepox_virus","unclassified|QHG62676.1|Unclassified_cetacean_poxvirus_1",6.219237,0.722222,90
"Cervidpoxvirus|AYC44792.1|Unclassified_moosepox_virus","unclassified|QHR82657.1|Unclassified_brazilian_porcupinepox_virus_1",1.419113,0.515873,126
"Cervidpoxvirus|AYC44792.1|Unclassified_moosepox_virus","Avipoxvirus|QZW33596.1|Unclassified_magpiepox_virus_2",7.559091,0.659091,88
"Cervidpoxvirus|AYC44792.1|Unclassified_moosepox_virus","Capripoxvirus|T2DHX9|Capripoxvirus_sheeppox",1.241317,0.511278,133
"Cervidpoxvirus|AYC44792.1|Unclassified_moosepox_virus","Orthopoxvirus|V9PXP5|Orthopoxvirus_cowpox",4.292815,0.722222,108
"Cervidpoxvirus|AYC44792.1|Unclassified_moosepox_virus","unclassified|WGO62741.1|Unclassified_wadden_sea_poxvirus",6.821695,0.688889,90
"Cervidpoxvirus|AYC44792.1|Unclassified_moosepox_virus","Parapoxvirus|WOC35488.1|Unclassified_equine_parapoxvirus",7.554005,0.722222,90
"Cervidpoxvirus|AYC44792.1|Unclassified_moosepox_virus","Orthopoxvirus|WWS34253.1|Orthopoxvirus_variola",4.267494,0.722222,108
"Cervidpoxvirus|AYC44792.1|Unclassified_moosepox_virus","Parapoxvirus|WZD65066.1|Parapoxvirus_pseudocowpox",8.299405,0.719101,89
"Cervidpoxvirus|AYC44792.1|Unclassified_moosepox_virus","Parapoxvirus|WZD65198.1|Parapoxvirus_pseudocowpox",8.415265,0.744444,90
"Cervidpoxvirus|AYC44792.1|Unclassified_moosepox_virus","Parapoxvirus|WZD65323.1|Parapoxvirus_pseudocowpox",8.403529,0.744444,90
"Cervidpoxvirus|AYC44792.1|Unclassified_moosepox_virus","Parapoxvirus|WZD65710.1|Parapoxvirus_bovinestomatitis",8.627809,0.735632,87
"Cervidpoxvirus|AYC44792.1|Unclassified_moosepox_virus","Parapoxvirus|WZD65840.1|Parapoxvirus_bovinestomatitis",8.660877,0.747126,87
"Cervidpoxvirus|AYC44792.1|Unclassified_moosepox_virus","Parapoxvirus|WZD65968.1|Parapoxvirus_bovinestomatitis",8.677559,0.727273,88
"Cervidpoxvirus|AYC44792.1|Unclassified_moosepox_virus","Parapoxvirus|WZD66097.1|Parapoxvirus_bovinestomatitis",8.660094,0.747126,87
"Cervidpoxvirus|AYC44792.1|Unclassified_moosepox_virus","Capripoxvirus|XKH15810.1|Capripoxvirus_sheeppox",1.263074,0.514925,134
"Cervidpoxvirus|AYC44792.1|Unclassified_moosepox_virus","Parapoxvirus|XPQ45389.1|Parapoxvirus_orf",8.369405,0.707865,89
"Cervidpoxvirus|AYC44792.1|Unclassified_moosepox_virus","Leporipoxvirus|YAW79107.1|Leporipoxvirus_myxoma",1.445311,0.492308,130
"Cervidpoxvirus|AYC44792.1|Unclassified_moosepox_virus","Leporipoxvirus|YBO75993.1|Leporipoxvirus_myxoma",1.492493,0.500000,132
"Cervidpoxvirus|AYC44792.1|Unclassified_moosepox_virus","Parapoxvirus|YBU52136.1|Parapoxvirus_orf",8.135658,0.696629,89
"Cervidpoxvirus|AYC44792.1|Unclassified_moosepox_virus","Capripoxvirus|YBU52347.1|Capripoxvirus_sheeppox",1.205660,0.503759,133
"Cervidpoxvirus|AYC44792.1|Unclassified_moosepox_virus","Capripoxvirus|YCL82046.1|Capripoxvirus_lumpyskinpox",1.241404,0.503759,133
"Cervidpoxvirus|AYC44792.1|Unclassified_moosepox_virus","Parapoxvirus|YP_003457410.1|Parapoxvirus_pseudocowpox",8.378270,0.722222,90
"Cervidpoxvirus|AYC44792.1|Unclassified_moosepox_virus","Orthopoxvirus|P20535.1|Orthopoxvirus_vaccinia",4.280339,0.712963,108
"Cervidpoxvirus|AYC44792.1|Unclassified_moosepox_virus","Parapoxvirus|P26654.1|Parapoxvirus_orf",8.387198,0.727273,88
"Cervidpoxvirus|AYC44792.1|Unclassified_moosepox_virus","Orthopoxvirus|YFT66960.1|Orthopoxvirus_monkeypox",4.292875,0.731481,108
"Cervidpoxvirus|AYC44792.1|Unclassified_moosepox_virus","Orthopoxvirus|YFT67316.1|Orthopoxvirus_monkeypox",4.317043,0.731481,108
"Orthopoxvirus|AYN64713.1|Orthopoxvirus_abatino","Orthopoxvirus|CAG7621171.1|Orthopoxvirus_ectomelia",0.061566,0.045455,110
"Orthopoxvirus|AYN64713.1|Orthopoxvirus_abatino","Suipoxvirus|NP_570274.1|Suipoxvirus_swinepox",4.436517,0.724771,109
"Orthopoxvirus|AYN64713.1|Orthopoxvirus_abatino","Parapoxvirus|Q6TV84|Parapoxvirus_bovinestomatitis",4.359279,0.698795,83
"Orthopoxvirus|AYN64713.1|Orthopoxvirus_abatino","Parapoxvirus|Q6TVL6|Parapoxvirus_orf",4.171150,0.690476,84
"Orthopoxvirus|AYN64713.1|Orthopoxvirus_abatino","Leporipoxvirus|Q83655|Leporipoxvirus_myxoma",5.028161,0.745283,106
"Orthopoxvirus|AYN64713.1|Orthopoxvirus_abatino","unclassified|QDJ95055.1|Unclassified_hypsugopox_virus",1.682332,0.540000,100
"Orthopoxvirus|AYN64713.1|Orthopoxvirus_abatino","Orthopoxvirus|QED21266.1|Orthopoxvirus_borealpox",0.200413,0.127273,110
"Orthopoxvirus|AYN64713.1|Orthopoxvirus_abatino","Orthopoxvirus|QEQ49703.1|Orthopoxvirus_akhmetapox",0.061295,0.045455,110
"Orthopoxvirus|AYN64713.1|Orthopoxvirus_abatino","unclassified|QHG62676.1|Unclassified_cetacean_poxvirus_1",3.584752,0.630952,84
"Orthopoxvirus|AYN64713.1|Orthopoxvirus_abatino","unclassified|QHR82657.1|Unclassified_brazilian_porcupinepox_virus_1",4.813054,0.726415,106
"Orthopoxvirus|AYN64713.1|Orthopoxvirus_abatino","Avipoxvirus|QZW33596.1|Unclassified_magpiepox_virus_2",3.327693,0.564103,78
"Orthopoxvirus|AYN64713.1|Orthopoxvirus_abatino","Capripoxvirus|T2DHX9|Capripoxvirus_sheeppox",4.802158,0.697248,109
"Orthopoxvirus|AYN64713.1|Orthopoxvirus_abatino","Orthopoxvirus|V9PXP5|Orthopoxvirus_cowpox",0.061417,0.045455,110
"Orthopoxvirus|AYN64713.1|Orthopoxvirus_abatino","unclassified|WGO62741.1|Unclassified_wadden_sea_poxvirus",4.187211,0.642857,84
"Orthopoxvirus|AYN64713.1|Orthopoxvirus_abatino","Parapoxvirus|WOC35488.1|Unclassified_equine_parapoxvirus",3.322606,0.658824,85
"Orthopoxvirus|AYN64713.1|Orthopoxvirus_abatino","Orthopoxvirus|WWS34253.1|Orthopoxvirus_variola",0.036092,0.027273,110
"Orthopoxvirus|AYN64713.1|Orthopoxvirus_abatino","Parapoxvirus|WZD65066.1|Parapoxvirus_pseudocowpox",4.068007,0.666667,84
"Orthopoxvirus|AYN64713.1|Orthopoxvirus_abatino","Parapoxvirus|WZD65198.1|Parapoxvirus_pseudocowpox",4.183867,0.682353,85
"Orthopoxvirus|AYN64713.1|Orthopoxvirus_abatino","Parapoxvirus|WZD65323.1|Parapoxvirus_pseudocowpox",4.172131,0.705882,85
"Orthopoxvirus|AYN64713.1|Orthopoxvirus_abatino","Parapoxvirus|WZD65710.1|Parapoxvirus_bovinestomatitis",4.396411,0.707317,82
"Orthopoxvirus|AYN64713.1|Orthopoxvirus_abatino","Parapoxvirus|WZD65840.1|Parapoxvirus_bovinestomatitis",4.429479,0.707317,82
"Orthopoxvirus|AYN64713.1|Orthopoxvirus_abatino","Parapoxvirus|WZD65968.1|Parapoxvirus_bovinestomatitis",4.446161,0.710843,83
"Orthopoxvirus|AYN64713.1|Orthopoxvirus_abatino","Parapoxvirus|WZD66097.1|Parapoxvirus_bovinestomatitis",4.428696,0.707317,82
"Orthopoxvirus|AYN64713.1|Orthopoxvirus_abatino","Capripoxvirus|XKH15810.1|Capripoxvirus_sheeppox",4.823915,0.697248,109
"Orthopoxvirus|AYN64713.1|Orthopoxvirus_abatino","Parapoxvirus|XPQ45389.1|Parapoxvirus_orf",4.138007,0.690476,84
"Orthopoxvirus|AYN64713.1|Orthopoxvirus_abatino","Leporipoxvirus|YAW79107.1|Leporipoxvirus_myxoma",5.006151,0.745283,106
"Orthopoxvirus|AYN64713.1|Orthopoxvirus_abatino","Leporipoxvirus|YBO75993.1|Leporipoxvirus_myxoma",5.053334,0.743119,109
"Orthopoxvirus|AYN64713.1|Orthopoxvirus_abatino","Parapoxvirus|YBU52136.1|Parapoxvirus_orf",3.904260,0.678571,84
"Orthopoxvirus|AYN64713.1|Orthopoxvirus_abatino","Capripoxvirus|YBU52347.1|Capripoxvirus_sheeppox",4.766501,0.688073,109
"Orthopoxvirus|AYN64713.1|Orthopoxvirus_abatino","Capripoxvirus|YCL82046.1|Capripoxvirus_lumpyskinpox",4.802244,0.688073,109
"Orthopoxvirus|AYN64713.1|Orthopoxvirus_abatino","Parapoxvirus|YP_003457410.1|Parapoxvirus_pseudocowpox",4.146872,0.694118,85
"Orthopoxvirus|AYN64713.1|Orthopoxvirus_abatino","Orthopoxvirus|P20535.1|Orthopoxvirus_vaccinia",0.048939,0.036364,110
"Orthopoxvirus|AYN64713.1|Orthopoxvirus_abatino","Parapoxvirus|P26654.1|Parapoxvirus_orf",4.155800,0.686747,83
"Orthopoxvirus|AYN64713.1|Orthopoxvirus_abatino","Orthopoxvirus|YFT66960.1|Orthopoxvirus_monkeypox",0.086095,0.063636,110
"Orthopoxvirus|AYN64713.1|Orthopoxvirus_abatino","Orthopoxvirus|YFT67316.1|Orthopoxvirus_monkeypox",0.110262,0.063636,110
"Orthopoxvirus|CAG7621171.1|Orthopoxvirus_ectomelia","Suipoxvirus|NP_570274.1|Suipoxvirus_swinepox",4.449782,0.724771,109
"Orthopoxvirus|CAG7621171.1|Orthopoxvirus_ectomelia","Parapoxvirus|Q6TV84|Parapoxvirus_bovinestomatitis",4.372543,0.698795,83
"Orthopoxvirus|CAG7621171.1|Orthopoxvirus_ectomelia","Parapoxvirus|Q6TVL6|Parapoxvirus_orf",4.184415,0.690476,84
"Orthopoxvirus|CAG7621171.1|Orthopoxvirus_ectomelia","Leporipoxvirus|Q83655|Leporipoxvirus_myxoma",5.041425,0.745283,106
"Orthopoxvirus|CAG7621171.1|Orthopoxvirus_ectomelia","unclassified|QDJ95055.1|Unclassified_hypsugopox_virus",1.695597,0.540000,100
"Orthopoxvirus|CAG7621171.1|Orthopoxvirus_ectomelia","Orthopoxvirus|QED21266.1|Orthopoxvirus_borealpox",0.213678,0.127273,110
"Orthopoxvirus|CAG7621171.1|Orthopoxvirus_ectomelia","Orthopoxvirus|QEQ49703.1|Orthopoxvirus_akhmetapox",0.074556,0.054545,110
"Orthopoxvirus|CAG7621171.1|Orthopoxvirus_ectomelia","unclassified|QHG62676.1|Unclassified_cetacean_poxvirus_1",3.598017,0.630952,84
"Orthopoxvirus|CAG7621171.1|Orthopoxvirus_ectomelia","unclassified|QHR82657.1|Unclassified_brazilian_porcupinepox_virus_1",4.826319,0.716981,106
"Orthopoxvirus|CAG7621171.1|Orthopoxvirus_ectomelia","Avipoxvirus|QZW33596.1|Unclassified_magpiepox_virus_2",3.340958,0.564103,78
"Orthopoxvirus|CAG7621171.1|Orthopoxvirus_ectomelia","Capripoxvirus|T2DHX9|Capripoxvirus_sheeppox",4.815423,0.706422,109
"Orthopoxvirus|CAG7621171.1|Orthopoxvirus_ectomelia","Orthopoxvirus|V9PXP5|Orthopoxvirus_cowpox",0.074682,0.054545,110
"Orthopoxvirus|CAG7621171.1|Orthopoxvirus_ectomelia","unclassified|WGO62741.1|Unclassified_wadden_sea_poxvirus",4.200476,0.642857,84
"Orthopoxvirus|CAG7621171.1|Orthopoxvirus_ectomelia","Parapoxvirus|WOC35488.1|Unclassified_equine_parapoxvirus",3.335871,0.658824,85
"Orthopoxvirus|CAG7621171.1|Orthopoxvirus_ectomelia","Orthopoxvirus|WWS34253.1|Orthopoxvirus_variola",0.049355,0.036364,110
"Orthopoxvirus|CAG7621171.1|Orthopoxvirus_ectomelia","Parapoxvirus|WZD65066.1|Parapoxvirus_pseudocowpox",4.081272,0.666667,84
"Orthopoxvirus|CAG7621171.1|Orthopoxvirus_ectomelia","Parapoxvirus|WZD65198.1|Parapoxvirus_pseudocowpox",4.197132,0.682353,85
"Orthopoxvirus|CAG7621171.1|Orthopoxvirus_ectomelia","Parapoxvirus|WZD65323.1|Parapoxvirus_pseudocowpox",4.185396,0.705882,85
"Orthopoxvirus|CAG7621171.1|Orthopoxvirus_ectomelia","Parapoxvirus|WZD65710.1|Parapoxvirus_bovinestomatitis",4.409676,0.707317,82
"Orthopoxvirus|CAG7621171.1|Orthopoxvirus_ectomelia","Parapoxvirus|WZD65840.1|Parapoxvirus_bovinestomatitis",4.442744,0.707317,82
"Orthopoxvirus|CAG7621171.1|Orthopoxvirus_ectomelia","Parapoxvirus|WZD65968.1|Parapoxvirus_bovinestomatitis",4.459426,0.710843,83
"Orthopoxvirus|CAG7621171.1|Orthopoxvirus_ectomelia","Parapoxvirus|WZD66097.1|Parapoxvirus_bovinestomatitis",4.441961,0.707317,82
"Orthopoxvirus|CAG7621171.1|Orthopoxvirus_ectomelia","Capripoxvirus|XKH15810.1|Capripoxvirus_sheeppox",4.837180,0.706422,109
"Orthopoxvirus|CAG7621171.1|Orthopoxvirus_ectomelia","Parapoxvirus|XPQ45389.1|Parapoxvirus_orf",4.151272,0.690476,84
"Orthopoxvirus|CAG7621171.1|Orthopoxvirus_ectomelia","Leporipoxvirus|YAW79107.1|Leporipoxvirus_myxoma",5.019416,0.745283,106
"Orthopoxvirus|CAG7621171.1|Orthopoxvirus_ectomelia","Leporipoxvirus|YBO75993.1|Leporipoxvirus_myxoma",5.066599,0.743119,109
"Orthopoxvirus|CAG7621171.1|Orthopoxvirus_ectomelia","Parapoxvirus|YBU52136.1|Parapoxvirus_orf",3.917525,0.678571,84
"Orthopoxvirus|CAG7621171.1|Orthopoxvirus_ectomelia","Capripoxvirus|YBU52347.1|Capripoxvirus_sheeppox",4.779766,0.697248,109
"Orthopoxvirus|CAG7621171.1|Orthopoxvirus_ectomelia","Capripoxvirus|YCL82046.1|Capripoxvirus_lumpyskinpox",4.815509,0.697248,109
"Orthopoxvirus|CAG7621171.1|Orthopoxvirus_ectomelia","Parapoxvirus|YP_003457410.1|Parapoxvirus_pseudocowpox",4.160137,0.694118,85
"Orthopoxvirus|CAG7621171.1|Orthopoxvirus_ectomelia","Orthopoxvirus|P20535.1|Orthopoxvirus_vaccinia",0.062204,0.045455,110
"Orthopoxvirus|CAG7621171.1|Orthopoxvirus_ectomelia","Parapoxvirus|P26654.1|Parapoxvirus_orf",4.169065,0.686747,83
"Orthopoxvirus|CAG7621171.1|Orthopoxvirus_ectomelia","Orthopoxvirus|YFT66960.1|Orthopoxvirus_monkeypox",0.099360,0.063636,110
"Orthopoxvirus|CAG7621171.1|Orthopoxvirus_ectomelia","Orthopoxvirus|YFT67316.1|Orthopoxvirus_monkeypox",0.123527,0.063636,110
"Suipoxvirus|NP_570274.1|Suipoxvirus_swinepox","Parapoxvirus|Q6TV84|Parapoxvirus_bovinestomatitis",8.747490,0.775281,89
"Suipoxvirus|NP_570274.1|Suipoxvirus_swinepox","Parapoxvirus|Q6TVL6|Parapoxvirus_orf",8.559361,0.733333,90
"Suipoxvirus|NP_570274.1|Suipoxvirus_swinepox","Leporipoxvirus|Q83655|Leporipoxvirus_myxoma",1.719696,0.517730,141
"Suipoxvirus|NP_570274.1|Suipoxvirus_swinepox","unclassified|QDJ95055.1|Unclassified_hypsugopox_virus",6.070544,0.736364,110
"Suipoxvirus|NP_570274.1|Suipoxvirus_swinepox","Orthopoxvirus|QED21266.1|Orthopoxvirus_borealpox",4.314668,0.715596,109
"Suipoxvirus|NP_570274.1|Suipoxvirus_swinepox","Orthopoxvirus|QEQ49703.1|Orthopoxvirus_akhmetapox",4.449511,0.724771,109
"Suipoxvirus|NP_570274.1|Suipoxvirus_swinepox","unclassified|QHG62676.1|Unclassified_cetacean_poxvirus_1",6.376050,0.752688,93
"Suipoxvirus|NP_570274.1|Suipoxvirus_swinepox","unclassified|QHR82657.1|Unclassified_brazilian_porcupinepox_virus_1",1.575926,0.515625,128
"Suipoxvirus|NP_570274.1|Suipoxvirus_swinepox","Avipoxvirus|QZW33596.1|Unclassified_magpiepox_virus_2",7.715904,0.750000,88
"Suipoxvirus|NP_570274.1|Suipoxvirus_swinepox","Capripoxvirus|T2DHX9|Capripoxvirus_sheeppox",1.493693,0.531469,143
"Suipoxvirus|NP_570274.1|Suipoxvirus_swinepox","Orthopoxvirus|V9PXP5|Orthopoxvirus_cowpox",4.449628,0.724771,109
"Suipoxvirus|NP_570274.1|Suipoxvirus_swinepox","unclassified|WGO62741.1|Unclassified_wadden_sea_poxvirus",6.978508,0.687500,96
"Suipoxvirus|NP_570274.1|Suipoxvirus_swinepox","Parapoxvirus|WOC35488.1|Unclassified_equine_parapoxvirus",7.710818,0.736264,91
"Suipoxvirus|NP_570274.1|Suipoxvirus_swinepox","Orthopoxvirus|WWS34253.1|Orthopoxvirus_variola",4.424307,0.724771,109
"Suipoxvirus|NP_570274.1|Suipoxvirus_swinepox","Parapoxvirus|WZD65066.1|Parapoxvirus_pseudocowpox",8.456218,0.766667,90
"Suipoxvirus|NP_570274.1|Suipoxvirus_swinepox","Parapoxvirus|WZD65198.1|Parapoxvirus_pseudocowpox",8.572079,0.780220,91
"Suipoxvirus|NP_570274.1|Suipoxvirus_swinepox","Parapoxvirus|WZD65323.1|Parapoxvirus_pseudocowpox",8.560343,0.780220,91
"Suipoxvirus|NP_570274.1|Suipoxvirus_swinepox","Parapoxvirus|WZD65710.1|Parapoxvirus_bovinestomatitis",8.784622,0.761364,88
"Suipoxvirus|NP_570274.1|Suipoxvirus_swinepox","Parapoxvirus|WZD65840.1|Parapoxvirus_bovinestomatitis",8.817691,0.761364,88
"Suipoxvirus|NP_570274.1|Suipoxvirus_swinepox","Parapoxvirus|WZD65968.1|Parapoxvirus_bovinestomatitis",8.834373,0.764045,89
"Suipoxvirus|NP_570274.1|Suipoxvirus_swinepox","Parapoxvirus|WZD66097.1|Parapoxvirus_bovinestomatitis",8.816907,0.761364,88
"Suipoxvirus|NP_570274.1|Suipoxvirus_swinepox","Capripoxvirus|XKH15810.1|Capripoxvirus_sheeppox",1.515450,0.534722,144
"Suipoxvirus|NP_570274.1|Suipoxvirus_swinepox","Parapoxvirus|XPQ45389.1|Parapoxvirus_orf",8.526218,0.744444,90
"Suipoxvirus|NP_570274.1|Suipoxvirus_swinepox","Leporipoxvirus|YAW79107.1|Leporipoxvirus_myxoma",1.697686,0.517730,141
"Suipoxvirus|NP_570274.1|Suipoxvirus_swinepox","Leporipoxvirus|YBO75993.1|Leporipoxvirus_myxoma",1.744869,0.527778,144
"Suipoxvirus|NP_570274.1|Suipoxvirus_swinepox","Parapoxvirus|YBU52136.1|Parapoxvirus_orf",8.292472,0.733333,90
"Suipoxvirus|NP_570274.1|Suipoxvirus_swinepox","Capripoxvirus|YBU52347.1|Capripoxvirus_sheeppox",1.458036,0.517483,143
"Suipoxvirus|NP_570274.1|Suipoxvirus_swinepox","Capripoxvirus|YCL82046.1|Capripoxvirus_lumpyskinpox",1.493779,0.517483,143
"Suipoxvirus|NP_570274.1|Suipoxvirus_swinepox","Parapoxvirus|YP_003457410.1|Parapoxvirus_pseudocowpox",8.535083,0.758242,91
"Suipoxvirus|NP_570274.1|Suipoxvirus_swinepox","Orthopoxvirus|P20535.1|Orthopoxvirus_vaccinia",4.437152,0.724771,109
"Suipoxvirus|NP_570274.1|Suipoxvirus_swinepox","Parapoxvirus|P26654.1|Parapoxvirus_orf",8.544011,0.764045,89
"Suipoxvirus|NP_570274.1|Suipoxvirus_swinepox","Orthopoxvirus|YFT66960.1|Orthopoxvirus_monkeypox",4.449689,0.733945,109
"Suipoxvirus|NP_570274.1|Suipoxvirus_swinepox","Orthopoxvirus|YFT67316.1|Orthopoxvirus_monkeypox",4.473856,0.733945,109
"Parapoxvirus|Q6TV84|Parapoxvirus_bovinestomatitis","Parapoxvirus|Q6TVL6|Parapoxvirus_orf",0.536052,0.238636,88
"Parapoxvirus|Q6TV84|Parapoxvirus_bovinestomatitis","Leporipoxvirus|Q83655|Leporipoxvirus_myxoma",9.339134,0.767442,86
"Parapoxvirus|Q6TV84|Parapoxvirus_bovinestomatitis","unclassified|QDJ95055.1|Unclassified_hypsugopox_virus",5.461952,0.682353,85
"Parapoxvirus|Q6TV84|Parapoxvirus_bovinestomatitis","Orthopoxvirus|QED21266.1|Orthopoxvirus_borealpox",4.511386,0.710843,83
"Parapoxvirus|Q6TV84|Parapoxvirus_bovinestomatitis","Orthopoxvirus|QEQ49703.1|Orthopoxvirus_akhmetapox",4.372273,0.698795,83
"Parapoxvirus|Q6TV84|Parapoxvirus_bovinestomatitis","unclassified|QHG62676.1|Unclassified_cetacean_poxvirus_1",7.895725,0.746988,83
"Parapoxvirus|Q6TV84|Parapoxvirus_bovinestomatitis","unclassified|QHR82657.1|Unclassified_brazilian_porcupinepox_virus_1",9.124027,0.744186,86
"Parapoxvirus|Q6TV84|Parapoxvirus_bovinestomatitis","Avipoxvirus|QZW33596.1|Unclassified_magpiepox_virus_2",4.516101,0.666667,81
"Parapoxvirus|Q6TV84|Parapoxvirus_bovinestomatitis","Capripoxvirus|T2DHX9|Capripoxvirus_sheeppox",9.113131,0.741573,89
"Parapoxvirus|Q6TV84|Parapoxvirus_bovinestomatitis","Orthopoxvirus|V9PXP5|Orthopoxvirus_cowpox",4.297867,0.698795,83
"Parapoxvirus|Q6TV84|Parapoxvirus_bovinestomatitis","unclassified|WGO62741.1|Unclassified_wadden_sea_poxvirus",8.498184,0.783133,83
"Parapoxvirus|Q6TV84|Parapoxvirus_bovinestomatitis","Parapoxvirus|WOC35488.1|Unclassified_equine_parapoxvirus",1.395965,0.477273,88
"Parapoxvirus|Q6TV84|Parapoxvirus_bovinestomatitis","Orthopoxvirus|WWS34253.1|Orthopoxvirus_variola",4.347069,0.698795,83
"Parapoxvirus|Q6TV84|Parapoxvirus_bovinestomatitis","Parapoxvirus|WZD65066.1|Parapoxvirus_pseudocowpox",0.697985,0.272727,88
"Parapoxvirus|Q6TV84|Parapoxvirus_bovinestomatitis","Parapoxvirus|WZD65198.1|Parapoxvirus_pseudocowpox",0.813845,0.295455,88
"Parapoxvirus|Q6TV84|Parapoxvirus_bovinestomatitis","Parapoxvirus|WZD65323.1|Parapoxvirus_pseudocowpox",0.802109,0.295455,88
"Parapoxvirus|Q6TV84|Parapoxvirus_bovinestomatitis","Parapoxvirus|WZD65710.1|Parapoxvirus_bovinestomatitis",0.137226,0.090909,88
"Parapoxvirus|Q6TV84|Parapoxvirus_bovinestomatitis","Parapoxvirus|WZD65840.1|Parapoxvirus_bovinestomatitis",0.170295,0.113636,88
"Parapoxvirus|Q6TV84|Parapoxvirus_bovinestomatitis","Parapoxvirus|WZD65968.1|Parapoxvirus_bovinestomatitis",0.186977,0.123596,89
"Parapoxvirus|Q6TV84|Parapoxvirus_bovinestomatitis","Parapoxvirus|WZD66097.1|Parapoxvirus_bovinestomatitis",0.169512,0.113636,88
"Parapoxvirus|Q6TV84|Parapoxvirus_bovinestomatitis","Capripoxvirus|XKH15810.1|Capripoxvirus_sheeppox",9.134888,0.752809,89
"Parapoxvirus|Q6TV84|Parapoxvirus_bovinestomatitis","Parapoxvirus|XPQ45389.1|Parapoxvirus_orf",0.502909,0.227273,88
"Parapoxvirus|Q6TV84|Parapoxvirus_bovinestomatitis","Leporipoxvirus|YAW79107.1|Leporipoxvirus_myxoma",9.317124,0.767442,86
"Parapoxvirus|Q6TV84|Parapoxvirus_bovinestomatitis","Leporipoxvirus|YBO75993.1|Leporipoxvirus_myxoma",9.364307,0.764045,89
"Parapoxvirus|Q6TV84|Parapoxvirus_bovinestomatitis","Parapoxvirus|YBU52136.1|Parapoxvirus_orf",0.534238,0.261364,88
"Parapoxvirus|Q6TV84|Parapoxvirus_bovinestomatitis","Capripoxvirus|YBU52347.1|Capripoxvirus_sheeppox",9.077474,0.752809,89
"Parapoxvirus|Q6TV84|Parapoxvirus_bovinestomatitis","Capripoxvirus|YCL82046.1|Capripoxvirus_lumpyskinpox",9.113217,0.764045,89
"Parapoxvirus|Q6TV84|Parapoxvirus_bovinestomatitis","Parapoxvirus|YP_003457410.1|Parapoxvirus_pseudocowpox",0.776850,0.261364,88
"Parapoxvirus|Q6TV84|Parapoxvirus_bovinestomatitis","Orthopoxvirus|P20535.1|Orthopoxvirus_vaccinia",4.359914,0.698795,83
"Parapoxvirus|Q6TV84|Parapoxvirus_bovinestomatitis","Parapoxvirus|P26654.1|Parapoxvirus_orf",0.520702,0.195402,87
"Parapoxvirus|Q6TV84|Parapoxvirus_bovinestomatitis","Orthopoxvirus|YFT66960.1|Orthopoxvirus_monkeypox",4.397068,0.698795,83
"Parapoxvirus|Q6TV84|Parapoxvirus_bovinestomatitis","Orthopoxvirus|YFT67316.1|Orthopoxvirus_monkeypox",4.421235,0.698795,83
"Parapoxvirus|Q6TVL6|Parapoxvirus_orf","Leporipoxvirus|Q83655|Leporipoxvirus_myxoma",9.151005,0.772727,88
"Parapoxvirus|Q6TVL6|Parapoxvirus_orf","unclassified|QDJ95055.1|Unclassified_hypsugopox_virus",5.273824,0.662791,86
"Parapoxvirus|Q6TVL6|Parapoxvirus_orf","Orthopoxvirus|QED21266.1|Orthopoxvirus_borealpox",4.323257,0.678571,84
"Parapoxvirus|Q6TVL6|Parapoxvirus_orf","Orthopoxvirus|QEQ49703.1|Orthopoxvirus_akhmetapox",4.184144,0.690476,84
"Parapoxvirus|Q6TVL6|Parapoxvirus_orf","unclassified|QHG62676.1|Unclassified_cetacean_poxvirus_1",7.707597,0.752941,85
"Parapoxvirus|Q6TVL6|Parapoxvirus_orf","unclassified|QHR82657.1|Unclassified_brazilian_porcupinepox_virus_1",8.935898,0.738636,88
"Parapoxvirus|Q6TVL6|Parapoxvirus_orf","Avipoxvirus|QZW33596.1|Unclassified_magpiepox_virus_2",4.327973,0.687500,80
"Parapoxvirus|Q6TVL6|Parapoxvirus_orf","Capripoxvirus|T2DHX9|Capripoxvirus_sheeppox",8.925002,0.711111,90
"Parapoxvirus|Q6TVL6|Parapoxvirus_orf","Orthopoxvirus|V9PXP5|Orthopoxvirus_cowpox",4.109738,0.702381,84
"Parapoxvirus|Q6TVL6|Parapoxvirus_orf","unclassified|WGO62741.1|Unclassified_wadden_sea_poxvirus",8.310055,0.741176,85
"Parapoxvirus|Q6TVL6|Parapoxvirus_orf","Parapoxvirus|WOC35488.1|Unclassified_equine_parapoxvirus",1.207837,0.422222,90
"Parapoxvirus|Q6TVL6|Parapoxvirus_orf","Orthopoxvirus|WWS34253.1|Orthopoxvirus_variola",4.158940,0.690476,84
"Parapoxvirus|Q6TVL6|Parapoxvirus_orf","Parapoxvirus|WZD65066.1|Parapoxvirus_pseudocowpox",0.509857,0.244444,90
"Parapoxvirus|Q6TVL6|Parapoxvirus_orf","Parapoxvirus|WZD65198.1|Parapoxvirus_pseudocowpox",0.625717,0.300000,90
"Parapoxvirus|Q6TVL6|Parapoxvirus_orf","Parapoxvirus|WZD65323.1|Parapoxvirus_pseudocowpox",0.613981,0.277778,90
"Parapoxvirus|Q6TVL6|Parapoxvirus_orf","Parapoxvirus|WZD65710.1|Parapoxvirus_bovinestomatitis",0.573184,0.261364,88
"Parapoxvirus|Q6TVL6|Parapoxvirus_orf","Parapoxvirus|WZD65840.1|Parapoxvirus_bovinestomatitis",0.606253,0.272727,88
"Parapoxvirus|Q6TVL6|Parapoxvirus_orf","Parapoxvirus|WZD65968.1|Parapoxvirus_bovinestomatitis",0.622935,0.261364,88
"Parapoxvirus|Q6TVL6|Parapoxvirus_orf","Parapoxvirus|WZD66097.1|Parapoxvirus_bovinestomatitis",0.605470,0.272727,88
"Parapoxvirus|Q6TVL6|Parapoxvirus_orf","Capripoxvirus|XKH15810.1|Capripoxvirus_sheeppox",8.946759,0.722222,90
"Parapoxvirus|Q6TVL6|Parapoxvirus_orf","Parapoxvirus|XPQ45389.1|Parapoxvirus_orf",0.115006,0.077778,90
"Parapoxvirus|Q6TVL6|Parapoxvirus_orf","Leporipoxvirus|YAW79107.1|Leporipoxvirus_myxoma",9.128996,0.772727,88
"Parapoxvirus|Q6TVL6|Parapoxvirus_orf","Leporipoxvirus|YBO75993.1|Leporipoxvirus_myxoma",9.176178,0.766667,90
"Parapoxvirus|Q6TVL6|Parapoxvirus_orf","Parapoxvirus|YBU52136.1|Parapoxvirus_orf",0.346110,0.188889,90
"Parapoxvirus|Q6TVL6|Parapoxvirus_orf","Capripoxvirus|YBU52347.1|Capripoxvirus_sheeppox",8.889346,0.722222,90
"Parapoxvirus|Q6TVL6|Parapoxvirus_orf","Capripoxvirus|YCL82046.1|Capripoxvirus_lumpyskinpox",8.925089,0.722222,90
"Parapoxvirus|Q6TVL6|Parapoxvirus_orf","Parapoxvirus|YP_003457410.1|Parapoxvirus_pseudocowpox",0.588721,0.266667,90
"Parapoxvirus|Q6TVL6|Parapoxvirus_orf","Orthopoxvirus|P20535.1|Orthopoxvirus_vaccinia",4.171786,0.690476,84
"Parapoxvirus|Q6TVL6|Parapoxvirus_orf","Parapoxvirus|P26654.1|Parapoxvirus_orf",0.078342,0.056180,89
"Parapoxvirus|Q6TVL6|Parapoxvirus_orf","Orthopoxvirus|YFT66960.1|Orthopoxvirus_monkeypox",4.208939,0.702381,84
"Parapoxvirus|Q6TVL6|Parapoxvirus_orf","Orthopoxvirus|YFT67316.1|Orthopoxvirus_monkeypox",4.233107,0.702381,84
"Leporipoxvirus|Q83655|Leporipoxvirus_myxoma","unclassified|QDJ95055.1|Unclassified_hypsugopox_virus",6.662187,0.716981,106
"Leporipoxvirus|Q83655|Leporipoxvirus_myxoma","Orthopoxvirus|QED21266.1|Orthopoxvirus_borealpox",4.906312,0.735849,106
"Leporipoxvirus|Q83655|Leporipoxvirus_myxoma","Orthopoxvirus|QEQ49703.1|Orthopoxvirus_akhmetapox",5.041155,0.745283,106
"Leporipoxvirus|Q83655|Leporipoxvirus_myxoma","unclassified|QHG62676.1|Unclassified_cetacean_poxvirus_1",6.967693,0.714286,91
"Leporipoxvirus|Q83655|Leporipoxvirus_myxoma","unclassified|QHR82657.1|Unclassified_brazilian_porcupinepox_virus_1",2.167570,0.574627,134
"Leporipoxvirus|Q83655|Leporipoxvirus_myxoma","Avipoxvirus|QZW33596.1|Unclassified_magpiepox_virus_2",8.307548,0.702381,84
"Leporipoxvirus|Q83655|Leporipoxvirus_myxoma","Capripoxvirus|T2DHX9|Capripoxvirus_sheeppox",1.457268,0.562500,144
"Leporipoxvirus|Q83655|Leporipoxvirus_myxoma","Orthopoxvirus|V9PXP5|Orthopoxvirus_cowpox",5.041272,0.735849,106
"Leporipoxvirus|Q83655|Leporipoxvirus_myxoma","unclassified|WGO62741.1|Unclassified_wadden_sea_poxvirus",7.570152,0.712766,94
"Leporipoxvirus|Q83655|Leporipoxvirus_myxoma","Parapoxvirus|WOC35488.1|Unclassified_equine_parapoxvirus",8.302461,0.764045,89
"Leporipoxvirus|Q83655|Leporipoxvirus_myxoma","Orthopoxvirus|WWS34253.1|Orthopoxvirus_variola",5.015951,0.745283,106
"Leporipoxvirus|Q83655|Leporipoxvirus_myxoma","Parapoxvirus|WZD65066.1|Parapoxvirus_pseudocowpox",9.047862,0.750000,88
"Leporipoxvirus|Q83655|Leporipoxvirus_myxoma","Parapoxvirus|WZD65198.1|Parapoxvirus_pseudocowpox",9.163722,0.764045,89
"Leporipoxvirus|Q83655|Leporipoxvirus_myxoma","Parapoxvirus|WZD65323.1|Parapoxvirus_pseudocowpox",9.151986,0.786517,89
"Leporipoxvirus|Q83655|Leporipoxvirus_myxoma","Parapoxvirus|WZD65710.1|Parapoxvirus_bovinestomatitis",9.376266,0.790698,86
"Leporipoxvirus|Q83655|Leporipoxvirus_myxoma","Parapoxvirus|WZD65840.1|Parapoxvirus_bovinestomatitis",9.409334,0.790698,86
"Leporipoxvirus|Q83655|Leporipoxvirus_myxoma","Parapoxvirus|WZD65968.1|Parapoxvirus_bovinestomatitis",9.426016,0.790698,86
"Leporipoxvirus|Q83655|Leporipoxvirus_myxoma","Parapoxvirus|WZD66097.1|Parapoxvirus_bovinestomatitis",9.408551,0.790698,86
"Leporipoxvirus|Q83655|Leporipoxvirus_myxoma","Capripoxvirus|XKH15810.1|Capripoxvirus_sheeppox",1.479025,0.555556,144
"Leporipoxvirus|Q83655|Leporipoxvirus_myxoma","Parapoxvirus|XPQ45389.1|Parapoxvirus_orf",9.117862,0.761364,88
"Leporipoxvirus|Q83655|Leporipoxvirus_myxoma","Leporipoxvirus|YAW79107.1|Leporipoxvirus_myxoma",0.022014,0.021277,188
"Leporipoxvirus|Q83655|Leporipoxvirus_myxoma","Leporipoxvirus|YBO75993.1|Leporipoxvirus_myxoma",0.231910,0.173184,179
"Leporipoxvirus|Q83655|Leporipoxvirus_myxoma","Parapoxvirus|YBU52136.1|Parapoxvirus_orf",8.884115,0.761364,88
"Leporipoxvirus|Q83655|Leporipoxvirus_myxoma","Capripoxvirus|YBU52347.1|Capripoxvirus_sheeppox",1.421611,0.562500,144
"Leporipoxvirus|Q83655|Leporipoxvirus_myxoma","Capripoxvirus|YCL82046.1|Capripoxvirus_lumpyskinpox",1.457355,0.541667,144
"Leporipoxvirus|Q83655|Leporipoxvirus_myxoma","Parapoxvirus|YP_003457410.1|Parapoxvirus_pseudocowpox",9.126727,0.752809,89
"Leporipoxvirus|Q83655|Leporipoxvirus_myxoma","Orthopoxvirus|P20535.1|Orthopoxvirus_vaccinia",5.028796,0.745283,106
"Leporipoxvirus|Q83655|Leporipoxvirus_myxoma","Parapoxvirus|P26654.1|Parapoxvirus_orf",9.135655,0.758621,87
"Leporipoxvirus|Q83655|Leporipoxvirus_myxoma","Orthopoxvirus|YFT66960.1|Orthopoxvirus_monkeypox",5.041332,0.754717,106
"Leporipoxvirus|Q83655|Leporipoxvirus_myxoma","Orthopoxvirus|YFT67316.1|Orthopoxvirus_monkeypox",5.065500,0.764151,106
"unclassified|QDJ95055.1|Unclassified_hypsugopox_virus","Orthopoxvirus|QED21266.1|Orthopoxvirus_borealpox",1.834439,0.550000,100
"unclassified|QDJ95055.1|Unclassified_hypsugopox_virus","Orthopoxvirus|QEQ49703.1|Orthopoxvirus_akhmetapox",1.695326,0.530000,100
"unclassified|QDJ95055.1|Unclassified_hypsugopox_virus","unclassified|QHG62676.1|Unclassified_cetacean_poxvirus_1",5.218779,0.670330,91
"unclassified|QDJ95055.1|Unclassified_hypsugopox_virus","unclassified|QHR82657.1|Unclassified_brazilian_porcupinepox_virus_1",6.447081,0.714286,105
"unclassified|QDJ95055.1|Unclassified_hypsugopox_virus","Avipoxvirus|QZW33596.1|Unclassified_magpiepox_virus_2",4.430366,0.606742,89
"unclassified|QDJ95055.1|Unclassified_hypsugopox_virus","Capripoxvirus|T2DHX9|Capripoxvirus_sheeppox",6.436184,0.715596,109
"unclassified|QDJ95055.1|Unclassified_hypsugopox_virus","Orthopoxvirus|V9PXP5|Orthopoxvirus_cowpox",1.620921,0.530000,100
"unclassified|QDJ95055.1|Unclassified_hypsugopox_virus","unclassified|WGO62741.1|Unclassified_wadden_sea_poxvirus",5.821237,0.703297,91
"unclassified|QDJ95055.1|Unclassified_hypsugopox_virus","Parapoxvirus|WOC35488.1|Unclassified_equine_parapoxvirus",4.425280,0.707865,89
"unclassified|QDJ95055.1|Unclassified_hypsugopox_virus","Orthopoxvirus|WWS34253.1|Orthopoxvirus_variola",1.670122,0.540000,100
"unclassified|QDJ95055.1|Unclassified_hypsugopox_virus","Parapoxvirus|WZD65066.1|Parapoxvirus_pseudocowpox",5.170681,0.674419,86
"unclassified|QDJ95055.1|Unclassified_hypsugopox_virus","Parapoxvirus|WZD65198.1|Parapoxvirus_pseudocowpox",5.286541,0.678161,87
"unclassified|QDJ95055.1|Unclassified_hypsugopox_virus","Parapoxvirus|WZD65323.1|Parapoxvirus_pseudocowpox",5.274805,0.701149,87
"unclassified|QDJ95055.1|Unclassified_hypsugopox_virus","Parapoxvirus|WZD65710.1|Parapoxvirus_bovinestomatitis",5.499084,0.702381,84
"unclassified|QDJ95055.1|Unclassified_hypsugopox_virus","Parapoxvirus|WZD65840.1|Parapoxvirus_bovinestomatitis",5.532153,0.702381,84
"unclassified|QDJ95055.1|Unclassified_hypsugopox_virus","Parapoxvirus|WZD65968.1|Parapoxvirus_bovinestomatitis",5.548835,0.717647,85
"unclassified|QDJ95055.1|Unclassified_hypsugopox_virus","Parapoxvirus|WZD66097.1|Parapoxvirus_bovinestomatitis",5.531370,0.702381,84
"unclassified|QDJ95055.1|Unclassified_hypsugopox_virus","Capripoxvirus|XKH15810.1|Capripoxvirus_sheeppox",6.457941,0.709091,110
"unclassified|QDJ95055.1|Unclassified_hypsugopox_virus","Parapoxvirus|XPQ45389.1|Parapoxvirus_orf",5.240680,0.662791,86
"unclassified|QDJ95055.1|Unclassified_hypsugopox_virus","Leporipoxvirus|YAW79107.1|Leporipoxvirus_myxoma",6.640178,0.716981,106
"unclassified|QDJ95055.1|Unclassified_hypsugopox_virus","Leporipoxvirus|YBO75993.1|Leporipoxvirus_myxoma",6.687360,0.693694,111
"unclassified|QDJ95055.1|Unclassified_hypsugopox_virus","Parapoxvirus|YBU52136.1|Parapoxvirus_orf",5.006934,0.662791,86
"unclassified|QDJ95055.1|Unclassified_hypsugopox_virus","Capripoxvirus|YBU52347.1|Capripoxvirus_sheeppox",6.400528,0.715596,109
"unclassified|QDJ95055.1|Unclassified_hypsugopox_virus","Capripoxvirus|YCL82046.1|Capripoxvirus_lumpyskinpox",6.436271,0.706422,109
"unclassified|QDJ95055.1|Unclassified_hypsugopox_virus","Parapoxvirus|YP_003457410.1|Parapoxvirus_pseudocowpox",5.249545,0.666667,87
"unclassified|QDJ95055.1|Unclassified_hypsugopox_virus","Orthopoxvirus|P20535.1|Orthopoxvirus_vaccinia",1.682968,0.530000,100
"unclassified|QDJ95055.1|Unclassified_hypsugopox_virus","Parapoxvirus|P26654.1|Parapoxvirus_orf",5.258474,0.674419,86
"unclassified|QDJ95055.1|Unclassified_hypsugopox_virus","Orthopoxvirus|YFT66960.1|Orthopoxvirus_monkeypox",1.720121,0.550000,100
"unclassified|QDJ95055.1|Unclassified_hypsugopox_virus","Orthopoxvirus|YFT67316.1|Orthopoxvirus_monkeypox",1.744289,0.530000,100
"Orthopoxvirus|QED21266.1|Orthopoxvirus_borealpox","Orthopoxvirus|QEQ49703.1|Orthopoxvirus_akhmetapox",0.213407,0.136364,110
"Orthopoxvirus|QED21266.1|Orthopoxvirus_borealpox","unclassified|QHG62676.1|Unclassified_cetacean_poxvirus_1",3.462904,0.642857,84
"Orthopoxvirus|QED21266.1|Orthopoxvirus_borealpox","unclassified|QHR82657.1|Unclassified_brazilian_porcupinepox_virus_1",4.691205,0.754717,106
"Orthopoxvirus|QED21266.1|Orthopoxvirus_borealpox","Avipoxvirus|QZW33596.1|Unclassified_magpiepox_virus_2",3.479800,0.576923,78
"Orthopoxvirus|QED21266.1|Orthopoxvirus_borealpox","Capripoxvirus|T2DHX9|Capripoxvirus_sheeppox",4.680309,0.706422,109
"Orthopoxvirus|QED21266.1|Orthopoxvirus_borealpox","Orthopoxvirus|V9PXP5|Orthopoxvirus_cowpox",0.213524,0.136364,110
"Orthopoxvirus|QED21266.1|Orthopoxvirus_borealpox","unclassified|WGO62741.1|Unclassified_wadden_sea_poxvirus",4.065362,0.642857,84
"Orthopoxvirus|QED21266.1|Orthopoxvirus_borealpox","Parapoxvirus|WOC35488.1|Unclassified_equine_parapoxvirus",3.474714,0.670588,85
"Orthopoxvirus|QED21266.1|Orthopoxvirus_borealpox","Orthopoxvirus|WWS34253.1|Orthopoxvirus_variola",0.188203,0.118182,110
"Orthopoxvirus|QED21266.1|Orthopoxvirus_borealpox","Parapoxvirus|WZD65066.1|Parapoxvirus_pseudocowpox",4.220114,0.678571,84
"Orthopoxvirus|QED21266.1|Orthopoxvirus_borealpox","Parapoxvirus|WZD65198.1|Parapoxvirus_pseudocowpox",4.335975,0.694118,85
"Orthopoxvirus|QED21266.1|Orthopoxvirus_borealpox","Parapoxvirus|WZD65323.1|Parapoxvirus_pseudocowpox",4.324238,0.694118,85
"Orthopoxvirus|QED21266.1|Orthopoxvirus_borealpox","Parapoxvirus|WZD65710.1|Parapoxvirus_bovinestomatitis",4.548518,0.695122,82
"Orthopoxvirus|QED21266.1|Orthopoxvirus_borealpox","Parapoxvirus|WZD65840.1|Parapoxvirus_bovinestomatitis",4.581587,0.695122,82
"Orthopoxvirus|QED21266.1|Orthopoxvirus_borealpox","Parapoxvirus|WZD65968.1|Parapoxvirus_bovinestomatitis",4.598269,0.698795,83
"Orthopoxvirus|QED21266.1|Orthopoxvirus_borealpox","Parapoxvirus|WZD66097.1|Parapoxvirus_bovinestomatitis",4.580803,0.695122,82
"Orthopoxvirus|QED21266.1|Orthopoxvirus_borealpox","Capripoxvirus|XKH15810.1|Capripoxvirus_sheeppox",4.702066,0.706422,109
"Orthopoxvirus|QED21266.1|Orthopoxvirus_borealpox","Parapoxvirus|XPQ45389.1|Parapoxvirus_orf",4.290114,0.678571,84
"Orthopoxvirus|QED21266.1|Orthopoxvirus_borealpox","Leporipoxvirus|YAW79107.1|Leporipoxvirus_myxoma",4.884303,0.735849,106
"Orthopoxvirus|QED21266.1|Orthopoxvirus_borealpox","Leporipoxvirus|YBO75993.1|Leporipoxvirus_myxoma",4.931485,0.743119,109
"Orthopoxvirus|QED21266.1|Orthopoxvirus_borealpox","Parapoxvirus|YBU52136.1|Parapoxvirus_orf",4.056367,0.666667,84
"Orthopoxvirus|QED21266.1|Orthopoxvirus_borealpox","Capripoxvirus|YBU52347.1|Capripoxvirus_sheeppox",4.644653,0.697248,109
"Orthopoxvirus|QED21266.1|Orthopoxvirus_borealpox","Capripoxvirus|YCL82046.1|Capripoxvirus_lumpyskinpox",4.680396,0.697248,109
"Orthopoxvirus|QED21266.1|Orthopoxvirus_borealpox","Parapoxvirus|YP_003457410.1|Parapoxvirus_pseudocowpox",4.298979,0.682353,85
"Orthopoxvirus|QED21266.1|Orthopoxvirus_borealpox","Orthopoxvirus|P20535.1|Orthopoxvirus_vaccinia",0.201048,0.127273,110
"Orthopoxvirus|QED21266.1|Orthopoxvirus_borealpox","Parapoxvirus|P26654.1|Parapoxvirus_orf",4.307907,0.698795,83
"Orthopoxvirus|QED21266.1|Orthopoxvirus_borealpox","Orthopoxvirus|YFT66960.1|Orthopoxvirus_monkeypox",0.213585,0.136364,110
"Orthopoxvirus|QED21266.1|Orthopoxvirus_borealpox","Orthopoxvirus|YFT67316.1|Orthopoxvirus_monkeypox",0.237752,0.145455,110
"Orthopoxvirus|QEQ49703.1|Orthopoxvirus_akhmetapox","unclassified|QHG62676.1|Unclassified_cetacean_poxvirus_1",3.597746,0.630952,84
"Orthopoxvirus|QEQ49703.1|Orthopoxvirus_akhmetapox","unclassified|QHR82657.1|Unclassified_brazilian_porcupinepox_virus_1",4.826048,0.726415,106
"Orthopoxvirus|QEQ49703.1|Orthopoxvirus_akhmetapox","Avipoxvirus|QZW33596.1|Unclassified_magpiepox_virus_2",3.340687,0.564103,78
"Orthopoxvirus|QEQ49703.1|Orthopoxvirus_akhmetapox","Capripoxvirus|T2DHX9|Capripoxvirus_sheeppox",4.815152,0.706422,109
"Orthopoxvirus|QEQ49703.1|Orthopoxvirus_akhmetapox","Orthopoxvirus|V9PXP5|Orthopoxvirus_cowpox",0.074411,0.054545,110
"Orthopoxvirus|QEQ49703.1|Orthopoxvirus_akhmetapox","unclassified|WGO62741.1|Unclassified_wadden_sea_poxvirus",4.200205,0.642857,84
"Orthopoxvirus|QEQ49703.1|Orthopoxvirus_akhmetapox","Parapoxvirus|WOC35488.1|Unclassified_equine_parapoxvirus",3.335600,0.658824,85
"Orthopoxvirus|QEQ49703.1|Orthopoxvirus_akhmetapox","Orthopoxvirus|WWS34253.1|Orthopoxvirus_variola",0.049084,0.036364,110
"Orthopoxvirus|QEQ49703.1|Orthopoxvirus_akhmetapox","Parapoxvirus|WZD65066.1|Parapoxvirus_pseudocowpox",4.081001,0.666667,84
"Orthopoxvirus|QEQ49703.1|Orthopoxvirus_akhmetapox","Parapoxvirus|WZD65198.1|Parapoxvirus_pseudocowpox",4.196861,0.682353,85
"Orthopoxvirus|QEQ49703.1|Orthopoxvirus_akhmetapox","Parapoxvirus|WZD65323.1|Parapoxvirus_pseudocowpox",4.185125,0.705882,85
"Orthopoxvirus|QEQ49703.1|Orthopoxvirus_akhmetapox","Parapoxvirus|WZD65710.1|Parapoxvirus_bovinestomatitis",4.409405,0.707317,82
"Orthopoxvirus|QEQ49703.1|Orthopoxvirus_akhmetapox","Parapoxvirus|WZD65840.1|Parapoxvirus_bovinestomatitis",4.442473,0.707317,82
"Orthopoxvirus|QEQ49703.1|Orthopoxvirus_akhmetapox","Parapoxvirus|WZD65968.1|Parapoxvirus_bovinestomatitis",4.459155,0.710843,83
"Orthopoxvirus|QEQ49703.1|Orthopoxvirus_akhmetapox","Parapoxvirus|WZD66097.1|Parapoxvirus_bovinestomatitis",4.441690,0.707317,82
"Orthopoxvirus|QEQ49703.1|Orthopoxvirus_akhmetapox","Capripoxvirus|XKH15810.1|Capripoxvirus_sheeppox",4.836909,0.706422,109
"Orthopoxvirus|QEQ49703.1|Orthopoxvirus_akhmetapox","Parapoxvirus|XPQ45389.1|Parapoxvirus_orf",4.151001,0.690476,84
"Orthopoxvirus|QEQ49703.1|Orthopoxvirus_akhmetapox","Leporipoxvirus|YAW79107.1|Leporipoxvirus_myxoma",5.019145,0.745283,106
"Orthopoxvirus|QEQ49703.1|Orthopoxvirus_akhmetapox","Leporipoxvirus|YBO75993.1|Leporipoxvirus_myxoma",5.066328,0.743119,109
"Orthopoxvirus|QEQ49703.1|Orthopoxvirus_akhmetapox","Parapoxvirus|YBU52136.1|Parapoxvirus_orf",3.917254,0.678571,84
"Orthopoxvirus|QEQ49703.1|Orthopoxvirus_akhmetapox","Capripoxvirus|YBU52347.1|Capripoxvirus_sheeppox",4.779495,0.697248,109
"Orthopoxvirus|QEQ49703.1|Orthopoxvirus_akhmetapox","Capripoxvirus|YCL82046.1|Capripoxvirus_lumpyskinpox",4.815238,0.697248,109
"Orthopoxvirus|QEQ49703.1|Orthopoxvirus_akhmetapox","Parapoxvirus|YP_003457410.1|Parapoxvirus_pseudocowpox",4.159866,0.694118,85
"Orthopoxvirus|QEQ49703.1|Orthopoxvirus_akhmetapox","Orthopoxvirus|P20535.1|Orthopoxvirus_vaccinia",0.061933,0.045455,110
"Orthopoxvirus|QEQ49703.1|Orthopoxvirus_akhmetapox","Parapoxvirus|P26654.1|Parapoxvirus_orf",4.168794,0.686747,83
"Orthopoxvirus|QEQ49703.1|Orthopoxvirus_akhmetapox","Orthopoxvirus|YFT66960.1|Orthopoxvirus_monkeypox",0.099089,0.072727,110
"Orthopoxvirus|QEQ49703.1|Orthopoxvirus_akhmetapox","Orthopoxvirus|YFT67316.1|Orthopoxvirus_monkeypox",0.123256,0.072727,110
"unclassified|QHG62676.1|Unclassified_cetacean_poxvirus_1","unclassified|QHR82657.1|Unclassified_brazilian_porcupinepox_virus_1",6.752587,0.733333,90
"unclassified|QHG62676.1|Unclassified_cetacean_poxvirus_1","Avipoxvirus|QZW33596.1|Unclassified_magpiepox_virus_2",6.864139,0.695122,82
"unclassified|QHG62676.1|Unclassified_cetacean_poxvirus_1","Capripoxvirus|T2DHX9|Capripoxvirus_sheeppox",6.741691,0.774194,93
"unclassified|QHG62676.1|Unclassified_cetacean_poxvirus_1","Orthopoxvirus|V9PXP5|Orthopoxvirus_cowpox",3.597864,0.630952,84
"unclassified|QHG62676.1|Unclassified_cetacean_poxvirus_1","unclassified|WGO62741.1|Unclassified_wadden_sea_poxvirus",3.833389,0.655914,93
"unclassified|QHG62676.1|Unclassified_cetacean_poxvirus_1","Parapoxvirus|WOC35488.1|Unclassified_equine_parapoxvirus",6.859053,0.755814,86
"unclassified|QHG62676.1|Unclassified_cetacean_poxvirus_1","Orthopoxvirus|WWS34253.1|Orthopoxvirus_variola",3.572543,0.630952,84
"unclassified|QHG62676.1|Unclassified_cetacean_poxvirus_1","Parapoxvirus|WZD65066.1|Parapoxvirus_pseudocowpox",7.604454,0.741176,85
"unclassified|QHG62676.1|Unclassified_cetacean_poxvirus_1","Parapoxvirus|WZD65198.1|Parapoxvirus_pseudocowpox",7.720314,0.744186,86
"unclassified|QHG62676.1|Unclassified_cetacean_poxvirus_1","Parapoxvirus|WZD65323.1|Parapoxvirus_pseudocowpox",7.708578,0.755814,86
"unclassified|QHG62676.1|Unclassified_cetacean_poxvirus_1","Parapoxvirus|WZD65710.1|Parapoxvirus_bovinestomatitis",7.932858,0.759036,83
"unclassified|QHG62676.1|Unclassified_cetacean_poxvirus_1","Parapoxvirus|WZD65840.1|Parapoxvirus_bovinestomatitis",7.965926,0.759036,83
"unclassified|QHG62676.1|Unclassified_cetacean_poxvirus_1","Parapoxvirus|WZD65968.1|Parapoxvirus_bovinestomatitis",7.982608,0.759036,83
"unclassified|QHG62676.1|Unclassified_cetacean_poxvirus_1","Parapoxvirus|WZD66097.1|Parapoxvirus_bovinestomatitis",7.965143,0.759036,83
"unclassified|QHG62676.1|Unclassified_cetacean_poxvirus_1","Capripoxvirus|XKH15810.1|Capripoxvirus_sheeppox",6.763448,0.774194,93
"unclassified|QHG62676.1|Unclassified_cetacean_poxvirus_1","Parapoxvirus|XPQ45389.1|Parapoxvirus_orf",7.674454,0.752941,85
"unclassified|QHG62676.1|Unclassified_cetacean_poxvirus_1","Leporipoxvirus|YAW79107.1|Leporipoxvirus_myxoma",6.945684,0.714286,91
"unclassified|QHG62676.1|Unclassified_cetacean_poxvirus_1","Leporipoxvirus|YBO75993.1|Leporipoxvirus_myxoma",6.992867,0.731183,93
"unclassified|QHG62676.1|Unclassified_cetacean_poxvirus_1","Parapoxvirus|YBU52136.1|Parapoxvirus_orf",7.440707,0.752941,85
"unclassified|QHG62676.1|Unclassified_cetacean_poxvirus_1","Capripoxvirus|YBU52347.1|Capripoxvirus_sheeppox",6.706034,0.774194,93
"unclassified|QHG62676.1|Unclassified_cetacean_poxvirus_1","Capripoxvirus|YCL82046.1|Capripoxvirus_lumpyskinpox",6.741777,0.763441,93
"unclassified|QHG62676.1|Unclassified_cetacean_poxvirus_1","Parapoxvirus|YP_003457410.1|Parapoxvirus_pseudocowpox",7.683318,0.720930,86
"unclassified|QHG62676.1|Unclassified_cetacean_poxvirus_1","Orthopoxvirus|P20535.1|Orthopoxvirus_vaccinia",3.585388,0.630952,84
"unclassified|QHG62676.1|Unclassified_cetacean_poxvirus_1","Parapoxvirus|P26654.1|Parapoxvirus_orf",7.692247,0.764706,85
"unclassified|QHG62676.1|Unclassified_cetacean_poxvirus_1","Orthopoxvirus|YFT66960.1|Orthopoxvirus_monkeypox",3.597924,0.619048,84
"unclassified|QHG62676.1|Unclassified_cetacean_poxvirus_1","Orthopoxvirus|YFT67316.1|Orthopoxvirus_monkeypox",3.622092,0.619048,84
"unclassified|QHR82657.1|Unclassified_brazilian_porcupinepox_virus_1","Avipoxvirus|QZW33596.1|Unclassified_magpiepox_virus_2",8.092441,0.690476,84
"unclassified|QHR82657.1|Unclassified_brazilian_porcupinepox_virus_1","Capripoxvirus|T2DHX9|Capripoxvirus_sheeppox",1.941567,0.515385,130
"unclassified|QHR82657.1|Unclassified_brazilian_porcupinepox_virus_1","Orthopoxvirus|V9PXP5|Orthopoxvirus_cowpox",4.826165,0.726415,106
"unclassified|QHR82657.1|Unclassified_brazilian_porcupinepox_virus_1","unclassified|WGO62741.1|Unclassified_wadden_sea_poxvirus",7.355045,0.711111,90
"unclassified|QHR82657.1|Unclassified_brazilian_porcupinepox_virus_1","Parapoxvirus|WOC35488.1|Unclassified_equine_parapoxvirus",8.087355,0.719101,89
"unclassified|QHR82657.1|Unclassified_brazilian_porcupinepox_virus_1","Orthopoxvirus|WWS34253.1|Orthopoxvirus_variola",4.800844,0.726415,106
"unclassified|QHR82657.1|Unclassified_brazilian_porcupinepox_virus_1","Parapoxvirus|WZD65066.1|Parapoxvirus_pseudocowpox",8.832755,0.693182,88
"unclassified|QHR82657.1|Unclassified_brazilian_porcupinepox_virus_1","Parapoxvirus|WZD65198.1|Parapoxvirus_pseudocowpox",8.948616,0.730337,89
"unclassified|QHR82657.1|Unclassified_brazilian_porcupinepox_virus_1","Parapoxvirus|WZD65323.1|Parapoxvirus_pseudocowpox",8.936880,0.730337,89
"unclassified|QHR82657.1|Unclassified_brazilian_porcupinepox_virus_1","Parapoxvirus|WZD65710.1|Parapoxvirus_bovinestomatitis",9.161159,0.767442,86
"unclassified|QHR82657.1|Unclassified_brazilian_porcupinepox_virus_1","Parapoxvirus|WZD65840.1|Parapoxvirus_bovinestomatitis",9.194228,0.767442,86
"unclassified|QHR82657.1|Unclassified_brazilian_porcupinepox_virus_1","Parapoxvirus|WZD65968.1|Parapoxvirus_bovinestomatitis",9.210910,0.767442,86
"unclassified|QHR82657.1|Unclassified_brazilian_porcupinepox_virus_1","Parapoxvirus|WZD66097.1|Parapoxvirus_bovinestomatitis",9.193444,0.767442,86
"unclassified|QHR82657.1|Unclassified_brazilian_porcupinepox_virus_1","Capripoxvirus|XKH15810.1|Capripoxvirus_sheeppox",1.963324,0.507692,130
"unclassified|QHR82657.1|Unclassified_brazilian_porcupinepox_virus_1","Parapoxvirus|XPQ45389.1|Parapoxvirus_orf",8.902755,0.715909,88
"unclassified|QHR82657.1|Unclassified_brazilian_porcupinepox_virus_1","Leporipoxvirus|YAW79107.1|Leporipoxvirus_myxoma",2.145561,0.574627,134
"unclassified|QHR82657.1|Unclassified_brazilian_porcupinepox_virus_1","Leporipoxvirus|YBO75993.1|Leporipoxvirus_myxoma",2.192743,0.573529,136
"unclassified|QHR82657.1|Unclassified_brazilian_porcupinepox_virus_1","Parapoxvirus|YBU52136.1|Parapoxvirus_orf",8.669009,0.715909,88
"unclassified|QHR82657.1|Unclassified_brazilian_porcupinepox_virus_1","Capripoxvirus|YBU52347.1|Capripoxvirus_sheeppox",1.905910,0.507692,130
"unclassified|QHR82657.1|Unclassified_brazilian_porcupinepox_virus_1","Capripoxvirus|YCL82046.1|Capripoxvirus_lumpyskinpox",1.941653,0.515385,130
"unclassified|QHR82657.1|Unclassified_brazilian_porcupinepox_virus_1","Parapoxvirus|YP_003457410.1|Parapoxvirus_pseudocowpox",8.911620,0.719101,89
"unclassified|QHR82657.1|Unclassified_brazilian_porcupinepox_virus_1","Orthopoxvirus|P20535.1|Orthopoxvirus_vaccinia",4.813689,0.716981,106
"unclassified|QHR82657.1|Unclassified_brazilian_porcupinepox_virus_1","Parapoxvirus|P26654.1|Parapoxvirus_orf",8.920548,0.724138,87
"unclassified|QHR82657.1|Unclassified_brazilian_porcupinepox_virus_1","Orthopoxvirus|YFT66960.1|Orthopoxvirus_monkeypox",4.826226,0.726415,106
"unclassified|QHR82657.1|Unclassified_brazilian_porcupinepox_virus_1","Orthopoxvirus|YFT67316.1|Orthopoxvirus_monkeypox",4.850393,0.726415,106
"Avipoxvirus|QZW33596.1|Unclassified_magpiepox_virus_2","Capripoxvirus|T2DHX9|Capripoxvirus_sheeppox",8.081545,0.689655,87
"Avipoxvirus|QZW33596.1|Unclassified_magpiepox_virus_2","Orthopoxvirus|V9PXP5|Orthopoxvirus_cowpox",3.266281,0.564103,78
"Avipoxvirus|QZW33596.1|Unclassified_magpiepox_virus_2","unclassified|WGO62741.1|Unclassified_wadden_sea_poxvirus",7.466598,0.765432,81
"Avipoxvirus|QZW33596.1|Unclassified_magpiepox_virus_2","Parapoxvirus|WOC35488.1|Unclassified_equine_parapoxvirus",3.479429,0.629630,81
"Avipoxvirus|QZW33596.1|Unclassified_magpiepox_virus_2","Orthopoxvirus|WWS34253.1|Orthopoxvirus_variola",3.315483,0.576923,78
"Avipoxvirus|QZW33596.1|Unclassified_magpiepox_virus_2","Parapoxvirus|WZD65066.1|Parapoxvirus_pseudocowpox",4.224830,0.662500,80
"Avipoxvirus|QZW33596.1|Unclassified_magpiepox_virus_2","Parapoxvirus|WZD65198.1|Parapoxvirus_pseudocowpox",4.340690,0.666667,81
"Avipoxvirus|QZW33596.1|Unclassified_magpiepox_virus_2","Parapoxvirus|WZD65323.1|Parapoxvirus_pseudocowpox",4.328954,0.691358,81
"Avipoxvirus|QZW33596.1|Unclassified_magpiepox_virus_2","Parapoxvirus|WZD65710.1|Parapoxvirus_bovinestomatitis",4.553233,0.700000,80
"Avipoxvirus|QZW33596.1|Unclassified_magpiepox_virus_2","Parapoxvirus|WZD65840.1|Parapoxvirus_bovinestomatitis",4.586302,0.700000,80
"Avipoxvirus|QZW33596.1|Unclassified_magpiepox_virus_2","Parapoxvirus|WZD65968.1|Parapoxvirus_bovinestomatitis",4.602984,0.703704,81
"Avipoxvirus|QZW33596.1|Unclassified_magpiepox_virus_2","Parapoxvirus|WZD66097.1|Parapoxvirus_bovinestomatitis",4.585519,0.700000,80
"Avipoxvirus|QZW33596.1|Unclassified_magpiepox_virus_2","Capripoxvirus|XKH15810.1|Capripoxvirus_sheeppox",8.103302,0.693182,88
"Avipoxvirus|QZW33596.1|Unclassified_magpiepox_virus_2","Parapoxvirus|XPQ45389.1|Parapoxvirus_orf",4.294829,0.675000,80
"Avipoxvirus|QZW33596.1|Unclassified_magpiepox_virus_2","Leporipoxvirus|YAW79107.1|Leporipoxvirus_myxoma",8.285539,0.702381,84
"Avipoxvirus|QZW33596.1|Unclassified_magpiepox_virus_2","Leporipoxvirus|YBO75993.1|Leporipoxvirus_myxoma",8.332721,0.704545,88
"Avipoxvirus|QZW33596.1|Unclassified_magpiepox_virus_2","Parapoxvirus|YBU52136.1|Parapoxvirus_orf",4.061083,0.662500,80
"Avipoxvirus|QZW33596.1|Unclassified_magpiepox_virus_2","Capripoxvirus|YBU52347.1|Capripoxvirus_sheeppox",8.045888,0.689655,87
"Avipoxvirus|QZW33596.1|Unclassified_magpiepox_virus_2","Capripoxvirus|YCL82046.1|Capripoxvirus_lumpyskinpox",8.081631,0.678161,87
"Avipoxvirus|QZW33596.1|Unclassified_magpiepox_virus_2","Parapoxvirus|YP_003457410.1|Parapoxvirus_pseudocowpox",4.303694,0.666667,81
"Avipoxvirus|QZW33596.1|Unclassified_magpiepox_virus_2","Orthopoxvirus|P20535.1|Orthopoxvirus_vaccinia",3.328328,0.564103,78
"Avipoxvirus|QZW33596.1|Unclassified_magpiepox_virus_2","Parapoxvirus|P26654.1|Parapoxvirus_orf",4.312623,0.675000,80
"Avipoxvirus|QZW33596.1|Unclassified_magpiepox_virus_2","Orthopoxvirus|YFT66960.1|Orthopoxvirus_monkeypox",3.365482,0.576923,78
"Avipoxvirus|QZW33596.1|Unclassified_magpiepox_virus_2","Orthopoxvirus|YFT67316.1|Orthopoxvirus_monkeypox",3.389649,0.576923,78
"Capripoxvirus|T2DHX9|Capripoxvirus_sheeppox","Orthopoxvirus|V9PXP5|Orthopoxvirus_cowpox",4.815269,0.715596,109
"Capripoxvirus|T2DHX9|Capripoxvirus_sheeppox","unclassified|WGO62741.1|Unclassified_wadden_sea_poxvirus",7.344149,0.677083,96
"Capripoxvirus|T2DHX9|Capripoxvirus_sheeppox","Parapoxvirus|WOC35488.1|Unclassified_equine_parapoxvirus",8.076458,0.714286,91
"Capripoxvirus|T2DHX9|Capripoxvirus_sheeppox","Orthopoxvirus|WWS34253.1|Orthopoxvirus_variola",4.789948,0.706422,109
"Capripoxvirus|T2DHX9|Capripoxvirus_sheeppox","Parapoxvirus|WZD65066.1|Parapoxvirus_pseudocowpox",8.821859,0.733333,90
"Capripoxvirus|T2DHX9|Capripoxvirus_sheeppox","Parapoxvirus|WZD65198.1|Parapoxvirus_pseudocowpox",8.937719,0.736264,91
"Capripoxvirus|T2DHX9|Capripoxvirus_sheeppox","Parapoxvirus|WZD65323.1|Parapoxvirus_pseudocowpox",8.925983,0.758242,91
"Capripoxvirus|T2DHX9|Capripoxvirus_sheeppox","Parapoxvirus|WZD65710.1|Parapoxvirus_bovinestomatitis",9.150263,0.772727,88
"Capripoxvirus|T2DHX9|Capripoxvirus_sheeppox","Parapoxvirus|WZD65840.1|Parapoxvirus_bovinestomatitis",9.183331,0.772727,88
"Capripoxvirus|T2DHX9|Capripoxvirus_sheeppox","Parapoxvirus|WZD65968.1|Parapoxvirus_bovinestomatitis",9.200013,0.741573,89
"Capripoxvirus|T2DHX9|Capripoxvirus_sheeppox","Parapoxvirus|WZD66097.1|Parapoxvirus_bovinestomatitis",9.182548,0.772727,88
"Capripoxvirus|T2DHX9|Capripoxvirus_sheeppox","Capripoxvirus|XKH15810.1|Capripoxvirus_sheeppox",0.021759,0.020270,148
"Capripoxvirus|T2DHX9|Capripoxvirus_sheeppox","Parapoxvirus|XPQ45389.1|Parapoxvirus_orf",8.891859,0.700000,90
"Capripoxvirus|T2DHX9|Capripoxvirus_sheeppox","Leporipoxvirus|YAW79107.1|Leporipoxvirus_myxoma",1.435259,0.576389,144
"Capripoxvirus|T2DHX9|Capripoxvirus_sheeppox","Leporipoxvirus|YBO75993.1|Leporipoxvirus_myxoma",1.482441,0.580420,143
"Capripoxvirus|T2DHX9|Capripoxvirus_sheeppox","Parapoxvirus|YBU52136.1|Parapoxvirus_orf",8.658112,0.733333,90
"Capripoxvirus|T2DHX9|Capripoxvirus_sheeppox","Capripoxvirus|YBU52347.1|Capripoxvirus_sheeppox",0.050095,0.047297,148
"Capripoxvirus|T2DHX9|Capripoxvirus_sheeppox","Capripoxvirus|YCL82046.1|Capripoxvirus_lumpyskinpox",0.056669,0.054054,148
"Capripoxvirus|T2DHX9|Capripoxvirus_sheeppox","Parapoxvirus|YP_003457410.1|Parapoxvirus_pseudocowpox",8.900724,0.747253,91
"Capripoxvirus|T2DHX9|Capripoxvirus_sheeppox","Orthopoxvirus|P20535.1|Orthopoxvirus_vaccinia",4.802793,0.697248,109
"Capripoxvirus|T2DHX9|Capripoxvirus_sheeppox","Parapoxvirus|P26654.1|Parapoxvirus_orf",8.909652,0.696629,89
"Capripoxvirus|T2DHX9|Capripoxvirus_sheeppox","Orthopoxvirus|YFT66960.1|Orthopoxvirus_monkeypox",4.815329,0.706422,109
"Capripoxvirus|T2DHX9|Capripoxvirus_sheeppox","Orthopoxvirus|YFT67316.1|Orthopoxvirus_monkeypox",4.839497,0.706422,109
"Orthopoxvirus|V9PXP5|Orthopoxvirus_cowpox","unclassified|WGO62741.1|Unclassified_wadden_sea_poxvirus",4.200322,0.654762,84
"Orthopoxvirus|V9PXP5|Orthopoxvirus_cowpox","Parapoxvirus|WOC35488.1|Unclassified_equine_parapoxvirus",3.261195,0.670588,85
"Orthopoxvirus|V9PXP5|Orthopoxvirus_cowpox","Orthopoxvirus|WWS34253.1|Orthopoxvirus_variola",0.049207,0.036364,110
"Orthopoxvirus|V9PXP5|Orthopoxvirus_cowpox","Parapoxvirus|WZD65066.1|Parapoxvirus_pseudocowpox",4.006595,0.678571,84
"Orthopoxvirus|V9PXP5|Orthopoxvirus_cowpox","Parapoxvirus|WZD65198.1|Parapoxvirus_pseudocowpox",4.122456,0.694118,85
"Orthopoxvirus|V9PXP5|Orthopoxvirus_cowpox","Parapoxvirus|WZD65323.1|Parapoxvirus_pseudocowpox",4.110720,0.717647,85
"Orthopoxvirus|V9PXP5|Orthopoxvirus_cowpox","Parapoxvirus|WZD65710.1|Parapoxvirus_bovinestomatitis",4.334999,0.707317,82
"Orthopoxvirus|V9PXP5|Orthopoxvirus_cowpox","Parapoxvirus|WZD65840.1|Parapoxvirus_bovinestomatitis",4.368068,0.707317,82
"Orthopoxvirus|V9PXP5|Orthopoxvirus_cowpox","Parapoxvirus|WZD65968.1|Parapoxvirus_bovinestomatitis",4.384750,0.710843,83
"Orthopoxvirus|V9PXP5|Orthopoxvirus_cowpox","Parapoxvirus|WZD66097.1|Parapoxvirus_bovinestomatitis",4.367284,0.707317,82
"Orthopoxvirus|V9PXP5|Orthopoxvirus_cowpox","Capripoxvirus|XKH15810.1|Capripoxvirus_sheeppox",4.837026,0.715596,109
"Orthopoxvirus|V9PXP5|Orthopoxvirus_cowpox","Parapoxvirus|XPQ45389.1|Parapoxvirus_orf",4.076595,0.702381,84
"Orthopoxvirus|V9PXP5|Orthopoxvirus_cowpox","Leporipoxvirus|YAW79107.1|Leporipoxvirus_myxoma",5.019263,0.735849,106
"Orthopoxvirus|V9PXP5|Orthopoxvirus_cowpox","Leporipoxvirus|YBO75993.1|Leporipoxvirus_myxoma",5.066445,0.733945,109
"Orthopoxvirus|V9PXP5|Orthopoxvirus_cowpox","Parapoxvirus|YBU52136.1|Parapoxvirus_orf",3.842849,0.690476,84
"Orthopoxvirus|V9PXP5|Orthopoxvirus_cowpox","Capripoxvirus|YBU52347.1|Capripoxvirus_sheeppox",4.779612,0.706422,109
"Orthopoxvirus|V9PXP5|Orthopoxvirus_cowpox","Capripoxvirus|YCL82046.1|Capripoxvirus_lumpyskinpox",4.815355,0.706422,109
"Orthopoxvirus|V9PXP5|Orthopoxvirus_cowpox","Parapoxvirus|YP_003457410.1|Parapoxvirus_pseudocowpox",4.085460,0.682353,85
"Orthopoxvirus|V9PXP5|Orthopoxvirus_cowpox","Orthopoxvirus|P20535.1|Orthopoxvirus_vaccinia",0.062052,0.045455,110
"Orthopoxvirus|V9PXP5|Orthopoxvirus_cowpox","Parapoxvirus|P26654.1|Parapoxvirus_orf",4.094388,0.698795,83
"Orthopoxvirus|V9PXP5|Orthopoxvirus_cowpox","Orthopoxvirus|YFT66960.1|Orthopoxvirus_monkeypox",0.099206,0.063636,110
"Orthopoxvirus|V9PXP5|Orthopoxvirus_cowpox","Orthopoxvirus|YFT67316.1|Orthopoxvirus_monkeypox",0.123374,0.063636,110
"unclassified|WGO62741.1|Unclassified_wadden_sea_poxvirus","Parapoxvirus|WOC35488.1|Unclassified_equine_parapoxvirus",7.461512,0.720930,86
"unclassified|WGO62741.1|Unclassified_wadden_sea_poxvirus","Orthopoxvirus|WWS34253.1|Orthopoxvirus_variola",4.175001,0.642857,84
"unclassified|WGO62741.1|Unclassified_wadden_sea_poxvirus","Parapoxvirus|WZD65066.1|Parapoxvirus_pseudocowpox",8.206912,0.764706,85
"unclassified|WGO62741.1|Unclassified_wadden_sea_poxvirus","Parapoxvirus|WZD65198.1|Parapoxvirus_pseudocowpox",8.322773,0.767442,86
"unclassified|WGO62741.1|Unclassified_wadden_sea_poxvirus","Parapoxvirus|WZD65323.1|Parapoxvirus_pseudocowpox",8.311037,0.779070,86
"unclassified|WGO62741.1|Unclassified_wadden_sea_poxvirus","Parapoxvirus|WZD65710.1|Parapoxvirus_bovinestomatitis",8.535316,0.795181,83
"unclassified|WGO62741.1|Unclassified_wadden_sea_poxvirus","Parapoxvirus|WZD65840.1|Parapoxvirus_bovinestomatitis",8.568385,0.795181,83
"unclassified|WGO62741.1|Unclassified_wadden_sea_poxvirus","Parapoxvirus|WZD65968.1|Parapoxvirus_bovinestomatitis",8.585067,0.795181,83
"unclassified|WGO62741.1|Unclassified_wadden_sea_poxvirus","Parapoxvirus|WZD66097.1|Parapoxvirus_bovinestomatitis",8.567601,0.795181,83
"unclassified|WGO62741.1|Unclassified_wadden_sea_poxvirus","Capripoxvirus|XKH15810.1|Capripoxvirus_sheeppox",7.365906,0.666667,96
"unclassified|WGO62741.1|Unclassified_wadden_sea_poxvirus","Parapoxvirus|XPQ45389.1|Parapoxvirus_orf",8.276912,0.729412,85
"unclassified|WGO62741.1|Unclassified_wadden_sea_poxvirus","Leporipoxvirus|YAW79107.1|Leporipoxvirus_myxoma",7.548143,0.712766,94
"unclassified|WGO62741.1|Unclassified_wadden_sea_poxvirus","Leporipoxvirus|YBO75993.1|Leporipoxvirus_myxoma",7.595325,0.697917,96
"unclassified|WGO62741.1|Unclassified_wadden_sea_poxvirus","Parapoxvirus|YBU52136.1|Parapoxvirus_orf",8.043166,0.752941,85
"unclassified|WGO62741.1|Unclassified_wadden_sea_poxvirus","Capripoxvirus|YBU52347.1|Capripoxvirus_sheeppox",7.308492,0.666667,96
"unclassified|WGO62741.1|Unclassified_wadden_sea_poxvirus","Capripoxvirus|YCL82046.1|Capripoxvirus_lumpyskinpox",7.344236,0.666667,96
"unclassified|WGO62741.1|Unclassified_wadden_sea_poxvirus","Parapoxvirus|YP_003457410.1|Parapoxvirus_pseudocowpox",8.285777,0.755814,86
"unclassified|WGO62741.1|Unclassified_wadden_sea_poxvirus","Orthopoxvirus|P20535.1|Orthopoxvirus_vaccinia",4.187846,0.642857,84
"unclassified|WGO62741.1|Unclassified_wadden_sea_poxvirus","Parapoxvirus|P26654.1|Parapoxvirus_orf",8.294705,0.741176,85
"unclassified|WGO62741.1|Unclassified_wadden_sea_poxvirus","Orthopoxvirus|YFT66960.1|Orthopoxvirus_monkeypox",4.200383,0.642857,84
"unclassified|WGO62741.1|Unclassified_wadden_sea_poxvirus","Orthopoxvirus|YFT67316.1|Orthopoxvirus_monkeypox",4.224550,0.642857,84
"Parapoxvirus|WOC35488.1|Unclassified_equine_parapoxvirus","Orthopoxvirus|WWS34253.1|Orthopoxvirus_variola",3.310397,0.670588,85
"Parapoxvirus|WOC35488.1|Unclassified_equine_parapoxvirus","Parapoxvirus|WZD65066.1|Parapoxvirus_pseudocowpox",1.104693,0.411111,90
"Parapoxvirus|WOC35488.1|Unclassified_equine_parapoxvirus","Parapoxvirus|WZD65198.1|Parapoxvirus_pseudocowpox",1.220554,0.439560,91
"Parapoxvirus|WOC35488.1|Unclassified_equine_parapoxvirus","Parapoxvirus|WZD65323.1|Parapoxvirus_pseudocowpox",1.208818,0.428571,91
"Parapoxvirus|WOC35488.1|Unclassified_equine_parapoxvirus","Parapoxvirus|WZD65710.1|Parapoxvirus_bovinestomatitis",1.433097,0.477273,88
"Parapoxvirus|WOC35488.1|Unclassified_equine_parapoxvirus","Parapoxvirus|WZD65840.1|Parapoxvirus_bovinestomatitis",1.466166,0.477273,88
"Parapoxvirus|WOC35488.1|Unclassified_equine_parapoxvirus","Parapoxvirus|WZD65968.1|Parapoxvirus_bovinestomatitis",1.482848,0.488636,88
"Parapoxvirus|WOC35488.1|Unclassified_equine_parapoxvirus","Parapoxvirus|WZD66097.1|Parapoxvirus_bovinestomatitis",1.465382,0.477273,88
"Parapoxvirus|WOC35488.1|Unclassified_equine_parapoxvirus","Capripoxvirus|XKH15810.1|Capripoxvirus_sheeppox",8.098216,0.714286,91
"Parapoxvirus|WOC35488.1|Unclassified_equine_parapoxvirus","Parapoxvirus|XPQ45389.1|Parapoxvirus_orf",1.174693,0.422222,90
"Parapoxvirus|WOC35488.1|Unclassified_equine_parapoxvirus","Leporipoxvirus|YAW79107.1|Leporipoxvirus_myxoma",8.280452,0.764045,89
"Parapoxvirus|WOC35488.1|Unclassified_equine_parapoxvirus","Leporipoxvirus|YBO75993.1|Leporipoxvirus_myxoma",8.327635,0.747253,91
"Parapoxvirus|WOC35488.1|Unclassified_equine_parapoxvirus","Parapoxvirus|YBU52136.1|Parapoxvirus_orf",0.940947,0.400000,90
"Parapoxvirus|WOC35488.1|Unclassified_equine_parapoxvirus","Capripoxvirus|YBU52347.1|Capripoxvirus_sheeppox",8.040802,0.714286,91
"Parapoxvirus|WOC35488.1|Unclassified_equine_parapoxvirus","Capripoxvirus|YCL82046.1|Capripoxvirus_lumpyskinpox",8.076545,0.725275,91
"Parapoxvirus|WOC35488.1|Unclassified_equine_parapoxvirus","Parapoxvirus|YP_003457410.1|Parapoxvirus_pseudocowpox",1.183558,0.439560,91
"Parapoxvirus|WOC35488.1|Unclassified_equine_parapoxvirus","Orthopoxvirus|P20535.1|Orthopoxvirus_vaccinia",3.323242,0.658824,85
"Parapoxvirus|WOC35488.1|Unclassified_equine_parapoxvirus","Parapoxvirus|P26654.1|Parapoxvirus_orf",1.192486,0.415730,89
"Parapoxvirus|WOC35488.1|Unclassified_equine_parapoxvirus","Orthopoxvirus|YFT66960.1|Orthopoxvirus_monkeypox",3.360395,0.670588,85
"Parapoxvirus|WOC35488.1|Unclassified_equine_parapoxvirus","Orthopoxvirus|YFT67316.1|Orthopoxvirus_monkeypox",3.384563,0.670588,85
"Orthopoxvirus|WWS34253.1|Orthopoxvirus_variola","Parapoxvirus|WZD65066.1|Parapoxvirus_pseudocowpox",4.055797,0.666667,84
"Orthopoxvirus|WWS34253.1|Orthopoxvirus_variola","Parapoxvirus|WZD65198.1|Parapoxvirus_pseudocowpox",4.171658,0.682353,85
"Orthopoxvirus|WWS34253.1|Orthopoxvirus_variola","Parapoxvirus|WZD65323.1|Parapoxvirus_pseudocowpox",4.159922,0.705882,85
"Orthopoxvirus|WWS34253.1|Orthopoxvirus_variola","Parapoxvirus|WZD65710.1|Parapoxvirus_bovinestomatitis",4.384201,0.707317,82
"Orthopoxvirus|WWS34253.1|Orthopoxvirus_variola","Parapoxvirus|WZD65840.1|Parapoxvirus_bovinestomatitis",4.417270,0.707317,82
"Orthopoxvirus|WWS34253.1|Orthopoxvirus_variola","Parapoxvirus|WZD65968.1|Parapoxvirus_bovinestomatitis",4.433952,0.710843,83
"Orthopoxvirus|WWS34253.1|Orthopoxvirus_variola","Parapoxvirus|WZD66097.1|Parapoxvirus_bovinestomatitis",4.416486,0.707317,82
"Orthopoxvirus|WWS34253.1|Orthopoxvirus_variola","Capripoxvirus|XKH15810.1|Capripoxvirus_sheeppox",4.811705,0.706422,109
"Orthopoxvirus|WWS34253.1|Orthopoxvirus_variola","Parapoxvirus|XPQ45389.1|Parapoxvirus_orf",4.125797,0.690476,84
"Orthopoxvirus|WWS34253.1|Orthopoxvirus_variola","Leporipoxvirus|YAW79107.1|Leporipoxvirus_myxoma",4.993942,0.745283,106
"Orthopoxvirus|WWS34253.1|Orthopoxvirus_variola","Leporipoxvirus|YBO75993.1|Leporipoxvirus_myxoma",5.041124,0.743119,109
"Orthopoxvirus|WWS34253.1|Orthopoxvirus_variola","Parapoxvirus|YBU52136.1|Parapoxvirus_orf",3.892051,0.678571,84
"Orthopoxvirus|WWS34253.1|Orthopoxvirus_variola","Capripoxvirus|YBU52347.1|Capripoxvirus_sheeppox",4.754291,0.697248,109
"Orthopoxvirus|WWS34253.1|Orthopoxvirus_variola","Capripoxvirus|YCL82046.1|Capripoxvirus_lumpyskinpox",4.790034,0.697248,109
"Orthopoxvirus|WWS34253.1|Orthopoxvirus_variola","Parapoxvirus|YP_003457410.1|Parapoxvirus_pseudocowpox",4.134662,0.694118,85
"Orthopoxvirus|WWS34253.1|Orthopoxvirus_variola","Orthopoxvirus|P20535.1|Orthopoxvirus_vaccinia",0.036729,0.027273,110
"Orthopoxvirus|WWS34253.1|Orthopoxvirus_variola","Parapoxvirus|P26654.1|Parapoxvirus_orf",4.143590,0.686747,83
"Orthopoxvirus|WWS34253.1|Orthopoxvirus_variola","Orthopoxvirus|YFT66960.1|Orthopoxvirus_monkeypox",0.073885,0.054545,110
"Orthopoxvirus|WWS34253.1|Orthopoxvirus_variola","Orthopoxvirus|YFT67316.1|Orthopoxvirus_monkeypox",0.098053,0.054545,110
"Parapoxvirus|WZD65066.1|Parapoxvirus_pseudocowpox","Parapoxvirus|WZD65198.1|Parapoxvirus_pseudocowpox",0.260838,0.122222,90
"Parapoxvirus|WZD65066.1|Parapoxvirus_pseudocowpox","Parapoxvirus|WZD65323.1|Parapoxvirus_pseudocowpox",0.249102,0.155556,90
"Parapoxvirus|WZD65066.1|Parapoxvirus_pseudocowpox","Parapoxvirus|WZD65710.1|Parapoxvirus_bovinestomatitis",0.735117,0.284091,88
"Parapoxvirus|WZD65066.1|Parapoxvirus_pseudocowpox","Parapoxvirus|WZD65840.1|Parapoxvirus_bovinestomatitis",0.768186,0.272727,88
"Parapoxvirus|WZD65066.1|Parapoxvirus_pseudocowpox","Parapoxvirus|WZD65968.1|Parapoxvirus_bovinestomatitis",0.784868,0.295455,88
"Parapoxvirus|WZD65066.1|Parapoxvirus_pseudocowpox","Parapoxvirus|WZD66097.1|Parapoxvirus_bovinestomatitis",0.767403,0.261364,88
"Parapoxvirus|WZD65066.1|Parapoxvirus_pseudocowpox","Capripoxvirus|XKH15810.1|Capripoxvirus_sheeppox",8.843616,0.733333,90
"Parapoxvirus|WZD65066.1|Parapoxvirus_pseudocowpox","Parapoxvirus|XPQ45389.1|Parapoxvirus_orf",0.476713,0.244444,90
"Parapoxvirus|WZD65066.1|Parapoxvirus_pseudocowpox","Leporipoxvirus|YAW79107.1|Leporipoxvirus_myxoma",9.025853,0.750000,88
"Parapoxvirus|WZD65066.1|Parapoxvirus_pseudocowpox","Leporipoxvirus|YBO75993.1|Leporipoxvirus_myxoma",9.073035,0.744444,90
"Parapoxvirus|WZD65066.1|Parapoxvirus_pseudocowpox","Parapoxvirus|YBU52136.1|Parapoxvirus_orf",0.242962,0.133333,90
"Parapoxvirus|WZD65066.1|Parapoxvirus_pseudocowpox","Capripoxvirus|YBU52347.1|Capripoxvirus_sheeppox",8.786202,0.733333,90
"Parapoxvirus|WZD65066.1|Parapoxvirus_pseudocowpox","Capripoxvirus|YCL82046.1|Capripoxvirus_lumpyskinpox",8.821946,0.744444,90
"Parapoxvirus|WZD65066.1|Parapoxvirus_pseudocowpox","Parapoxvirus|YP_003457410.1|Parapoxvirus_pseudocowpox",0.223843,0.144444,90
"Parapoxvirus|WZD65066.1|Parapoxvirus_pseudocowpox","Orthopoxvirus|P20535.1|Orthopoxvirus_vaccinia",4.068642,0.666667,84
"Parapoxvirus|WZD65066.1|Parapoxvirus_pseudocowpox","Parapoxvirus|P26654.1|Parapoxvirus_orf",0.494506,0.224719,89
"Parapoxvirus|WZD65066.1|Parapoxvirus_pseudocowpox","Orthopoxvirus|YFT66960.1|Orthopoxvirus_monkeypox",4.105796,0.678571,84
"Parapoxvirus|WZD65066.1|Parapoxvirus_pseudocowpox","Orthopoxvirus|YFT67316.1|Orthopoxvirus_monkeypox",4.129964,0.678571,84
"Parapoxvirus|WZD65198.1|Parapoxvirus_pseudocowpox","Parapoxvirus|WZD65323.1|Parapoxvirus_pseudocowpox",0.120897,0.076923,91
"Parapoxvirus|WZD65198.1|Parapoxvirus_pseudocowpox","Parapoxvirus|WZD65710.1|Parapoxvirus_bovinestomatitis",0.850978,0.284091,88
"Parapoxvirus|WZD65198.1|Parapoxvirus_pseudocowpox","Parapoxvirus|WZD65840.1|Parapoxvirus_bovinestomatitis",0.884046,0.272727,88
"Parapoxvirus|WZD65198.1|Parapoxvirus_pseudocowpox","Parapoxvirus|WZD65968.1|Parapoxvirus_bovinestomatitis",0.900728,0.295455,88
"Parapoxvirus|WZD65198.1|Parapoxvirus_pseudocowpox","Parapoxvirus|WZD66097.1|Parapoxvirus_bovinestomatitis",0.883263,0.261364,88
"Parapoxvirus|WZD65198.1|Parapoxvirus_pseudocowpox","Capripoxvirus|XKH15810.1|Capripoxvirus_sheeppox",8.959476,0.736264,91
"Parapoxvirus|WZD65198.1|Parapoxvirus_pseudocowpox","Parapoxvirus|XPQ45389.1|Parapoxvirus_orf",0.592574,0.300000,90
"Parapoxvirus|WZD65198.1|Parapoxvirus_pseudocowpox","Leporipoxvirus|YAW79107.1|Leporipoxvirus_myxoma",9.141713,0.764045,89
"Parapoxvirus|WZD65198.1|Parapoxvirus_pseudocowpox","Leporipoxvirus|YBO75993.1|Leporipoxvirus_myxoma",9.188895,0.758242,91
"Parapoxvirus|WZD65198.1|Parapoxvirus_pseudocowpox","Parapoxvirus|YBU52136.1|Parapoxvirus_orf",0.358823,0.200000,90
"Parapoxvirus|WZD65198.1|Parapoxvirus_pseudocowpox","Capripoxvirus|YBU52347.1|Capripoxvirus_sheeppox",8.902063,0.747253,91
"Parapoxvirus|WZD65198.1|Parapoxvirus_pseudocowpox","Capripoxvirus|YCL82046.1|Capripoxvirus_lumpyskinpox",8.937806,0.758242,91
"Parapoxvirus|WZD65198.1|Parapoxvirus_pseudocowpox","Parapoxvirus|YP_003457410.1|Parapoxvirus_pseudocowpox",0.130321,0.087912,91
"Parapoxvirus|WZD65198.1|Parapoxvirus_pseudocowpox","Orthopoxvirus|P20535.1|Orthopoxvirus_vaccinia",4.184503,0.682353,85
"Parapoxvirus|WZD65198.1|Parapoxvirus_pseudocowpox","Parapoxvirus|P26654.1|Parapoxvirus_orf",0.610367,0.280899,89
"Parapoxvirus|WZD65198.1|Parapoxvirus_pseudocowpox","Orthopoxvirus|YFT66960.1|Orthopoxvirus_monkeypox",4.221656,0.694118,85
"Parapoxvirus|WZD65198.1|Parapoxvirus_pseudocowpox","Orthopoxvirus|YFT67316.1|Orthopoxvirus_monkeypox",4.245824,0.694118,85
"Parapoxvirus|WZD65323.1|Parapoxvirus_pseudocowpox","Parapoxvirus|WZD65710.1|Parapoxvirus_bovinestomatitis",0.839242,0.250000,88
"Parapoxvirus|WZD65323.1|Parapoxvirus_pseudocowpox","Parapoxvirus|WZD65840.1|Parapoxvirus_bovinestomatitis",0.872310,0.238636,88
"Parapoxvirus|WZD65323.1|Parapoxvirus_pseudocowpox","Parapoxvirus|WZD65968.1|Parapoxvirus_bovinestomatitis",0.888992,0.284091,88
"Parapoxvirus|WZD65323.1|Parapoxvirus_pseudocowpox","Parapoxvirus|WZD66097.1|Parapoxvirus_bovinestomatitis",0.871527,0.250000,88
"Parapoxvirus|WZD65323.1|Parapoxvirus_pseudocowpox","Capripoxvirus|XKH15810.1|Capripoxvirus_sheeppox",8.947740,0.758242,91
"Parapoxvirus|WZD65323.1|Parapoxvirus_pseudocowpox","Parapoxvirus|XPQ45389.1|Parapoxvirus_orf",0.580838,0.277778,90
"Parapoxvirus|WZD65323.1|Parapoxvirus_pseudocowpox","Leporipoxvirus|YAW79107.1|Leporipoxvirus_myxoma",9.129977,0.786517,89
"Parapoxvirus|WZD65323.1|Parapoxvirus_pseudocowpox","Leporipoxvirus|YBO75993.1|Leporipoxvirus_myxoma",9.177159,0.780220,91
"Parapoxvirus|WZD65323.1|Parapoxvirus_pseudocowpox","Parapoxvirus|YBU52136.1|Parapoxvirus_orf",0.347087,0.211111,90
"Parapoxvirus|WZD65323.1|Parapoxvirus_pseudocowpox","Capripoxvirus|YBU52347.1|Capripoxvirus_sheeppox",8.890327,0.769231,91
"Parapoxvirus|WZD65323.1|Parapoxvirus_pseudocowpox","Capripoxvirus|YCL82046.1|Capripoxvirus_lumpyskinpox",8.926070,0.780220,91
"Parapoxvirus|WZD65323.1|Parapoxvirus_pseudocowpox","Parapoxvirus|YP_003457410.1|Parapoxvirus_pseudocowpox",0.118585,0.065934,91
"Parapoxvirus|WZD65323.1|Parapoxvirus_pseudocowpox","Orthopoxvirus|P20535.1|Orthopoxvirus_vaccinia",4.172767,0.705882,85
"Parapoxvirus|WZD65323.1|Parapoxvirus_pseudocowpox","Parapoxvirus|P26654.1|Parapoxvirus_orf",0.598631,0.280899,89
"Parapoxvirus|WZD65323.1|Parapoxvirus_pseudocowpox","Orthopoxvirus|YFT66960.1|Orthopoxvirus_monkeypox",4.209920,0.717647,85
"Parapoxvirus|WZD65323.1|Parapoxvirus_pseudocowpox","Orthopoxvirus|YFT67316.1|Orthopoxvirus_monkeypox",4.234088,0.717647,85
"Parapoxvirus|WZD65710.1|Parapoxvirus_bovinestomatitis","Parapoxvirus|WZD65840.1|Parapoxvirus_bovinestomatitis",0.033071,0.022727,88
"Parapoxvirus|WZD65710.1|Parapoxvirus_bovinestomatitis","Parapoxvirus|WZD65968.1|Parapoxvirus_bovinestomatitis",0.081080,0.056818,88
"Parapoxvirus|WZD65710.1|Parapoxvirus_bovinestomatitis","Parapoxvirus|WZD66097.1|Parapoxvirus_bovinestomatitis",0.032287,0.022727,88
"Parapoxvirus|WZD65710.1|Parapoxvirus_bovinestomatitis","Capripoxvirus|XKH15810.1|Capripoxvirus_sheeppox",9.172020,0.772727,88
"Parapoxvirus|WZD65710.1|Parapoxvirus_bovinestomatitis","Parapoxvirus|XPQ45389.1|Parapoxvirus_orf",0.540041,0.250000,88
"Parapoxvirus|WZD65710.1|Parapoxvirus_bovinestomatitis","Leporipoxvirus|YAW79107.1|Leporipoxvirus_myxoma",9.354257,0.790698,86
"Parapoxvirus|WZD65710.1|Parapoxvirus_bovinestomatitis","Leporipoxvirus|YBO75993.1|Leporipoxvirus_myxoma",9.401439,0.784091,88
"Parapoxvirus|WZD65710.1|Parapoxvirus_bovinestomatitis","Parapoxvirus|YBU52136.1|Parapoxvirus_orf",0.571371,0.250000,88
"Parapoxvirus|WZD65710.1|Parapoxvirus_bovinestomatitis","Capripoxvirus|YBU52347.1|Capripoxvirus_sheeppox",9.114606,0.784091,88
"Parapoxvirus|WZD65710.1|Parapoxvirus_bovinestomatitis","Capripoxvirus|YCL82046.1|Capripoxvirus_lumpyskinpox",9.150349,0.795455,88
"Parapoxvirus|WZD65710.1|Parapoxvirus_bovinestomatitis","Parapoxvirus|YP_003457410.1|Parapoxvirus_pseudocowpox",0.813982,0.250000,88
"Parapoxvirus|WZD65710.1|Parapoxvirus_bovinestomatitis","Orthopoxvirus|P20535.1|Orthopoxvirus_vaccinia",4.397046,0.707317,82
"Parapoxvirus|WZD65710.1|Parapoxvirus_bovinestomatitis","Parapoxvirus|P26654.1|Parapoxvirus_orf",0.557834,0.241379,87
"Parapoxvirus|WZD65710.1|Parapoxvirus_bovinestomatitis","Orthopoxvirus|YFT66960.1|Orthopoxvirus_monkeypox",4.434200,0.707317,82
"Parapoxvirus|WZD65710.1|Parapoxvirus_bovinestomatitis","Orthopoxvirus|YFT67316.1|Orthopoxvirus_monkeypox",4.458368,0.707317,82
"Parapoxvirus|WZD65840.1|Parapoxvirus_bovinestomatitis","Parapoxvirus|WZD65968.1|Parapoxvirus_bovinestomatitis",0.114148,0.079545,88
"Parapoxvirus|WZD65840.1|Parapoxvirus_bovinestomatitis","Parapoxvirus|WZD66097.1|Parapoxvirus_bovinestomatitis",0.032661,0.022727,88
"Parapoxvirus|WZD65840.1|Parapoxvirus_bovinestomatitis","Capripoxvirus|XKH15810.1|Capripoxvirus_sheeppox",9.205089,0.772727,88
"Parapoxvirus|WZD65840.1|Parapoxvirus_bovinestomatitis","Parapoxvirus|XPQ45389.1|Parapoxvirus_orf",0.573110,0.261364,88
"Parapoxvirus|WZD65840.1|Parapoxvirus_bovinestomatitis","Leporipoxvirus|YAW79107.1|Leporipoxvirus_myxoma",9.387325,0.790698,86
"Parapoxvirus|WZD65840.1|Parapoxvirus_bovinestomatitis","Leporipoxvirus|YBO75993.1|Leporipoxvirus_myxoma",9.434508,0.784091,88
"Parapoxvirus|WZD65840.1|Parapoxvirus_bovinestomatitis","Parapoxvirus|YBU52136.1|Parapoxvirus_orf",0.604439,0.261364,88
"Parapoxvirus|WZD65840.1|Parapoxvirus_bovinestomatitis","Capripoxvirus|YBU52347.1|Capripoxvirus_sheeppox",9.147675,0.784091,88
"Parapoxvirus|WZD65840.1|Parapoxvirus_bovinestomatitis","Capripoxvirus|YCL82046.1|Capripoxvirus_lumpyskinpox",9.183418,0.795455,88
"Parapoxvirus|WZD65840.1|Parapoxvirus_bovinestomatitis","Parapoxvirus|YP_003457410.1|Parapoxvirus_pseudocowpox",0.847051,0.238636,88
"Parapoxvirus|WZD65840.1|Parapoxvirus_bovinestomatitis","Orthopoxvirus|P20535.1|Orthopoxvirus_vaccinia",4.430115,0.707317,82
"Parapoxvirus|WZD65840.1|Parapoxvirus_bovinestomatitis","Parapoxvirus|P26654.1|Parapoxvirus_orf",0.590903,0.252874,87
"Parapoxvirus|WZD65840.1|Parapoxvirus_bovinestomatitis","Orthopoxvirus|YFT66960.1|Orthopoxvirus_monkeypox",4.467268,0.707317,82
"Parapoxvirus|WZD65840.1|Parapoxvirus_bovinestomatitis","Orthopoxvirus|YFT67316.1|Orthopoxvirus_monkeypox",4.491436,0.707317,82
"Parapoxvirus|WZD65968.1|Parapoxvirus_bovinestomatitis","Parapoxvirus|WZD66097.1|Parapoxvirus_bovinestomatitis",0.113365,0.056818,88
"Parapoxvirus|WZD65968.1|Parapoxvirus_bovinestomatitis","Capripoxvirus|XKH15810.1|Capripoxvirus_sheeppox",9.221770,0.752809,89
"Parapoxvirus|WZD65968.1|Parapoxvirus_bovinestomatitis","Parapoxvirus|XPQ45389.1|Parapoxvirus_orf",0.589792,0.250000,88
"Parapoxvirus|WZD65968.1|Parapoxvirus_bovinestomatitis","Leporipoxvirus|YAW79107.1|Leporipoxvirus_myxoma",9.404007,0.790698,86
"Parapoxvirus|WZD65968.1|Parapoxvirus_bovinestomatitis","Leporipoxvirus|YBO75993.1|Leporipoxvirus_myxoma",9.451190,0.786517,89
"Parapoxvirus|WZD65968.1|Parapoxvirus_bovinestomatitis","Parapoxvirus|YBU52136.1|Parapoxvirus_orf",0.621121,0.250000,88
"Parapoxvirus|WZD65968.1|Parapoxvirus_bovinestomatitis","Capripoxvirus|YBU52347.1|Capripoxvirus_sheeppox",9.164357,0.752809,89
"Parapoxvirus|WZD65968.1|Parapoxvirus_bovinestomatitis","Capripoxvirus|YCL82046.1|Capripoxvirus_lumpyskinpox",9.200100,0.764045,89
"Parapoxvirus|WZD65968.1|Parapoxvirus_bovinestomatitis","Parapoxvirus|YP_003457410.1|Parapoxvirus_pseudocowpox",0.863733,0.284091,88
"Parapoxvirus|WZD65968.1|Parapoxvirus_bovinestomatitis","Orthopoxvirus|P20535.1|Orthopoxvirus_vaccinia",4.446797,0.710843,83
"Parapoxvirus|WZD65968.1|Parapoxvirus_bovinestomatitis","Parapoxvirus|P26654.1|Parapoxvirus_orf",0.607585,0.241379,87
"Parapoxvirus|WZD65968.1|Parapoxvirus_bovinestomatitis","Orthopoxvirus|YFT66960.1|Orthopoxvirus_monkeypox",4.483950,0.710843,83
"Parapoxvirus|WZD65968.1|Parapoxvirus_bovinestomatitis","Orthopoxvirus|YFT67316.1|Orthopoxvirus_monkeypox",4.508118,0.710843,83
"Parapoxvirus|WZD66097.1|Parapoxvirus_bovinestomatitis","Capripoxvirus|XKH15810.1|Capripoxvirus_sheeppox",9.204305,0.772727,88
"Parapoxvirus|WZD66097.1|Parapoxvirus_bovinestomatitis","Parapoxvirus|XPQ45389.1|Parapoxvirus_orf",0.572326,0.261364,88
"Parapoxvirus|WZD66097.1|Parapoxvirus_bovinestomatitis","Leporipoxvirus|YAW79107.1|Leporipoxvirus_myxoma",9.386542,0.790698,86
"Parapoxvirus|WZD66097.1|Parapoxvirus_bovinestomatitis","Leporipoxvirus|YBO75993.1|Leporipoxvirus_myxoma",9.433724,0.784091,88
"Parapoxvirus|WZD66097.1|Parapoxvirus_bovinestomatitis","Parapoxvirus|YBU52136.1|Parapoxvirus_orf",0.603656,0.250000,88
"Parapoxvirus|WZD66097.1|Parapoxvirus_bovinestomatitis","Capripoxvirus|YBU52347.1|Capripoxvirus_sheeppox",9.146891,0.784091,88
"Parapoxvirus|WZD66097.1|Parapoxvirus_bovinestomatitis","Capripoxvirus|YCL82046.1|Capripoxvirus_lumpyskinpox",9.182635,0.795455,88
"Parapoxvirus|WZD66097.1|Parapoxvirus_bovinestomatitis","Parapoxvirus|YP_003457410.1|Parapoxvirus_pseudocowpox",0.846267,0.250000,88
"Parapoxvirus|WZD66097.1|Parapoxvirus_bovinestomatitis","Orthopoxvirus|P20535.1|Orthopoxvirus_vaccinia",4.429331,0.707317,82
"Parapoxvirus|WZD66097.1|Parapoxvirus_bovinestomatitis","Parapoxvirus|P26654.1|Parapoxvirus_orf",0.590120,0.252874,87
"Parapoxvirus|WZD66097.1|Parapoxvirus_bovinestomatitis","Orthopoxvirus|YFT66960.1|Orthopoxvirus_monkeypox",4.466485,0.707317,82
"Parapoxvirus|WZD66097.1|Parapoxvirus_bovinestomatitis","Orthopoxvirus|YFT67316.1|Orthopoxvirus_monkeypox",4.490653,0.707317,82
"Capripoxvirus|XKH15810.1|Capripoxvirus_sheeppox","Parapoxvirus|XPQ45389.1|Parapoxvirus_orf",8.913616,0.711111,90
"Capripoxvirus|XKH15810.1|Capripoxvirus_sheeppox","Leporipoxvirus|YAW79107.1|Leporipoxvirus_myxoma",1.457016,0.569444,144
"Capripoxvirus|XKH15810.1|Capripoxvirus_sheeppox","Leporipoxvirus|YBO75993.1|Leporipoxvirus_myxoma",1.504198,0.583333,144
"Capripoxvirus|XKH15810.1|Capripoxvirus_sheeppox","Parapoxvirus|YBU52136.1|Parapoxvirus_orf",8.679869,0.733333,90
"Capripoxvirus|XKH15810.1|Capripoxvirus_sheeppox","Capripoxvirus|YBU52347.1|Capripoxvirus_sheeppox",0.071852,0.067568,148
"Capripoxvirus|XKH15810.1|Capripoxvirus_sheeppox","Capripoxvirus|YCL82046.1|Capripoxvirus_lumpyskinpox",0.078426,0.074324,148
"Capripoxvirus|XKH15810.1|Capripoxvirus_sheeppox","Parapoxvirus|YP_003457410.1|Parapoxvirus_pseudocowpox",8.922481,0.747253,91
"Capripoxvirus|XKH15810.1|Capripoxvirus_sheeppox","Orthopoxvirus|P20535.1|Orthopoxvirus_vaccinia",4.824550,0.697248,109
"Capripoxvirus|XKH15810.1|Capripoxvirus_sheeppox","Parapoxvirus|P26654.1|Parapoxvirus_orf",8.931409,0.707865,89
"Capripoxvirus|XKH15810.1|Capripoxvirus_sheeppox","Orthopoxvirus|YFT66960.1|Orthopoxvirus_monkeypox",4.837086,0.706422,109
"Capripoxvirus|XKH15810.1|Capripoxvirus_sheeppox","Orthopoxvirus|YFT67316.1|Orthopoxvirus_monkeypox",4.861254,0.706422,109
"Parapoxvirus|XPQ45389.1|Parapoxvirus_orf","Leporipoxvirus|YAW79107.1|Leporipoxvirus_myxoma",9.095853,0.761364,88
"Parapoxvirus|XPQ45389.1|Parapoxvirus_orf","Leporipoxvirus|YBO75993.1|Leporipoxvirus_myxoma",9.143035,0.755556,90
"Parapoxvirus|XPQ45389.1|Parapoxvirus_orf","Parapoxvirus|YBU52136.1|Parapoxvirus_orf",0.312967,0.155556,90
"Parapoxvirus|XPQ45389.1|Parapoxvirus_orf","Capripoxvirus|YBU52347.1|Capripoxvirus_sheeppox",8.856202,0.711111,90
"Parapoxvirus|XPQ45389.1|Parapoxvirus_orf","Capripoxvirus|YCL82046.1|Capripoxvirus_lumpyskinpox",8.891945,0.711111,90
"Parapoxvirus|XPQ45389.1|Parapoxvirus_orf","Parapoxvirus|YP_003457410.1|Parapoxvirus_pseudocowpox",0.555578,0.266667,90
"Parapoxvirus|XPQ45389.1|Parapoxvirus_orf","Orthopoxvirus|P20535.1|Orthopoxvirus_vaccinia",4.138642,0.690476,84
"Parapoxvirus|XPQ45389.1|Parapoxvirus_orf","Parapoxvirus|P26654.1|Parapoxvirus_orf",0.099656,0.067416,89
"Parapoxvirus|XPQ45389.1|Parapoxvirus_orf","Orthopoxvirus|YFT66960.1|Orthopoxvirus_monkeypox",4.175796,0.702381,84
"Parapoxvirus|XPQ45389.1|Parapoxvirus_orf","Orthopoxvirus|YFT67316.1|Orthopoxvirus_monkeypox",4.199964,0.702381,84
"Leporipoxvirus|YAW79107.1|Leporipoxvirus_myxoma","Leporipoxvirus|YBO75993.1|Leporipoxvirus_myxoma",0.209901,0.162011,179
"Leporipoxvirus|YAW79107.1|Leporipoxvirus_myxoma","Parapoxvirus|YBU52136.1|Parapoxvirus_orf",8.862106,0.761364,88
"Leporipoxvirus|YAW79107.1|Leporipoxvirus_myxoma","Capripoxvirus|YBU52347.1|Capripoxvirus_sheeppox",1.399602,0.569444,144
"Leporipoxvirus|YAW79107.1|Leporipoxvirus_myxoma","Capripoxvirus|YCL82046.1|Capripoxvirus_lumpyskinpox",1.435345,0.555556,144
"Leporipoxvirus|YAW79107.1|Leporipoxvirus_myxoma","Parapoxvirus|YP_003457410.1|Parapoxvirus_pseudocowpox",9.104718,0.752809,89
"Leporipoxvirus|YAW79107.1|Leporipoxvirus_myxoma","Orthopoxvirus|P20535.1|Orthopoxvirus_vaccinia",5.006787,0.745283,106
"Leporipoxvirus|YAW79107.1|Leporipoxvirus_myxoma","Parapoxvirus|P26654.1|Parapoxvirus_orf",9.113646,0.758621,87
"Leporipoxvirus|YAW79107.1|Leporipoxvirus_myxoma","Orthopoxvirus|YFT66960.1|Orthopoxvirus_monkeypox",5.019323,0.754717,106
"Leporipoxvirus|YAW79107.1|Leporipoxvirus_myxoma","Orthopoxvirus|YFT67316.1|Orthopoxvirus_monkeypox",5.043491,0.764151,106
"Leporipoxvirus|YBO75993.1|Leporipoxvirus_myxoma","Parapoxvirus|YBU52136.1|Parapoxvirus_orf",8.909288,0.755556,90
"Leporipoxvirus|YBO75993.1|Leporipoxvirus_myxoma","Capripoxvirus|YBU52347.1|Capripoxvirus_sheeppox",1.446784,0.573427,143
"Leporipoxvirus|YBO75993.1|Leporipoxvirus_myxoma","Capripoxvirus|YCL82046.1|Capripoxvirus_lumpyskinpox",1.482528,0.559441,143
"Leporipoxvirus|YBO75993.1|Leporipoxvirus_myxoma","Parapoxvirus|YP_003457410.1|Parapoxvirus_pseudocowpox",9.151900,0.747253,91
"Leporipoxvirus|YBO75993.1|Leporipoxvirus_myxoma","Orthopoxvirus|P20535.1|Orthopoxvirus_vaccinia",5.053969,0.743119,109
"Leporipoxvirus|YBO75993.1|Leporipoxvirus_myxoma","Parapoxvirus|P26654.1|Parapoxvirus_orf",9.160828,0.752809,89
"Leporipoxvirus|YBO75993.1|Leporipoxvirus_myxoma","Orthopoxvirus|YFT66960.1|Orthopoxvirus_monkeypox",5.066505,0.752294,109
"Leporipoxvirus|YBO75993.1|Leporipoxvirus_myxoma","Orthopoxvirus|YFT67316.1|Orthopoxvirus_monkeypox",5.090673,0.752294,109
"Parapoxvirus|YBU52136.1|Parapoxvirus_orf","Capripoxvirus|YBU52347.1|Capripoxvirus_sheeppox",8.622456,0.722222,90
"Parapoxvirus|YBU52136.1|Parapoxvirus_orf","Capripoxvirus|YCL82046.1|Capripoxvirus_lumpyskinpox",8.658199,0.733333,90
"Parapoxvirus|YBU52136.1|Parapoxvirus_orf","Parapoxvirus|YP_003457410.1|Parapoxvirus_pseudocowpox",0.321827,0.188889,90
"Parapoxvirus|YBU52136.1|Parapoxvirus_orf","Orthopoxvirus|P20535.1|Orthopoxvirus_vaccinia",3.904896,0.678571,84
"Parapoxvirus|YBU52136.1|Parapoxvirus_orf","Parapoxvirus|P26654.1|Parapoxvirus_orf",0.330760,0.157303,89
"Parapoxvirus|YBU52136.1|Parapoxvirus_orf","Orthopoxvirus|YFT66960.1|Orthopoxvirus_monkeypox",3.942049,0.690476,84
"Parapoxvirus|YBU52136.1|Parapoxvirus_orf","Orthopoxvirus|YFT67316.1|Orthopoxvirus_monkeypox",3.966217,0.690476,84
"Capripoxvirus|YBU52347.1|Capripoxvirus_sheeppox","Capripoxvirus|YCL82046.1|Capripoxvirus_lumpyskinpox",0.050181,0.047297,148
"Capripoxvirus|YBU52347.1|Capripoxvirus_sheeppox","Parapoxvirus|YP_003457410.1|Parapoxvirus_pseudocowpox",8.865067,0.758242,91
"Capripoxvirus|YBU52347.1|Capripoxvirus_sheeppox","Orthopoxvirus|P20535.1|Orthopoxvirus_vaccinia",4.767136,0.688073,109
"Capripoxvirus|YBU52347.1|Capripoxvirus_sheeppox","Parapoxvirus|P26654.1|Parapoxvirus_orf",8.873995,0.707865,89
"Capripoxvirus|YBU52347.1|Capripoxvirus_sheeppox","Orthopoxvirus|YFT66960.1|Orthopoxvirus_monkeypox",4.779673,0.715596,109
"Capripoxvirus|YBU52347.1|Capripoxvirus_sheeppox","Orthopoxvirus|YFT67316.1|Orthopoxvirus_monkeypox",4.803840,0.715596,109
"Capripoxvirus|YCL82046.1|Capripoxvirus_lumpyskinpox","Parapoxvirus|YP_003457410.1|Parapoxvirus_pseudocowpox",8.900810,0.769231,91
"Capripoxvirus|YCL82046.1|Capripoxvirus_lumpyskinpox","Orthopoxvirus|P20535.1|Orthopoxvirus_vaccinia",4.802880,0.688073,109
"Capripoxvirus|YCL82046.1|Capripoxvirus_lumpyskinpox","Parapoxvirus|P26654.1|Parapoxvirus_orf",8.909739,0.719101,89
"Capripoxvirus|YCL82046.1|Capripoxvirus_lumpyskinpox","Orthopoxvirus|YFT66960.1|Orthopoxvirus_monkeypox",4.815416,0.715596,109
"Capripoxvirus|YCL82046.1|Capripoxvirus_lumpyskinpox","Orthopoxvirus|YFT67316.1|Orthopoxvirus_monkeypox",4.839584,0.715596,109
"Parapoxvirus|YP_003457410.1|Parapoxvirus_pseudocowpox","Orthopoxvirus|P20535.1|Orthopoxvirus_vaccinia",4.147507,0.694118,85
"Parapoxvirus|YP_003457410.1|Parapoxvirus_pseudocowpox","Parapoxvirus|P26654.1|Parapoxvirus_orf",0.573371,0.269663,89
"Parapoxvirus|YP_003457410.1|Parapoxvirus_pseudocowpox","Orthopoxvirus|YFT66960.1|Orthopoxvirus_monkeypox",4.184661,0.694118,85
"Parapoxvirus|YP_003457410.1|Parapoxvirus_pseudocowpox","Orthopoxvirus|YFT67316.1|Orthopoxvirus_monkeypox",4.208828,0.694118,85
"Orthopoxvirus|P20535.1|Orthopoxvirus_vaccinia","Parapoxvirus|P26654.1|Parapoxvirus_orf",4.156435,0.686747,83
"Orthopoxvirus|P20535.1|Orthopoxvirus_vaccinia","Orthopoxvirus|YFT66960.1|Orthopoxvirus_monkeypox",0.086730,0.063636,110
"Orthopoxvirus|P20535.1|Orthopoxvirus_vaccinia","Orthopoxvirus|YFT67316.1|Orthopoxvirus_monkeypox",0.110898,0.063636,110
"Parapoxvirus|P26654.1|Parapoxvirus_orf","Orthopoxvirus|YFT66960.1|Orthopoxvirus_monkeypox",4.193589,0.698795,83
"Parapoxvirus|P26654.1|Parapoxvirus_orf","Orthopoxvirus|YFT67316.1|Orthopoxvirus_monkeypox",4.217757,0.698795,83
"Orthopoxvirus|YFT66960.1|Orthopoxvirus_monkeypox","Orthopoxvirus|YFT67316.1|Orthopoxvirus_monkeypox",0.024170,0.018182,110
