seed	sample	chain	residue	resn	abs_sasa	rel_sasa
1	0	C	47	LEU	21.74	10.8
1	0	C	51	LEU	12.08	6.0
1	0	C	54	LEU	7.25	3.6
1	0	C	58	ILE	3.62	1.8
1	0	C	61	ILE	3.62	1.8
1	0	C	65	PHE	16.77	7.0
1	0	C	71	CYS	84.46	50.6
1	0	C	72	CYS	60.68	36.3
1	0	C	75	ASN	76.71	39.3
1	0	C	81	ARG	161.13	58.8
1	0	C	87	GLU	94.29	42.3
1	0	C	88	THR	80.59	46.9
1	0	C	94	ILE	76.08	38.6
1	0	C	95	SER	69.15	44.6
1	0	C	98	LYS	104.31	44.2
1	0	C	99	LYS	112.42	47.6
1	0	B	47	LEU	27.78	13.8
1	0	B	51	LEU	8.45	4.2
1	0	B	54	LEU	3.62	1.8
1	0	B	58	ILE	9.66	4.9
1	0	B	61	ILE	8.45	4.3
1	0	B	65	PHE	17.98	7.5
1	0	B	71	CYS	20.65	12.4
1	0	B	72	CYS	50.52	30.3
1	0	B	75	ASN	13.81	7.1
1	0	B	81	ARG	120.3	43.9
1	0	B	87	GLU	86.9	39.0
1	0	B	88	THR	80.18	46.6
1	0	B	94	ILE	83.19	42.2
1	0	B	95	SER	71.16	45.9
1	0	B	98	LYS	104.08	44.1
1	0	B	99	LYS	58.33	24.7
1	0	A	47	LEU	21.74	10.8
1	0	A	51	LEU	2.42	1.2
1	0	A	54	LEU	7.25	3.6
1	0	A	58	ILE	1.21	0.6
1	0	A	61	ILE	0.0	0.0
1	0	A	65	PHE	2.42	1.0
1	0	A	71	CYS	71.89	43.0
1	0	A	72	CYS	12.55	7.5
1	0	A	75	ASN	62.58	32.1
1	0	A	81	ARG	174.62	63.7
1	0	A	87	GLU	91.98	41.2
1	0	A	88	THR	82.46	47.9
1	0	A	94	ILE	80.77	41.0
1	0	A	95	SER	69.29	44.7
1	0	A	98	LYS	108.91	46.1
1	0	A	99	LYS	112.19	47.5
1	1	A	47	LEU	20.53	10.2
1	1	A	51	LEU	3.62	1.8
1	1	A	54	LEU	8.45	4.2
1	1	A	58	ILE	7.25	3.7
1	1	A	61	ILE	2.42	1.2
1	1	A	65	PHE	8.45	3.5
1	1	A	71	CYS	62.1	37.2
1	1	A	72	CYS	6.2	3.7
1	1	A	75	ASN	64.97	33.3
1	1	A	81	ARG	139.97	51.1
1	1	A	87	GLU	96.11	43.1
1	1	A	88	THR	81.52	47.4
1	1	A	94	ILE	78.5	39.8
1	1	A	95	SER	76.13	49.1
1	1	A	98	LYS	122.51	51.9
1	1	A	99	LYS	111.1	47.1
1	1	B	47	LEU	20.53	10.2
1	1	B	51	LEU	9.66	4.8
1	1	B	54	LEU	6.04	3.0
1	1	B	58	ILE	8.45	4.3
1	1	B	61	ILE	9.66	4.9
1	1	B	65	PHE	15.56	6.5
1	1	B	71	CYS	37.22	22.3
1	1	B	72	CYS	33.71	20.2
1	1	B	75	ASN	13.81	7.1
1	1	B	81	ARG	126.82	46.3
1	1	B	87	GLU	94.26	42.3
1	1	B	88	THR	83.66	48.6
1	1	B	94	ILE	68.7	34.9
1	1	B	95	SER	75.06	48.4
1	1	B	98	LYS	111.14	47.1
1	1	B	99	LYS	97.81	41.4
1	1	C	47	LEU	15.7	7.8
1	1	C	51	LEU	13.28	6.6
1	1	C	54	LEU	4.83	2.4
1	1	C	58	ILE	7.25	3.7
1	1	C	61	ILE	3.62	1.8
1	1	C	65	PHE	26.43	11.0
1	1	C	71	CYS	69.31	41.5
1	1	C	72	CYS	61.65	36.9
1	1	C	75	ASN	78.85	40.4
1	1	C	81	ARG	147.9	54.0
1	1	C	87	GLU	89.0	39.9
1	1	C	88	THR	87.29	50.7
1	1	C	94	ILE	72.32	36.7
1	1	C	95	SER	72.64	46.9
1	1	C	98	LYS	115.36	48.9
1	1	C	99	LYS	115.93	49.1
1	2	B	47	LEU	56.3	28.0
1	2	B	51	LEU	0.0	0.0
1	2	B	54	LEU	15.7	7.8
1	2	B	58	ILE	2.42	1.2
1	2	B	61	ILE	20.53	10.4
1	2	B	65	PHE	20.53	8.6
1	2	B	71	CYS	57.03	34.2
1	2	B	72	CYS	31.22	18.7
1	2	B	75	ASN	18.44	9.5
1	2	B	81	ARG	160.52	58.6
1	2	B	87	GLU	86.36	38.7
1	2	B	88	THR	83.8	48.7
1	2	B	94	ILE	83.33	42.3
1	2	B	95	SER	73.71	47.6
1	2	B	98	LYS	110.09	46.7
1	2	B	99	LYS	97.45	41.3
1	2	A	47	LEU	43.88	21.8
1	2	A	51	LEU	1.21	0.6
1	2	A	54	LEU	15.7	7.8
1	2	A	58	ILE	12.08	6.1
1	2	A	61	ILE	0.0	0.0
1	2	A	65	PHE	22.94	9.6
1	2	A	71	CYS	66.85	40.0
1	2	A	72	CYS	18.19	10.9
1	2	A	75	ASN	46.68	23.9
1	2	A	81	ARG	148.12	54.1
1	2	A	87	GLU	86.76	38.9
1	2	A	88	THR	85.01	49.4
1	2	A	94	ILE	85.74	43.5
1	2	A	95	SER	70.5	45.5
1	2	A	98	LYS	113.51	48.1
1	2	A	99	LYS	91.64	38.8
1	2	C	47	LEU	28.18	14.0
1	2	C	51	LEU	2.42	1.2
1	2	C	54	LEU	6.04	3.0
1	2	C	58	ILE	1.21	0.6
1	2	C	61	ILE	2.42	1.2
1	2	C	65	PHE	37.44	15.6
1	2	C	71	CYS	64.36	38.5
1	2	C	72	CYS	74.44	44.6
1	2	C	75	ASN	97.6	50.1
1	2	C	81	ARG	158.51	57.9
1	2	C	87	GLU	93.06	41.7
1	2	C	88	THR	83.55	48.6
1	2	C	94	ILE	81.98	41.6
1	2	C	95	SER	70.36	45.4
1	2	C	98	LYS	113.85	48.2
1	2	C	99	LYS	103.49	43.9
1	3	C	47	LEU	25.36	12.6
1	3	C	51	LEU	10.87	5.4
1	3	C	54	LEU	8.45	4.2
1	3	C	58	ILE	6.04	3.1
1	3	C	61	ILE	2.42	1.2
1	3	C	65	PHE	20.53	8.6
1	3	C	71	CYS	70.35	42.1
1	3	C	72	CYS	66.93	40.1
1	3	C	75	ASN	76.68	39.3
1	3	C	81	ARG	161.84	59.1
1	3	C	87	GLU	75.19	33.7
1	3	C	88	THR	84.87	49.3
1	3	C	94	ILE	95.13	48.3
1	3	C	95	SER	74.12	47.8
1	3	C	98	LYS	75.94	32.2
1	3	C	99	LYS	118.23	50.1
1	3	A	47	LEU	25.36	12.6
1	3	A	51	LEU	2.42	1.2
1	3	A	54	LEU	8.45	4.2
1	3	A	58	ILE	2.42	1.2
1	3	A	61	ILE	1.21	0.6
1	3	A	65	PHE	2.42	1.0
1	3	A	71	CYS	69.55	41.6
1	3	A	72	CYS	8.85	5.3
1	3	A	75	ASN	62.78	32.2
1	3	A	81	ARG	144.5	52.7
1	3	A	87	GLU	63.68	28.6
1	3	A	88	THR	81.52	47.4
1	3	A	94	ILE	91.51	46.5
1	3	A	95	SER	75.06	48.4
1	3	A	98	LYS	81.52	34.5
1	3	A	99	LYS	114.6	48.6
1	3	B	47	LEU	22.94	11.4
1	3	B	51	LEU	7.25	3.6
1	3	B	54	LEU	0.0	0.0
1	3	B	58	ILE	6.04	3.1
1	3	B	61	ILE	4.83	2.5
1	3	B	65	PHE	20.53	8.6
1	3	B	71	CYS	24.59	14.7
1	3	B	72	CYS	52.8	31.6
1	3	B	75	ASN	12.71	6.5
1	3	B	81	ARG	145.62	53.1
1	3	B	87	GLU	82.03	36.8
1	3	B	88	THR	84.21	49.0
1	3	B	94	ILE	95.93	48.7
1	3	B	95	SER	72.5	46.8
1	3	B	98	LYS	90.73	38.4
1	3	B	99	LYS	57.96	24.6
1	4	B	47	LEU	74.74	37.2
1	4	B	51	LEU	13.28	6.6
1	4	B	54	LEU	16.91	8.4
1	4	B	58	ILE	1.21	0.6
1	4	B	61	ILE	8.32	4.2
1	4	B	65	PHE	38.64	16.1
1	4	B	71	CYS	19.72	11.8
1	4	B	72	CYS	52.41	31.4
1	4	B	75	ASN	11.67	6.0
1	4	B	81	ARG	158.19	57.7
1	4	B	87	GLU	82.32	36.9
1	4	B	88	THR	84.73	49.3
1	4	B	94	ILE	70.04	35.6
1	4	B	95	SER	49.6	32.0
1	4	B	98	LYS	106.95	45.3
1	4	B	99	LYS	132.74	56.2
1	4	A	47	LEU	106.66	53.1
1	4	A	51	LEU	28.98	14.4
1	4	A	54	LEU	6.04	3.0
1	4	A	58	ILE	2.42	1.2
1	4	A	61	ILE	26.3	13.3
1	4	A	65	PHE	22.94	9.6
1	4	A	71	CYS	59.08	35.4
1	4	A	72	CYS	9.9	5.9
1	4	A	75	ASN	68.99	35.4
1	4	A	81	ARG	160.59	58.6
1	4	A	87	GLU	81.5	36.5
1	4	A	88	THR	85.14	49.5
1	4	A	94	ILE	74.74	37.9
1	4	A	95	SER	51.62	33.3
1	4	A	98	LYS	105.51	44.7
1	4	A	99	LYS	133.47	56.6
1	4	C	47	LEU	81.98	40.8
1	4	C	51	LEU	13.28	6.6
1	4	C	54	LEU	8.45	4.2
1	4	C	58	ILE	1.21	0.6
1	4	C	61	ILE	27.64	14.0
1	4	C	65	PHE	44.57	18.6
1	4	C	71	CYS	58.01	34.7
1	4	C	72	CYS	72.0	43.1
1	4	C	75	ASN	96.21	49.3
1	4	C	81	ARG	151.08	55.1
1	4	C	87	GLU	88.23	39.6
1	4	C	88	THR	92.64	53.9
1	4	C	94	ILE	66.28	33.6
1	4	C	95	SER	54.02	34.8
1	4	C	98	LYS	107.79	45.7
1	4	C	99	LYS	132.49	56.1
10	0	B	47	LEU	45.89	22.8
10	0	B	51	LEU	12.08	6.0
10	0	B	54	LEU	3.62	1.8
10	0	B	58	ILE	4.83	2.5
10	0	B	61	ILE	6.04	3.1
10	0	B	65	PHE	15.7	6.5
10	0	B	71	CYS	47.53	28.5
10	0	B	72	CYS	62.78	37.6
10	0	B	75	ASN	16.18	8.3
10	0	B	81	ARG	125.84	45.9
10	0	B	87	GLU	98.78	44.3
10	0	B	88	THR	82.86	48.2
10	0	B	94	ILE	67.63	34.3
10	0	B	95	SER	62.32	40.2
10	0	B	98	LYS	95.62	40.5
10	0	B	99	LYS	93.37	39.6
10	0	A	47	LEU	32.61	16.2
10	0	A	51	LEU	2.42	1.2
10	0	A	54	LEU	10.87	5.4
10	0	A	58	ILE	1.21	0.6
10	0	A	61	ILE	1.21	0.6
10	0	A	65	PHE	2.42	1.0
10	0	A	71	CYS	80.87	48.4
10	0	A	72	CYS	8.85	5.3
10	0	A	75	ASN	73.61	37.7
10	0	A	81	ARG	143.47	52.4
10	0	A	87	GLU	85.26	38.2
10	0	A	88	THR	87.29	50.7
10	0	A	94	ILE	68.83	34.9
10	0	A	95	SER	66.21	42.7
10	0	A	98	LYS	103.85	44.0
10	0	A	99	LYS	134.02	56.8
10	0	C	47	LEU	28.98	14.4
10	0	C	51	LEU	13.28	6.6
10	0	C	54	LEU	10.87	5.4
10	0	C	58	ILE	3.62	1.8
10	0	C	61	ILE	3.62	1.8
10	0	C	65	PHE	26.57	11.1
10	0	C	71	CYS	81.09	48.6
10	0	C	72	CYS	75.22	45.0
10	0	C	75	ASN	96.12	49.3
10	0	C	81	ARG	152.88	55.8
10	0	C	87	GLU	97.71	43.8
10	0	C	88	THR	85.14	49.5
10	0	C	94	ILE	70.04	35.6
10	0	C	95	SER	59.1	38.1
10	0	C	98	LYS	94.53	40.1
10	0	C	99	LYS	138.99	58.9
10	1	C	47	LEU	26.57	13.2
10	1	C	51	LEU	12.08	6.0
10	1	C	54	LEU	8.45	4.2
10	1	C	58	ILE	8.45	4.3
10	1	C	61	ILE	2.42	1.2
10	1	C	65	PHE	24.15	10.1
10	1	C	71	CYS	69.18	41.4
10	1	C	72	CYS	68.0	40.7
10	1	C	75	ASN	79.92	41.0
10	1	C	81	ARG	135.34	49.4
10	1	C	87	GLU	90.5	40.6
10	1	C	88	THR	87.56	50.9
10	1	C	94	ILE	88.02	44.7
10	1	C	95	SER	70.77	45.7
10	1	C	98	LYS	64.32	27.3
10	1	C	99	LYS	114.4	48.5
10	1	B	47	LEU	27.78	13.8
10	1	B	51	LEU	10.87	5.4
10	1	B	54	LEU	3.62	1.8
10	1	B	58	ILE	12.08	6.1
10	1	B	61	ILE	3.62	1.8
10	1	B	65	PHE	26.57	11.1
10	1	B	71	CYS	18.35	11.0
10	1	B	72	CYS	55.08	33.0
10	1	B	75	ASN	17.54	9.0
10	1	B	81	ARG	121.57	44.4
10	1	B	87	GLU	91.69	41.1
10	1	B	88	THR	64.89	37.7
10	1	B	94	ILE	93.79	47.6
10	1	B	95	SER	74.12	47.8
10	1	B	98	LYS	53.91	22.8
10	1	B	99	LYS	79.33	33.6
10	1	A	47	LEU	22.94	11.4
10	1	A	51	LEU	3.62	1.8
10	1	A	54	LEU	3.62	1.8
10	1	A	58	ILE	1.21	0.6
10	1	A	61	ILE	1.21	0.6
10	1	A	65	PHE	1.21	0.5
10	1	A	71	CYS	66.74	40.0
10	1	A	72	CYS	10.14	6.1
10	1	A	75	ASN	62.54	32.1
10	1	A	81	ARG	144.75	52.8
10	1	A	87	GLU	68.64	30.8
10	1	A	88	THR	82.86	48.2
10	1	A	94	ILE	91.51	46.5
10	1	A	95	SER	81.76	52.7
10	1	A	98	LYS	59.38	25.2
10	1	A	99	LYS	112.24	47.6
10	2	C	47	LEU	24.15	12.0
10	2	C	51	LEU	9.66	4.8
10	2	C	54	LEU	8.45	4.2
10	2	C	58	ILE	2.42	1.2
10	2	C	61	ILE	3.62	1.8
10	2	C	65	PHE	24.15	10.1
10	2	C	71	CYS	65.61	39.3
10	2	C	72	CYS	69.21	41.4
10	2	C	75	ASN	76.87	39.4
10	2	C	81	ARG	173.48	63.3
10	2	C	87	GLU	87.98	39.5
10	2	C	88	THR	83.55	48.6
10	2	C	94	ILE	77.29	39.2
10	2	C	95	SER	73.71	47.6
10	2	C	98	LYS	117.34	49.7
10	2	C	99	LYS	107.82	45.7
10	2	A	47	LEU	28.98	14.4
10	2	A	51	LEU	3.62	1.8
10	2	A	54	LEU	7.25	3.6
10	2	A	58	ILE	4.83	2.5
10	2	A	61	ILE	0.0	0.0
10	2	A	65	PHE	10.87	4.5
10	2	A	71	CYS	77.62	46.5
10	2	A	72	CYS	12.23	7.3
10	2	A	75	ASN	37.9	19.4
10	2	A	81	ARG	172.09	62.8
10	2	A	87	GLU	87.31	39.2
10	2	A	88	THR	84.76	49.3
10	2	A	94	ILE	72.46	36.8
10	2	A	95	SER	77.06	49.7
10	2	A	98	LYS	123.22	52.2
10	2	A	99	LYS	86.31	36.6
10	2	B	47	LEU	36.23	18.0
10	2	B	51	LEU	6.04	3.0
10	2	B	54	LEU	8.45	4.2
10	2	B	58	ILE	3.62	1.8
10	2	B	61	ILE	7.25	3.7
10	2	B	65	PHE	14.49	6.0
10	2	B	71	CYS	47.52	28.5
10	2	B	72	CYS	49.83	29.8
10	2	B	75	ASN	7.5	3.8
10	2	B	81	ARG	173.41	63.3
10	2	B	87	GLU	85.95	38.5
10	2	B	88	THR	81.38	47.3
10	2	B	94	ILE	73.39	37.3
10	2	B	95	SER	75.99	49.0
10	2	B	98	LYS	138.83	58.8
10	2	B	99	LYS	95.62	40.5
10	3	B	47	LEU	21.74	10.8
10	3	B	51	LEU	8.45	4.2
10	3	B	54	LEU	3.62	1.8
10	3	B	58	ILE	9.66	4.9
10	3	B	61	ILE	8.45	4.3
10	3	B	65	PHE	19.32	8.1
10	3	B	71	CYS	33.44	20.0
10	3	B	72	CYS	52.87	31.7
10	3	B	75	ASN	13.88	7.1
10	3	B	81	ARG	78.24	28.6
10	3	B	87	GLU	96.7	43.4
10	3	B	88	THR	92.8	54.0
10	3	B	94	ILE	79.57	40.4
10	3	B	95	SER	69.29	44.7
10	3	B	98	LYS	102.76	43.5
10	3	B	99	LYS	67.94	28.8
10	3	A	47	LEU	24.15	12.0
10	3	A	51	LEU	1.21	0.6
10	3	A	54	LEU	7.25	3.6
10	3	A	58	ILE	6.04	3.1
10	3	A	61	ILE	2.42	1.2
10	3	A	65	PHE	7.11	3.0
10	3	A	71	CYS	66.93	40.1
10	3	A	72	CYS	11.42	6.8
10	3	A	75	ASN	69.55	35.7
10	3	A	81	ARG	123.88	45.2
10	3	A	87	GLU	90.64	40.6
10	3	A	88	THR	93.6	54.4
10	3	A	94	ILE	79.7	40.5
10	3	A	95	SER	71.57	46.2
10	3	A	98	LYS	107.47	45.5
10	3	A	99	LYS	115.93	49.1
10	3	C	47	LEU	21.74	10.8
10	3	C	51	LEU	13.28	6.6
10	3	C	54	LEU	6.04	3.0
10	3	C	58	ILE	8.45	4.3
10	3	C	61	ILE	3.62	1.8
10	3	C	65	PHE	20.53	8.6
10	3	C	71	CYS	63.39	38.0
10	3	C	72	CYS	71.08	42.6
10	3	C	75	ASN	83.41	42.8
10	3	C	81	ARG	116.86	42.6
10	3	C	87	GLU	89.68	40.2
10	3	C	88	THR	89.17	51.8
10	3	C	94	ILE	79.7	40.5
10	3	C	95	SER	68.08	43.9
10	3	C	98	LYS	108.91	46.1
10	3	C	99	LYS	112.08	47.5
10	4	A	47	LEU	24.04	12.0
10	4	A	51	LEU	2.42	1.2
10	4	A	54	LEU	7.25	3.6
10	4	A	58	ILE	6.04	3.1
10	4	A	61	ILE	0.0	0.0
10	4	A	65	PHE	0.0	0.0
10	4	A	71	CYS	70.76	42.4
10	4	A	72	CYS	10.06	6.0
10	4	A	75	ASN	65.08	33.4
10	4	A	81	ARG	148.49	54.2
10	4	A	87	GLU	87.95	39.4
10	4	A	88	THR	83.69	48.7
10	4	A	94	ILE	73.42	37.3
10	4	A	95	SER	63.66	41.1
10	4	A	98	LYS	117.59	49.8
10	4	A	99	LYS	128.23	54.3
10	4	B	47	LEU	38.53	19.2
10	4	B	51	LEU	13.28	6.6
10	4	B	54	LEU	1.21	0.6
10	4	B	58	ILE	8.45	4.3
10	4	B	61	ILE	10.87	5.5
10	4	B	65	PHE	15.7	6.5
10	4	B	71	CYS	35.08	21.0
10	4	B	72	CYS	39.32	23.5
10	4	B	75	ASN	12.78	6.6
10	4	B	81	ARG	130.9	47.8
10	4	B	87	GLU	91.46	41.0
10	4	B	88	THR	87.42	50.8
10	4	B	94	ILE	73.53	37.3
10	4	B	95	SER	60.31	38.9
10	4	B	98	LYS	108.04	45.8
10	4	B	99	LYS	104.65	44.3
10	4	C	47	LEU	19.32	9.6
10	4	C	51	LEU	13.28	6.6
10	4	C	54	LEU	3.62	1.8
10	4	C	58	ILE	3.62	1.8
10	4	C	61	ILE	1.21	0.6
10	4	C	65	PHE	18.11	7.5
10	4	C	71	CYS	70.57	42.3
10	4	C	72	CYS	55.43	33.2
10	4	C	75	ASN	83.5	42.8
10	4	C	81	ARG	146.07	53.3
10	4	C	87	GLU	90.39	40.5
10	4	C	88	THR	88.49	51.4
10	4	C	94	ILE	72.32	36.7
10	4	C	95	SER	65.8	42.5
10	4	C	98	LYS	116.11	49.2
10	4	C	99	LYS	134.38	56.9
11	0	A	47	LEU	18.11	9.0
11	0	A	51	LEU	3.62	1.8
11	0	A	54	LEU	8.45	4.2
11	0	A	58	ILE	0.0	0.0
11	0	A	61	ILE	1.21	0.6
11	0	A	65	PHE	0.0	0.0
11	0	A	71	CYS	69.47	41.6
11	0	A	72	CYS	12.79	7.7
11	0	A	75	ASN	66.29	34.0
11	0	A	81	ARG	153.41	56.0
11	0	A	87	GLU	87.4	39.2
11	0	A	88	THR	86.21	50.1
11	0	A	94	ILE	79.7	40.5
11	0	A	95	SER	73.98	47.7
11	0	A	98	LYS	98.27	41.6
11	0	A	99	LYS	119.32	50.6
11	0	B	47	LEU	27.78	13.8
11	0	B	51	LEU	8.45	4.2
11	0	B	54	LEU	9.66	4.8
11	0	B	58	ILE	9.66	4.9
11	0	B	61	ILE	12.08	6.1
11	0	B	65	PHE	15.7	6.5
11	0	B	71	CYS	30.87	18.5
11	0	B	72	CYS	38.04	22.8
11	0	B	75	ASN	12.83	6.6
11	0	B	81	ARG	147.57	53.9
11	0	B	87	GLU	93.88	42.1
11	0	B	88	THR	85.28	49.6
11	0	B	94	ILE	73.53	37.3
11	0	B	95	SER	72.78	47.0
11	0	B	98	LYS	122.17	51.8
11	0	B	99	LYS	49.9	21.1
11	0	C	47	LEU	14.22	7.1
11	0	C	51	LEU	7.25	3.6
11	0	C	54	LEU	15.7	7.8
11	0	C	58	ILE	7.25	3.7
11	0	C	61	ILE	0.0	0.0
11	0	C	65	PHE	15.7	6.5
11	0	C	71	CYS	68.11	40.8
11	0	C	72	CYS	61.18	36.6
11	0	C	75	ASN	69.96	35.9
11	0	C	81	ARG	153.98	56.2
11	0	C	87	GLU	88.89	39.9
11	0	C	88	THR	87.42	50.8
11	0	C	94	ILE	69.91	35.5
11	0	C	95	SER	73.85	47.6
11	0	C	98	LYS	99.7	42.2
11	0	C	99	LYS	111.21	47.1
11	1	C	47	LEU	22.94	11.4
11	1	C	51	LEU	10.87	5.4
11	1	C	54	LEU	10.87	5.4
11	1	C	58	ILE	4.83	2.5
11	1	C	61	ILE	2.42	1.2
11	1	C	65	PHE	24.02	10.0
11	1	C	71	CYS	68.3	40.9
11	1	C	72	CYS	70.44	42.2
11	1	C	75	ASN	77.76	39.9
11	1	C	81	ARG	133.84	48.8
11	1	C	87	GLU	95.34	42.8
11	1	C	88	THR	81.38	47.3
11	1	C	94	ILE	70.04	35.6
11	1	C	95	SER	72.64	46.9
11	1	C	98	LYS	83.12	35.2
11	1	C	99	LYS	111.32	47.2
11	1	A	47	LEU	20.53	10.2
11	1	A	51	LEU	2.42	1.2
11	1	A	54	LEU	7.25	3.6
11	1	A	58	ILE	1.21	0.6
11	1	A	61	ILE	0.0	0.0
11	1	A	65	PHE	6.04	2.5
11	1	A	71	CYS	68.11	40.8
11	1	A	72	CYS	12.71	7.6
11	1	A	75	ASN	58.25	29.9
11	1	A	81	ARG	123.68	45.1
11	1	A	87	GLU	78.7	35.3
11	1	A	88	THR	85.01	49.4
11	1	A	94	ILE	75.94	38.6
11	1	A	95	SER	71.57	46.2
11	1	A	98	LYS	100.68	42.7
11	1	A	99	LYS	112.42	47.6
11	1	B	47	LEU	32.61	16.2
11	1	B	51	LEU	13.28	6.6
11	1	B	54	LEU	4.83	2.4
11	1	B	58	ILE	9.66	4.9
11	1	B	61	ILE	7.25	3.7
11	1	B	65	PHE	19.32	8.1
11	1	B	71	CYS	19.56	11.7
11	1	B	72	CYS	49.02	29.4
11	1	B	75	ASN	17.52	9.0
11	1	B	81	ARG	117.87	43.0
11	1	B	87	GLU	85.95	38.5
11	1	B	88	THR	78.7	45.8
11	1	B	94	ILE	74.6	37.9
11	1	B	95	SER	71.71	46.3
11	1	B	98	LYS	77.1	32.7
11	1	B	99	LYS	68.86	29.2
11	2	A	47	LEU	15.7	7.8
11	2	A	51	LEU	3.62	1.8
11	2	A	54	LEU	6.04	3.0
11	2	A	58	ILE	7.25	3.7
11	2	A	61	ILE	0.0	0.0
11	2	A	65	PHE	6.04	2.5
11	2	A	71	CYS	73.1	43.8
11	2	A	72	CYS	14.0	8.4
11	2	A	75	ASN	62.96	32.3
11	2	A	81	ARG	163.23	59.6
11	2	A	87	GLU	76.42	34.3
11	2	A	88	THR	85.14	49.5
11	2	A	94	ILE	84.4	42.8
11	2	A	95	SER	70.23	45.3
11	2	A	98	LYS	101.3	42.9
11	2	A	99	LYS	103.96	44.1
11	2	B	47	LEU	12.08	6.0
11	2	B	51	LEU	8.45	4.2
11	2	B	54	LEU	3.62	1.8
11	2	B	58	ILE	8.45	4.3
11	2	B	61	ILE	7.25	3.7
11	2	B	65	PHE	9.66	4.0
11	2	B	71	CYS	37.19	22.3
11	2	B	72	CYS	55.83	33.4
11	2	B	75	ASN	18.37	9.4
11	2	B	81	ARG	154.66	56.4
11	2	B	87	GLU	98.41	44.1
11	2	B	88	THR	87.29	50.7
11	2	B	94	ILE	80.77	41.0
11	2	B	95	SER	71.43	46.1
11	2	B	98	LYS	103.94	44.0
11	2	B	99	LYS	79.61	33.7
11	2	C	47	LEU	12.08	6.0
11	2	C	51	LEU	12.08	6.0
11	2	C	54	LEU	7.25	3.6
11	2	C	58	ILE	4.83	2.5
11	2	C	61	ILE	2.42	1.2
11	2	C	65	PHE	16.91	7.0
11	2	C	71	CYS	66.98	40.1
11	2	C	72	CYS	69.58	41.7
11	2	C	75	ASN	83.5	42.8
11	2	C	81	ARG	162.02	59.1
11	2	C	87	GLU	91.96	41.2
11	2	C	88	THR	85.55	49.7
11	2	C	94	ILE	82.12	41.7
11	2	C	95	SER	70.36	45.4
11	2	C	98	LYS	103.6	43.9
11	2	C	99	LYS	117.02	49.6
11	3	C	47	LEU	24.15	12.0
11	3	C	51	LEU	9.66	4.8
11	3	C	54	LEU	15.7	7.8
11	3	C	58	ILE	10.87	5.5
11	3	C	61	ILE	4.83	2.5
11	3	C	65	PHE	25.36	10.6
11	3	C	71	CYS	82.61	49.5
11	3	C	72	CYS	75.57	45.2
11	3	C	75	ASN	76.07	39.0
11	3	C	81	ARG	146.82	53.6
11	3	C	87	GLU	84.74	38.0
11	3	C	88	THR	89.45	52.0
11	3	C	94	ILE	67.49	34.3
11	3	C	95	SER	71.57	46.2
11	3	C	98	LYS	118.53	50.2
11	3	C	99	LYS	119.44	50.6
11	3	A	47	LEU	26.57	13.2
11	3	A	51	LEU	6.04	3.0
11	3	A	54	LEU	10.87	5.4
11	3	A	58	ILE	4.83	2.5
11	3	A	61	ILE	0.0	0.0
11	3	A	65	PHE	0.0	0.0
11	3	A	71	CYS	89.41	53.5
11	3	A	72	CYS	11.42	6.8
11	3	A	75	ASN	50.87	26.1
11	3	A	81	ARG	145.0	52.9
11	3	A	87	GLU	78.83	35.4
11	3	A	88	THR	87.15	50.7
11	3	A	94	ILE	61.45	31.2
11	3	A	95	SER	76.4	49.3
11	3	A	98	LYS	126.02	53.4
11	3	A	99	LYS	116.04	49.2
11	3	B	47	LEU	39.85	19.8
11	3	B	51	LEU	13.28	6.6
11	3	B	54	LEU	2.42	1.2
11	3	B	58	ILE	13.28	6.7
11	3	B	61	ILE	10.87	5.5
11	3	B	65	PHE	18.11	7.5
11	3	B	71	CYS	29.85	17.9
11	3	B	72	CYS	47.87	28.7
11	3	B	75	ASN	11.39	5.8
11	3	B	81	ARG	116.68	42.6
11	3	B	87	GLU	80.43	36.1
11	3	B	88	THR	88.49	51.4
11	3	B	94	ILE	70.04	35.6
11	3	B	95	SER	75.06	48.4
11	3	B	98	LYS	128.21	54.3
11	3	B	99	LYS	69.83	29.6
11	4	C	47	LEU	14.49	7.2
11	4	C	51	LEU	12.08	6.0
11	4	C	54	LEU	7.25	3.6
11	4	C	58	ILE	10.87	5.5
11	4	C	61	ILE	0.0	0.0
11	4	C	65	PHE	9.66	4.0
11	4	C	71	CYS	68.3	40.9
11	4	C	72	CYS	67.79	40.6
11	4	C	75	ASN	70.96	36.4
11	4	C	81	ARG	156.37	57.1
11	4	C	87	GLU	94.36	42.3
11	4	C	88	THR	85.03	49.4
11	4	C	94	ILE	99.96	50.7
11	4	C	95	SER	72.78	47.0
11	4	C	98	LYS	94.99	40.2
11	4	C	99	LYS	121.94	51.7
11	4	B	47	LEU	22.83	11.4
11	4	B	51	LEU	8.45	4.2
11	4	B	54	LEU	4.83	2.4
11	4	B	58	ILE	12.08	6.1
11	4	B	61	ILE	7.25	3.7
11	4	B	65	PHE	8.45	3.5
11	4	B	71	CYS	30.71	18.4
11	4	B	72	CYS	47.5	28.4
11	4	B	75	ASN	16.06	8.2
11	4	B	81	ARG	160.61	58.6
11	4	B	87	GLU	93.29	41.8
11	4	B	88	THR	85.14	49.5
11	4	B	94	ILE	94.99	48.2
11	4	B	95	SER	76.26	49.2
11	4	B	98	LYS	101.89	43.2
11	4	B	99	LYS	97.4	41.3
11	4	A	47	LEU	13.28	6.6
11	4	A	51	LEU	0.0	0.0
11	4	A	54	LEU	8.45	4.2
11	4	A	58	ILE	3.62	1.8
11	4	A	61	ILE	1.21	0.6
11	4	A	65	PHE	9.66	4.0
11	4	A	71	CYS	69.39	41.6
11	4	A	72	CYS	13.76	8.2
11	4	A	75	ASN	67.23	34.5
11	4	A	81	ARG	155.91	56.9
11	4	A	87	GLU	86.33	38.7
11	4	A	88	THR	87.15	50.7
11	4	A	94	ILE	98.48	50.0
11	4	A	95	SER	76.4	49.3
11	4	A	98	LYS	84.69	35.9
11	4	A	99	LYS	121.83	51.6
12	0	C	47	LEU	27.5	13.7
12	0	C	51	LEU	10.87	5.4
12	0	C	54	LEU	7.25	3.6
12	0	C	58	ILE	12.08	6.1
12	0	C	61	ILE	2.42	1.2
12	0	C	65	PHE	25.36	10.6
12	0	C	71	CYS	66.82	40.0
12	0	C	72	CYS	71.36	42.7
12	0	C	75	ASN	72.97	37.4
12	0	C	81	ARG	100.16	36.6
12	0	C	87	GLU	103.07	46.2
12	0	C	88	THR	88.9	51.7
12	0	C	94	ILE	97.41	49.4
12	0	C	95	SER	75.19	48.5
12	0	C	98	LYS	93.94	39.8
12	0	C	99	LYS	106.38	45.1
12	0	A	47	LEU	36.23	18.0
12	0	A	51	LEU	4.83	2.4
12	0	A	54	LEU	7.25	3.6
12	0	A	58	ILE	3.62	1.8
12	0	A	61	ILE	1.21	0.6
12	0	A	65	PHE	6.04	2.5
12	0	A	71	CYS	70.46	42.2
12	0	A	72	CYS	10.14	6.1
12	0	A	75	ASN	64.74	33.2
12	0	A	81	ARG	107.18	39.1
12	0	A	87	GLU	63.56	28.5
12	0	A	88	THR	86.76	50.4
12	0	A	94	ILE	97.55	49.5
12	0	A	95	SER	72.78	47.0
12	0	A	98	LYS	99.75	42.3
12	0	A	99	LYS	109.77	46.5
12	0	B	47	LEU	33.81	16.8
12	0	B	51	LEU	8.45	4.2
12	0	B	54	LEU	6.04	3.0
12	0	B	58	ILE	12.08	6.1
12	0	B	61	ILE	7.25	3.7
12	0	B	65	PHE	21.74	9.1
12	0	B	71	CYS	20.93	12.5
12	0	B	72	CYS	47.52	28.5
12	0	B	75	ASN	15.01	7.7
12	0	B	81	ARG	79.27	28.9
12	0	B	87	GLU	113.39	50.8
12	0	B	88	THR	69.46	40.4
12	0	B	94	ILE	99.82	50.7
12	0	B	95	SER	73.58	47.5
12	0	B	98	LYS	93.94	39.8
12	0	B	99	LYS	58.67	24.9
12	1	C	47	LEU	26.3	13.1
12	1	C	51	LEU	10.87	5.4
12	1	C	54	LEU	9.66	4.8
12	1	C	58	ILE	7.25	3.7
12	1	C	61	ILE	4.83	2.5
12	1	C	65	PHE	25.36	10.6
12	1	C	71	CYS	74.27	44.5
12	1	C	72	CYS	78.21	46.8
12	1	C	75	ASN	83.07	42.6
12	1	C	81	ARG	156.28	57.0
12	1	C	87	GLU	102.97	46.2
12	1	C	88	THR	83.82	48.7
12	1	C	94	ILE	77.02	39.1
12	1	C	95	SER	70.5	45.5
12	1	C	98	LYS	103.33	43.8
12	1	C	99	LYS	106.27	45.0
12	1	A	47	LEU	22.94	11.4
12	1	A	51	LEU	2.42	1.2
12	1	A	54	LEU	6.04	3.0
12	1	A	58	ILE	4.83	2.5
12	1	A	61	ILE	3.62	1.8
12	1	A	65	PHE	9.66	4.0
12	1	A	71	CYS	71.81	43.0
12	1	A	72	CYS	11.42	6.8
12	1	A	75	ASN	66.0	33.8
12	1	A	81	ARG	145.52	53.1
12	1	A	87	GLU	76.28	34.2
12	1	A	88	THR	80.31	46.7
12	1	A	94	ILE	86.81	44.1
12	1	A	95	SER	69.02	44.5
12	1	A	98	LYS	111.21	47.1
12	1	A	99	LYS	106.38	45.1
12	1	B	47	LEU	36.23	18.0
12	1	B	51	LEU	13.28	6.6
12	1	B	54	LEU	3.62	1.8
12	1	B	58	ILE	7.25	3.7
12	1	B	61	ILE	9.66	4.9
12	1	B	65	PHE	19.32	8.1
12	1	B	71	CYS	34.65	20.7
12	1	B	72	CYS	66.04	39.5
12	1	B	75	ASN	18.71	9.6
12	1	B	81	ARG	139.85	51.0
12	1	B	87	GLU	98.0	43.9
12	1	B	88	THR	80.04	46.5
12	1	B	94	ILE	82.12	41.7
12	1	B	95	SER	71.3	46.0
12	1	B	98	LYS	96.31	40.8
12	1	B	99	LYS	55.46	23.5
12	2	C	47	LEU	17.98	8.9
12	2	C	51	LEU	10.87	5.4
12	2	C	54	LEU	10.87	5.4
12	2	C	58	ILE	12.08	6.1
12	2	C	61	ILE	6.04	3.1
12	2	C	65	PHE	21.74	9.1
12	2	C	71	CYS	65.88	39.5
12	2	C	72	CYS	59.47	35.6
12	2	C	75	ASN	73.26	37.6
12	2	C	81	ARG	153.18	55.9
12	2	C	87	GLU	89.05	39.9
12	2	C	88	THR	92.12	53.6
12	2	C	94	ILE	44.68	22.7
12	2	C	95	SER	70.5	45.5
12	2	C	98	LYS	90.91	38.5
12	2	C	99	LYS	105.1	44.5
12	2	B	47	LEU	24.02	11.9
12	2	B	51	LEU	12.08	6.0
12	2	B	54	LEU	2.42	1.2
12	2	B	58	ILE	18.11	9.2
12	2	B	61	ILE	8.45	4.3
12	2	B	65	PHE	16.91	7.0
12	2	B	71	CYS	23.15	13.9
12	2	B	72	CYS	42.74	25.6
12	2	B	75	ASN	16.09	8.2
12	2	B	81	ARG	122.4	44.7
12	2	B	87	GLU	93.06	41.7
12	2	B	88	THR	83.94	48.8
12	2	B	94	ILE	50.72	25.7
12	2	B	95	SER	72.64	46.9
12	2	B	98	LYS	86.19	36.5
12	2	B	99	LYS	74.03	31.4
12	2	A	47	LEU	15.7	7.8
12	2	A	51	LEU	3.62	1.8
12	2	A	54	LEU	9.66	4.8
12	2	A	58	ILE	2.42	1.2
12	2	A	61	ILE	4.83	2.5
12	2	A	65	PHE	2.28	0.9
12	2	A	71	CYS	71.89	43.0
12	2	A	72	CYS	11.34	6.8
12	2	A	75	ASN	56.01	28.7
12	2	A	81	ARG	154.43	56.4
12	2	A	87	GLU	74.94	33.6
12	2	A	88	THR	86.21	50.1
12	2	A	94	ILE	48.31	24.5
12	2	A	95	SER	72.64	46.9
12	2	A	98	LYS	93.1	39.4
12	2	A	99	LYS	112.01	47.5
12	3	C	47	LEU	22.94	11.4
12	3	C	51	LEU	9.66	4.8
12	3	C	54	LEU	6.04	3.0
12	3	C	58	ILE	2.42	1.2
12	3	C	61	ILE	4.83	2.5
12	3	C	65	PHE	24.15	10.1
12	3	C	71	CYS	71.81	43.0
12	3	C	72	CYS	68.3	40.9
12	3	C	75	ASN	83.43	42.8
12	3	C	81	ARG	146.02	53.3
12	3	C	87	GLU	103.75	46.5
12	3	C	88	THR	92.27	53.6
12	3	C	94	ILE	97.41	49.4
12	3	C	95	SER	74.92	48.3
12	3	C	98	LYS	93.48	39.6
12	3	C	99	LYS	110.12	46.7
12	3	A	47	LEU	22.94	11.4
12	3	A	51	LEU	2.42	1.2
12	3	A	54	LEU	7.25	3.6
12	3	A	58	ILE	6.04	3.1
12	3	A	61	ILE	2.42	1.2
12	3	A	65	PHE	8.45	3.5
12	3	A	71	CYS	75.67	45.3
12	3	A	72	CYS	12.47	7.5
12	3	A	75	ASN	71.74	36.8
12	3	A	81	ARG	143.7	52.4
12	3	A	87	GLU	97.98	43.9
12	3	A	88	THR	86.49	50.3
12	3	A	94	ILE	99.82	50.7
12	3	A	95	SER	58.97	38.0
12	3	A	98	LYS	80.88	34.3
12	3	A	99	LYS	120.98	51.3
12	3	B	47	LEU	21.74	10.8
12	3	B	51	LEU	9.66	4.8
12	3	B	54	LEU	4.83	2.4
12	3	B	58	ILE	6.04	3.1
12	3	B	61	ILE	9.66	4.9
12	3	B	65	PHE	15.7	6.5
12	3	B	71	CYS	46.09	27.6
12	3	B	72	CYS	50.07	30.0
12	3	B	75	ASN	22.58	11.6
12	3	B	81	ARG	147.53	53.8
12	3	B	87	GLU	101.33	45.4
12	3	B	88	THR	88.52	51.5
12	3	B	94	ILE	99.71	50.6
12	3	B	95	SER	62.32	40.2
12	3	B	98	LYS	81.75	34.6
12	3	B	99	LYS	117.36	49.7
12	4	B	47	LEU	45.89	22.8
12	4	B	51	LEU	12.08	6.0
12	4	B	54	LEU	8.45	4.2
12	4	B	58	ILE	3.62	1.8
12	4	B	61	ILE	6.04	3.1
12	4	B	65	PHE	15.7	6.5
12	4	B	71	CYS	35.0	21.0
12	4	B	72	CYS	46.27	27.7
12	4	B	75	ASN	6.56	3.4
12	4	B	81	ARG	137.46	50.2
12	4	B	87	GLU	96.23	43.2
12	4	B	88	THR	88.77	51.6
12	4	B	94	ILE	84.53	42.9
12	4	B	95	SER	75.99	49.0
12	4	B	98	LYS	98.36	41.7
12	4	B	99	LYS	108.16	45.8
12	4	A	47	LEU	41.06	20.4
12	4	A	51	LEU	2.42	1.2
12	4	A	54	LEU	7.25	3.6
12	4	A	58	ILE	3.62	1.8
12	4	A	61	ILE	0.0	0.0
12	4	A	65	PHE	2.42	1.0
12	4	A	71	CYS	65.85	39.4
12	4	A	72	CYS	8.53	5.1
12	4	A	75	ASN	58.71	30.1
12	4	A	81	ARG	162.91	59.5
12	4	A	87	GLU	99.85	44.8
12	4	A	88	THR	87.44	50.8
12	4	A	94	ILE	70.04	35.6
12	4	A	95	SER	72.78	47.0
12	4	A	98	LYS	97.52	41.3
12	4	A	99	LYS	106.49	45.1
12	4	C	47	LEU	26.57	13.2
12	4	C	51	LEU	7.25	3.6
12	4	C	54	LEU	9.66	4.8
12	4	C	58	ILE	6.04	3.1
12	4	C	61	ILE	4.69	2.4
12	4	C	65	PHE	27.66	11.5
12	4	C	71	CYS	73.37	43.9
12	4	C	72	CYS	71.92	43.1
12	4	C	75	ASN	76.52	39.2
12	4	C	81	ARG	148.35	54.1
12	4	C	87	GLU	102.0	45.7
12	4	C	88	THR	94.26	54.8
12	4	C	94	ILE	88.02	44.7
12	4	C	95	SER	75.85	48.9
12	4	C	98	LYS	114.58	48.6
12	4	C	99	LYS	103.44	43.8
13	0	B	47	LEU	36.23	18.0
13	0	B	51	LEU	10.87	5.4
13	0	B	54	LEU	2.42	1.2
13	0	B	58	ILE	8.45	4.3
13	0	B	61	ILE	2.42	1.2
13	0	B	65	PHE	12.08	5.0
13	0	B	71	CYS	17.03	10.2
13	0	B	72	CYS	41.54	24.9
13	0	B	75	ASN	14.01	7.2
13	0	B	81	ARG	143.92	52.5
13	0	B	87	GLU	94.63	42.4
13	0	B	88	THR	76.71	44.6
13	0	B	94	ILE	108.14	54.9
13	0	B	95	SER	70.5	45.5
13	0	B	98	LYS	95.67	40.5
13	0	B	99	LYS	64.37	27.3
13	0	A	47	LEU	19.32	9.6
13	0	A	51	LEU	3.62	1.8
13	0	A	54	LEU	9.66	4.8
13	0	A	58	ILE	2.42	1.2
13	0	A	61	ILE	2.42	1.2
13	0	A	65	PHE	1.21	0.5
13	0	A	71	CYS	70.57	42.3
13	0	A	72	CYS	7.64	4.6
13	0	A	75	ASN	67.18	34.5
13	0	A	81	ARG	170.15	62.1
13	0	A	87	GLU	77.63	34.8
13	0	A	88	THR	86.21	50.1
13	0	A	94	ILE	106.0	53.8
13	0	A	95	SER	77.47	50.0
13	0	A	98	LYS	94.92	40.2
13	0	A	99	LYS	110.62	46.9
13	0	C	47	LEU	34.89	17.4
13	0	C	51	LEU	10.87	5.4
13	0	C	54	LEU	12.08	6.0
13	0	C	58	ILE	6.04	3.1
13	0	C	61	ILE	1.21	0.6
13	0	C	65	PHE	15.7	6.5
13	0	C	71	CYS	69.28	41.5
13	0	C	72	CYS	58.16	34.8
13	0	C	75	ASN	84.52	43.3
13	0	C	81	ARG	166.64	60.8
13	0	C	87	GLU	90.07	40.4
13	0	C	88	THR	86.21	50.1
13	0	C	94	ILE	108.41	55.0
13	0	C	95	SER	73.98	47.7
13	0	C	98	LYS	106.43	45.1
13	0	C	99	LYS	107.45	45.5
13	1	C	47	LEU	26.57	13.2
13	1	C	51	LEU	10.87	5.4
13	1	C	54	LEU	7.25	3.6
13	1	C	58	ILE	3.62	1.8
13	1	C	61	ILE	2.42	1.2
13	1	C	65	PHE	20.53	8.6
13	1	C	71	CYS	71.84	43.0
13	1	C	72	CYS	72.94	43.7
13	1	C	75	ASN	82.18	42.1
13	1	C	81	ARG	121.69	44.4
13	1	C	87	GLU	101.65	45.6
13	1	C	88	THR	87.83	51.1
13	1	C	94	ILE	97.27	49.4
13	1	C	95	SER	72.78	47.0
13	1	C	98	LYS	90.61	38.4
13	1	C	99	LYS	111.94	47.4
13	1	A	47	LEU	25.36	12.6
13	1	A	51	LEU	1.21	0.6
13	1	A	54	LEU	6.04	3.0
13	1	A	58	ILE	2.42	1.2
13	1	A	61	ILE	0.0	0.0
13	1	A	65	PHE	9.66	4.0
13	1	A	71	CYS	64.52	38.6
13	1	A	72	CYS	8.85	5.3
13	1	A	75	ASN	65.2	33.4
13	1	A	81	ARG	128.71	47.0
13	1	A	87	GLU	93.99	42.1
13	1	A	88	THR	89.97	52.3
13	1	A	94	ILE	84.4	42.8
13	1	A	95	SER	72.64	46.9
13	1	A	98	LYS	92.34	39.1
13	1	A	99	LYS	104.08	44.1
13	1	B	47	LEU	21.74	10.8
13	1	B	51	LEU	7.25	3.6
13	1	B	54	LEU	3.62	1.8
13	1	B	58	ILE	6.04	3.1
13	1	B	61	ILE	8.45	4.3
13	1	B	65	PHE	16.91	7.0
13	1	B	71	CYS	30.98	18.6
13	1	B	72	CYS	40.31	24.1
13	1	B	75	ASN	10.48	5.4
13	1	B	81	ARG	113.15	41.3
13	1	B	87	GLU	96.27	43.2
13	1	B	88	THR	90.38	52.5
13	1	B	94	ILE	78.5	39.8
13	1	B	95	SER	73.58	47.5
13	1	B	98	LYS	89.18	37.8
13	1	B	99	LYS	78.36	33.2
13	2	A	47	LEU	28.98	14.4
13	2	A	51	LEU	2.42	1.2
13	2	A	54	LEU	7.25	3.6
13	2	A	58	ILE	2.42	1.2
13	2	A	61	ILE	2.42	1.2
13	2	A	65	PHE	8.45	3.5
13	2	A	71	CYS	68.22	40.9
13	2	A	72	CYS	11.42	6.8
13	2	A	75	ASN	63.92	32.8
13	2	A	81	ARG	114.26	41.7
13	2	A	87	GLU	67.44	30.2
13	2	A	88	THR	85.28	49.6
13	2	A	94	ILE	83.19	42.2
13	2	A	95	SER	72.64	46.9
13	2	A	98	LYS	114.08	48.3
13	2	A	99	LYS	116.43	49.3
13	2	B	47	LEU	25.36	12.6
13	2	B	51	LEU	8.45	4.2
13	2	B	54	LEU	4.83	2.4
13	2	B	58	ILE	10.87	5.5
13	2	B	61	ILE	10.87	5.5
13	2	B	65	PHE	19.32	8.1
13	2	B	71	CYS	20.77	12.4
13	2	B	72	CYS	41.38	24.8
13	2	B	75	ASN	14.9	7.6
13	2	B	81	ARG	77.67	28.3
13	2	B	87	GLU	96.64	43.3
13	2	B	88	THR	70.79	41.2
13	2	B	94	ILE	75.94	38.6
13	2	B	95	SER	74.92	48.3
13	2	B	98	LYS	100.78	42.7
13	2	B	99	LYS	75.69	32.1
13	2	C	47	LEU	27.66	13.8
13	2	C	51	LEU	9.66	4.8
13	2	C	54	LEU	6.04	3.0
13	2	C	58	ILE	7.25	3.7
13	2	C	61	ILE	4.83	2.5
13	2	C	65	PHE	20.53	8.6
13	2	C	71	CYS	68.3	40.9
13	2	C	72	CYS	61.75	37.0
13	2	C	75	ASN	73.11	37.5
13	2	C	81	ARG	107.24	39.1
13	2	C	87	GLU	95.43	42.8
13	2	C	88	THR	88.77	51.6
13	2	C	94	ILE	77.15	39.2
13	2	C	95	SER	73.85	47.6
13	2	C	98	LYS	109.14	46.2
13	2	C	99	LYS	110.16	46.7
13	3	C	47	LEU	15.7	7.8
13	3	C	51	LEU	10.87	5.4
13	3	C	54	LEU	7.25	3.6
13	3	C	58	ILE	6.04	3.1
13	3	C	61	ILE	2.42	1.2
13	3	C	65	PHE	15.7	6.5
13	3	C	71	CYS	69.39	41.6
13	3	C	72	CYS	77.44	46.4
13	3	C	75	ASN	65.43	33.6
13	3	C	81	ARG	149.6	54.6
13	3	C	87	GLU	91.83	41.2
13	3	C	88	THR	85.01	49.4
13	3	C	94	ILE	87.75	44.5
13	3	C	95	SER	64.87	41.9
13	3	C	98	LYS	83.12	35.2
13	3	C	99	LYS	102.39	43.4
13	3	B	47	LEU	24.15	12.0
13	3	B	51	LEU	9.66	4.8
13	3	B	54	LEU	3.62	1.8
13	3	B	58	ILE	4.83	2.5
13	3	B	61	ILE	10.87	5.5
13	3	B	65	PHE	18.11	7.5
13	3	B	71	CYS	25.64	15.4
13	3	B	72	CYS	52.58	31.5
13	3	B	75	ASN	15.13	7.8
13	3	B	81	ARG	134.91	49.2
13	3	B	87	GLU	90.91	40.8
13	3	B	88	THR	85.01	49.4
13	3	B	94	ILE	88.02	44.7
13	3	B	95	SER	62.59	40.4
13	3	B	98	LYS	84.0	35.6
13	3	B	99	LYS	49.01	20.8
13	3	A	47	LEU	16.91	8.4
13	3	A	51	LEU	2.42	1.2
13	3	A	54	LEU	7.25	3.6
13	3	A	58	ILE	2.42	1.2
13	3	A	61	ILE	1.21	0.6
13	3	A	65	PHE	4.83	2.0
13	3	A	71	CYS	63.23	37.9
13	3	A	72	CYS	18.99	11.4
13	3	A	75	ASN	65.04	33.4
13	3	A	81	ARG	150.54	54.9
13	3	A	87	GLU	76.01	34.1
13	3	A	88	THR	89.43	52.0
13	3	A	94	ILE	91.64	46.5
13	3	A	95	SER	69.7	45.0
13	3	A	98	LYS	92.46	39.2
13	3	A	99	LYS	107.0	45.3
13	4	C	47	LEU	21.6	10.7
13	4	C	51	LEU	6.04	3.0
13	4	C	54	LEU	12.08	6.0
13	4	C	58	ILE	10.87	5.5
13	4	C	61	ILE	3.62	1.8
13	4	C	65	PHE	27.64	11.5
13	4	C	71	CYS	70.6	42.3
13	4	C	72	CYS	71.06	42.6
13	4	C	75	ASN	78.74	40.4
13	4	C	81	ARG	126.05	46.0
13	4	C	87	GLU	89.55	40.2
13	4	C	88	THR	77.51	45.1
13	4	C	94	ILE	80.77	41.0
13	4	C	95	SER	72.64	46.9
13	4	C	98	LYS	132.9	56.3
13	4	C	99	LYS	103.96	44.1
13	4	A	47	LEU	30.19	15.0
13	4	A	51	LEU	4.83	2.4
13	4	A	54	LEU	4.83	2.4
13	4	A	58	ILE	6.04	3.1
13	4	A	61	ILE	0.0	0.0
13	4	A	65	PHE	3.62	1.5
13	4	A	71	CYS	73.21	43.8
13	4	A	72	CYS	6.04	3.6
13	4	A	75	ASN	52.6	27.0
13	4	A	81	ARG	136.0	49.6
13	4	A	87	GLU	86.08	38.6
13	4	A	88	THR	75.23	43.7
13	4	A	94	ILE	74.87	38.0
13	4	A	95	SER	71.57	46.2
13	4	A	98	LYS	125.91	53.4
13	4	A	99	LYS	102.64	43.5
13	4	B	47	LEU	50.72	25.2
13	4	B	51	LEU	9.66	4.8
13	4	B	54	LEU	6.04	3.0
13	4	B	58	ILE	8.45	4.3
13	4	B	61	ILE	9.66	4.9
13	4	B	65	PHE	10.87	4.5
13	4	B	71	CYS	32.16	19.3
13	4	B	72	CYS	48.47	29.0
13	4	B	75	ASN	9.39	4.8
13	4	B	81	ARG	120.51	44.0
13	4	B	87	GLU	90.35	40.5
13	4	B	88	THR	81.13	47.2
13	4	B	94	ILE	84.4	42.8
13	4	B	95	SER	68.22	44.0
13	4	B	98	LYS	135.34	57.3
13	4	B	99	LYS	47.16	20.0
14	0	C	47	LEU	26.43	13.2
14	0	C	51	LEU	10.87	5.4
14	0	C	54	LEU	6.04	3.0
14	0	C	58	ILE	12.08	6.1
14	0	C	61	ILE	3.62	1.8
14	0	C	65	PHE	29.94	12.5
14	0	C	71	CYS	67.22	40.2
14	0	C	72	CYS	69.16	41.4
14	0	C	75	ASN	73.11	37.5
14	0	C	81	ARG	153.7	56.1
14	0	C	87	GLU	83.65	37.5
14	0	C	88	THR	86.35	50.2
14	0	C	94	ILE	93.79	47.6
14	0	C	95	SER	72.64	46.9
14	0	C	98	LYS	102.8	43.6
14	0	C	99	LYS	117.25	49.7
14	0	A	47	LEU	32.38	16.1
14	0	A	51	LEU	0.0	0.0
14	0	A	54	LEU	9.66	4.8
14	0	A	58	ILE	1.21	0.6
14	0	A	61	ILE	0.0	0.0
14	0	A	65	PHE	0.0	0.0
14	0	A	71	CYS	72.32	43.3
14	0	A	72	CYS	12.71	7.6
14	0	A	75	ASN	63.79	32.7
14	0	A	81	ARG	153.5	56.0
14	0	A	87	GLU	66.23	29.7
14	0	A	88	THR	86.21	50.1
14	0	A	94	ILE	83.05	42.2
14	0	A	95	SER	71.71	46.3
14	0	A	98	LYS	102.92	43.6
14	0	A	99	LYS	115.7	49.0
14	0	B	47	LEU	33.81	16.8
14	0	B	51	LEU	10.87	5.4
14	0	B	54	LEU	2.42	1.2
14	0	B	58	ILE	12.08	6.1
14	0	B	61	ILE	4.83	2.5
14	0	B	65	PHE	24.02	10.0
14	0	B	71	CYS	20.73	12.4
14	0	B	72	CYS	61.51	36.8
14	0	B	75	ASN	13.92	7.1
14	0	B	81	ARG	147.73	53.9
14	0	B	87	GLU	83.51	37.4
14	0	B	88	THR	85.01	49.4
14	0	B	94	ILE	96.34	48.9
14	0	B	95	SER	72.78	47.0
14	0	B	98	LYS	98.43	41.7
14	0	B	99	LYS	69.95	29.6
14	1	A	47	LEU	14.49	7.2
14	1	A	51	LEU	2.42	1.2
14	1	A	54	LEU	4.83	2.4
14	1	A	58	ILE	1.21	0.6
14	1	A	61	ILE	3.62	1.8
14	1	A	65	PHE	14.49	6.0
14	1	A	71	CYS	64.68	38.7
14	1	A	72	CYS	9.82	5.9
14	1	A	75	ASN	48.93	25.1
14	1	A	81	ARG	148.65	54.3
14	1	A	87	GLU	87.4	39.2
14	1	A	88	THR	88.49	51.4
14	1	A	94	ILE	78.36	39.8
14	1	A	95	SER	67.15	43.3
14	1	A	98	LYS	96.95	41.1
14	1	A	99	LYS	116.7	49.5
14	1	B	47	LEU	20.53	10.2
14	1	B	51	LEU	3.62	1.8
14	1	B	54	LEU	7.25	3.6
14	1	B	58	ILE	4.83	2.5
14	1	B	61	ILE	16.91	8.6
14	1	B	65	PHE	17.98	7.5
14	1	B	71	CYS	39.85	23.9
14	1	B	72	CYS	52.48	31.4
14	1	B	75	ASN	10.05	5.2
14	1	B	81	ARG	146.6	53.5
14	1	B	87	GLU	83.53	37.5
14	1	B	88	THR	88.49	51.4
14	1	B	94	ILE	75.94	38.6
14	1	B	95	SER	70.36	45.4
14	1	B	98	LYS	100.46	42.6
14	1	B	99	LYS	117.68	49.9
14	1	C	47	LEU	14.49	7.2
14	1	C	51	LEU	8.45	4.2
14	1	C	54	LEU	2.42	1.2
14	1	C	58	ILE	6.04	3.1
14	1	C	61	ILE	1.21	0.6
14	1	C	65	PHE	16.91	7.0
14	1	C	71	CYS	69.47	41.6
14	1	C	72	CYS	80.34	48.1
14	1	C	75	ASN	74.27	38.1
14	1	C	81	ARG	152.5	55.7
14	1	C	87	GLU	91.58	41.1
14	1	C	88	THR	82.89	48.2
14	1	C	94	ILE	74.87	38.0
14	1	C	95	SER	72.64	46.9
14	1	C	98	LYS	100.68	42.7
14	1	C	99	LYS	124.59	52.8
14	2	C	47	LEU	24.02	11.9
14	2	C	51	LEU	9.66	4.8
14	2	C	54	LEU	8.45	4.2
14	2	C	58	ILE	6.04	3.1
14	2	C	61	ILE	1.21	0.6
14	2	C	65	PHE	15.43	6.4
14	2	C	71	CYS	68.11	40.8
14	2	C	72	CYS	61.43	36.8
14	2	C	75	ASN	70.14	36.0
14	2	C	81	ARG	135.45	49.4
14	2	C	87	GLU	97.98	43.9
14	2	C	88	THR	79.65	46.3
14	2	C	94	ILE	89.23	45.3
14	2	C	95	SER	71.43	46.1
14	2	C	98	LYS	86.65	36.7
14	2	C	99	LYS	107.59	45.6
14	2	B	47	LEU	18.11	9.0
14	2	B	51	LEU	6.04	3.0
14	2	B	54	LEU	2.42	1.2
14	2	B	58	ILE	8.45	4.3
14	2	B	61	ILE	4.83	2.5
14	2	B	65	PHE	13.28	5.5
14	2	B	71	CYS	19.48	11.7
14	2	B	72	CYS	48.94	29.3
14	2	B	75	ASN	13.92	7.1
14	2	B	81	ARG	100.86	36.8
14	2	B	87	GLU	99.99	44.8
14	2	B	88	THR	74.27	43.2
14	2	B	94	ILE	95.13	48.3
14	2	B	95	SER	70.23	45.3
14	2	B	98	LYS	70.2	29.7
14	2	B	99	LYS	60.63	25.7
14	2	A	47	LEU	21.74	10.8
14	2	A	51	LEU	0.0	0.0
14	2	A	54	LEU	8.45	4.2
14	2	A	58	ILE	0.0	0.0
14	2	A	61	ILE	2.42	1.2
14	2	A	65	PHE	5.9	2.5
14	2	A	71	CYS	64.52	38.6
14	2	A	72	CYS	15.2	9.1
14	2	A	75	ASN	60.46	31.0
14	2	A	81	ARG	142.45	52.0
14	2	A	87	GLU	60.74	27.2
14	2	A	88	THR	84.07	48.9
14	2	A	94	ILE	89.23	45.3
14	2	A	95	SER	71.43	46.1
14	2	A	98	LYS	84.23	35.7
14	2	A	99	LYS	109.66	46.5
14	3	B	47	LEU	31.28	15.6
14	3	B	51	LEU	7.25	3.6
14	3	B	54	LEU	6.04	3.0
14	3	B	58	ILE	1.21	0.6
14	3	B	61	ILE	7.25	3.7
14	3	B	65	PHE	11.94	5.0
14	3	B	71	CYS	38.51	23.1
14	3	B	72	CYS	31.92	19.1
14	3	B	75	ASN	15.08	7.7
14	3	B	81	ARG	90.93	33.2
14	3	B	87	GLU	103.07	46.2
14	3	B	88	THR	85.69	49.8
14	3	B	94	ILE	79.57	40.4
14	3	B	95	SER	71.3	46.0
14	3	B	98	LYS	100.68	42.7
14	3	B	99	LYS	62.07	26.3
14	3	A	47	LEU	28.98	14.4
14	3	A	51	LEU	2.42	1.2
14	3	A	54	LEU	9.66	4.8
14	3	A	58	ILE	3.62	1.8
14	3	A	61	ILE	3.62	1.8
14	3	A	65	PHE	13.28	5.5
14	3	A	71	CYS	67.91	40.7
14	3	A	72	CYS	13.92	8.3
14	3	A	75	ASN	67.27	34.5
14	3	A	81	ARG	130.76	47.7
14	3	A	87	GLU	88.87	39.9
14	3	A	88	THR	84.48	49.1
14	3	A	94	ILE	74.87	38.0
14	3	A	95	SER	74.92	48.3
14	3	A	98	LYS	101.78	43.1
14	3	A	99	LYS	105.4	44.7
14	3	C	47	LEU	26.57	13.2
14	3	C	51	LEU	6.04	3.0
14	3	C	54	LEU	7.25	3.6
14	3	C	58	ILE	4.83	2.5
14	3	C	61	ILE	3.62	1.8
14	3	C	65	PHE	13.03	5.4
14	3	C	71	CYS	70.6	42.3
14	3	C	72	CYS	63.93	38.3
14	3	C	75	ASN	84.68	43.4
14	3	C	81	ARG	122.53	44.7
14	3	C	87	GLU	105.62	47.4
14	3	C	88	THR	84.21	49.0
14	3	C	94	ILE	78.5	39.8
14	3	C	95	SER	70.36	45.4
14	3	C	98	LYS	105.4	44.7
14	3	C	99	LYS	107.47	45.5
15	0	C	47	LEU	24.15	12.0
15	0	C	51	LEU	10.87	5.4
15	0	C	54	LEU	7.25	3.6
15	0	C	58	ILE	3.62	1.8
15	0	C	61	ILE	4.83	2.5
15	0	C	65	PHE	32.47	13.5
15	0	C	71	CYS	68.19	40.8
15	0	C	72	CYS	69.37	41.5
15	0	C	75	ASN	76.82	39.4
15	0	C	81	ARG	136.95	50.0
15	0	C	87	GLU	96.5	43.3
15	0	C	88	THR	90.11	52.4
15	0	C	94	ILE	73.53	37.3
15	0	C	95	SER	73.58	47.5
15	0	C	98	LYS	102.98	43.6
15	0	C	99	LYS	119.44	50.6
15	0	A	47	LEU	21.74	10.8
15	0	A	51	LEU	3.62	1.8
15	0	A	54	LEU	8.45	4.2
15	0	A	58	ILE	1.21	0.6
15	0	A	61	ILE	2.42	1.2
15	0	A	65	PHE	3.49	1.5
15	0	A	71	CYS	71.77	43.0
15	0	A	72	CYS	11.19	6.7
15	0	A	75	ASN	61.48	31.5
15	0	A	81	ARG	134.65	49.1
15	0	A	87	GLU	70.65	31.7
15	0	A	88	THR	88.9	51.7
15	0	A	94	ILE	72.19	36.6
15	0	A	95	SER	73.44	47.4
15	0	A	98	LYS	105.29	44.6
15	0	A	99	LYS	110.12	46.7
15	0	B	47	LEU	43.47	21.6
15	0	B	51	LEU	16.91	8.4
15	0	B	54	LEU	1.21	0.6
15	0	B	58	ILE	9.66	4.9
15	0	B	61	ILE	2.42	1.2
15	0	B	65	PHE	28.98	12.1
15	0	B	71	CYS	16.92	10.1
15	0	B	72	CYS	70.13	42.0
15	0	B	75	ASN	17.2	8.8
15	0	B	81	ARG	120.27	43.9
15	0	B	87	GLU	96.5	43.3
15	0	B	88	THR	79.24	46.1
15	0	B	94	ILE	75.94	38.6
15	0	B	95	SER	68.08	43.9
15	0	B	98	LYS	106.61	45.2
15	0	B	99	LYS	52.04	22.1
15	1	B	47	LEU	35.02	17.4
15	1	B	51	LEU	8.45	4.2
15	1	B	54	LEU	7.25	3.6
15	1	B	58	ILE	7.25	3.7
15	1	B	61	ILE	13.28	6.7
15	1	B	65	PHE	18.11	7.5
15	1	B	71	CYS	28.61	17.1
15	1	B	72	CYS	55.45	33.2
15	1	B	75	ASN	15.93	8.2
15	1	B	81	ARG	108.43	39.6
15	1	B	87	GLU	87.0	39.0
15	1	B	88	THR	88.49	51.4
15	1	B	94	ILE	65.08	33.0
15	1	B	95	SER	48.52	31.3
15	1	B	98	LYS	134.36	56.9
15	1	B	99	LYS	46.3	19.6
15	1	A	47	LEU	18.11	9.0
15	1	A	51	LEU	1.21	0.6
15	1	A	54	LEU	3.62	1.8
15	1	A	58	ILE	4.83	2.5
15	1	A	61	ILE	3.62	1.8
15	1	A	65	PHE	13.28	5.5
15	1	A	71	CYS	70.84	42.4
15	1	A	72	CYS	11.26	6.7
15	1	A	75	ASN	60.55	31.1
15	1	A	81	ARG	144.77	52.8
15	1	A	87	GLU	89.43	40.1
15	1	A	88	THR	85.14	49.5
15	1	A	94	ILE	80.77	41.0
15	1	A	95	SER	55.91	36.1
15	1	A	98	LYS	128.07	54.3
15	1	A	99	LYS	113.63	48.1
15	1	C	47	LEU	21.74	10.8
15	1	C	51	LEU	8.45	4.2
15	1	C	54	LEU	6.04	3.0
15	1	C	58	ILE	6.04	3.1
15	1	C	61	ILE	1.21	0.6
15	1	C	65	PHE	19.32	8.1
15	1	C	71	CYS	68.26	40.9
15	1	C	72	CYS	60.97	36.5
15	1	C	75	ASN	74.29	38.1
15	1	C	81	ARG	144.66	52.8
15	1	C	87	GLU	96.0	43.0
15	1	C	88	THR	88.52	51.5
15	1	C	94	ILE	67.49	34.3
15	1	C	95	SER	56.02	36.1
15	1	C	98	LYS	132.93	56.3
15	1	C	99	LYS	113.4	48.0
15	2	B	47	LEU	54.34	27.0
15	2	B	51	LEU	10.87	5.4
15	2	B	54	LEU	2.42	1.2
15	2	B	58	ILE	10.87	5.5
15	2	B	61	ILE	6.04	3.1
15	2	B	65	PHE	16.91	7.0
15	2	B	71	CYS	14.65	8.8
15	2	B	72	CYS	45.16	27.0
15	2	B	75	ASN	9.3	4.8
15	2	B	81	ARG	108.59	39.6
15	2	B	87	GLU	88.36	39.6
15	2	B	88	THR	92.8	54.0
15	2	B	94	ILE	92.58	47.0
15	2	B	95	SER	74.78	48.2
15	2	B	98	LYS	64.02	27.1
15	2	B	99	LYS	60.74	25.7
15	2	A	47	LEU	39.85	19.8
15	2	A	51	LEU	3.62	1.8
15	2	A	54	LEU	4.83	2.4
15	2	A	58	ILE	0.0	0.0
15	2	A	61	ILE	0.0	0.0
15	2	A	65	PHE	2.42	1.0
15	2	A	71	CYS	69.23	41.5
15	2	A	72	CYS	8.77	5.3
15	2	A	75	ASN	54.81	28.1
15	2	A	81	ARG	149.35	54.5
15	2	A	87	GLU	79.63	35.7
15	2	A	88	THR	88.63	51.5
15	2	A	94	ILE	87.88	44.6
15	2	A	95	SER	75.06	48.4
15	2	A	98	LYS	68.97	29.2
15	2	A	99	LYS	111.32	47.2
15	2	C	47	LEU	26.57	13.2
15	2	C	51	LEU	9.66	4.8
15	2	C	54	LEU	4.83	2.4
15	2	C	58	ILE	8.45	4.3
15	2	C	61	ILE	5.9	3.0
15	2	C	65	PHE	21.62	9.0
15	2	C	71	CYS	71.62	42.9
15	2	C	72	CYS	69.37	41.5
15	2	C	75	ASN	67.5	34.6
15	2	C	81	ARG	143.59	52.4
15	2	C	87	GLU	92.92	41.7
15	2	C	88	THR	85.14	49.5
15	2	C	94	ILE	96.2	48.8
15	2	C	95	SER	71.98	46.4
15	2	C	98	LYS	67.76	28.7
15	2	C	99	LYS	112.3	47.6
15	3	B	47	LEU	32.61	16.2
15	3	B	51	LEU	7.25	3.6
15	3	B	54	LEU	6.04	3.0
15	3	B	58	ILE	7.25	3.7
15	3	B	61	ILE	9.66	4.9
15	3	B	65	PHE	14.49	6.0
15	3	B	71	CYS	62.96	37.7
15	3	B	72	CYS	57.09	34.2
15	3	B	75	ASN	11.83	6.1
15	3	B	81	ARG	174.98	63.9
15	3	B	87	GLU	96.37	43.2
15	3	B	88	THR	87.15	50.7
15	3	B	94	ILE	73.53	37.3
15	3	B	95	SER	73.71	47.6
15	3	B	98	LYS	95.62	40.5
15	3	B	99	LYS	96.19	40.8
15	3	A	47	LEU	15.7	7.8
15	3	A	51	LEU	1.21	0.6
15	3	A	54	LEU	7.25	3.6
15	3	A	58	ILE	2.42	1.2
15	3	A	61	ILE	1.21	0.6
15	3	A	65	PHE	3.62	1.5
15	3	A	71	CYS	84.97	50.9
15	3	A	72	CYS	17.22	10.3
15	3	A	75	ASN	43.26	22.2
15	3	A	81	ARG	174.35	63.6
15	3	A	87	GLU	89.39	40.1
15	3	A	88	THR	83.14	48.3
15	3	A	94	ILE	72.46	36.8
15	3	A	95	SER	73.98	47.7
15	3	A	98	LYS	94.76	40.2
15	3	A	99	LYS	92.46	39.2
15	3	C	47	LEU	15.7	7.8
15	3	C	51	LEU	7.25	3.6
15	3	C	54	LEU	7.25	3.6
15	3	C	58	ILE	4.83	2.5
15	3	C	61	ILE	3.62	1.8
15	3	C	65	PHE	20.53	8.6
15	3	C	71	CYS	84.97	50.9
15	3	C	72	CYS	84.31	50.5
15	3	C	75	ASN	100.12	51.3
15	3	C	81	ARG	174.94	63.8
15	3	C	87	GLU	100.26	45.0
15	3	C	88	THR	87.42	50.8
15	3	C	94	ILE	71.11	36.1
15	3	C	95	SER	74.92	48.3
15	3	C	98	LYS	97.04	41.1
15	3	C	99	LYS	112.65	47.7
15	4	C	47	LEU	14.38	7.2
15	4	C	51	LEU	8.45	4.2
15	4	C	54	LEU	8.45	4.2
15	4	C	58	ILE	8.45	4.3
15	4	C	61	ILE	2.42	1.2
15	4	C	65	PHE	21.6	9.0
15	4	C	71	CYS	69.23	41.5
15	4	C	72	CYS	63.17	37.8
15	4	C	75	ASN	69.71	35.7
15	4	C	81	ARG	149.01	54.4
15	4	C	87	GLU	106.96	48.0
15	4	C	88	THR	82.73	48.1
15	4	C	94	ILE	95.27	48.4
15	4	C	95	SER	73.85	47.6
15	4	C	98	LYS	84.69	35.9
15	4	C	99	LYS	113.4	48.0
15	4	B	47	LEU	30.08	15.0
15	4	B	51	LEU	8.45	4.2
15	4	B	54	LEU	2.42	1.2
15	4	B	58	ILE	9.66	4.9
15	4	B	61	ILE	18.11	9.2
15	4	B	65	PHE	10.87	4.5
15	4	B	71	CYS	42.45	25.4
15	4	B	72	CYS	40.01	24.0
15	4	B	75	ASN	5.36	2.7
15	4	B	81	ARG	148.24	54.1
15	4	B	87	GLU	103.2	46.3
15	4	B	88	THR	83.8	48.7
15	4	B	94	ILE	97.68	49.6
15	4	B	95	SER	71.71	46.3
15	4	B	98	LYS	81.18	34.4
15	4	B	99	LYS	101.43	43.0
15	4	A	47	LEU	19.32	9.6
15	4	A	51	LEU	3.62	1.8
15	4	A	54	LEU	7.25	3.6
15	4	A	58	ILE	7.25	3.7
15	4	A	61	ILE	2.42	1.2
15	4	A	65	PHE	6.04	2.5
15	4	A	71	CYS	70.95	42.5
15	4	A	72	CYS	8.45	5.1
15	4	A	75	ASN	41.14	21.1
15	4	A	81	ARG	145.64	53.2
15	4	A	87	GLU	87.98	39.5
15	4	A	88	THR	82.73	48.1
15	4	A	94	ILE	72.32	36.7
15	4	A	95	SER	74.92	48.3
15	4	A	98	LYS	84.69	35.9
15	4	A	99	LYS	103.51	43.9
16	0	C	47	LEU	15.7	7.8
16	0	C	51	LEU	12.08	6.0
16	0	C	54	LEU	6.04	3.0
16	0	C	58	ILE	4.83	2.5
16	0	C	61	ILE	0.0	0.0
16	0	C	65	PHE	12.08	5.0
16	0	C	71	CYS	66.9	40.1
16	0	C	72	CYS	62.74	37.6
16	0	C	75	ASN	70.99	36.4
16	0	C	81	ARG	152.83	55.8
16	0	C	87	GLU	96.23	43.2
16	0	C	88	THR	78.32	45.5
16	0	C	94	ILE	96.34	48.9
16	0	C	95	SER	69.29	44.7
16	0	C	98	LYS	62.36	26.4
16	0	C	99	LYS	117.02	49.6
16	0	A	47	LEU	12.08	6.0
16	0	A	51	LEU	1.21	0.6
16	0	A	54	LEU	3.62	1.8
16	0	A	58	ILE	6.04	3.1
16	0	A	61	ILE	1.21	0.6
16	0	A	65	PHE	13.28	5.5
16	0	A	71	CYS	65.73	39.4
16	0	A	72	CYS	11.34	6.8
16	0	A	75	ASN	61.3	31.4
16	0	A	81	ARG	157.66	57.5
16	0	A	87	GLU	91.01	40.8
16	0	A	88	THR	90.0	52.3
16	0	A	94	ILE	92.58	47.0
16	0	A	95	SER	78.68	50.8
16	0	A	98	LYS	63.23	26.8
16	0	A	99	LYS	110.0	46.6
16	0	B	47	LEU	19.32	9.6
16	0	B	51	LEU	10.87	5.4
16	0	B	54	LEU	7.13	3.5
16	0	B	58	ILE	9.66	4.9
16	0	B	61	ILE	13.28	6.7
16	0	B	65	PHE	15.7	6.5
16	0	B	71	CYS	27.01	16.2
16	0	B	72	CYS	47.57	28.5
16	0	B	75	ASN	10.3	5.3
16	0	B	81	ARG	132.87	48.5
16	0	B	87	GLU	97.17	43.6
16	0	B	88	THR	77.39	45.0
16	0	B	94	ILE	96.2	48.8
16	0	B	95	SER	73.71	47.6
16	0	B	98	LYS	56.44	23.9
16	0	B	99	LYS	61.27	26.0
16	1	B	47	LEU	70.04	34.8
16	1	B	51	LEU	14.49	7.2
16	1	B	54	LEU	12.08	6.0
16	1	B	58	ILE	6.04	3.1
16	1	B	61	ILE	6.04	3.1
16	1	B	65	PHE	26.43	11.0
16	1	B	71	CYS	30.79	18.4
16	1	B	72	CYS	53.85	32.2
16	1	B	75	ASN	14.97	7.7
16	1	B	81	ARG	121.28	44.3
16	1	B	87	GLU	93.56	42.0
16	1	B	88	THR	82.59	48.0
16	1	B	94	ILE	80.77	41.0
16	1	B	95	SER	72.5	46.8
16	1	B	98	LYS	99.36	42.1
16	1	B	99	LYS	72.36	30.7
16	1	A	47	LEU	81.98	40.8
16	1	A	51	LEU	13.28	6.6
16	1	A	54	LEU	13.28	6.6
16	1	A	58	ILE	7.25	3.7
16	1	A	61	ILE	2.42	1.2
16	1	A	65	PHE	4.83	2.0
16	1	A	71	CYS	71.97	43.1
16	1	A	72	CYS	7.64	4.6
16	1	A	75	ASN	65.18	33.4
16	1	A	81	ARG	144.11	52.6
16	1	A	87	GLU	75.46	33.8
16	1	A	88	THR	88.11	51.2
16	1	A	94	ILE	79.57	40.4
16	1	A	95	SER	72.37	46.7
16	1	A	98	LYS	108.68	46.1
16	1	A	99	LYS	118.0	50.0
16	1	C	47	LEU	30.05	15.0
16	1	C	51	LEU	10.87	5.4
16	1	C	54	LEU	18.11	9.0
16	1	C	58	ILE	12.08	6.1
16	1	C	61	ILE	14.36	7.3
16	1	C	65	PHE	44.68	18.6
16	1	C	71	CYS	64.33	38.5
16	1	C	72	CYS	82.99	49.7
16	1	C	75	ASN	74.38	38.1
16	1	C	81	ARG	144.96	52.9
16	1	C	87	GLU	97.07	43.5
16	1	C	88	THR	84.62	49.2
16	1	C	94	ILE	77.15	39.2
16	1	C	95	SER	72.5	46.8
16	1	C	98	LYS	96.08	40.7
16	1	C	99	LYS	98.84	41.9
16	2	C	47	LEU	13.28	6.6
16	2	C	51	LEU	8.45	4.2
16	2	C	54	LEU	6.04	3.0
16	2	C	58	ILE	8.45	4.3
16	2	C	61	ILE	2.42	1.2
16	2	C	65	PHE	19.19	8.0
16	2	C	71	CYS	67.06	40.2
16	2	C	72	CYS	65.73	39.4
16	2	C	75	ASN	87.83	45.0
16	2	C	81	ARG	156.12	57.0
16	2	C	87	GLU	87.43	39.2
16	2	C	88	THR	85.14	49.5
16	2	C	94	ILE	93.79	47.6
16	2	C	95	SER	71.3	46.0
16	2	C	98	LYS	94.65	40.1
16	2	C	99	LYS	107.98	45.8
16	2	A	47	LEU	21.74	10.8
16	2	A	51	LEU	2.42	1.2
16	2	A	54	LEU	7.25	3.6
16	2	A	58	ILE	12.08	6.1
16	2	A	61	ILE	0.0	0.0
16	2	A	65	PHE	2.42	1.0
16	2	A	71	CYS	64.05	38.4
16	2	A	72	CYS	7.32	4.4
16	2	A	75	ASN	32.39	16.6
16	2	A	81	ARG	155.03	56.6
16	2	A	87	GLU	87.95	39.4
16	2	A	88	THR	85.96	50.0
16	2	A	94	ILE	96.47	49.0
16	2	A	95	SER	68.22	44.0
16	2	A	98	LYS	85.55	36.3
16	2	A	99	LYS	98.09	41.6
16	2	B	47	LEU	12.08	6.0
16	2	B	51	LEU	9.66	4.8
16	2	B	54	LEU	3.62	1.8
16	2	B	58	ILE	6.04	3.1
16	2	B	61	ILE	19.32	9.8
16	2	B	65	PHE	9.66	4.0
16	2	B	71	CYS	46.31	27.7
16	2	B	72	CYS	19.8	11.9
16	2	B	75	ASN	6.43	3.3
16	2	B	81	ARG	158.51	57.9
16	2	B	87	GLU	89.68	40.2
16	2	B	88	THR	84.89	49.4
16	2	B	94	ILE	90.3	45.8
16	2	B	95	SER	69.29	44.7
16	2	B	98	LYS	100.23	42.5
16	2	B	99	LYS	94.58	40.1
16	3	C	47	LEU	16.91	8.4
16	3	C	51	LEU	6.04	3.0
16	3	C	54	LEU	6.04	3.0
16	3	C	58	ILE	3.62	1.8
16	3	C	61	ILE	3.62	1.8
16	3	C	65	PHE	27.64	11.5
16	3	C	71	CYS	64.4	38.6
16	3	C	72	CYS	64.46	38.6
16	3	C	75	ASN	78.3	40.2
16	3	C	81	ARG	142.81	52.1
16	3	C	87	GLU	92.9	41.7
16	3	C	88	THR	78.7	45.8
16	3	C	94	ILE	86.95	44.1
16	3	C	95	SER	71.3	46.0
16	3	C	98	LYS	105.26	44.6
16	3	C	99	LYS	113.17	48.0
16	3	A	47	LEU	22.94	11.4
16	3	A	51	LEU	4.83	2.4
16	3	A	54	LEU	4.83	2.4
16	3	A	58	ILE	8.45	4.3
16	3	A	61	ILE	1.21	0.6
16	3	A	65	PHE	15.7	6.5
16	3	A	71	CYS	69.67	41.7
16	3	A	72	CYS	12.23	7.3
16	3	A	75	ASN	67.41	34.6
16	3	A	81	ARG	149.49	54.6
16	3	A	87	GLU	89.16	40.0
16	3	A	88	THR	81.41	47.3
16	3	A	94	ILE	84.53	42.9
16	3	A	95	SER	73.71	47.6
16	3	A	98	LYS	105.4	44.7
16	3	A	99	LYS	120.53	51.1
16	3	B	47	LEU	33.81	16.8
16	3	B	51	LEU	10.87	5.4
16	3	B	54	LEU	4.83	2.4
16	3	B	58	ILE	3.62	1.8
16	3	B	61	ILE	13.28	6.7
16	3	B	65	PHE	10.73	4.5
16	3	B	71	CYS	38.86	23.3
16	3	B	72	CYS	39.77	23.8
16	3	B	75	ASN	16.91	8.7
16	3	B	81	ARG	138.44	50.5
16	3	B	87	GLU	96.8	43.4
16	3	B	88	THR	84.87	49.3
16	3	B	94	ILE	78.36	39.8
16	3	B	95	SER	71.57	46.2
16	3	B	98	LYS	114.81	48.6
16	3	B	99	LYS	113.51	48.1
17	0	C	47	LEU	10.87	5.4
17	0	C	51	LEU	12.08	6.0
17	0	C	54	LEU	9.66	4.8
17	0	C	58	ILE	3.62	1.8
17	0	C	61	ILE	4.83	2.5
17	0	C	65	PHE	13.28	5.5
17	0	C	71	CYS	68.19	40.8
17	0	C	72	CYS	75.64	45.3
17	0	C	75	ASN	80.24	41.1
17	0	C	81	ARG	138.6	50.6
17	0	C	87	GLU	96.64	43.3
17	0	C	88	THR	86.35	50.2
17	0	C	94	ILE	88.02	44.7
17	0	C	95	SER	69.02	44.5
17	0	C	98	LYS	85.01	36.0
17	0	C	99	LYS	110.51	46.8
17	0	B	47	LEU	36.23	18.0
17	0	B	51	LEU	13.28	6.6
17	0	B	54	LEU	7.25	3.6
17	0	B	58	ILE	4.83	2.5
17	0	B	61	ILE	16.91	8.6
17	0	B	65	PHE	12.08	5.0
17	0	B	71	CYS	55.43	33.2
17	0	B	72	CYS	53.55	32.1
17	0	B	75	ASN	16.23	8.3
17	0	B	81	ARG	166.94	60.9
17	0	B	87	GLU	97.85	43.9
17	0	B	88	THR	87.42	50.8
17	0	B	94	ILE	92.85	47.1
17	0	B	95	SER	70.36	45.4
17	0	B	98	LYS	101.57	43.0
17	0	B	99	LYS	92.28	39.1
17	0	A	47	LEU	10.87	5.4
17	0	A	51	LEU	4.83	2.4
17	0	A	54	LEU	4.83	2.4
17	0	A	58	ILE	7.25	3.7
17	0	A	61	ILE	7.25	3.7
17	0	A	65	PHE	19.32	8.1
17	0	A	71	CYS	89.91	53.8
17	0	A	72	CYS	18.51	11.1
17	0	A	75	ASN	66.44	34.1
17	0	A	81	ARG	141.79	51.7
17	0	A	87	GLU	96.64	43.3
17	0	A	88	THR	87.29	50.7
17	0	A	94	ILE	92.85	47.1
17	0	A	95	SER	71.43	46.1
17	0	A	98	LYS	102.58	43.5
17	0	A	99	LYS	110.16	46.7
17	1	C	47	LEU	27.78	13.8
17	1	C	51	LEU	9.66	4.8
17	1	C	54	LEU	9.66	4.8
17	1	C	58	ILE	2.42	1.2
17	1	C	61	ILE	4.83	2.5
17	1	C	65	PHE	38.51	16.0
17	1	C	71	CYS	68.26	40.9
17	1	C	72	CYS	69.51	41.6
17	1	C	75	ASN	87.74	45.0
17	1	C	81	ARG	142.24	51.9
17	1	C	87	GLU	104.14	46.7
17	1	C	88	THR	91.05	52.9
17	1	C	94	ILE	98.75	50.1
17	1	C	95	SER	76.26	49.2
17	1	C	98	LYS	82.84	35.1
17	1	C	99	LYS	114.35	48.5
17	1	A	47	LEU	32.61	16.2
17	1	A	51	LEU	6.04	3.0
17	1	A	54	LEU	7.25	3.6
17	1	A	58	ILE	0.0	0.0
17	1	A	61	ILE	2.42	1.2
17	1	A	65	PHE	1.21	0.5
17	1	A	71	CYS	68.22	40.9
17	1	A	72	CYS	10.22	6.1
17	1	A	75	ASN	62.9	32.3
17	1	A	81	ARG	158.85	58.0
17	1	A	87	GLU	58.59	26.3
17	1	A	88	THR	91.2	53.0
17	1	A	94	ILE	102.51	52.0
17	1	A	95	SER	77.47	50.0
17	1	A	98	LYS	80.54	34.1
17	1	A	99	LYS	113.63	48.1
17	1	B	47	LEU	21.74	10.8
17	1	B	51	LEU	12.08	6.0
17	1	B	54	LEU	6.04	3.0
17	1	B	58	ILE	4.83	2.5
17	1	B	61	ILE	3.62	1.8
17	1	B	65	PHE	20.53	8.6
17	1	B	71	CYS	31.06	18.6
17	1	B	72	CYS	53.91	32.3
17	1	B	75	ASN	14.01	7.2
17	1	B	81	ARG	119.98	43.8
17	1	B	87	GLU	98.78	44.3
17	1	B	88	THR	73.61	42.8
17	1	B	94	ILE	108.28	55.0
17	1	B	95	SER	74.92	48.3
17	1	B	98	LYS	78.24	33.2
17	1	B	99	LYS	55.05	23.3
17	2	C	47	LEU	24.02	11.9
17	2	C	51	LEU	10.87	5.4
17	2	C	54	LEU	10.87	5.4
17	2	C	58	ILE	4.83	2.5
17	2	C	61	ILE	4.83	2.5
17	2	C	65	PHE	21.6	9.0
17	2	C	71	CYS	70.76	42.4
17	2	C	72	CYS	70.5	42.2
17	2	C	75	ASN	83.5	42.8
17	2	C	81	ARG	149.31	54.5
17	2	C	87	GLU	86.08	38.6
17	2	C	88	THR	90.91	52.9
17	2	C	94	ILE	68.7	34.9
17	2	C	95	SER	73.85	47.6
17	2	C	98	LYS	104.31	44.2
17	2	C	99	LYS	105.17	44.6
17	2	A	47	LEU	28.98	14.4
17	2	A	51	LEU	3.62	1.8
17	2	A	54	LEU	7.25	3.6
17	2	A	58	ILE	1.21	0.6
17	2	A	61	ILE	2.42	1.2
17	2	A	65	PHE	7.11	3.0
17	2	A	71	CYS	71.89	43.0
17	2	A	72	CYS	15.05	9.0
17	2	A	75	ASN	71.74	36.8
17	2	A	81	ARG	173.94	63.5
17	2	A	87	GLU	90.64	40.6
17	2	A	88	THR	86.35	50.2
17	2	A	94	ILE	73.53	37.3
17	2	A	95	SER	77.33	49.9
17	2	A	98	LYS	97.06	41.1
17	2	A	99	LYS	118.09	50.0
17	2	B	47	LEU	43.47	21.6
17	2	B	51	LEU	8.45	4.2
17	2	B	54	LEU	4.83	2.4
17	2	B	58	ILE	8.45	4.3
17	2	B	61	ILE	6.04	3.1
17	2	B	65	PHE	16.91	7.0
17	2	B	71	CYS	25.91	15.5
17	2	B	72	CYS	57.79	34.6
17	2	B	75	ASN	17.75	9.1
17	2	B	81	ARG	149.44	54.5
17	2	B	87	GLU	92.76	41.6
17	2	B	88	THR	86.35	50.2
17	2	B	94	ILE	71.11	36.1
17	2	B	95	SER	68.22	44.0
17	2	B	98	LYS	107.77	45.7
17	2	B	99	LYS	50.79	21.5
17	3	A	47	LEU	24.15	12.0
17	3	A	51	LEU	2.42	1.2
17	3	A	54	LEU	10.87	5.4
17	3	A	58	ILE	2.42	1.2
17	3	A	61	ILE	2.42	1.2
17	3	A	65	PHE	6.04	2.5
17	3	A	71	CYS	70.52	42.2
17	3	A	72	CYS	12.79	7.7
17	3	A	75	ASN	60.89	31.2
17	3	A	81	ARG	135.31	49.4
17	3	A	87	GLU	72.13	32.3
17	3	A	88	THR	93.6	54.4
17	3	A	94	ILE	85.47	43.4
17	3	A	95	SER	78.41	50.6
17	3	A	98	LYS	72.14	30.6
17	3	A	99	LYS	112.08	47.5
17	3	B	47	LEU	31.4	15.6
17	3	B	51	LEU	6.04	3.0
17	3	B	54	LEU	1.21	0.6
17	3	B	58	ILE	12.08	6.1
17	3	B	61	ILE	6.04	3.1
17	3	B	65	PHE	21.74	9.1
17	3	B	71	CYS	25.99	15.6
17	3	B	72	CYS	55.23	33.1
17	3	B	75	ASN	14.04	7.2
17	3	B	81	ARG	79.65	29.1
17	3	B	87	GLU	95.98	43.0
17	3	B	88	THR	74.41	43.3
17	3	B	94	ILE	102.51	52.0
17	3	B	95	SER	76.13	49.1
17	3	B	98	LYS	80.02	33.9
17	3	B	99	LYS	49.58	21.0
17	3	C	47	LEU	24.15	12.0
17	3	C	51	LEU	9.66	4.8
17	3	C	54	LEU	8.45	4.2
17	3	C	58	ILE	8.45	4.3
17	3	C	61	ILE	2.42	1.2
17	3	C	65	PHE	20.39	8.5
17	3	C	71	CYS	68.14	40.8
17	3	C	72	CYS	65.74	39.4
17	3	C	75	ASN	77.89	39.9
17	3	C	81	ARG	108.32	39.5
17	3	C	87	GLU	92.51	41.5
17	3	C	88	THR	88.52	51.5
17	3	C	94	ILE	98.75	50.1
17	3	C	95	SER	73.71	47.6
17	3	C	98	LYS	75.42	32.0
17	3	C	99	LYS	101.32	42.9
18	0	B	47	LEU	32.61	16.2
18	0	B	51	LEU	8.45	4.2
18	0	B	54	LEU	4.83	2.4
18	0	B	58	ILE	7.25	3.7
18	0	B	61	ILE	8.45	4.3
18	0	B	65	PHE	18.11	7.5
18	0	B	71	CYS	26.15	15.7
18	0	B	72	CYS	62.51	37.4
18	0	B	75	ASN	17.52	9.0
18	0	B	81	ARG	152.06	55.5
18	0	B	87	GLU	98.24	44.1
18	0	B	88	THR	85.14	49.5
18	0	B	94	ILE	78.25	39.7
18	0	B	95	SER	76.93	49.6
18	0	B	98	LYS	88.06	37.3
18	0	B	99	LYS	76.97	32.6
18	0	A	47	LEU	27.78	13.8
18	0	A	51	LEU	3.62	1.8
18	0	A	54	LEU	10.87	5.4
18	0	A	58	ILE	0.0	0.0
18	0	A	61	ILE	2.42	1.2
18	0	A	65	PHE	2.42	1.0
18	0	A	71	CYS	70.76	42.4
18	0	A	72	CYS	9.78	5.9
18	0	A	75	ASN	67.29	34.5
18	0	A	81	ARG	158.22	57.7
18	0	A	87	GLU	81.37	36.5
18	0	A	88	THR	89.7	52.2
18	0	A	94	ILE	72.46	36.8
18	0	A	95	SER	72.5	46.8
18	0	A	98	LYS	98.47	41.7
18	0	A	99	LYS	105.63	44.8
18	0	C	47	LEU	25.36	12.6
18	0	C	51	LEU	12.08	6.0
18	0	C	54	LEU	7.25	3.6
18	0	C	58	ILE	2.42	1.2
18	0	C	61	ILE	2.42	1.2
18	0	C	65	PHE	26.57	11.1
18	0	C	71	CYS	72.05	43.1
18	0	C	72	CYS	70.58	42.3
18	0	C	75	ASN	80.05	41.1
18	0	C	81	ARG	156.53	57.1
18	0	C	87	GLU	97.85	43.9
18	0	C	88	THR	86.08	50.0
18	0	C	94	ILE	75.94	38.6
18	0	C	95	SER	73.71	47.6
18	0	C	98	LYS	102.1	43.3
18	0	C	99	LYS	104.31	44.2
18	1	C	47	LEU	25.25	12.6
18	1	C	51	LEU	14.49	7.2
18	1	C	54	LEU	7.25	3.6
18	1	C	58	ILE	4.83	2.5
18	1	C	61	ILE	3.62	1.8
18	1	C	65	PHE	30.19	12.6
18	1	C	71	CYS	69.51	41.6
18	1	C	72	CYS	69.51	41.6
18	1	C	75	ASN	84.37	43.3
18	1	C	81	ARG	130.37	47.6
18	1	C	87	GLU	91.58	41.1
18	1	C	88	THR	76.44	44.4
18	1	C	94	ILE	79.7	40.5
18	1	C	95	SER	71.57	46.2
18	1	C	98	LYS	101.55	43.0
18	1	C	99	LYS	120.53	51.1
18	1	B	47	LEU	36.23	18.0
18	1	B	51	LEU	13.28	6.6
18	1	B	54	LEU	1.21	0.6
18	1	B	58	ILE	8.45	4.3
18	1	B	61	ILE	2.42	1.2
18	1	B	65	PHE	19.32	8.1
18	1	B	71	CYS	22.05	13.2
18	1	B	72	CYS	61.73	37.0
18	1	B	75	ASN	20.78	10.7
18	1	B	81	ARG	129.01	47.1
18	1	B	87	GLU	101.86	45.7
18	1	B	88	THR	74.04	43.0
18	1	B	94	ILE	82.12	41.7
18	1	B	95	SER	73.85	47.6
18	1	B	98	LYS	105.06	44.5
18	1	B	99	LYS	51.77	21.9
18	1	A	47	LEU	30.08	15.0
18	1	A	51	LEU	3.62	1.8
18	1	A	54	LEU	7.25	3.6
18	1	A	58	ILE	1.21	0.6
18	1	A	61	ILE	0.0	0.0
18	1	A	65	PHE	0.0	0.0
18	1	A	71	CYS	65.69	39.3
18	1	A	72	CYS	12.55	7.5
18	1	A	75	ASN	62.79	32.2
18	1	A	81	ARG	146.3	53.4
18	1	A	87	GLU	76.28	34.2
18	1	A	88	THR	80.88	47.0
18	1	A	94	ILE	80.91	41.1
18	1	A	95	SER	72.91	47.0
18	1	A	98	LYS	99.13	42.0
18	1	A	99	LYS	114.6	48.6
18	2	C	47	LEU	25.22	12.5
18	2	C	51	LEU	10.87	5.4
18	2	C	54	LEU	8.45	4.2
18	2	C	58	ILE	6.04	3.1
18	2	C	61	ILE	3.62	1.8
18	2	C	65	PHE	21.74	9.1
18	2	C	71	CYS	66.66	39.9
18	2	C	72	CYS	85.4	51.1
18	2	C	75	ASN	74.47	38.2
18	2	C	81	ARG	150.45	54.9
18	2	C	87	GLU	93.2	41.8
18	2	C	88	THR	84.34	49.0
18	2	C	94	ILE	100.1	50.8
18	2	C	95	SER	78.27	50.5
18	2	C	98	LYS	94.12	39.9
18	2	C	99	LYS	116.04	49.2
18	2	A	47	LEU	28.87	14.4
18	2	A	51	LEU	6.04	3.0
18	2	A	54	LEU	8.45	4.2
18	2	A	58	ILE	1.21	0.6
18	2	A	61	ILE	1.21	0.6
18	2	A	65	PHE	3.62	1.5
18	2	A	71	CYS	72.9	43.7
18	2	A	72	CYS	13.92	8.3
18	2	A	75	ASN	65.22	33.4
18	2	A	81	ARG	139.47	50.9
18	2	A	87	GLU	82.98	37.2
18	2	A	88	THR	81.52	47.4
18	2	A	94	ILE	86.81	44.1
18	2	A	95	SER	74.92	48.3
18	2	A	98	LYS	97.86	41.5
18	2	A	99	LYS	112.42	47.6
18	2	B	47	LEU	33.81	16.8
18	2	B	51	LEU	10.87	5.4
18	2	B	54	LEU	2.42	1.2
18	2	B	58	ILE	7.25	3.7
18	2	B	61	ILE	9.66	4.9
18	2	B	65	PHE	24.15	10.1
18	2	B	71	CYS	34.73	20.8
18	2	B	72	CYS	62.77	37.6
18	2	B	75	ASN	12.81	6.6
18	2	B	81	ARG	115.64	42.2
18	2	B	87	GLU	92.35	41.4
18	2	B	88	THR	87.17	50.7
18	2	B	94	ILE	93.79	47.6
18	2	B	95	SER	78.54	50.7
18	2	B	98	LYS	93.03	39.4
18	2	B	99	LYS	72.59	30.8
18	3	A	47	LEU	27.78	13.8
18	3	A	51	LEU	3.62	1.8
18	3	A	54	LEU	6.04	3.0
18	3	A	58	ILE	1.21	0.6
18	3	A	61	ILE	4.83	2.5
18	3	A	65	PHE	8.45	3.5
18	3	A	71	CYS	64.48	38.6
18	3	A	72	CYS	15.2	9.1
18	3	A	75	ASN	61.8	31.7
18	3	A	81	ARG	126.93	46.3
18	3	A	87	GLU	95.86	43.0
18	3	A	88	THR	90.77	52.8
18	3	A	94	ILE	97.55	49.5
18	3	A	95	SER	69.95	45.1
18	3	A	98	LYS	73.46	31.1
18	3	A	99	LYS	112.42	47.6
18	3	B	47	LEU	30.08	15.0
18	3	B	51	LEU	9.66	4.8
18	3	B	54	LEU	4.83	2.4
18	3	B	58	ILE	8.45	4.3
18	3	B	61	ILE	7.25	3.7
18	3	B	65	PHE	13.15	5.5
18	3	B	71	CYS	22.13	13.3
18	3	B	72	CYS	40.17	24.1
18	3	B	75	ASN	17.41	8.9
18	3	B	81	ARG	86.88	31.7
18	3	B	87	GLU	93.31	41.8
18	3	B	88	THR	82.86	48.2
18	3	B	94	ILE	104.93	53.3
18	3	B	95	SER	69.95	45.1
18	3	B	98	LYS	66.55	28.2
18	3	B	99	LYS	56.89	24.1
18	3	C	47	LEU	21.74	10.8
18	3	C	51	LEU	8.45	4.2
18	3	C	54	LEU	8.45	4.2
18	3	C	58	ILE	3.62	1.8
18	3	C	61	ILE	2.42	1.2
18	3	C	65	PHE	24.15	10.1
18	3	C	71	CYS	69.51	41.6
18	3	C	72	CYS	66.45	39.8
18	3	C	75	ASN	71.24	36.5
18	3	C	81	ARG	124.97	45.6
18	3	C	87	GLU	102.45	45.9
18	3	C	88	THR	90.77	52.8
18	3	C	94	ILE	108.14	54.9
18	3	C	95	SER	72.5	46.8
18	3	C	98	LYS	67.88	28.8
18	3	C	99	LYS	108.68	46.1
18	4	C	47	LEU	9.66	4.8
18	4	C	51	LEU	7.25	3.6
18	4	C	54	LEU	7.25	3.6
18	4	C	58	ILE	3.62	1.8
18	4	C	61	ILE	2.42	1.2
18	4	C	65	PHE	22.94	9.6
18	4	C	71	CYS	71.75	43.0
18	4	C	72	CYS	55.08	33.0
18	4	C	75	ASN	81.08	41.6
18	4	C	81	ARG	149.01	54.4
18	4	C	87	GLU	98.78	44.3
18	4	C	88	THR	88.36	51.4
18	4	C	94	ILE	69.91	35.5
18	4	C	95	SER	77.2	49.8
18	4	C	98	LYS	89.93	38.1
18	4	C	99	LYS	139.44	59.1
18	4	B	47	LEU	26.57	13.2
18	4	B	51	LEU	6.04	3.0
18	4	B	54	LEU	8.45	4.2
18	4	B	58	ILE	6.04	3.1
18	4	B	61	ILE	15.7	8.0
18	4	B	65	PHE	10.87	4.5
18	4	B	71	CYS	61.87	37.0
18	4	B	72	CYS	27.9	16.7
18	4	B	75	ASN	29.83	15.3
18	4	B	81	ARG	148.85	54.3
18	4	B	87	GLU	98.37	44.1
18	4	B	88	THR	88.52	51.5
18	4	B	94	ILE	73.67	37.4
18	4	B	95	SER	62.45	40.3
18	4	B	98	LYS	94.76	40.2
18	4	B	99	LYS	146.64	62.1
18	4	A	47	LEU	15.7	7.8
18	4	A	51	LEU	1.21	0.6
18	4	A	54	LEU	6.04	3.0
18	4	A	58	ILE	6.04	3.1
18	4	A	61	ILE	1.21	0.6
18	4	A	65	PHE	15.56	6.5
18	4	A	71	CYS	75.75	45.4
18	4	A	72	CYS	17.46	10.5
18	4	A	75	ASN	64.22	32.9
18	4	A	81	ARG	157.19	57.4
18	4	A	87	GLU	92.74	41.6
18	4	A	88	THR	85.14	49.5
18	4	A	94	ILE	66.42	33.7
18	4	A	95	SER	75.85	48.9
18	4	A	98	LYS	84.35	35.7
18	4	A	99	LYS	138.39	58.6
19	0	C	47	LEU	28.85	14.4
19	0	C	51	LEU	9.66	4.8
19	0	C	54	LEU	6.04	3.0
19	0	C	58	ILE	6.04	3.1
19	0	C	61	ILE	2.42	1.2
19	0	C	65	PHE	22.81	9.5
19	0	C	71	CYS	74.27	44.5
19	0	C	72	CYS	70.5	42.2
19	0	C	75	ASN	74.27	38.1
19	0	C	81	ARG	135.54	49.5
19	0	C	87	GLU	93.54	41.9
19	0	C	88	THR	85.28	49.6
19	0	C	94	ILE	73.67	37.4
19	0	C	95	SER	74.92	48.3
19	0	C	98	LYS	92.91	39.4
19	0	C	99	LYS	113.51	48.1
19	0	A	47	LEU	19.32	9.6
19	0	A	51	LEU	3.62	1.8
19	0	A	54	LEU	6.04	3.0
19	0	A	58	ILE	0.0	0.0
19	0	A	61	ILE	1.21	0.6
19	0	A	65	PHE	3.62	1.5
19	0	A	71	CYS	65.65	39.3
19	0	A	72	CYS	10.14	6.1
19	0	A	75	ASN	58.04	29.8
19	0	A	81	ARG	136.32	49.8
19	0	A	87	GLU	54.97	24.7
19	0	A	88	THR	88.9	51.7
19	0	A	94	ILE	69.91	35.5
19	0	A	95	SER	71.57	46.2
19	0	A	98	LYS	87.86	37.2
19	0	A	99	LYS	111.1	47.1
19	0	B	47	LEU	27.78	13.8
19	0	B	51	LEU	10.87	5.4
19	0	B	54	LEU	2.42	1.2
19	0	B	58	ILE	7.25	3.7
19	0	B	61	ILE	2.42	1.2
19	0	B	65	PHE	16.91	7.0
19	0	B	71	CYS	21.86	13.1
19	0	B	72	CYS	57.79	34.6
19	0	B	75	ASN	16.11	8.3
19	0	B	81	ARG	113.19	41.3
19	0	B	87	GLU	91.94	41.2
19	0	B	88	THR	72.0	41.9
19	0	B	94	ILE	78.36	39.8
19	0	B	95	SER	67.15	43.3
19	0	B	98	LYS	89.04	37.7
19	0	B	99	LYS	60.74	25.7
19	1	C	47	LEU	10.87	5.4
19	1	C	51	LEU	9.66	4.8
19	1	C	54	LEU	7.25	3.6
19	1	C	58	ILE	2.42	1.2
19	1	C	61	ILE	0.0	0.0
19	1	C	65	PHE	17.84	7.4
19	1	C	71	CYS	78.8	47.2
19	1	C	72	CYS	64.14	38.4
19	1	C	75	ASN	78.19	40.1
19	1	C	81	ARG	150.58	55.0
19	1	C	87	GLU	107.78	48.3
19	1	C	88	THR	80.45	46.8
19	1	C	94	ILE	97.68	49.6
19	1	C	95	SER	70.09	45.2
19	1	C	98	LYS	113.74	48.2
19	1	C	99	LYS	89.22	37.8
19	1	B	47	LEU	30.19	15.0
19	1	B	51	LEU	7.25	3.6
19	1	B	54	LEU	4.83	2.4
19	1	B	58	ILE	2.42	1.2
19	1	B	61	ILE	16.91	8.6
19	1	B	65	PHE	12.08	5.0
19	1	B	71	CYS	43.89	26.3
19	1	B	72	CYS	48.78	29.2
19	1	B	75	ASN	8.73	4.5
19	1	B	81	ARG	146.09	53.3
19	1	B	87	GLU	86.86	39.0
19	1	B	88	THR	90.64	52.7
19	1	B	94	ILE	91.64	46.5
19	1	B	95	SER	73.71	47.6
19	1	B	98	LYS	96.06	40.7
19	1	B	99	LYS	79.79	33.8
19	1	A	47	LEU	20.53	10.2
19	1	A	51	LEU	0.0	0.0
19	1	A	54	LEU	3.62	1.8
19	1	A	58	ILE	7.25	3.7
19	1	A	61	ILE	2.42	1.2
19	1	A	65	PHE	2.42	1.0
19	1	A	71	CYS	79.87	47.8
19	1	A	72	CYS	14.89	8.9
19	1	A	75	ASN	34.76	17.8
19	1	A	81	ARG	128.37	46.9
19	1	A	87	GLU	103.34	46.3
19	1	A	88	THR	84.87	49.3
19	1	A	94	ILE	96.61	49.0
19	1	A	95	SER	75.49	48.7
19	1	A	98	LYS	93.67	39.7
19	1	A	99	LYS	83.3	35.3
19	2	B	47	LEU	50.61	25.2
19	2	B	51	LEU	10.87	5.4
19	2	B	54	LEU	1.21	0.6
19	2	B	58	ILE	8.45	4.3
19	2	B	61	ILE	10.87	5.5
19	2	B	65	PHE	21.74	9.1
19	2	B	71	CYS	34.92	20.9
19	2	B	72	CYS	47.57	28.5
19	2	B	75	ASN	12.81	6.6
19	2	B	81	ARG	101.67	37.1
19	2	B	87	GLU	99.72	44.7
19	2	B	88	THR	76.55	44.5
19	2	B	94	ILE	104.66	53.1
19	2	B	95	SER	77.47	50.0
19	2	B	98	LYS	91.87	38.9
19	2	B	99	LYS	72.0	30.5
19	2	A	47	LEU	45.78	22.8
19	2	A	51	LEU	7.25	3.6
19	2	A	54	LEU	9.66	4.8
19	2	A	58	ILE	1.21	0.6
19	2	A	61	ILE	6.04	3.1
19	2	A	65	PHE	1.21	0.5
19	2	A	71	CYS	69.51	41.6
19	2	A	72	CYS	10.14	6.1
19	2	A	75	ASN	68.28	35.0
19	2	A	81	ARG	148.64	54.2
19	2	A	87	GLU	79.09	35.5
19	2	A	88	THR	87.44	50.8
19	2	A	94	ILE	101.17	51.4
19	2	A	95	SER	75.06	48.4
19	2	A	98	LYS	81.11	34.4
19	2	A	99	LYS	113.51	48.1
19	2	C	47	LEU	32.61	16.2
19	2	C	51	LEU	9.66	4.8
19	2	C	54	LEU	14.49	7.2
19	2	C	58	ILE	7.25	3.7
19	2	C	61	ILE	11.8	6.0
19	2	C	65	PHE	35.98	15.0
19	2	C	71	CYS	70.76	42.4
19	2	C	72	CYS	75.51	45.2
19	2	C	75	ASN	84.64	43.4
19	2	C	81	ARG	148.51	54.2
19	2	C	87	GLU	103.34	46.3
19	2	C	88	THR	87.15	50.7
19	2	C	94	ILE	98.62	50.1
19	2	C	95	SER	75.06	48.4
19	2	C	98	LYS	84.51	35.8
19	2	C	99	LYS	108.79	46.1
19	3	C	47	LEU	16.91	8.4
19	3	C	51	LEU	10.87	5.4
19	3	C	54	LEU	1.21	0.6
19	3	C	58	ILE	12.08	6.1
19	3	C	61	ILE	1.21	0.6
19	3	C	65	PHE	18.11	7.5
19	3	C	71	CYS	71.03	42.5
19	3	C	72	CYS	66.96	40.1
19	3	C	75	ASN	72.55	37.2
19	3	C	81	ARG	151.52	55.3
19	3	C	87	GLU	95.45	42.8
19	3	C	88	THR	82.73	48.1
19	3	C	94	ILE	73.53	37.3
19	3	C	95	SER	62.45	40.3
19	3	C	98	LYS	98.5	41.7
19	3	C	99	LYS	114.97	48.7
19	3	A	47	LEU	15.7	7.8
19	3	A	51	LEU	1.21	0.6
19	3	A	54	LEU	0.0	0.0
19	3	A	58	ILE	0.0	0.0
19	3	A	61	ILE	0.0	0.0
19	3	A	65	PHE	6.04	2.5
19	3	A	71	CYS	74.7	44.7
19	3	A	72	CYS	15.05	9.0
19	3	A	75	ASN	65.58	33.6
19	3	A	81	ARG	151.9	55.4
19	3	A	87	GLU	91.16	40.9
19	3	A	88	THR	75.62	44.0
19	3	A	94	ILE	67.63	34.3
19	3	A	95	SER	71.57	46.2
19	3	A	98	LYS	90.04	38.2
19	3	A	99	LYS	120.76	51.2
19	3	B	47	LEU	24.15	12.0
19	3	B	51	LEU	9.66	4.8
19	3	B	54	LEU	2.42	1.2
19	3	B	58	ILE	9.66	4.9
19	3	B	61	ILE	6.04	3.1
19	3	B	65	PHE	15.7	6.5
19	3	B	71	CYS	29.58	17.7
19	3	B	72	CYS	52.72	31.6
19	3	B	75	ASN	12.58	6.5
19	3	B	81	ARG	125.52	45.8
19	3	B	87	GLU	85.56	38.4
19	3	B	88	THR	82.86	48.2
19	3	B	94	ILE	71.11	36.1
19	3	B	95	SER	72.64	46.9
19	3	B	98	LYS	95.1	40.3
19	3	B	99	LYS	114.17	48.4
19	4	C	47	LEU	19.32	9.6
19	4	C	51	LEU	3.62	1.8
19	4	C	54	LEU	9.66	4.8
19	4	C	58	ILE	0.0	0.0
19	4	C	61	ILE	8.45	4.3
19	4	C	65	PHE	22.69	9.5
19	4	C	71	CYS	68.19	40.8
19	4	C	72	CYS	61.87	37.0
19	4	C	75	ASN	82.4	42.3
19	4	C	81	ARG	158.08	57.7
19	4	C	87	GLU	91.71	41.1
19	4	C	88	THR	83.8	48.7
19	4	C	94	ILE	88.02	44.7
19	4	C	95	SER	78.41	50.6
19	4	C	98	LYS	81.75	34.6
19	4	C	99	LYS	103.33	43.8
19	4	A	47	LEU	33.81	16.8
19	4	A	51	LEU	2.42	1.2
19	4	A	54	LEU	8.45	4.2
19	4	A	58	ILE	2.42	1.2
19	4	A	61	ILE	1.21	0.6
19	4	A	65	PHE	13.15	5.5
19	4	A	71	CYS	74.35	44.5
19	4	A	72	CYS	12.31	7.4
19	4	A	75	ASN	67.45	34.6
19	4	A	81	ARG	157.42	57.5
19	4	A	87	GLU	85.15	38.2
19	4	A	88	THR	77.37	45.0
19	4	A	94	ILE	88.96	45.2
19	4	A	95	SER	69.7	45.0
19	4	A	98	LYS	80.31	34.0
19	4	A	99	LYS	108.73	46.1
19	4	B	47	LEU	32.61	16.2
19	4	B	51	LEU	7.25	3.6
19	4	B	54	LEU	10.87	5.4
19	4	B	58	ILE	1.21	0.6
19	4	B	61	ILE	12.08	6.1
19	4	B	65	PHE	8.45	3.5
19	4	B	71	CYS	60.39	36.2
19	4	B	72	CYS	34.92	20.9
19	4	B	75	ASN	20.26	10.4
19	4	B	81	ARG	149.19	54.5
19	4	B	87	GLU	87.13	39.1
19	4	B	88	THR	82.59	48.0
19	4	B	94	ILE	91.64	46.5
19	4	B	95	SER	72.78	47.0
19	4	B	98	LYS	85.03	36.0
19	4	B	99	LYS	87.67	37.2
2	0	A	47	LEU	32.49	16.2
2	0	A	51	LEU	4.83	2.4
2	0	A	54	LEU	10.87	5.4
2	0	A	58	ILE	1.21	0.6
2	0	A	61	ILE	3.62	1.8
2	0	A	65	PHE	4.83	2.0
2	0	A	71	CYS	65.69	39.3
2	0	A	72	CYS	3.86	2.3
2	0	A	75	ASN	59.16	30.3
2	0	A	81	ARG	112.71	41.1
2	0	A	87	GLU	77.49	34.7
2	0	A	88	THR	92.66	53.9
2	0	A	94	ILE	84.26	42.8
2	0	A	95	SER	72.5	46.8
2	0	A	98	LYS	72.18	30.6
2	0	A	99	LYS	108.68	46.1
2	0	B	47	LEU	31.4	15.6
2	0	B	51	LEU	8.45	4.2
2	0	B	54	LEU	3.62	1.8
2	0	B	58	ILE	10.87	5.5
2	0	B	61	ILE	8.45	4.3
2	0	B	65	PHE	16.91	7.0
2	0	B	71	CYS	19.56	11.7
2	0	B	72	CYS	46.47	27.8
2	0	B	75	ASN	16.45	8.4
2	0	B	81	ARG	72.41	26.4
2	0	B	87	GLU	98.03	44.0
2	0	B	88	THR	92.55	53.8
2	0	B	94	ILE	75.94	38.6
2	0	B	95	SER	74.92	48.3
2	0	B	98	LYS	83.12	35.2
2	0	B	99	LYS	27.55	11.7
2	0	C	47	LEU	28.98	14.4
2	0	C	51	LEU	7.25	3.6
2	0	C	54	LEU	10.87	5.4
2	0	C	58	ILE	6.04	3.1
2	0	C	61	ILE	2.42	1.2
2	0	C	65	PHE	27.78	11.6
2	0	C	71	CYS	65.81	39.4
2	0	C	72	CYS	71.57	42.9
2	0	C	75	ASN	86.8	44.5
2	0	C	81	ARG	108.45	39.6
2	0	C	87	GLU	102.56	46.0
2	0	C	88	THR	85.55	49.7
2	0	C	94	ILE	81.85	41.5
2	0	C	95	SER	71.71	46.3
2	0	C	98	LYS	85.88	36.4
2	0	C	99	LYS	110.87	47.0
2	1	C	47	LEU	29.73	14.8
2	1	C	51	LEU	2.42	1.2
2	1	C	54	LEU	12.08	6.0
2	1	C	58	ILE	1.21	0.6
2	1	C	61	ILE	12.08	6.1
2	1	C	65	PHE	16.77	7.0
2	1	C	71	CYS	69.59	41.7
2	1	C	72	CYS	66.88	40.0
2	1	C	75	ASN	82.49	42.3
2	1	C	81	ARG	135.73	49.5
2	1	C	87	GLU	85.65	38.4
2	1	C	88	THR	88.36	51.4
2	1	C	94	ILE	67.49	34.3
2	1	C	95	SER	70.5	45.5
2	1	C	98	LYS	68.24	28.9
2	1	C	99	LYS	100.57	42.6
2	1	A	47	LEU	48.6	24.2
2	1	A	51	LEU	1.21	0.6
2	1	A	54	LEU	8.45	4.2
2	1	A	58	ILE	3.62	1.8
2	1	A	61	ILE	4.83	2.5
2	1	A	65	PHE	2.42	1.0
2	1	A	71	CYS	70.71	42.3
2	1	A	72	CYS	4.83	2.9
2	1	A	75	ASN	60.55	31.1
2	1	A	81	ARG	144.82	52.9
2	1	A	87	GLU	77.47	34.7
2	1	A	88	THR	87.44	50.8
2	1	A	94	ILE	48.31	24.5
2	1	A	95	SER	72.5	46.8
2	1	A	98	LYS	83.78	35.5
2	1	A	99	LYS	110.98	47.0
2	1	B	47	LEU	39.85	19.8
2	1	B	51	LEU	7.25	3.6
2	1	B	54	LEU	6.04	3.0
2	1	B	58	ILE	2.42	1.2
2	1	B	61	ILE	15.7	8.0
2	1	B	65	PHE	37.3	15.5
2	1	B	71	CYS	34.84	20.9
2	1	B	72	CYS	55.97	33.5
2	1	B	75	ASN	8.18	4.2
2	1	B	81	ARG	133.47	48.7
2	1	B	87	GLU	82.17	36.8
2	1	B	88	THR	88.49	51.4
2	1	B	94	ILE	56.76	28.8
2	1	B	95	SER	70.36	45.4
2	1	B	98	LYS	69.22	29.3
2	1	B	99	LYS	59.54	25.2
2	2	A	47	LEU	22.94	11.4
2	2	A	51	LEU	4.83	2.4
2	2	A	54	LEU	7.25	3.6
2	2	A	58	ILE	3.62	1.8
2	2	A	61	ILE	1.21	0.6
2	2	A	65	PHE	8.45	3.5
2	2	A	71	CYS	71.08	42.6
2	2	A	72	CYS	13.68	8.2
2	2	A	75	ASN	57.86	29.7
2	2	A	81	ARG	141.65	51.7
2	2	A	87	GLU	93.06	41.7
2	2	A	88	THR	87.56	50.9
2	2	A	94	ILE	94.99	48.2
2	2	A	95	SER	73.71	47.6
2	2	A	98	LYS	148.28	62.8
2	2	A	99	LYS	75.53	32.0
2	2	B	47	LEU	25.36	12.6
2	2	B	51	LEU	10.87	5.4
2	2	B	54	LEU	6.04	3.0
2	2	B	58	ILE	8.45	4.3
2	2	B	61	ILE	8.45	4.3
2	2	B	65	PHE	20.53	8.6
2	2	B	71	CYS	42.8	25.6
2	2	B	72	CYS	38.94	23.3
2	2	B	75	ASN	16.77	8.6
2	2	B	81	ARG	130.12	47.5
2	2	B	87	GLU	94.93	42.6
2	2	B	88	THR	85.14	49.5
2	2	B	94	ILE	91.37	46.4
2	2	B	95	SER	78.27	50.5
2	2	B	98	LYS	144.55	61.2
2	2	B	99	LYS	75.69	32.1
2	2	C	47	LEU	15.56	7.7
2	2	C	51	LEU	10.87	5.4
2	2	C	54	LEU	7.25	3.6
2	2	C	58	ILE	7.25	3.7
2	2	C	61	ILE	1.21	0.6
2	2	C	65	PHE	27.64	11.5
2	2	C	71	CYS	68.11	40.8
2	2	C	72	CYS	69.59	41.7
2	2	C	75	ASN	82.33	42.2
2	2	C	81	ARG	133.98	48.9
2	2	C	87	GLU	83.51	37.4
2	2	C	88	THR	86.35	50.2
2	2	C	94	ILE	73.53	37.3
2	2	C	95	SER	76.93	49.6
2	2	C	98	LYS	132.7	56.2
2	2	C	99	LYS	101.21	42.9
2	3	C	47	LEU	26.43	13.2
2	3	C	51	LEU	15.7	7.8
2	3	C	54	LEU	9.66	4.8
2	3	C	58	ILE	4.83	2.5
2	3	C	61	ILE	3.62	1.8
2	3	C	65	PHE	20.53	8.6
2	3	C	71	CYS	67.95	40.7
2	3	C	72	CYS	77.2	46.2
2	3	C	75	ASN	68.96	35.4
2	3	C	81	ARG	135.22	49.4
2	3	C	87	GLU	99.31	44.5
2	3	C	88	THR	85.17	49.5
2	3	C	94	ILE	111.76	56.7
2	3	C	95	SER	73.71	47.6
2	3	C	98	LYS	73.98	31.3
2	3	C	99	LYS	122.01	51.7
2	3	B	47	LEU	22.94	11.4
2	3	B	51	LEU	10.87	5.4
2	3	B	54	LEU	3.62	1.8
2	3	B	58	ILE	7.25	3.7
2	3	B	61	ILE	12.08	6.1
2	3	B	65	PHE	15.7	6.5
2	3	B	71	CYS	29.62	17.7
2	3	B	72	CYS	57.78	34.6
2	3	B	75	ASN	12.83	6.6
2	3	B	81	ARG	123.15	44.9
2	3	B	87	GLU	99.31	44.5
2	3	B	88	THR	88.65	51.5
2	3	B	94	ILE	98.62	50.1
2	3	B	95	SER	78.41	50.6
2	3	B	98	LYS	73.98	31.3
2	3	B	99	LYS	95.15	40.3
2	3	A	47	LEU	16.91	8.4
2	3	A	51	LEU	2.42	1.2
2	3	A	54	LEU	7.25	3.6
2	3	A	58	ILE	3.62	1.8
2	3	A	61	ILE	6.04	3.1
2	3	A	65	PHE	0.0	0.0
2	3	A	71	CYS	68.11	40.8
2	3	A	72	CYS	11.42	6.8
2	3	A	75	ASN	62.94	32.3
2	3	A	81	ARG	131.83	48.1
2	3	A	87	GLU	76.01	34.1
2	3	A	88	THR	85.42	49.7
2	3	A	94	ILE	106.93	54.3
2	3	A	95	SER	74.92	48.3
2	3	A	98	LYS	81.11	34.4
2	3	A	99	LYS	110.62	46.9
2	4	C	47	LEU	29.73	14.8
2	4	C	51	LEU	4.83	2.4
2	4	C	54	LEU	6.04	3.0
2	4	C	58	ILE	8.45	4.3
2	4	C	61	ILE	7.25	3.7
2	4	C	65	PHE	32.47	13.5
2	4	C	71	CYS	70.79	42.4
2	4	C	72	CYS	68.22	40.9
2	4	C	75	ASN	82.24	42.2
2	4	C	81	ARG	175.71	64.1
2	4	C	87	GLU	82.57	37.0
2	4	C	88	THR	89.57	52.1
2	4	C	94	ILE	70.98	36.0
2	4	C	95	SER	58.97	38.0
2	4	C	98	LYS	101.89	43.2
2	4	C	99	LYS	122.08	51.7
2	4	A	47	LEU	34.45	17.1
2	4	A	51	LEU	2.42	1.2
2	4	A	54	LEU	4.83	2.4
2	4	A	58	ILE	8.45	4.3
2	4	A	61	ILE	7.25	3.7
2	4	A	65	PHE	13.28	5.5
2	4	A	71	CYS	72.08	43.2
2	4	A	72	CYS	10.06	6.0
2	4	A	75	ASN	65.2	33.4
2	4	A	81	ARG	169.9	62.0
2	4	A	87	GLU	87.0	39.0
2	4	A	88	THR	90.91	52.9
2	4	A	94	ILE	77.29	39.2
2	4	A	95	SER	57.62	37.2
2	4	A	98	LYS	104.4	44.2
2	4	A	99	LYS	129.07	54.7
2	4	B	47	LEU	61.02	30.4
2	4	B	51	LEU	4.83	2.4
2	4	B	54	LEU	4.83	2.4
2	4	B	58	ILE	4.83	2.5
2	4	B	61	ILE	13.28	6.7
2	4	B	65	PHE	30.05	12.5
2	4	B	71	CYS	29.93	17.9
2	4	B	72	CYS	42.64	25.5
2	4	B	75	ASN	12.65	6.5
2	4	B	81	ARG	170.11	62.1
2	4	B	87	GLU	87.54	39.3
2	4	B	88	THR	88.36	51.4
2	4	B	94	ILE	73.55	37.3
2	4	B	95	SER	59.1	38.1
2	4	B	98	LYS	100.8	42.7
2	4	B	99	LYS	121.94	51.7
20	0	C	47	LEU	12.08	6.0
20	0	C	51	LEU	9.66	4.8
20	0	C	54	LEU	6.04	3.0
20	0	C	58	ILE	13.28	6.7
20	0	C	61	ILE	2.42	1.2
20	0	C	65	PHE	16.77	7.0
20	0	C	71	CYS	53.17	31.8
20	0	C	72	CYS	75.58	45.3
20	0	C	75	ASN	96.8	49.6
20	0	C	81	ARG	164.34	60.0
20	0	C	87	GLU	90.91	40.8
20	0	C	88	THR	89.7	52.2
20	0	C	94	ILE	77.15	39.2
20	0	C	95	SER	69.15	44.6
20	0	C	98	LYS	105.4	44.7
20	0	C	99	LYS	110.12	46.7
20	0	A	47	LEU	10.87	5.4
20	0	A	51	LEU	2.42	1.2
20	0	A	54	LEU	6.04	3.0
20	0	A	58	ILE	9.66	4.9
20	0	A	61	ILE	1.21	0.6
20	0	A	65	PHE	12.08	5.0
20	0	A	71	CYS	61.87	37.0
20	0	A	72	CYS	24.49	14.7
20	0	A	75	ASN	76.11	39.0
20	0	A	81	ARG	146.41	53.4
20	0	A	87	GLU	87.29	39.1
20	0	A	88	THR	88.77	51.6
20	0	A	94	ILE	75.94	38.6
20	0	A	95	SER	77.33	49.9
20	0	A	98	LYS	115.9	49.1
20	0	A	99	LYS	98.27	41.6
20	0	B	47	LEU	20.53	10.2
20	0	B	51	LEU	8.45	4.2
20	0	B	54	LEU	7.25	3.6
20	0	B	58	ILE	9.66	4.9
20	0	B	61	ILE	12.08	6.1
20	0	B	65	PHE	13.28	5.5
20	0	B	71	CYS	53.41	32.0
20	0	B	72	CYS	39.07	23.4
20	0	B	75	ASN	30.17	15.5
20	0	B	81	ARG	141.19	51.5
20	0	B	87	GLU	88.36	39.6
20	0	B	88	THR	89.84	52.2
20	0	B	94	ILE	71.11	36.1
20	0	B	95	SER	75.85	48.9
20	0	B	98	LYS	107.79	45.7
20	0	B	99	LYS	90.59	38.4
20	1	B	47	LEU	41.06	20.4
20	1	B	51	LEU	13.28	6.6
20	1	B	54	LEU	6.04	3.0
20	1	B	58	ILE	10.87	5.5
20	1	B	61	ILE	6.04	3.1
20	1	B	65	PHE	24.02	10.0
20	1	B	71	CYS	27.13	16.2
20	1	B	72	CYS	61.65	36.9
20	1	B	75	ASN	12.9	6.6
20	1	B	81	ARG	140.18	51.2
20	1	B	87	GLU	92.74	41.6
20	1	B	88	THR	87.31	50.8
20	1	B	94	ILE	60.25	30.6
20	1	B	95	SER	47.32	30.5
20	1	B	98	LYS	112.49	47.7
20	1	B	99	LYS	81.09	34.4
20	1	A	47	LEU	26.45	13.2
20	1	A	51	LEU	4.83	2.4
20	1	A	54	LEU	6.04	3.0
20	1	A	58	ILE	2.42	1.2
20	1	A	61	ILE	0.0	0.0
20	1	A	65	PHE	5.9	2.5
20	1	A	71	CYS	69.74	41.8
20	1	A	72	CYS	11.26	6.7
20	1	A	75	ASN	66.02	33.9
20	1	A	81	ARG	140.22	51.2
20	1	A	87	GLU	72.25	32.4
20	1	A	88	THR	80.45	46.8
20	1	A	94	ILE	65.21	33.1
20	1	A	95	SER	52.7	34.0
20	1	A	98	LYS	111.3	47.2
20	1	A	99	LYS	119.64	50.7
20	1	C	47	LEU	25.22	12.5
20	1	C	51	LEU	9.66	4.8
20	1	C	54	LEU	8.45	4.2
20	1	C	58	ILE	4.83	2.5
20	1	C	61	ILE	3.62	1.8
20	1	C	65	PHE	30.05	12.5
20	1	C	71	CYS	72.4	43.4
20	1	C	72	CYS	75.49	45.2
20	1	C	75	ASN	86.27	44.2
20	1	C	81	ARG	136.37	49.8
20	1	C	87	GLU	85.24	38.2
20	1	C	88	THR	82.64	48.0
20	1	C	94	ILE	57.97	29.4
20	1	C	95	SER	55.22	35.6
20	1	C	98	LYS	113.56	48.1
20	1	C	99	LYS	120.96	51.3
20	2	C	47	LEU	22.94	11.4
20	2	C	51	LEU	13.28	6.6
20	2	C	54	LEU	4.83	2.4
20	2	C	58	ILE	6.04	3.1
20	2	C	61	ILE	4.83	2.5
20	2	C	65	PHE	25.36	10.6
20	2	C	71	CYS	69.51	41.6
20	2	C	72	CYS	72.99	43.7
20	2	C	75	ASN	69.91	35.9
20	2	C	81	ARG	150.54	54.9
20	2	C	87	GLU	86.36	38.7
20	2	C	88	THR	88.49	51.4
20	2	C	94	ILE	47.1	23.9
20	2	C	95	SER	72.64	46.9
20	2	C	98	LYS	76.76	32.5
20	2	C	99	LYS	107.18	45.4
20	2	B	47	LEU	27.78	13.8
20	2	B	51	LEU	13.28	6.6
20	2	B	54	LEU	4.83	2.4
20	2	B	58	ILE	8.45	4.3
20	2	B	61	ILE	4.83	2.5
20	2	B	65	PHE	20.53	8.6
20	2	B	71	CYS	20.65	12.4
20	2	B	72	CYS	49.16	29.4
20	2	B	75	ASN	13.79	7.1
20	2	B	81	ARG	145.57	53.1
20	2	B	87	GLU	92.67	41.6
20	2	B	88	THR	82.73	48.1
20	2	B	94	ILE	49.51	25.1
20	2	B	95	SER	71.57	46.2
20	2	B	98	LYS	95.97	40.7
20	2	B	99	LYS	108.73	46.1
20	2	A	47	LEU	24.15	12.0
20	2	A	51	LEU	2.42	1.2
20	2	A	54	LEU	7.25	3.6
20	2	A	58	ILE	1.21	0.6
20	2	A	61	ILE	1.21	0.6
20	2	A	65	PHE	2.28	0.9
20	2	A	71	CYS	66.93	40.1
20	2	A	72	CYS	11.5	6.9
20	2	A	75	ASN	61.53	31.6
20	2	A	81	ARG	154.14	56.3
20	2	A	87	GLU	77.63	34.8
20	2	A	88	THR	87.29	50.7
20	2	A	94	ILE	47.1	23.9
20	2	A	95	SER	75.99	49.0
20	2	A	98	LYS	79.17	33.5
20	2	A	99	LYS	110.57	46.9
20	3	A	47	LEU	19.32	9.6
20	3	A	51	LEU	0.0	0.0
20	3	A	54	LEU	8.45	4.2
20	3	A	58	ILE	4.83	2.5
20	3	A	61	ILE	0.0	0.0
20	3	A	65	PHE	3.62	1.5
20	3	A	71	CYS	67.17	40.2
20	3	A	72	CYS	12.71	7.6
20	3	A	75	ASN	65.86	33.8
20	3	A	81	ARG	145.59	53.1
20	3	A	87	GLU	85.38	38.3
20	3	A	88	THR	78.72	45.8
20	3	A	94	ILE	110.56	56.1
20	3	A	95	SER	77.33	49.9
20	3	A	98	LYS	82.84	35.1
20	3	A	99	LYS	111.21	47.1
20	3	B	47	LEU	27.78	13.8
20	3	B	51	LEU	4.83	2.4
20	3	B	54	LEU	3.62	1.8
20	3	B	58	ILE	7.25	3.7
20	3	B	61	ILE	7.25	3.7
20	3	B	65	PHE	27.64	11.5
20	3	B	71	CYS	21.78	13.0
20	3	B	72	CYS	42.59	25.5
20	3	B	75	ASN	13.81	7.1
20	3	B	81	ARG	149.51	54.6
20	3	B	87	GLU	96.37	43.2
20	3	B	88	THR	74.0	43.0
20	3	B	94	ILE	98.62	50.1
20	3	B	95	SER	77.2	49.8
20	3	B	98	LYS	81.18	34.4
20	3	B	99	LYS	67.88	28.8
20	3	C	47	LEU	13.28	6.6
20	3	C	51	LEU	7.25	3.6
20	3	C	54	LEU	7.25	3.6
20	3	C	58	ILE	3.62	1.8
20	3	C	61	ILE	0.0	0.0
20	3	C	65	PHE	14.36	6.0
20	3	C	71	CYS	71.97	43.1
20	3	C	72	CYS	60.36	36.1
20	3	C	75	ASN	72.06	37.0
20	3	C	81	ARG	155.16	56.6
20	3	C	87	GLU	95.82	43.0
20	3	C	88	THR	81.11	47.2
20	3	C	94	ILE	111.9	56.8
20	3	C	95	SER	72.78	47.0
20	3	C	98	LYS	86.01	36.4
20	3	C	99	LYS	109.77	46.5
20	4	B	47	LEU	47.1	23.4
20	4	B	51	LEU	8.45	4.2
20	4	B	54	LEU	6.04	3.0
20	4	B	58	ILE	2.42	1.2
20	4	B	61	ILE	18.11	9.2
20	4	B	65	PHE	16.91	7.0
20	4	B	71	CYS	35.24	21.1
20	4	B	72	CYS	47.57	28.5
20	4	B	75	ASN	12.65	6.5
20	4	B	81	ARG	159.15	58.1
20	4	B	87	GLU	98.65	44.2
20	4	B	88	THR	86.21	50.1
20	4	B	94	ILE	79.57	40.4
20	4	B	95	SER	71.57	46.2
20	4	B	98	LYS	74.89	31.7
20	4	B	99	LYS	91.41	38.7
20	4	A	47	LEU	44.57	22.2
20	4	A	51	LEU	3.62	1.8
20	4	A	54	LEU	4.83	2.4
20	4	A	58	ILE	9.66	4.9
20	4	A	61	ILE	8.45	4.3
20	4	A	65	PHE	21.74	9.1
20	4	A	71	CYS	70.87	42.4
20	4	A	72	CYS	6.35	3.8
20	4	A	75	ASN	64.97	33.3
20	4	A	81	ARG	154.32	56.3
20	4	A	87	GLU	87.93	39.4
20	4	A	88	THR	89.72	52.2
20	4	A	94	ILE	78.36	39.8
20	4	A	95	SER	71.57	46.2
20	4	A	98	LYS	77.56	32.9
20	4	A	99	LYS	107.38	45.5
20	4	C	47	LEU	33.68	16.8
20	4	C	51	LEU	8.45	4.2
20	4	C	54	LEU	7.25	3.6
20	4	C	58	ILE	2.42	1.2
20	4	C	61	ILE	9.52	4.8
20	4	C	65	PHE	31.4	13.1
20	4	C	71	CYS	72.05	43.1
20	4	C	72	CYS	72.0	43.1
20	4	C	75	ASN	85.5	43.8
20	4	C	81	ARG	162.8	59.4
20	4	C	87	GLU	98.65	44.2
20	4	C	88	THR	86.1	50.1
20	4	C	94	ILE	72.46	36.8
20	4	C	95	SER	70.36	45.4
20	4	C	98	LYS	76.24	32.3
20	4	C	99	LYS	101.6	43.0
3	0	C	47	LEU	13.28	6.6
3	0	C	51	LEU	12.08	6.0
3	0	C	54	LEU	8.45	4.2
3	0	C	58	ILE	4.83	2.5
3	0	C	61	ILE	1.21	0.6
3	0	C	65	PHE	10.87	4.5
3	0	C	71	CYS	72.08	43.2
3	0	C	72	CYS	64.44	38.6
3	0	C	75	ASN	69.42	35.6
3	0	C	81	ARG	138.59	50.6
3	0	C	87	GLU	77.61	34.8
3	0	C	88	THR	95.76	55.7
3	0	C	94	ILE	103.18	52.4
3	0	C	95	SER	72.37	46.7
3	0	C	98	LYS	82.73	35.1
3	0	C	99	LYS	114.72	48.6
3	0	B	47	LEU	15.7	7.8
3	0	B	51	LEU	6.04	3.0
3	0	B	54	LEU	3.62	1.8
3	0	B	58	ILE	6.04	3.1
3	0	B	61	ILE	10.87	5.5
3	0	B	65	PHE	16.91	7.0
3	0	B	71	CYS	21.94	13.1
3	0	B	72	CYS	45.3	27.1
3	0	B	75	ASN	17.27	8.9
3	0	B	81	ARG	125.88	45.9
3	0	B	87	GLU	77.47	34.7
3	0	B	88	THR	89.04	51.8
3	0	B	94	ILE	97.27	49.4
3	0	B	95	SER	71.43	46.1
3	0	B	98	LYS	88.77	37.6
3	0	B	99	LYS	72.14	30.6
3	0	A	47	LEU	15.7	7.8
3	0	A	51	LEU	0.0	0.0
3	0	A	54	LEU	6.04	3.0
3	0	A	58	ILE	6.04	3.1
3	0	A	61	ILE	2.42	1.2
3	0	A	65	PHE	8.45	3.5
3	0	A	71	CYS	68.19	40.8
3	0	A	72	CYS	10.22	6.1
3	0	A	75	ASN	55.86	28.6
3	0	A	81	ARG	133.03	48.6
3	0	A	87	GLU	67.57	30.3
3	0	A	88	THR	86.51	50.3
3	0	A	94	ILE	101.03	51.3
3	0	A	95	SER	69.29	44.7
3	0	A	98	LYS	84.92	36.0
3	0	A	99	LYS	112.3	47.6
3	1	C	47	LEU	25.22	12.5
3	1	C	51	LEU	13.28	6.6
3	1	C	54	LEU	8.45	4.2
3	1	C	58	ILE	6.04	3.1
3	1	C	61	ILE	3.62	1.8
3	1	C	65	PHE	18.11	7.5
3	1	C	71	CYS	64.52	38.6
3	1	C	72	CYS	74.38	44.5
3	1	C	75	ASN	70.05	35.9
3	1	C	81	ARG	156.32	57.1
3	1	C	87	GLU	96.27	43.2
3	1	C	88	THR	86.62	50.4
3	1	C	94	ILE	71.25	36.2
3	1	C	95	SER	71.84	46.3
3	1	C	98	LYS	118.68	50.3
3	1	C	99	LYS	105.27	44.6
3	1	B	47	LEU	30.08	15.0
3	1	B	51	LEU	7.25	3.6
3	1	B	54	LEU	1.21	0.6
3	1	B	58	ILE	13.28	6.7
3	1	B	61	ILE	3.62	1.8
3	1	B	65	PHE	13.28	5.5
3	1	B	71	CYS	27.17	16.3
3	1	B	72	CYS	44.18	26.5
3	1	B	75	ASN	13.92	7.1
3	1	B	81	ARG	143.51	52.4
3	1	B	87	GLU	97.46	43.7
3	1	B	88	THR	87.69	51.0
3	1	B	94	ILE	77.02	39.1
3	1	B	95	SER	72.5	46.8
3	1	B	98	LYS	92.46	39.2
3	1	B	99	LYS	53.84	22.8
3	1	A	47	LEU	35.02	17.4
3	1	A	51	LEU	3.62	1.8
3	1	A	54	LEU	6.04	3.0
3	1	A	58	ILE	3.62	1.8
3	1	A	61	ILE	1.21	0.6
3	1	A	65	PHE	3.62	1.5
3	1	A	71	CYS	66.98	40.1
3	1	A	72	CYS	11.5	6.9
3	1	A	75	ASN	68.57	35.2
3	1	A	81	ARG	154.04	56.2
3	1	A	87	GLU	94.79	42.5
3	1	A	88	THR	88.9	51.7
3	1	A	94	ILE	82.12	41.7
3	1	A	95	SER	74.78	48.2
3	1	A	98	LYS	118.21	50.1
3	1	A	99	LYS	104.92	44.5
3	2	C	47	LEU	24.15	12.0
3	2	C	51	LEU	12.08	6.0
3	2	C	54	LEU	6.04	3.0
3	2	C	58	ILE	3.62	1.8
3	2	C	61	ILE	3.62	1.8
3	2	C	65	PHE	25.22	10.5
3	2	C	71	CYS	65.88	39.5
3	2	C	72	CYS	65.59	39.3
3	2	C	75	ASN	81.17	41.6
3	2	C	81	ARG	131.65	48.0
3	2	C	87	GLU	96.0	43.0
3	2	C	88	THR	86.21	50.1
3	2	C	94	ILE	81.98	41.6
3	2	C	95	SER	69.43	44.8
3	2	C	98	LYS	98.43	41.7
3	2	C	99	LYS	108.57	46.0
3	2	B	47	LEU	26.57	13.2
3	2	B	51	LEU	10.87	5.4
3	2	B	54	LEU	3.62	1.8
3	2	B	58	ILE	8.45	4.3
3	2	B	61	ILE	7.25	3.7
3	2	B	65	PHE	20.53	8.6
3	2	B	71	CYS	19.64	11.8
3	2	B	72	CYS	51.65	30.9
3	2	B	75	ASN	19.78	10.1
3	2	B	81	ARG	124.06	45.3
3	2	B	87	GLU	90.35	40.5
3	2	B	88	THR	80.31	46.7
3	2	B	94	ILE	76.08	38.6
3	2	B	95	SER	64.73	41.8
3	2	B	98	LYS	94.69	40.1
3	2	B	99	LYS	60.63	25.7
3	2	A	47	LEU	27.78	13.8
3	2	A	51	LEU	2.42	1.2
3	2	A	54	LEU	6.04	3.0
3	2	A	58	ILE	0.0	0.0
3	2	A	61	ILE	0.0	0.0
3	2	A	65	PHE	3.62	1.5
3	2	A	71	CYS	67.25	40.3
3	2	A	72	CYS	11.34	6.8
3	2	A	75	ASN	65.04	33.4
3	2	A	81	ARG	125.75	45.9
3	2	A	87	GLU	81.66	36.6
3	2	A	88	THR	83.66	48.6
3	2	A	94	ILE	80.77	41.0
3	2	A	95	SER	67.81	43.7
3	2	A	98	LYS	93.94	39.8
3	2	A	99	LYS	113.28	48.0
3	3	B	47	LEU	27.78	13.8
3	3	B	51	LEU	8.45	4.2
3	3	B	54	LEU	10.87	5.4
3	3	B	58	ILE	3.62	1.8
3	3	B	61	ILE	15.7	8.0
3	3	B	65	PHE	13.15	5.5
3	3	B	71	CYS	52.74	31.6
3	3	B	72	CYS	40.01	24.0
3	3	B	75	ASN	8.57	4.4
3	3	B	81	ARG	175.03	63.9
3	3	B	87	GLU	76.26	34.2
3	3	B	88	THR	92.12	53.6
3	3	B	94	ILE	84.26	42.8
3	3	B	95	SER	73.71	47.6
3	3	B	98	LYS	72.61	30.8
3	3	B	99	LYS	96.13	40.7
3	3	A	47	LEU	21.74	10.8
3	3	A	51	LEU	2.42	1.2
3	3	A	54	LEU	7.25	3.6
3	3	A	58	ILE	7.25	3.7
3	3	A	61	ILE	7.11	3.6
3	3	A	65	PHE	19.32	8.1
3	3	A	71	CYS	88.49	53.0
3	3	A	72	CYS	18.43	11.0
3	3	A	75	ASN	54.02	27.7
3	3	A	81	ARG	171.64	62.6
3	3	A	87	GLU	84.31	37.8
3	3	A	88	THR	82.46	47.9
3	3	A	94	ILE	80.77	41.0
3	3	A	95	SER	72.5	46.8
3	3	A	98	LYS	97.52	41.3
3	3	A	99	LYS	100.27	42.5
3	3	C	47	LEU	20.53	10.2
3	3	C	51	LEU	9.66	4.8
3	3	C	54	LEU	4.83	2.4
3	3	C	58	ILE	2.42	1.2
3	3	C	61	ILE	3.62	1.8
3	3	C	65	PHE	18.11	7.5
3	3	C	71	CYS	80.04	47.9
3	3	C	72	CYS	74.07	44.4
3	3	C	75	ASN	80.74	41.4
3	3	C	81	ARG	171.16	62.5
3	3	C	87	GLU	79.89	35.8
3	3	C	88	THR	90.8	52.8
3	3	C	94	ILE	97.27	49.4
3	3	C	95	SER	68.88	44.4
3	3	C	98	LYS	71.4	30.3
3	3	C	99	LYS	110.39	46.8
3	4	B	47	LEU	48.31	24.0
3	4	B	51	LEU	8.45	4.2
3	4	B	54	LEU	7.25	3.6
3	4	B	58	ILE	4.83	2.5
3	4	B	61	ILE	12.08	6.1
3	4	B	65	PHE	14.49	6.0
3	4	B	71	CYS	37.22	22.3
3	4	B	72	CYS	37.44	22.4
3	4	B	75	ASN	13.56	7.0
3	4	B	81	ARG	162.55	59.3
3	4	B	87	GLU	100.65	45.1
3	4	B	88	THR	85.03	49.4
3	4	B	94	ILE	109.62	55.6
3	4	B	95	SER	71.46	46.1
3	4	B	98	LYS	77.95	33.0
3	4	B	99	LYS	120.64	51.1
3	4	A	47	LEU	30.19	15.0
3	4	A	51	LEU	2.42	1.2
3	4	A	54	LEU	7.25	3.6
3	4	A	58	ILE	3.62	1.8
3	4	A	61	ILE	0.0	0.0
3	4	A	65	PHE	9.66	4.0
3	4	A	71	CYS	73.06	43.7
3	4	A	72	CYS	7.32	4.4
3	4	A	75	ASN	65.04	33.4
3	4	A	81	ARG	162.34	59.2
3	4	A	87	GLU	104.43	46.8
3	4	A	88	THR	84.89	49.4
3	4	A	94	ILE	122.63	62.3
3	4	A	95	SER	66.74	43.1
3	4	A	98	LYS	81.11	34.4
3	4	A	99	LYS	126.79	53.7
3	4	C	47	LEU	18.11	9.0
3	4	C	51	LEU	7.25	3.6
3	4	C	54	LEU	9.66	4.8
3	4	C	58	ILE	0.0	0.0
3	4	C	61	ILE	3.62	1.8
3	4	C	65	PHE	20.53	8.6
3	4	C	71	CYS	93.42	55.9
3	4	C	72	CYS	72.78	43.6
3	4	C	75	ASN	84.89	43.5
3	4	C	81	ARG	153.7	56.1
3	4	C	87	GLU	102.13	45.8
3	4	C	88	THR	83.53	48.6
3	4	C	94	ILE	98.89	50.2
3	4	C	95	SER	65.69	42.4
3	4	C	98	LYS	100.62	42.6
3	4	C	99	LYS	125.59	53.2
4	0	C	47	LEU	9.66	4.8
4	0	C	51	LEU	12.08	6.0
4	0	C	54	LEU	6.04	3.0
4	0	C	58	ILE	4.83	2.5
4	0	C	61	ILE	2.42	1.2
4	0	C	65	PHE	20.53	8.6
4	0	C	71	CYS	71.73	43.0
4	0	C	72	CYS	61.94	37.1
4	0	C	75	ASN	69.73	35.8
4	0	C	81	ARG	131.53	48.0
4	0	C	87	GLU	93.83	42.1
4	0	C	88	THR	87.56	50.9
4	0	C	94	ILE	73.53	37.3
4	0	C	95	SER	69.43	44.8
4	0	C	98	LYS	83.71	35.5
4	0	C	99	LYS	116.04	49.2
4	0	B	47	LEU	21.74	10.8
4	0	B	51	LEU	13.28	6.6
4	0	B	54	LEU	2.42	1.2
4	0	B	58	ILE	7.25	3.7
4	0	B	61	ILE	0.0	0.0
4	0	B	65	PHE	15.7	6.5
4	0	B	71	CYS	20.77	12.4
4	0	B	72	CYS	49.0	29.3
4	0	B	75	ASN	12.69	6.5
4	0	B	81	ARG	92.69	33.8
4	0	B	87	GLU	95.06	42.6
4	0	B	88	THR	86.21	50.1
4	0	B	94	ILE	77.15	39.2
4	0	B	95	SER	69.29	44.7
4	0	B	98	LYS	90.84	38.5
4	0	B	99	LYS	73.46	31.1
4	0	A	47	LEU	13.28	6.6
4	0	A	51	LEU	2.42	1.2
4	0	A	54	LEU	7.25	3.6
4	0	A	58	ILE	1.21	0.6
4	0	A	61	ILE	1.21	0.6
4	0	A	65	PHE	3.49	1.5
4	0	A	71	CYS	70.84	42.4
4	0	A	72	CYS	11.42	6.8
4	0	A	75	ASN	64.93	33.3
4	0	A	81	ARG	120.25	43.9
4	0	A	87	GLU	83.92	37.6
4	0	A	88	THR	91.98	53.5
4	0	A	94	ILE	75.94	38.6
4	0	A	95	SER	72.5	46.8
4	0	A	98	LYS	92.57	39.2
4	0	A	99	LYS	113.63	48.1
4	1	C	47	LEU	34.89	17.4
4	1	C	51	LEU	8.45	4.2
4	1	C	54	LEU	8.45	4.2
4	1	C	58	ILE	6.04	3.1
4	1	C	61	ILE	4.69	2.4
4	1	C	65	PHE	31.4	13.1
4	1	C	71	CYS	73.25	43.9
4	1	C	72	CYS	74.36	44.5
4	1	C	75	ASN	73.92	37.9
4	1	C	81	ARG	149.15	54.4
4	1	C	87	GLU	87.0	39.0
4	1	C	88	THR	81.52	47.4
4	1	C	94	ILE	76.08	38.6
4	1	C	95	SER	69.43	44.8
4	1	C	98	LYS	105.26	44.6
4	1	C	99	LYS	104.81	44.4
4	1	A	47	LEU	42.27	21.0
4	1	A	51	LEU	4.83	2.4
4	1	A	54	LEU	9.66	4.8
4	1	A	58	ILE	0.0	0.0
4	1	A	61	ILE	3.62	1.8
4	1	A	65	PHE	2.42	1.0
4	1	A	71	CYS	65.85	39.4
4	1	A	72	CYS	8.77	5.3
4	1	A	75	ASN	63.88	32.8
4	1	A	81	ARG	144.52	52.7
4	1	A	87	GLU	86.22	38.7
4	1	A	88	THR	76.69	44.6
4	1	A	94	ILE	79.57	40.4
4	1	A	95	SER	72.5	46.8
4	1	A	98	LYS	110.09	46.7
4	1	A	99	LYS	104.58	44.3
4	1	B	47	LEU	35.02	17.4
4	1	B	51	LEU	6.04	3.0
4	1	B	54	LEU	8.45	4.2
4	1	B	58	ILE	6.04	3.1
4	1	B	61	ILE	9.66	4.9
4	1	B	65	PHE	15.7	6.5
4	1	B	71	CYS	24.87	14.9
4	1	B	72	CYS	49.93	29.9
4	1	B	75	ASN	9.43	4.8
4	1	B	81	ARG	119.71	43.7
4	1	B	87	GLU	89.3	40.0
4	1	B	88	THR	81.38	47.3
4	1	B	94	ILE	80.64	40.9
4	1	B	95	SER	74.78	48.2
4	1	B	98	LYS	89.06	37.7
4	1	B	99	LYS	84.96	36.0
4	2	C	47	LEU	27.64	13.8
4	2	C	51	LEU	12.08	6.0
4	2	C	54	LEU	4.83	2.4
4	2	C	58	ILE	4.83	2.5
4	2	C	61	ILE	2.42	1.2
4	2	C	65	PHE	20.53	8.6
4	2	C	71	CYS	68.26	40.9
4	2	C	72	CYS	71.81	43.0
4	2	C	75	ASN	74.36	38.1
4	2	C	81	ARG	150.17	54.8
4	2	C	87	GLU	98.78	44.3
4	2	C	88	THR	83.66	48.6
4	2	C	94	ILE	99.69	50.6
4	2	C	95	SER	73.58	47.5
4	2	C	98	LYS	83.19	35.2
4	2	C	99	LYS	106.15	45.0
4	2	A	47	LEU	21.74	10.8
4	2	A	51	LEU	3.62	1.8
4	2	A	54	LEU	6.04	3.0
4	2	A	58	ILE	1.21	0.6
4	2	A	61	ILE	1.21	0.6
4	2	A	65	PHE	4.83	2.0
4	2	A	71	CYS	72.16	43.2
4	2	A	72	CYS	12.63	7.6
4	2	A	75	ASN	61.71	31.6
4	2	A	81	ARG	144.5	52.7
4	2	A	87	GLU	87.93	39.4
4	2	A	88	THR	86.24	50.1
4	2	A	94	ILE	103.31	52.4
4	2	A	95	SER	78.27	50.5
4	2	A	98	LYS	83.19	35.2
4	2	A	99	LYS	115.81	49.1
4	2	B	47	LEU	35.02	17.4
4	2	B	51	LEU	10.87	5.4
4	2	B	54	LEU	6.04	3.0
4	2	B	58	ILE	9.66	4.9
4	2	B	61	ILE	6.04	3.1
4	2	B	65	PHE	21.74	9.1
4	2	B	71	CYS	23.34	14.0
4	2	B	72	CYS	65.27	39.1
4	2	B	75	ASN	13.81	7.1
4	2	B	81	ARG	140.74	51.4
4	2	B	87	GLU	104.55	46.9
4	2	B	88	THR	87.15	50.7
4	2	B	94	ILE	105.73	53.7
4	2	B	95	SER	75.06	48.4
4	2	B	98	LYS	100.39	42.5
4	2	B	99	LYS	56.03	23.7
4	3	C	47	LEU	39.72	19.8
4	3	C	51	LEU	9.66	4.8
4	3	C	54	LEU	11.96	6.0
4	3	C	58	ILE	10.87	5.5
4	3	C	61	ILE	5.9	3.0
4	3	C	65	PHE	27.66	11.5
4	3	C	71	CYS	64.48	38.6
4	3	C	72	CYS	75.43	45.2
4	3	C	75	ASN	79.9	41.0
4	3	C	81	ARG	103.96	37.9
4	3	C	87	GLU	97.98	43.9
4	3	C	88	THR	88.77	51.6
4	3	C	94	ILE	80.77	41.0
4	3	C	95	SER	71.3	46.0
4	3	C	98	LYS	86.12	36.5
4	3	C	99	LYS	102.87	43.6
4	3	A	47	LEU	45.89	22.8
4	3	A	51	LEU	3.62	1.8
4	3	A	54	LEU	9.55	4.7
4	3	A	58	ILE	1.21	0.6
4	3	A	61	ILE	3.62	1.8
4	3	A	65	PHE	3.62	1.5
4	3	A	71	CYS	67.22	40.2
4	3	A	72	CYS	12.79	7.7
4	3	A	75	ASN	60.59	31.1
4	3	A	81	ARG	110.98	40.5
4	3	A	87	GLU	94.9	42.6
4	3	A	88	THR	82.07	47.7
4	3	A	94	ILE	77.29	39.2
4	3	A	95	SER	68.08	43.9
4	3	A	98	LYS	96.38	40.8
4	3	A	99	LYS	108.79	46.1
4	3	B	47	LEU	48.19	24.0
4	3	B	51	LEU	12.08	6.0
4	3	B	54	LEU	1.21	0.6
4	3	B	58	ILE	10.87	5.5
4	3	B	61	ILE	7.25	3.7
4	3	B	65	PHE	18.11	7.5
4	3	B	71	CYS	24.55	14.7
4	3	B	72	CYS	57.5	34.4
4	3	B	75	ASN	14.9	7.6
4	3	B	81	ARG	82.43	30.1
4	3	B	87	GLU	93.42	41.9
4	3	B	88	THR	81.79	47.6
4	3	B	94	ILE	74.74	37.9
4	3	B	95	SER	66.74	43.1
4	3	B	98	LYS	96.49	40.9
4	3	B	99	LYS	53.73	22.8
4	4	A	47	LEU	43.47	21.6
4	4	A	51	LEU	2.42	1.2
4	4	A	54	LEU	6.04	3.0
4	4	A	58	ILE	4.83	2.5
4	4	A	61	ILE	0.0	0.0
4	4	A	65	PHE	2.42	1.0
4	4	A	71	CYS	65.88	39.5
4	4	A	72	CYS	7.56	4.5
4	4	A	75	ASN	55.61	28.5
4	4	A	81	ARG	135.45	49.4
4	4	A	87	GLU	82.71	37.1
4	4	A	88	THR	88.9	51.7
4	4	A	94	ILE	51.93	26.4
4	4	A	95	SER	54.14	34.9
4	4	A	98	LYS	88.61	37.5
4	4	A	99	LYS	139.67	59.2
4	4	B	47	LEU	59.17	29.4
4	4	B	51	LEU	10.87	5.4
4	4	B	54	LEU	6.04	3.0
4	4	B	58	ILE	6.04	3.1
4	4	B	61	ILE	4.83	2.5
4	4	B	65	PHE	22.94	9.6
4	4	B	71	CYS	29.77	17.8
4	4	B	72	CYS	52.85	31.6
4	4	B	75	ASN	5.9	3.0
4	4	B	81	ARG	143.4	52.3
4	4	B	87	GLU	86.86	39.0
4	4	B	88	THR	86.37	50.2
4	4	B	94	ILE	55.55	28.2
4	4	B	95	SER	72.78	47.0
4	4	B	98	LYS	86.42	36.6
4	4	B	99	LYS	111.67	47.3
4	4	C	47	LEU	27.78	13.8
4	4	C	51	LEU	10.87	5.4
4	4	C	54	LEU	7.25	3.6
4	4	C	58	ILE	4.83	2.5
4	4	C	61	ILE	3.49	1.8
4	4	C	65	PHE	20.53	8.6
4	4	C	71	CYS	87.19	52.2
4	4	C	72	CYS	78.49	47.0
4	4	C	75	ASN	72.31	37.1
4	4	C	81	ARG	129.75	47.4
4	4	C	87	GLU	94.01	42.2
4	4	C	88	THR	88.65	51.5
4	4	C	94	ILE	50.72	25.7
4	4	C	95	SER	55.48	35.8
4	4	C	98	LYS	87.4	37.0
4	4	C	99	LYS	142.34	60.3
5	0	B	47	LEU	37.44	18.6
5	0	B	51	LEU	8.45	4.2
5	0	B	54	LEU	4.83	2.4
5	0	B	58	ILE	7.25	3.7
5	0	B	61	ILE	2.42	1.2
5	0	B	65	PHE	15.7	6.5
5	0	B	71	CYS	20.85	12.5
5	0	B	72	CYS	53.87	32.3
5	0	B	75	ASN	16.43	8.4
5	0	B	81	ARG	134.47	49.1
5	0	B	87	GLU	98.37	44.1
5	0	B	88	THR	85.28	49.6
5	0	B	94	ILE	74.6	37.9
5	0	B	95	SER	75.06	48.4
5	0	B	98	LYS	108.04	45.8
5	0	B	99	LYS	94.17	39.9
5	0	A	47	LEU	26.57	13.2
5	0	A	51	LEU	2.42	1.2
5	0	A	54	LEU	7.25	3.6
5	0	A	58	ILE	2.42	1.2
5	0	A	61	ILE	1.21	0.6
5	0	A	65	PHE	2.42	1.0
5	0	A	71	CYS	72.05	43.1
5	0	A	72	CYS	12.55	7.5
5	0	A	75	ASN	59.21	30.4
5	0	A	81	ARG	128.43	46.9
5	0	A	87	GLU	105.48	47.3
5	0	A	88	THR	87.83	51.1
5	0	A	94	ILE	74.74	37.9
5	0	A	95	SER	70.23	45.3
5	0	A	98	LYS	98.27	41.6
5	0	A	99	LYS	87.38	37.0
5	0	C	47	LEU	24.15	12.0
5	0	C	51	LEU	10.87	5.4
5	0	C	54	LEU	8.45	4.2
5	0	C	58	ILE	3.62	1.8
5	0	C	61	ILE	4.83	2.5
5	0	C	65	PHE	25.36	10.6
5	0	C	71	CYS	68.38	40.9
5	0	C	72	CYS	73.07	43.8
5	0	C	75	ASN	82.09	42.1
5	0	C	81	ARG	133.13	48.6
5	0	C	87	GLU	91.03	40.8
5	0	C	88	THR	87.69	51.0
5	0	C	94	ILE	78.22	39.7
5	0	C	95	SER	69.43	44.8
5	0	C	98	LYS	103.33	43.8
5	0	C	99	LYS	82.14	34.8
5	1	C	47	LEU	25.36	12.6
5	1	C	51	LEU	8.45	4.2
5	1	C	54	LEU	7.25	3.6
5	1	C	58	ILE	8.45	4.3
5	1	C	61	ILE	2.42	1.2
5	1	C	65	PHE	21.74	9.1
5	1	C	71	CYS	74.27	44.5
5	1	C	72	CYS	75.78	45.4
5	1	C	75	ASN	64.41	33.0
5	1	C	81	ARG	122.03	44.5
5	1	C	87	GLU	90.53	40.6
5	1	C	88	THR	88.9	51.7
5	1	C	94	ILE	72.46	36.8
5	1	C	95	SER	68.08	43.9
5	1	C	98	LYS	80.84	34.3
5	1	C	99	LYS	104.31	44.2
5	1	A	47	LEU	21.74	10.8
5	1	A	51	LEU	2.42	1.2
5	1	A	54	LEU	7.25	3.6
5	1	A	58	ILE	7.25	3.7
5	1	A	61	ILE	2.42	1.2
5	1	A	65	PHE	3.62	1.5
5	1	A	71	CYS	69.82	41.8
5	1	A	72	CYS	7.4	4.4
5	1	A	75	ASN	44.42	22.8
5	1	A	81	ARG	150.81	55.0
5	1	A	87	GLU	86.08	38.6
5	1	A	88	THR	84.87	49.3
5	1	A	94	ILE	68.7	34.9
5	1	A	95	SER	73.85	47.6
5	1	A	98	LYS	86.88	36.8
5	1	A	99	LYS	95.62	40.5
5	1	B	47	LEU	28.98	14.4
5	1	B	51	LEU	9.66	4.8
5	1	B	54	LEU	6.04	3.0
5	1	B	58	ILE	8.45	4.3
5	1	B	61	ILE	12.08	6.1
5	1	B	65	PHE	18.11	7.5
5	1	B	71	CYS	39.8	23.8
5	1	B	72	CYS	58.06	34.8
5	1	B	75	ASN	2.28	1.2
5	1	B	81	ARG	109.32	39.9
5	1	B	87	GLU	90.48	40.6
5	1	B	88	THR	90.91	52.9
5	1	B	94	ILE	68.83	34.9
5	1	B	95	SER	71.3	46.0
5	1	B	98	LYS	86.65	36.7
5	1	B	99	LYS	99.02	42.0
5	2	A	47	LEU	20.53	10.2
5	2	A	51	LEU	0.0	0.0
5	2	A	54	LEU	7.25	3.6
5	2	A	58	ILE	3.62	1.8
5	2	A	61	ILE	2.42	1.2
5	2	A	65	PHE	2.42	1.0
5	2	A	71	CYS	66.82	40.0
5	2	A	72	CYS	10.14	6.1
5	2	A	75	ASN	55.74	28.6
5	2	A	81	ARG	139.66	51.0
5	2	A	87	GLU	82.44	37.0
5	2	A	88	THR	86.35	50.2
5	2	A	94	ILE	93.92	47.7
5	2	A	95	SER	73.85	47.6
5	2	A	98	LYS	89.0	37.7
5	2	A	99	LYS	112.08	47.5
5	2	B	47	LEU	25.36	12.6
5	2	B	51	LEU	6.04	3.0
5	2	B	54	LEU	10.87	5.4
5	2	B	58	ILE	3.62	1.8
5	2	B	61	ILE	9.66	4.9
5	2	B	65	PHE	12.08	5.0
5	2	B	71	CYS	26.85	16.1
5	2	B	72	CYS	48.78	29.2
5	2	B	75	ASN	10.53	5.4
5	2	B	81	ARG	108.7	39.7
5	2	B	87	GLU	104.68	46.9
5	2	B	88	THR	87.56	50.9
5	2	B	94	ILE	97.55	49.5
5	2	B	95	SER	79.61	51.4
5	2	B	98	LYS	90.09	38.2
5	2	B	99	LYS	85.6	36.3
5	2	C	47	LEU	18.11	9.0
5	2	C	51	LEU	9.66	4.8
5	2	C	54	LEU	3.62	1.8
5	2	C	58	ILE	1.21	0.6
5	2	C	61	ILE	0.0	0.0
5	2	C	65	PHE	22.67	9.4
5	2	C	71	CYS	68.3	40.9
5	2	C	72	CYS	67.17	40.2
5	2	C	75	ASN	67.57	34.7
5	2	C	81	ARG	137.82	50.3
5	2	C	87	GLU	97.44	43.7
5	2	C	88	THR	92.14	53.6
5	2	C	94	ILE	97.41	49.4
5	2	C	95	SER	76.26	49.2
5	2	C	98	LYS	85.83	36.4
5	2	C	99	LYS	118.23	50.1
5	3	A	47	LEU	19.32	9.6
5	3	A	51	LEU	0.0	0.0
5	3	A	54	LEU	8.45	4.2
5	3	A	58	ILE	4.83	2.5
5	3	A	61	ILE	1.21	0.6
5	3	A	65	PHE	3.62	1.5
5	3	A	71	CYS	70.44	42.2
5	3	A	72	CYS	14.97	9.0
5	3	A	75	ASN	60.5	31.0
5	3	A	81	ARG	152.5	55.7
5	3	A	87	GLU	84.08	37.7
5	3	A	88	THR	85.96	50.0
5	3	A	94	ILE	89.23	45.3
5	3	A	95	SER	74.92	48.3
5	3	A	98	LYS	108.79	46.1
5	3	A	99	LYS	105.4	44.7
5	3	B	47	LEU	25.25	12.6
5	3	B	51	LEU	10.87	5.4
5	3	B	54	LEU	2.42	1.2
5	3	B	58	ILE	7.25	3.7
5	3	B	61	ILE	8.45	4.3
5	3	B	65	PHE	19.32	8.1
5	3	B	71	CYS	22.13	13.3
5	3	B	72	CYS	47.89	28.7
5	3	B	75	ASN	19.57	10.0
5	3	B	81	ARG	156.14	57.0
5	3	B	87	GLU	88.09	39.5
5	3	B	88	THR	82.48	48.0
5	3	B	94	ILE	94.2	47.8
5	3	B	95	SER	70.36	45.4
5	3	B	98	LYS	83.25	35.3
5	3	B	99	LYS	61.2	25.9
5	3	C	47	LEU	24.02	11.9
5	3	C	51	LEU	9.66	4.8
5	3	C	54	LEU	9.66	4.8
5	3	C	58	ILE	6.04	3.1
5	3	C	61	ILE	0.0	0.0
5	3	C	65	PHE	21.33	8.9
5	3	C	71	CYS	69.31	41.5
5	3	C	72	CYS	54.33	32.5
5	3	C	75	ASN	80.1	41.1
5	3	C	81	ARG	154.84	56.5
5	3	C	87	GLU	93.72	42.0
5	3	C	88	THR	83.8	48.7
5	3	C	94	ILE	90.57	46.0
5	3	C	95	SER	80.69	52.1
5	3	C	98	LYS	114.7	48.6
5	3	C	99	LYS	106.31	45.0
5	4	A	47	LEU	43.47	21.6
5	4	A	51	LEU	4.83	2.4
5	4	A	54	LEU	8.45	4.2
5	4	A	58	ILE	3.62	1.8
5	4	A	61	ILE	4.83	2.5
5	4	A	65	PHE	20.39	8.5
5	4	A	71	CYS	61.83	37.0
5	4	A	72	CYS	26.39	15.8
5	4	A	75	ASN	76.71	39.3
5	4	A	81	ARG	154.59	56.4
5	4	A	87	GLU	89.16	40.0
5	4	A	88	THR	82.59	48.0
5	4	A	94	ILE	72.32	36.7
5	4	A	95	SER	70.36	45.4
5	4	A	98	LYS	108.89	46.1
5	4	A	99	LYS	117.25	49.7
5	4	B	47	LEU	26.57	13.2
5	4	B	51	LEU	10.87	5.4
5	4	B	54	LEU	4.83	2.4
5	4	B	58	ILE	7.25	3.7
5	4	B	61	ILE	10.87	5.5
5	4	B	65	PHE	20.39	8.5
5	4	B	71	CYS	62.69	37.5
5	4	B	72	CYS	29.85	17.9
5	4	B	75	ASN	25.32	13.0
5	4	B	81	ARG	152.27	55.6
5	4	B	87	GLU	91.71	41.1
5	4	B	88	THR	83.8	48.7
5	4	B	94	ILE	100.9	51.2
5	4	B	95	SER	75.06	48.4
5	4	B	98	LYS	108.27	45.9
5	4	B	99	LYS	115.56	49.0
5	4	C	47	LEU	21.74	10.8
5	4	C	51	LEU	9.66	4.8
5	4	C	54	LEU	6.04	3.0
5	4	C	58	ILE	7.25	3.7
5	4	C	61	ILE	7.25	3.7
5	4	C	65	PHE	23.9	10.0
5	4	C	71	CYS	71.81	43.0
5	4	C	72	CYS	63.39	38.0
5	4	C	75	ASN	80.06	41.1
5	4	C	81	ARG	157.31	57.4
5	4	C	87	GLU	94.4	42.3
5	4	C	88	THR	87.42	50.8
5	4	C	94	ILE	74.74	37.9
5	4	C	95	SER	71.57	46.2
5	4	C	98	LYS	100.57	42.6
5	4	C	99	LYS	110.12	46.7
6	0	A	47	LEU	22.94	11.4
6	0	A	51	LEU	4.83	2.4
6	0	A	54	LEU	8.45	4.2
6	0	A	58	ILE	3.62	1.8
6	0	A	61	ILE	1.21	0.6
6	0	A	65	PHE	8.45	3.5
6	0	A	71	CYS	68.38	40.9
6	0	A	72	CYS	3.62	2.2
6	0	A	75	ASN	60.57	31.1
6	0	A	81	ARG	156.01	56.9
6	0	A	87	GLU	84.9	38.1
6	0	A	88	THR	83.66	48.6
6	0	A	94	ILE	74.87	38.0
6	0	A	95	SER	65.8	42.5
6	0	A	98	LYS	107.82	45.7
6	0	A	99	LYS	89.34	37.9
6	0	B	47	LEU	48.31	24.0
6	0	B	51	LEU	10.87	5.4
6	0	B	54	LEU	3.62	1.8
6	0	B	58	ILE	9.66	4.9
6	0	B	61	ILE	13.28	6.7
6	0	B	65	PHE	14.49	6.0
6	0	B	71	CYS	37.22	22.3
6	0	B	72	CYS	39.77	23.8
6	0	B	75	ASN	9.39	4.8
6	0	B	81	ARG	151.56	55.3
6	0	B	87	GLU	87.29	39.1
6	0	B	88	THR	83.94	48.8
6	0	B	94	ILE	78.38	39.8
6	0	B	95	SER	73.58	47.5
6	0	B	98	LYS	108.91	46.1
6	0	B	99	LYS	81.34	34.5
6	0	C	47	LEU	8.45	4.2
6	0	C	51	LEU	9.66	4.8
6	0	C	54	LEU	7.25	3.6
6	0	C	58	ILE	4.83	2.5
6	0	C	61	ILE	3.62	1.8
6	0	C	65	PHE	16.91	7.0
6	0	C	71	CYS	67.01	40.1
6	0	C	72	CYS	42.96	25.7
6	0	C	75	ASN	66.63	34.2
6	0	C	81	ARG	159.29	58.1
6	0	C	87	GLU	85.28	38.2
6	0	C	88	THR	84.07	48.9
6	0	C	94	ILE	76.08	38.6
6	0	C	95	SER	71.43	46.1
6	0	C	98	LYS	113.6	48.1
6	0	C	99	LYS	85.37	36.2
6	1	B	47	LEU	74.87	37.3
6	1	B	51	LEU	12.08	6.0
6	1	B	54	LEU	8.34	4.1
6	1	B	58	ILE	10.87	5.5
6	1	B	61	ILE	3.62	1.8
6	1	B	65	PHE	25.22	10.5
6	1	B	71	CYS	18.51	11.1
6	1	B	72	CYS	59.08	35.4
6	1	B	75	ASN	15.97	8.2
6	1	B	81	ARG	118.12	43.1
6	1	B	87	GLU	86.22	38.7
6	1	B	88	THR	86.08	50.0
6	1	B	94	ILE	91.51	46.5
6	1	B	95	SER	72.78	47.0
6	1	B	98	LYS	112.3	47.6
6	1	B	99	LYS	49.12	20.8
6	1	A	47	LEU	57.42	28.6
6	1	A	51	LEU	12.08	6.0
6	1	A	54	LEU	7.25	3.6
6	1	A	58	ILE	1.21	0.6
6	1	A	61	ILE	3.62	1.8
6	1	A	65	PHE	4.83	2.0
6	1	A	71	CYS	69.55	41.6
6	1	A	72	CYS	11.34	6.8
6	1	A	75	ASN	61.71	31.6
6	1	A	81	ARG	150.81	55.0
6	1	A	87	GLU	76.28	34.2
6	1	A	88	THR	80.45	46.8
6	1	A	94	ILE	91.37	46.4
6	1	A	95	SER	73.98	47.7
6	1	A	98	LYS	116.04	49.2
6	1	A	99	LYS	109.66	46.5
6	1	C	47	LEU	37.3	18.6
6	1	C	51	LEU	9.66	4.8
6	1	C	54	LEU	9.66	4.8
6	1	C	58	ILE	6.04	3.1
6	1	C	61	ILE	15.56	7.9
6	1	C	65	PHE	39.49	16.5
6	1	C	71	CYS	65.69	39.3
6	1	C	72	CYS	71.57	42.9
6	1	C	75	ASN	71.14	36.5
6	1	C	81	ARG	150.92	55.1
6	1	C	87	GLU	85.95	38.5
6	1	C	88	THR	84.07	48.9
6	1	C	94	ILE	92.44	46.9
6	1	C	95	SER	76.13	49.1
6	1	C	98	LYS	120.76	51.2
6	1	C	99	LYS	113.63	48.1
6	2	B	47	LEU	36.23	18.0
6	2	B	51	LEU	10.87	5.4
6	2	B	54	LEU	6.04	3.0
6	2	B	58	ILE	10.87	5.5
6	2	B	61	ILE	12.08	6.1
6	2	B	65	PHE	14.49	6.0
6	2	B	71	CYS	34.92	20.9
6	2	B	72	CYS	28.8	17.2
6	2	B	75	ASN	6.72	3.4
6	2	B	81	ARG	145.82	53.2
6	2	B	87	GLU	87.15	39.1
6	2	B	88	THR	82.86	48.2
6	2	B	94	ILE	77.29	39.2
6	2	B	95	SER	59.37	38.3
6	2	B	98	LYS	95.15	40.3
6	2	B	99	LYS	100.0	42.4
6	2	A	47	LEU	42.27	21.0
6	2	A	51	LEU	8.45	4.2
6	2	A	54	LEU	7.25	3.6
6	2	A	58	ILE	3.62	1.8
6	2	A	61	ILE	2.42	1.2
6	2	A	65	PHE	6.04	2.5
6	2	A	71	CYS	69.67	41.7
6	2	A	72	CYS	6.12	3.7
6	2	A	75	ASN	55.97	28.7
6	2	A	81	ARG	152.7	55.7
6	2	A	87	GLU	94.4	42.3
6	2	A	88	THR	85.14	49.5
6	2	A	94	ILE	69.77	35.4
6	2	A	95	SER	61.65	39.8
6	2	A	98	LYS	86.06	36.5
6	2	A	99	LYS	78.22	33.1
6	2	C	47	LEU	21.6	10.7
6	2	C	51	LEU	8.45	4.2
6	2	C	54	LEU	10.87	5.4
6	2	C	58	ILE	4.83	2.5
6	2	C	61	ILE	2.42	1.2
6	2	C	65	PHE	31.4	13.1
6	2	C	71	CYS	60.97	36.5
6	2	C	72	CYS	62.1	37.2
6	2	C	75	ASN	83.52	42.8
6	2	C	81	ARG	148.85	54.3
6	2	C	87	GLU	85.95	38.5
6	2	C	88	THR	81.66	47.5
6	2	C	94	ILE	74.87	38.0
6	2	C	95	SER	63.13	40.7
6	2	C	98	LYS	99.98	42.4
6	2	C	99	LYS	84.76	35.9
6	3	A	47	LEU	45.89	22.8
6	3	A	51	LEU	10.87	5.4
6	3	A	54	LEU	6.04	3.0
6	3	A	58	ILE	3.62	1.8
6	3	A	61	ILE	2.42	1.2
6	3	A	65	PHE	5.9	2.5
6	3	A	71	CYS	56.58	33.9
6	3	A	72	CYS	14.73	8.8
6	3	A	75	ASN	56.2	28.8
6	3	A	81	ARG	160.67	58.6
6	3	A	87	GLU	90.23	40.5
6	3	A	88	THR	87.42	50.8
6	3	A	94	ILE	77.15	39.2
6	3	A	95	SER	72.91	47.0
6	3	A	98	LYS	94.1	39.9
6	3	A	99	LYS	132.06	56.0
6	3	B	47	LEU	59.17	29.4
6	3	B	51	LEU	8.45	4.2
6	3	B	54	LEU	8.45	4.2
6	3	B	58	ILE	2.42	1.2
6	3	B	61	ILE	12.08	6.1
6	3	B	65	PHE	24.15	10.1
6	3	B	71	CYS	49.42	29.6
6	3	B	72	CYS	41.44	24.8
6	3	B	75	ASN	13.06	6.7
6	3	B	81	ARG	160.79	58.7
6	3	B	87	GLU	93.86	42.1
6	3	B	88	THR	84.07	48.9
6	3	B	94	ILE	83.05	42.2
6	3	B	95	SER	70.77	45.7
6	3	B	98	LYS	99.16	42.0
6	3	B	99	LYS	125.57	53.2
6	3	C	47	LEU	32.61	16.2
6	3	C	51	LEU	10.87	5.4
6	3	C	54	LEU	7.25	3.6
6	3	C	58	ILE	1.21	0.6
6	3	C	61	ILE	1.21	0.6
6	3	C	65	PHE	46.55	19.4
6	3	C	71	CYS	59.37	35.6
6	3	C	72	CYS	73.1	43.8
6	3	C	75	ASN	99.06	50.8
6	3	C	81	ARG	160.04	58.4
6	3	C	87	GLU	91.69	41.1
6	3	C	88	THR	87.56	50.9
6	3	C	94	ILE	73.53	37.3
6	3	C	95	SER	67.15	43.3
6	3	C	98	LYS	84.69	35.9
6	3	C	99	LYS	125.59	53.2
6	4	B	47	LEU	30.19	15.0
6	4	B	51	LEU	8.45	4.2
6	4	B	54	LEU	1.21	0.6
6	4	B	58	ILE	7.25	3.7
6	4	B	61	ILE	6.04	3.1
6	4	B	65	PHE	11.94	5.0
6	4	B	71	CYS	22.02	13.2
6	4	B	72	CYS	37.28	22.3
6	4	B	75	ASN	15.01	7.7
6	4	B	81	ARG	124.43	45.4
6	4	B	87	GLU	92.22	41.4
6	4	B	88	THR	84.87	49.3
6	4	B	94	ILE	95.13	48.3
6	4	B	95	SER	76.4	49.3
6	4	B	98	LYS	118.23	50.1
6	4	B	99	LYS	66.67	28.2
6	4	A	47	LEU	16.91	8.4
6	4	A	51	LEU	2.42	1.2
6	4	A	54	LEU	7.25	3.6
6	4	A	58	ILE	3.62	1.8
6	4	A	61	ILE	1.21	0.6
6	4	A	65	PHE	4.83	2.0
6	4	A	71	CYS	64.52	38.6
6	4	A	72	CYS	9.98	6.0
6	4	A	75	ASN	53.76	27.6
6	4	A	81	ARG	145.0	52.9
6	4	A	87	GLU	76.01	34.1
6	4	A	88	THR	85.01	49.4
6	4	A	94	ILE	94.99	48.2
6	4	A	95	SER	73.85	47.6
6	4	A	98	LYS	121.33	51.4
6	4	A	99	LYS	113.4	48.0
6	4	C	47	LEU	19.32	9.6
6	4	C	51	LEU	8.45	4.2
6	4	C	54	LEU	8.45	4.2
6	4	C	58	ILE	3.62	1.8
6	4	C	61	ILE	3.62	1.8
6	4	C	65	PHE	16.91	7.0
6	4	C	71	CYS	70.68	42.3
6	4	C	72	CYS	41.38	24.8
6	4	C	75	ASN	70.01	35.9
6	4	C	81	ARG	142.36	52.0
6	4	C	87	GLU	93.15	41.8
6	4	C	88	THR	85.01	49.4
6	4	C	94	ILE	97.41	49.4
6	4	C	95	SER	81.89	52.8
6	4	C	98	LYS	112.65	47.7
6	4	C	99	LYS	119.21	50.5
7	0	B	47	LEU	51.93	25.8
7	0	B	51	LEU	10.87	5.4
7	0	B	54	LEU	3.62	1.8
7	0	B	58	ILE	10.87	5.5
7	0	B	61	ILE	4.83	2.5
7	0	B	65	PHE	20.53	8.6
7	0	B	71	CYS	19.72	11.8
7	0	B	72	CYS	66.27	39.7
7	0	B	75	ASN	19.57	10.0
7	0	B	81	ARG	124.65	45.5
7	0	B	87	GLU	79.89	35.8
7	0	B	88	THR	82.86	48.2
7	0	B	94	ILE	72.32	36.7
7	0	B	95	SER	72.64	46.9
7	0	B	98	LYS	82.16	34.8
7	0	B	99	LYS	56.71	24.0
7	0	A	47	LEU	42.27	21.0
7	0	A	51	LEU	3.62	1.8
7	0	A	54	LEU	4.83	2.4
7	0	A	58	ILE	0.0	0.0
7	0	A	61	ILE	4.83	2.5
7	0	A	65	PHE	0.0	0.0
7	0	A	71	CYS	70.68	42.3
7	0	A	72	CYS	10.22	6.1
7	0	A	75	ASN	66.27	34.0
7	0	A	81	ARG	158.85	58.0
7	0	A	87	GLU	66.09	29.6
7	0	A	88	THR	83.8	48.7
7	0	A	94	ILE	66.42	33.7
7	0	A	95	SER	71.71	46.3
7	0	A	98	LYS	86.53	36.7
7	0	A	99	LYS	118.46	50.2
7	0	C	47	LEU	18.11	9.0
7	0	C	51	LEU	9.66	4.8
7	0	C	54	LEU	6.04	3.0
7	0	C	58	ILE	4.83	2.5
7	0	C	61	ILE	11.8	6.0
7	0	C	65	PHE	33.7	14.0
7	0	C	71	CYS	68.26	40.9
7	0	C	72	CYS	74.07	44.4
7	0	C	75	ASN	80.03	41.0
7	0	C	81	ARG	168.4	61.5
7	0	C	87	GLU	71.71	32.2
7	0	C	88	THR	85.14	49.5
7	0	C	94	ILE	77.15	39.2
7	0	C	95	SER	73.71	47.6
7	0	C	98	LYS	85.33	36.2
7	0	C	99	LYS	121.96	51.7
7	1	A	47	LEU	22.94	11.4
7	1	A	51	LEU	3.62	1.8
7	1	A	54	LEU	8.45	4.2
7	1	A	58	ILE	0.0	0.0
7	1	A	61	ILE	2.42	1.2
7	1	A	65	PHE	3.49	1.5
7	1	A	71	CYS	73.25	43.9
7	1	A	72	CYS	10.06	6.0
7	1	A	75	ASN	60.21	30.9
7	1	A	81	ARG	149.24	54.5
7	1	A	87	GLU	89.0	39.9
7	1	A	88	THR	87.44	50.8
7	1	A	94	ILE	43.47	22.1
7	1	A	95	SER	72.64	46.9
7	1	A	98	LYS	76.12	32.3
7	1	A	99	LYS	115.29	48.9
7	1	B	47	LEU	38.64	19.2
7	1	B	51	LEU	6.04	3.0
7	1	B	54	LEU	2.42	1.2
7	1	B	58	ILE	4.83	2.5
7	1	B	61	ILE	3.62	1.8
7	1	B	65	PHE	15.56	6.5
7	1	B	71	CYS	25.72	15.4
7	1	B	72	CYS	41.75	25.0
7	1	B	75	ASN	14.15	7.3
7	1	B	81	ARG	132.74	48.4
7	1	B	87	GLU	99.58	44.7
7	1	B	88	THR	79.93	46.5
7	1	B	94	ILE	41.06	20.8
7	1	B	95	SER	75.85	48.9
7	1	B	98	LYS	82.91	35.1
7	1	B	99	LYS	108.91	46.1
7	1	C	47	LEU	25.36	12.6
7	1	C	51	LEU	7.25	3.6
7	1	C	54	LEU	9.66	4.8
7	1	C	58	ILE	1.21	0.6
7	1	C	61	ILE	2.42	1.2
7	1	C	65	PHE	16.91	7.0
7	1	C	71	CYS	74.38	44.5
7	1	C	72	CYS	68.22	40.9
7	1	C	75	ASN	71.96	36.9
7	1	C	81	ARG	147.19	53.7
7	1	C	87	GLU	103.2	46.3
7	1	C	88	THR	83.69	48.7
7	1	C	94	ILE	51.93	26.4
7	1	C	95	SER	72.64	46.9
7	1	C	98	LYS	69.33	29.4
7	1	C	99	LYS	108.79	46.1
7	2	C	47	LEU	25.22	12.5
7	2	C	51	LEU	12.08	6.0
7	2	C	54	LEU	13.28	6.6
7	2	C	58	ILE	3.62	1.8
7	2	C	61	ILE	1.21	0.6
7	2	C	65	PHE	20.53	8.6
7	2	C	71	CYS	85.91	51.4
7	2	C	72	CYS	73.07	43.8
7	2	C	75	ASN	93.1	47.7
7	2	C	81	ARG	166.83	60.9
7	2	C	87	GLU	98.78	44.3
7	2	C	88	THR	81.38	47.3
7	2	C	94	ILE	94.06	47.7
7	2	C	95	SER	69.29	44.7
7	2	C	98	LYS	76.46	32.4
7	2	C	99	LYS	127.34	54.0
7	2	A	47	LEU	22.94	11.4
7	2	A	51	LEU	1.21	0.6
7	2	A	54	LEU	10.87	5.4
7	2	A	58	ILE	2.42	1.2
7	2	A	61	ILE	1.21	0.6
7	2	A	65	PHE	2.42	1.0
7	2	A	71	CYS	63.31	37.9
7	2	A	72	CYS	10.14	6.1
7	2	A	75	ASN	61.51	31.5
7	2	A	81	ARG	178.45	65.1
7	2	A	87	GLU	81.5	36.5
7	2	A	88	THR	81.66	47.5
7	2	A	94	ILE	90.57	46.0
7	2	A	95	SER	75.85	48.9
7	2	A	98	LYS	89.93	38.1
7	2	A	99	LYS	120.35	51.0
7	2	B	47	LEU	27.78	13.8
7	2	B	51	LEU	9.66	4.8
7	2	B	54	LEU	4.83	2.4
7	2	B	58	ILE	8.45	4.3
7	2	B	61	ILE	8.45	4.3
7	2	B	65	PHE	18.11	7.5
7	2	B	71	CYS	20.85	12.5
7	2	B	72	CYS	53.93	32.3
7	2	B	75	ASN	20.92	10.7
7	2	B	81	ARG	143.43	52.3
7	2	B	87	GLU	99.19	44.5
7	2	B	88	THR	71.86	41.8
7	2	B	94	ILE	92.72	47.1
7	2	B	95	SER	75.99	49.0
7	2	B	98	LYS	78.42	33.2
7	2	B	99	LYS	79.54	33.7
7	3	B	47	LEU	35.02	17.4
7	3	B	51	LEU	12.08	6.0
7	3	B	54	LEU	3.62	1.8
7	3	B	58	ILE	12.08	6.1
7	3	B	61	ILE	7.25	3.7
7	3	B	65	PHE	16.91	7.0
7	3	B	71	CYS	25.72	15.4
7	3	B	72	CYS	62.78	37.6
7	3	B	75	ASN	16.43	8.4
7	3	B	81	ARG	145.94	53.3
7	3	B	87	GLU	92.51	41.5
7	3	B	88	THR	87.31	50.8
7	3	B	94	ILE	77.02	39.1
7	3	B	95	SER	78.27	50.5
7	3	B	98	LYS	84.12	35.6
7	3	B	99	LYS	83.3	35.3
7	3	A	47	LEU	28.98	14.4
7	3	A	51	LEU	3.62	1.8
7	3	A	54	LEU	12.08	6.0
7	3	A	58	ILE	4.83	2.5
7	3	A	61	ILE	2.42	1.2
7	3	A	65	PHE	3.62	1.5
7	3	A	71	CYS	67.14	40.2
7	3	A	72	CYS	10.06	6.0
7	3	A	75	ASN	66.18	33.9
7	3	A	81	ARG	157.1	57.3
7	3	A	87	GLU	77.08	34.6
7	3	A	88	THR	88.24	51.3
7	3	A	94	ILE	79.57	40.4
7	3	A	95	SER	75.99	49.0
7	3	A	98	LYS	85.55	36.3
7	3	A	99	LYS	115.7	49.0
7	3	C	47	LEU	27.64	13.8
7	3	C	51	LEU	12.08	6.0
7	3	C	54	LEU	4.83	2.4
7	3	C	58	ILE	14.49	7.4
7	3	C	61	ILE	4.83	2.5
7	3	C	65	PHE	24.15	10.1
7	3	C	71	CYS	64.4	38.6
7	3	C	72	CYS	71.79	43.0
7	3	C	75	ASN	85.75	44.0
7	3	C	81	ARG	154.05	56.2
7	3	C	87	GLU	88.07	39.5
7	3	C	88	THR	87.42	50.8
7	3	C	94	ILE	77.15	39.2
7	3	C	95	SER	70.23	45.3
7	3	C	98	LYS	80.95	34.3
7	3	C	99	LYS	110.23	46.7
7	4	B	47	LEU	15.7	7.8
7	4	B	51	LEU	7.25	3.6
7	4	B	54	LEU	13.28	6.6
7	4	B	58	ILE	1.21	0.6
7	4	B	61	ILE	13.28	6.7
7	4	B	65	PHE	12.08	5.0
7	4	B	71	CYS	45.3	27.1
7	4	B	72	CYS	59.59	35.7
7	4	B	75	ASN	22.97	11.8
7	4	B	81	ARG	111.96	40.9
7	4	B	87	GLU	92.12	41.3
7	4	B	88	THR	87.69	51.0
7	4	B	94	ILE	71.11	36.1
7	4	B	95	SER	68.08	43.9
7	4	B	98	LYS	103.1	43.7
7	4	B	99	LYS	119.66	50.7
7	4	A	47	LEU	26.45	13.2
7	4	A	51	LEU	1.21	0.6
7	4	A	54	LEU	6.04	3.0
7	4	A	58	ILE	2.42	1.2
7	4	A	61	ILE	0.0	0.0
7	4	A	65	PHE	13.28	5.5
7	4	A	71	CYS	64.4	38.6
7	4	A	72	CYS	17.38	10.4
7	4	A	75	ASN	74.36	38.1
7	4	A	81	ARG	127.53	46.5
7	4	A	87	GLU	93.99	42.1
7	4	A	88	THR	87.42	50.8
7	4	A	94	ILE	68.83	34.9
7	4	A	95	SER	71.43	46.1
7	4	A	98	LYS	99.36	42.1
7	4	A	99	LYS	114.47	48.5
7	4	C	47	LEU	16.91	8.4
7	4	C	51	LEU	8.45	4.2
7	4	C	54	LEU	13.28	6.6
7	4	C	58	ILE	1.21	0.6
7	4	C	61	ILE	1.21	0.6
7	4	C	65	PHE	15.7	6.5
7	4	C	71	CYS	68.03	40.7
7	4	C	72	CYS	78.14	46.8
7	4	C	75	ASN	79.05	40.5
7	4	C	81	ARG	107.93	39.4
7	4	C	87	GLU	94.26	42.3
7	4	C	88	THR	86.9	50.5
7	4	C	94	ILE	75.94	38.6
7	4	C	95	SER	74.12	47.8
7	4	C	98	LYS	96.17	40.8
7	4	C	99	LYS	114.72	48.6
8	0	B	47	LEU	24.15	12.0
8	0	B	51	LEU	9.66	4.8
8	0	B	54	LEU	3.62	1.8
8	0	B	58	ILE	10.87	5.5
8	0	B	61	ILE	9.66	4.9
8	0	B	65	PHE	13.15	5.5
8	0	B	71	CYS	30.9	18.5
8	0	B	72	CYS	50.14	30.0
8	0	B	75	ASN	14.13	7.2
8	0	B	81	ARG	161.36	58.9
8	0	B	87	GLU	83.92	37.6
8	0	B	88	THR	80.06	46.5
8	0	B	94	ILE	71.25	36.2
8	0	B	95	SER	72.64	46.9
8	0	B	98	LYS	105.4	44.7
8	0	B	99	LYS	76.74	32.5
8	0	A	47	LEU	13.28	6.6
8	0	A	51	LEU	2.42	1.2
8	0	A	54	LEU	7.25	3.6
8	0	A	58	ILE	6.04	3.1
8	0	A	61	ILE	2.42	1.2
8	0	A	65	PHE	6.04	2.5
8	0	A	71	CYS	64.52	38.6
8	0	A	72	CYS	7.64	4.6
8	0	A	75	ASN	61.64	31.6
8	0	A	81	ARG	183.8	67.1
8	0	A	87	GLU	75.48	33.8
8	0	A	88	THR	80.47	46.8
8	0	A	94	ILE	71.11	36.1
8	0	A	95	SER	71.71	46.3
8	0	A	98	LYS	114.95	48.7
8	0	A	99	LYS	108.68	46.1
8	0	C	47	LEU	12.08	6.0
8	0	C	51	LEU	12.08	6.0
8	0	C	54	LEU	4.83	2.4
8	0	C	58	ILE	8.45	4.3
8	0	C	61	ILE	4.83	2.5
8	0	C	65	PHE	17.98	7.5
8	0	C	71	CYS	66.82	40.0
8	0	C	72	CYS	79.48	47.6
8	0	C	75	ASN	85.69	43.9
8	0	C	81	ARG	176.44	64.4
8	0	C	87	GLU	83.65	37.5
8	0	C	88	THR	81.25	47.2
8	0	C	94	ILE	65.08	33.0
8	0	C	95	SER	73.71	47.6
8	0	C	98	LYS	107.79	45.7
8	0	C	99	LYS	109.98	46.6
8	1	C	47	LEU	24.15	12.0
8	1	C	51	LEU	7.25	3.6
8	1	C	54	LEU	8.45	4.2
8	1	C	58	ILE	3.62	1.8
8	1	C	61	ILE	2.42	1.2
8	1	C	65	PHE	26.43	11.0
8	1	C	71	CYS	74.38	44.5
8	1	C	72	CYS	72.18	43.2
8	1	C	75	ASN	80.79	41.4
8	1	C	81	ARG	156.39	57.1
8	1	C	87	GLU	105.07	47.1
8	1	C	88	THR	80.72	46.9
8	1	C	94	ILE	97.41	49.4
8	1	C	95	SER	75.06	48.4
8	1	C	98	LYS	66.85	28.3
8	1	C	99	LYS	102.46	43.4
8	1	A	47	LEU	26.57	13.2
8	1	A	51	LEU	2.42	1.2
8	1	A	54	LEU	6.04	3.0
8	1	A	58	ILE	4.83	2.5
8	1	A	61	ILE	2.42	1.2
8	1	A	65	PHE	13.28	5.5
8	1	A	71	CYS	71.97	43.1
8	1	A	72	CYS	23.78	14.2
8	1	A	75	ASN	76.48	39.2
8	1	A	81	ARG	160.88	58.7
8	1	A	87	GLU	101.2	45.4
8	1	A	88	THR	79.38	46.1
8	1	A	94	ILE	100.9	51.2
8	1	A	95	SER	78.41	50.6
8	1	A	98	LYS	75.48	32.0
8	1	A	99	LYS	97.52	41.3
8	1	B	47	LEU	24.15	12.0
8	1	B	51	LEU	6.04	3.0
8	1	B	54	LEU	4.83	2.4
8	1	B	58	ILE	2.42	1.2
8	1	B	61	ILE	14.49	7.4
8	1	B	65	PHE	18.11	7.5
8	1	B	71	CYS	43.89	26.3
8	1	B	72	CYS	67.35	40.3
8	1	B	75	ASN	28.06	14.4
8	1	B	81	ARG	155.16	56.6
8	1	B	87	GLU	101.06	45.3
8	1	B	88	THR	82.73	48.1
8	1	B	94	ILE	93.79	47.6
8	1	B	95	SER	62.45	40.3
8	1	B	98	LYS	72.55	30.7
8	1	B	99	LYS	124.24	52.6
8	2	B	47	LEU	31.4	15.6
8	2	B	51	LEU	7.25	3.6
8	2	B	54	LEU	8.45	4.2
8	2	B	58	ILE	2.42	1.2
8	2	B	61	ILE	14.49	7.4
8	2	B	65	PHE	6.04	2.5
8	2	B	71	CYS	41.24	24.7
8	2	B	72	CYS	25.86	15.5
8	2	B	75	ASN	16.48	8.5
8	2	B	81	ARG	136.04	49.7
8	2	B	87	GLU	96.5	43.3
8	2	B	88	THR	86.35	50.2
8	2	B	94	ILE	74.87	38.0
8	2	B	95	SER	71.3	46.0
8	2	B	98	LYS	106.49	45.1
8	2	B	99	LYS	96.31	40.8
8	2	A	47	LEU	16.91	8.4
8	2	A	51	LEU	3.62	1.8
8	2	A	54	LEU	2.42	1.2
8	2	A	58	ILE	7.25	3.7
8	2	A	61	ILE	1.21	0.6
8	2	A	65	PHE	18.11	7.5
8	2	A	71	CYS	71.89	43.0
8	2	A	72	CYS	9.74	5.8
8	2	A	75	ASN	56.15	28.8
8	2	A	81	ARG	141.6	51.7
8	2	A	87	GLU	91.81	41.2
8	2	A	88	THR	87.15	50.7
8	2	A	94	ILE	73.53	37.3
8	2	A	95	SER	73.44	47.4
8	2	A	98	LYS	106.61	45.2
8	2	A	99	LYS	97.29	41.2
8	2	C	47	LEU	13.28	6.6
8	2	C	51	LEU	6.04	3.0
8	2	C	54	LEU	6.04	3.0
8	2	C	58	ILE	3.62	1.8
8	2	C	61	ILE	2.42	1.2
8	2	C	65	PHE	14.49	6.0
8	2	C	71	CYS	63.04	37.7
8	2	C	72	CYS	48.03	28.8
8	2	C	75	ASN	73.58	37.7
8	2	C	81	ARG	143.77	52.5
8	2	C	87	GLU	97.71	43.8
8	2	C	88	THR	85.14	49.5
8	2	C	94	ILE	77.15	39.2
8	2	C	95	SER	74.78	48.2
8	2	C	98	LYS	111.21	47.1
8	2	C	99	LYS	105.17	44.6
8	3	C	47	LEU	13.28	6.6
8	3	C	51	LEU	7.25	3.6
8	3	C	54	LEU	4.83	2.4
8	3	C	58	ILE	8.45	4.3
8	3	C	61	ILE	2.42	1.2
8	3	C	65	PHE	31.26	13.0
8	3	C	71	CYS	68.14	40.8
8	3	C	72	CYS	67.09	40.2
8	3	C	75	ASN	88.85	45.6
8	3	C	81	ARG	157.97	57.7
8	3	C	87	GLU	96.64	43.3
8	3	C	88	THR	88.63	51.5
8	3	C	94	ILE	73.67	37.4
8	3	C	95	SER	63.93	41.2
8	3	C	98	LYS	55.98	23.7
8	3	C	99	LYS	86.94	36.8
8	3	A	47	LEU	41.06	20.4
8	3	A	51	LEU	7.25	3.6
8	3	A	54	LEU	2.42	1.2
8	3	A	58	ILE	9.66	4.9
8	3	A	61	ILE	0.0	0.0
8	3	A	65	PHE	11.94	5.0
8	3	A	71	CYS	64.48	38.6
8	3	A	72	CYS	14.73	8.8
8	3	A	75	ASN	60.73	31.1
8	3	A	81	ARG	159.42	58.2
8	3	A	87	GLU	89.67	40.2
8	3	A	88	THR	85.01	49.4
8	3	A	94	ILE	74.87	38.0
8	3	A	95	SER	66.21	42.7
8	3	A	98	LYS	58.17	24.6
8	3	A	99	LYS	79.81	33.8
8	3	B	47	LEU	43.47	21.6
8	3	B	51	LEU	9.66	4.8
8	3	B	54	LEU	6.04	3.0
8	3	B	58	ILE	7.25	3.7
8	3	B	61	ILE	9.66	4.9
8	3	B	65	PHE	12.08	5.0
8	3	B	71	CYS	54.22	32.5
8	3	B	72	CYS	26.23	15.7
8	3	B	75	ASN	24.14	12.4
8	3	B	81	ARG	150.01	54.7
8	3	B	87	GLU	99.99	44.8
8	3	B	88	THR	94.12	54.7
8	3	B	94	ILE	77.15	39.2
8	3	B	95	SER	69.43	44.8
8	3	B	98	LYS	58.4	24.7
8	3	B	99	LYS	77.51	32.8
8	4	C	47	LEU	10.87	5.4
8	4	C	51	LEU	12.08	6.0
8	4	C	54	LEU	8.45	4.2
8	4	C	58	ILE	9.66	4.9
8	4	C	61	ILE	2.42	1.2
8	4	C	65	PHE	12.08	5.0
8	4	C	71	CYS	81.09	48.6
8	4	C	72	CYS	70.5	42.2
8	4	C	75	ASN	92.11	47.2
8	4	C	81	ARG	148.48	54.2
8	4	C	87	GLU	102.13	45.8
8	4	C	88	THR	82.77	48.1
8	4	C	94	ILE	76.08	38.6
8	4	C	95	SER	49.73	32.1
8	4	C	98	LYS	130.62	55.3
8	4	C	99	LYS	139.78	59.2
8	4	A	47	LEU	10.87	5.4
8	4	A	51	LEU	1.21	0.6
8	4	A	54	LEU	6.04	3.0
8	4	A	58	ILE	9.66	4.9
8	4	A	61	ILE	3.62	1.8
8	4	A	65	PHE	21.74	9.1
8	4	A	71	CYS	63.71	38.1
8	4	A	72	CYS	19.8	11.9
8	4	A	75	ASN	80.97	41.5
8	4	A	81	ARG	153.97	56.2
8	4	A	87	GLU	83.9	37.6
8	4	A	88	THR	86.49	50.3
8	4	A	94	ILE	65.08	33.0
8	4	A	95	SER	47.47	30.6
8	4	A	98	LYS	128.44	54.4
8	4	A	99	LYS	138.65	58.7
8	4	B	47	LEU	24.15	12.0
8	4	B	51	LEU	10.87	5.4
8	4	B	54	LEU	6.04	3.0
8	4	B	58	ILE	9.66	4.9
8	4	B	61	ILE	20.53	10.4
8	4	B	65	PHE	16.91	7.0
8	4	B	71	CYS	65.99	39.5
8	4	B	72	CYS	27.46	16.4
8	4	B	75	ASN	39.29	20.2
8	4	B	81	ARG	152.04	55.5
8	4	B	87	GLU	93.86	42.1
8	4	B	88	THR	87.42	50.8
8	4	B	94	ILE	72.46	36.8
8	4	B	95	SER	43.99	28.4
8	4	B	98	LYS	135.34	57.3
8	4	B	99	LYS	112.47	47.7
9	0	C	47	LEU	27.78	13.8
9	0	C	51	LEU	8.45	4.2
9	0	C	54	LEU	7.25	3.6
9	0	C	58	ILE	7.25	3.7
9	0	C	61	ILE	3.62	1.8
9	0	C	65	PHE	22.81	9.5
9	0	C	71	CYS	69.59	41.7
9	0	C	72	CYS	56.98	34.1
9	0	C	75	ASN	82.27	42.2
9	0	C	81	ARG	120.82	44.1
9	0	C	87	GLU	98.28	44.1
9	0	C	88	THR	84.35	49.0
9	0	C	94	ILE	83.05	42.2
9	0	C	95	SER	74.78	48.2
9	0	C	98	LYS	105.51	44.7
9	0	C	99	LYS	109.28	46.3
9	0	B	47	LEU	49.51	24.6
9	0	B	51	LEU	8.45	4.2
9	0	B	54	LEU	2.42	1.2
9	0	B	58	ILE	9.66	4.9
9	0	B	61	ILE	3.62	1.8
9	0	B	65	PHE	15.7	6.5
9	0	B	71	CYS	30.87	18.5
9	0	B	72	CYS	35.34	21.2
9	0	B	75	ASN	14.99	7.7
9	0	B	81	ARG	102.01	37.2
9	0	B	87	GLU	94.9	42.6
9	0	B	88	THR	74.67	43.4
9	0	B	94	ILE	78.36	39.8
9	0	B	95	SER	70.23	45.3
9	0	B	98	LYS	111.67	47.3
9	0	B	99	LYS	73.12	31.0
9	0	A	47	LEU	27.78	13.8
9	0	A	51	LEU	2.42	1.2
9	0	A	54	LEU	7.25	3.6
9	0	A	58	ILE	1.21	0.6
9	0	A	61	ILE	3.62	1.8
9	0	A	65	PHE	3.62	1.5
9	0	A	71	CYS	65.81	39.4
9	0	A	72	CYS	12.79	7.7
9	0	A	75	ASN	70.6	36.2
9	0	A	81	ARG	120.8	44.1
9	0	A	87	GLU	72.79	32.6
9	0	A	88	THR	86.21	50.1
9	0	A	94	ILE	76.08	38.6
9	0	A	95	SER	72.1	46.5
9	0	A	98	LYS	113.74	48.2
9	0	A	99	LYS	103.6	43.9
9	1	C	47	LEU	30.19	15.0
9	1	C	51	LEU	12.08	6.0
9	1	C	54	LEU	6.04	3.0
9	1	C	58	ILE	2.42	1.2
9	1	C	61	ILE	4.83	2.5
9	1	C	65	PHE	27.78	11.6
9	1	C	71	CYS	83.71	50.1
9	1	C	72	CYS	72.99	43.7
9	1	C	75	ASN	93.19	47.8
9	1	C	81	ARG	155.66	56.8
9	1	C	87	GLU	94.63	42.4
9	1	C	88	THR	80.45	46.8
9	1	C	94	ILE	41.06	20.8
9	1	C	95	SER	68.22	44.0
9	1	C	98	LYS	83.53	35.4
9	1	C	99	LYS	120.53	51.1
9	1	A	47	LEU	22.94	11.4
9	1	A	51	LEU	2.42	1.2
9	1	A	54	LEU	7.25	3.6
9	1	A	58	ILE	4.83	2.5
9	1	A	61	ILE	7.11	3.6
9	1	A	65	PHE	20.42	8.5
9	1	A	71	CYS	93.42	55.9
9	1	A	72	CYS	13.76	8.2
9	1	A	75	ASN	67.17	34.4
9	1	A	81	ARG	152.27	55.6
9	1	A	87	GLU	69.56	31.2
9	1	A	88	THR	85.28	49.6
9	1	A	94	ILE	43.47	22.1
9	1	A	95	SER	72.64	46.9
9	1	A	98	LYS	95.85	40.6
9	1	A	99	LYS	126.54	53.6
9	1	B	47	LEU	37.44	18.6
9	1	B	51	LEU	12.08	6.0
9	1	B	54	LEU	6.04	3.0
9	1	B	58	ILE	2.42	1.2
9	1	B	61	ILE	14.49	7.4
9	1	B	65	PHE	22.94	9.6
9	1	B	71	CYS	28.88	17.3
9	1	B	72	CYS	60.5	36.2
9	1	B	75	ASN	7.57	3.9
9	1	B	81	ARG	150.1	54.8
9	1	B	87	GLU	99.85	44.8
9	1	B	88	THR	87.29	50.7
9	1	B	94	ILE	42.27	21.5
9	1	B	95	SER	69.15	44.6
9	1	B	98	LYS	94.74	40.1
9	1	B	99	LYS	108.77	46.1
9	2	C	47	LEU	24.15	12.0
9	2	C	51	LEU	8.45	4.2
9	2	C	54	LEU	3.62	1.8
9	2	C	58	ILE	12.08	6.1
9	2	C	61	ILE	2.42	1.2
9	2	C	65	PHE	16.91	7.0
9	2	C	71	CYS	64.6	38.7
9	2	C	72	CYS	73.31	43.9
9	2	C	75	ASN	78.21	40.1
9	2	C	81	ARG	151.52	55.3
9	2	C	87	GLU	88.23	39.6
9	2	C	88	THR	82.32	47.9
9	2	C	94	ILE	78.36	39.8
9	2	C	95	SER	72.64	46.9
9	2	C	98	LYS	103.96	44.1
9	2	C	99	LYS	94.92	40.2
9	2	A	47	LEU	26.45	13.2
9	2	A	51	LEU	0.0	0.0
9	2	A	54	LEU	3.62	1.8
9	2	A	58	ILE	3.62	1.8
9	2	A	61	ILE	2.42	1.2
9	2	A	65	PHE	6.04	2.5
9	2	A	71	CYS	69.2	41.4
9	2	A	72	CYS	8.85	5.3
9	2	A	75	ASN	62.65	32.1
9	2	A	81	ARG	151.52	55.3
9	2	A	87	GLU	87.29	39.1
9	2	A	88	THR	86.1	50.1
9	2	A	94	ILE	74.74	37.9
9	2	A	95	SER	71.02	45.8
9	2	A	98	LYS	111.67	47.3
9	2	A	99	LYS	104.47	44.3
9	2	B	47	LEU	30.19	15.0
9	2	B	51	LEU	9.66	4.8
9	2	B	54	LEU	2.42	1.2
9	2	B	58	ILE	12.08	6.1
9	2	B	61	ILE	7.25	3.7
9	2	B	65	PHE	15.7	6.5
9	2	B	71	CYS	30.98	18.6
9	2	B	72	CYS	53.01	31.7
9	2	B	75	ASN	15.33	7.9
9	2	B	81	ARG	145.37	53.1
9	2	B	87	GLU	92.92	41.7
9	2	B	88	THR	82.46	47.9
9	2	B	94	ILE	75.94	38.6
9	2	B	95	SER	68.08	43.9
9	2	B	98	LYS	100.46	42.6
9	2	B	99	LYS	73.64	31.2
9	3	B	47	LEU	38.64	19.2
9	3	B	51	LEU	14.49	7.2
9	3	B	54	LEU	7.25	3.6
9	3	B	58	ILE	13.28	6.7
9	3	B	61	ILE	6.04	3.1
9	3	B	65	PHE	13.28	5.5
9	3	B	71	CYS	16.95	10.2
9	3	B	72	CYS	59.08	35.4
9	3	B	75	ASN	21.69	11.1
9	3	B	81	ARG	119.32	43.5
9	3	B	87	GLU	101.06	45.3
9	3	B	88	THR	82.73	48.1
9	3	B	94	ILE	95.93	48.7
9	3	B	95	SER	62.45	40.3
9	3	B	98	LYS	124.27	52.7
9	3	B	99	LYS	98.84	41.9
9	3	A	47	LEU	22.94	11.4
9	3	A	51	LEU	2.42	1.2
9	3	A	54	LEU	6.04	3.0
9	3	A	58	ILE	1.21	0.6
9	3	A	61	ILE	0.0	0.0
9	3	A	65	PHE	2.42	1.0
9	3	A	71	CYS	73.17	43.8
9	3	A	72	CYS	13.92	8.3
9	3	A	75	ASN	64.43	33.0
9	3	A	81	ARG	139.44	50.9
9	3	A	87	GLU	87.27	39.1
9	3	A	88	THR	83.96	48.8
9	3	A	94	ILE	70.04	35.6
9	3	A	95	SER	56.82	36.7
9	3	A	98	LYS	111.1	47.1
9	3	A	99	LYS	130.17	55.2
9	3	C	47	LEU	28.73	14.3
9	3	C	51	LEU	12.08	6.0
9	3	C	54	LEU	4.83	2.4
9	3	C	58	ILE	9.66	4.9
9	3	C	61	ILE	1.21	0.6
9	3	C	65	PHE	20.53	8.6
9	3	C	71	CYS	69.59	41.7
9	3	C	72	CYS	67.01	40.1
9	3	C	75	ASN	69.42	35.6
9	3	C	81	ARG	141.72	51.7
9	3	C	87	GLU	94.36	42.3
9	3	C	88	THR	88.38	51.4
9	3	C	94	ILE	81.98	41.6
9	3	C	95	SER	61.11	39.4
9	3	C	98	LYS	121.74	51.6
9	3	C	99	LYS	124.49	52.8
9	4	B	47	LEU	32.61	16.2
9	4	B	51	LEU	10.87	5.4
9	4	B	54	LEU	3.62	1.8
9	4	B	58	ILE	6.04	3.1
9	4	B	61	ILE	1.21	0.6
9	4	B	65	PHE	8.45	3.5
9	4	B	71	CYS	17.97	10.8
9	4	B	72	CYS	47.87	28.7
9	4	B	75	ASN	26.45	13.6
9	4	B	81	ARG	145.8	53.2
9	4	B	87	GLU	95.34	42.8
9	4	B	88	THR	77.9	45.3
9	4	B	94	ILE	78.36	39.8
9	4	B	95	SER	75.85	48.9
9	4	B	98	LYS	104.08	44.1
9	4	B	99	LYS	63.89	27.1
9	4	A	47	LEU	18.11	9.0
9	4	A	51	LEU	2.42	1.2
9	4	A	54	LEU	6.04	3.0
9	4	A	58	ILE	2.42	1.2
9	4	A	61	ILE	0.0	0.0
9	4	A	65	PHE	0.0	0.0
9	4	A	71	CYS	67.99	40.7
9	4	A	72	CYS	15.05	9.0
9	4	A	75	ASN	60.73	31.1
9	4	A	81	ARG	151.06	55.1
9	4	A	87	GLU	79.79	35.8
9	4	A	88	THR	88.38	51.4
9	4	A	94	ILE	79.7	40.5
9	4	A	95	SER	73.71	47.6
9	4	A	98	LYS	107.82	45.7
9	4	A	99	LYS	98.93	41.9
9	4	C	47	LEU	28.98	14.4
9	4	C	51	LEU	6.04	3.0
9	4	C	54	LEU	9.66	4.8
9	4	C	58	ILE	4.83	2.5
9	4	C	61	ILE	2.42	1.2
9	4	C	65	PHE	12.08	5.0
9	4	C	71	CYS	66.82	40.0
9	4	C	72	CYS	49.39	29.6
9	4	C	75	ASN	81.01	41.5
9	4	C	81	ARG	162.2	59.2
9	4	C	87	GLU	89.3	40.0
9	4	C	88	THR	83.94	48.8
9	4	C	94	ILE	78.36	39.8
9	4	C	95	SER	71.71	46.3
9	4	C	98	LYS	110.12	46.7
9	4	C	99	LYS	100.14	42.4
