accession,prefix,acc_num,clade_raw,clade,date,year,length,identity,exclude_reason,haplotype,res74,res107,pair,clade_group,clade_imputed
YP_010377135.1,,,IIb,IIb,2018-08,2018.0,110,0.9818181818181818,,H1,R,H,R74/H107,II,II
NP_536566.1,,,Ia,Ia,1996,1996.0,110,1.0,,H2,H,R,H74/R107,I,I
XYC62953.1,XYC,62953.0,,unassigned,2024-11-13,2024.0,110,1.0,,H2,H,R,H74/R107,unassigned,I
YFY42301.1,YFY,42301.0,,unassigned,2026-06-19,2026.0,110,0.9818181818181818,,H1,R,H,R74/H107,unassigned,II
YFY42480.1,YFY,42480.0,,unassigned,2026-06-16,2026.0,110,0.9818181818181818,,H1,R,H,R74/H107,unassigned,II
YFY42658.1,YFY,42658.0,,unassigned,2026-06-17,2026.0,110,0.9818181818181818,,H1,R,H,R74/H107,unassigned,II
YCO33512.1,YCO,33512.0,,unassigned,2024-11-26,2024.0,110,1.0,,H2,H,R,H74/R107,unassigned,I
YFT66781.1,YFT,66781.0,,unassigned,2026-05-29,2026.0,110,0.9818181818181818,,H1,R,H,R74/H107,unassigned,II
YFT66960.1,YFT,66960.0,,unassigned,2026-05-11,2026.0,110,0.9818181818181818,,H1,R,H,R74/H107,unassigned,II
YFT67316.1,YFT,67316.0,Ib,Ib,2026-05-21,2026.0,110,1.0,,H2,H,R,H74/R107,I,I
YFT67484.1,YFT,67484.0,Ib,Ib,2026-05-26,2026.0,110,1.0,,H2,H,R,H74/R107,I,I
YFP50951.1,YFP,50951.0,,unassigned,2026-06,2026.0,110,0.9818181818181818,,H1,R,H,R74/H107,unassigned,II
YFP51126.1,YFP,51126.0,,unassigned,2026-06,2026.0,110,0.9818181818181818,,H1,R,H,R74/H107,unassigned,II
YFP51301.1,YFP,51301.0,,unassigned,2026-06,2026.0,110,0.9818181818181818,,H1,R,H,R74/H107,unassigned,II
YFP51476.1,YFP,51476.0,,unassigned,2026-04,2026.0,110,0.9818181818181818,,H1,R,H,R74/H107,unassigned,II
YFP51650.1,YFP,51650.0,,unassigned,2026-04,2026.0,110,0.9818181818181818,,H1,R,H,R74/H107,unassigned,II
YFP51824.1,YFP,51824.0,,unassigned,2026-04,2026.0,110,0.9818181818181818,,H1,R,H,R74/H107,unassigned,II
YFP51999.1,YFP,51999.0,,unassigned,2026-04,2026.0,110,0.9818181818181818,,H1,R,H,R74/H107,unassigned,II
YFP52174.1,YFP,52174.0,,unassigned,2026-04,2026.0,110,0.9818181818181818,,H1,R,H,R74/H107,unassigned,II
YFP52349.1,YFP,52349.0,,unassigned,2026-04,2026.0,110,0.9818181818181818,,H1,R,H,R74/H107,unassigned,II
YFP52524.1,YFP,52524.0,,unassigned,2026-04,2026.0,110,0.9818181818181818,,H1,R,H,R74/H107,unassigned,II
YFP52699.1,YFP,52699.0,,unassigned,2026-04,2026.0,110,0.9818181818181818,,H1,R,H,R74/H107,unassigned,II
YFP52874.1,YFP,52874.0,,unassigned,2026-05,2026.0,110,0.9818181818181818,,H1,R,H,R74/H107,unassigned,II
YFP53049.1,YFP,53049.0,,unassigned,2026-05,2026.0,110,0.9818181818181818,,H1,R,H,R74/H107,unassigned,II
YFP53224.1,YFP,53224.0,,unassigned,2026-05,2026.0,110,0.9818181818181818,,H1,R,H,R74/H107,unassigned,II
YFP53399.1,YFP,53399.0,,unassigned,2026-05,2026.0,110,0.9818181818181818,,H1,R,H,R74/H107,unassigned,II
YFP53574.1,YFP,53574.0,,unassigned,2026-05,2026.0,110,0.9818181818181818,,H1,R,H,R74/H107,unassigned,II
YFP53749.1,YFP,53749.0,,unassigned,2026-05,2026.0,110,0.9818181818181818,,H1,R,H,R74/H107,unassigned,II
YFP53924.1,YFP,53924.0,,unassigned,2026-05,2026.0,110,0.9818181818181818,,H1,R,H,R74/H107,unassigned,II
YFP54099.1,YFP,54099.0,,unassigned,2026-06,2026.0,110,0.9818181818181818,,H1,R,H,R74/H107,unassigned,II
YFP54274.1,YFP,54274.0,,unassigned,2026-06,2026.0,110,0.9818181818181818,,H1,R,H,R74/H107,unassigned,II
YFP54449.1,YFP,54449.0,,unassigned,2026-06,2026.0,110,0.9818181818181818,,H1,R,H,R74/H107,unassigned,II
YFP54624.1,YFP,54624.0,,unassigned,2026-06,2026.0,110,0.9818181818181818,,H1,R,H,R74/H107,unassigned,II
YFP54799.1,YFP,54799.0,,unassigned,2026-06,2026.0,110,0.9818181818181818,,H1,R,H,R74/H107,unassigned,II
YFP54974.1,YFP,54974.0,,unassigned,2026-06,2026.0,110,0.9818181818181818,,H1,R,H,R74/H107,unassigned,II
YFP55146.1,YFP,55146.0,,unassigned,2026-05,2026.0,110,1.0,,H2,H,R,H74/R107,unassigned,I
YFP55311.1,YFP,55311.0,,unassigned,2026-05,2026.0,110,1.0,,H2,H,R,H74/R107,unassigned,I
YFP55476.1,YFP,55476.0,,unassigned,2026-05,2026.0,110,1.0,,H2,H,R,H74/R107,unassigned,I
YFP55641.1,YFP,55641.0,,unassigned,2026-05,2026.0,110,1.0,,H2,H,R,H74/R107,unassigned,I
YFP55807.1,YFP,55807.0,,unassigned,2026-05,2026.0,110,1.0,,H2,H,R,H74/R107,unassigned,I
YFP55972.1,YFP,55972.0,,unassigned,2026-05,2026.0,110,1.0,,H2,H,R,H74/R107,unassigned,I
YFP56137.1,YFP,56137.0,,unassigned,2026-05,2026.0,110,1.0,,H2,H,R,H74/R107,unassigned,I
YFP56302.1,YFP,56302.0,,unassigned,2026-05,2026.0,110,1.0,,H2,H,R,H74/R107,unassigned,I
YFP56468.1,YFP,56468.0,,unassigned,2026-05,2026.0,110,1.0,,H2,H,R,H74/R107,unassigned,I
YFP56633.1,YFP,56633.0,,unassigned,2026-05,2026.0,110,1.0,,H2,H,R,H74/R107,unassigned,I
YFP56799.1,YFP,56799.0,,unassigned,2026-06,2026.0,110,1.0,,H2,H,R,H74/R107,unassigned,I
YFP56964.1,YFP,56964.0,,unassigned,2026-06,2026.0,110,1.0,,H2,H,R,H74/R107,unassigned,I
YFP57130.1,YFP,57130.0,,unassigned,2026-06,2026.0,110,1.0,,H2,H,R,H74/R107,unassigned,I
YFP57295.1,YFP,57295.0,,unassigned,2026-06,2026.0,110,1.0,,H2,H,R,H74/R107,unassigned,I
YFI58298.1,YFI,58298.0,IIb,IIb,2025-11-20,2025.0,110,0.9818181818181818,,H1,R,H,R74/H107,II,II
YFI58469.1,YFI,58469.0,IIb,IIb,2025-11-20,2025.0,110,0.9818181818181818,,H1,R,H,R74/H107,II,II
YFI58842.1,YFI,58842.0,IIb,IIb,2026-04,2026.0,110,0.9818181818181818,,H1,R,H,R74/H107,II,II
YFI59021.1,YFI,59021.0,IIb,IIb,2026-05,2026.0,110,0.9818181818181818,,H1,R,H,R74/H107,II,II
YFI59199.1,YFI,59199.0,IIb,IIb,2026-05,2026.0,110,0.9818181818181818,,H1,R,H,R74/H107,II,II
YFI60180.1,YFI,60180.0,,unassigned,2026-04-17,2026.0,110,0.9818181818181818,,H1,R,H,R74/H107,unassigned,II
YFI60536.1,YFI,60536.0,,unassigned,2026-05-19,2026.0,110,0.9818181818181818,,H1,R,H,R74/H107,unassigned,II
YFI60712.1,YFI,60712.0,IIb,IIb,2022-08-26,2022.0,110,0.9818181818181818,,H1,R,H,R74/H107,II,II
YFI60890.1,YFI,60890.0,IIb,IIb,2022-08-28,2022.0,110,0.9818181818181818,,H1,R,H,R74/H107,II,II
YFI61068.1,YFI,61068.0,IIb,IIb,2022-08-01,2022.0,110,0.9818181818181818,,H1,R,H,R74/H107,II,II
YFI61247.1,YFI,61247.0,IIb,IIb,2022-08-15,2022.0,110,0.9818181818181818,,H1,R,H,R74/H107,II,II
YFI61426.1,YFI,61426.0,IIb,IIb,2022-08-28,2022.0,110,0.9818181818181818,,H1,R,H,R74/H107,II,II
YFI61603.1,YFI,61603.0,IIb,IIb,2022-08-01,2022.0,110,0.9818181818181818,,H1,R,H,R74/H107,II,II
YFI61782.1,YFI,61782.0,IIb,IIb,2022-07-30,2022.0,110,0.9818181818181818,,H1,R,H,R74/H107,II,II
YFI61961.1,YFI,61961.0,IIb,IIb,2023-05-10,2023.0,110,0.9818181818181818,,H1,R,H,R74/H107,II,II
YFI62140.1,YFI,62140.0,IIb,IIb,2023-05-25,2023.0,110,0.9818181818181818,,H1,R,H,R74/H107,II,II
YFI62319.1,YFI,62319.0,IIb,IIb,2023-05-16,2023.0,110,0.9818181818181818,,H1,R,H,R74/H107,II,II
YFI62498.1,YFI,62498.0,IIb,IIb,2022-09-12,2022.0,110,0.9818181818181818,,H1,R,H,R74/H107,II,II
YFI62676.1,YFI,62676.0,IIb,IIb,2022-09-07,2022.0,110,0.9818181818181818,,H1,R,H,R74/H107,II,II
YFI62854.1,YFI,62854.0,IIb,IIb,2022-09-16,2022.0,110,0.9818181818181818,,H1,R,H,R74/H107,II,II
YFI63033.1,YFI,63033.0,IIb,IIb,2022-08-12,2022.0,110,0.9818181818181818,,H1,R,H,R74/H107,II,II
YFI63211.1,YFI,63211.0,IIb,IIb,2022-08-24,2022.0,110,0.9818181818181818,,H1,R,H,R74/H107,II,II
YFI63389.1,YFI,63389.0,IIb,IIb,2022-09-16,2022.0,110,0.9818181818181818,,H1,R,H,R74/H107,II,II
YFI63568.1,YFI,63568.0,IIb,IIb,2022-06-07,2022.0,110,0.9818181818181818,,H1,R,H,R74/H107,II,II
YFI63747.1,YFI,63747.0,IIb,IIb,2022-08-04,2022.0,110,0.9818181818181818,,H1,R,H,R74/H107,II,II
YFI63926.1,YFI,63926.0,IIb,IIb,2022-07-30,2022.0,110,0.9818181818181818,,H1,R,H,R74/H107,II,II
YFI64105.1,YFI,64105.0,IIb,IIb,2022-07-06,2022.0,110,0.9818181818181818,,H1,R,H,R74/H107,II,II
YFI64284.1,YFI,64284.0,IIb,IIb,2022-08-24,2022.0,110,0.9818181818181818,,H1,R,H,R74/H107,II,II
YFI64462.1,YFI,64462.0,IIb,IIb,2022-09-14,2022.0,110,0.9818181818181818,,H1,R,H,R74/H107,II,II
YFI64641.1,YFI,64641.0,IIb,IIb,2022-08-22,2022.0,110,0.9818181818181818,,H1,R,H,R74/H107,II,II
YFI64820.1,YFI,64820.0,IIb,IIb,2022-08-23,2022.0,110,0.9818181818181818,,H1,R,H,R74/H107,II,II
YFI64999.1,YFI,64999.0,IIb,IIb,2022-07-20,2022.0,110,0.9818181818181818,,H1,R,H,R74/H107,II,II
YFI65178.1,YFI,65178.0,IIb,IIb,2022-08-03,2022.0,110,0.9818181818181818,,H1,R,H,R74/H107,II,II
YFI65357.1,YFI,65357.0,IIb,IIb,2022-09-14,2022.0,110,0.9818181818181818,,H1,R,H,R74/H107,II,II
YFI65535.1,YFI,65535.0,IIb,IIb,2022-09-13,2022.0,110,0.9818181818181818,,H1,R,H,R74/H107,II,II
YFI65714.1,YFI,65714.0,IIb,IIb,2022-08-23,2022.0,110,0.9818181818181818,,H1,R,H,R74/H107,II,II
YFI65892.1,YFI,65892.0,IIb,IIb,2022-08-23,2022.0,110,0.9818181818181818,,H1,R,H,R74/H107,II,II
YFI66070.1,YFI,66070.0,IIb,IIb,2022-08-17,2022.0,110,0.9818181818181818,,H1,R,H,R74/H107,II,II
YFI66249.1,YFI,66249.0,IIb,IIb,2022-08-18,2022.0,110,0.9818181818181818,,H1,R,H,R74/H107,II,II
YFI66428.1,YFI,66428.0,IIb,IIb,2022-08-01,2022.0,110,0.9818181818181818,,H1,R,H,R74/H107,II,II
YFI66606.1,YFI,66606.0,IIb,IIb,2022-08-15,2022.0,110,0.9818181818181818,,H1,R,H,R74/H107,II,II
YFI66785.1,YFI,66785.0,IIb,IIb,2022-07-30,2022.0,110,0.9818181818181818,,H1,R,H,R74/H107,II,II
YFI66964.1,YFI,66964.0,IIb,IIb,2022-09-19,2022.0,110,0.9818181818181818,,H1,R,H,R74/H107,II,II
YFI67143.1,YFI,67143.0,IIb,IIb,2022-08-08,2022.0,110,0.9818181818181818,,H1,R,H,R74/H107,II,II
YFI67321.1,YFI,67321.0,IIb,IIb,2022-08-01,2022.0,110,0.9818181818181818,,H1,R,H,R74/H107,II,II
YFI67500.1,YFI,67500.0,IIb,IIb,2022-09-30,2022.0,110,0.9818181818181818,,H1,R,H,R74/H107,II,II
YFI67679.1,YFI,67679.0,IIb,IIb,2022-10-05,2022.0,110,0.9818181818181818,,H1,R,H,R74/H107,II,II
YFI67858.1,YFI,67858.0,IIb,IIb,2022-08-20,2022.0,110,0.9818181818181818,,H1,R,H,R74/H107,II,II
YFI68037.1,YFI,68037.0,IIb,IIb,2022-10-28,2022.0,110,0.9818181818181818,,H1,R,H,R74/H107,II,II
YFI68216.1,YFI,68216.0,IIb,IIb,2022-07-31,2022.0,110,0.9818181818181818,,H1,R,H,R74/H107,II,II
YFI68394.1,YFI,68394.0,IIb,IIb,2022-08-20,2022.0,110,0.9818181818181818,,H1,R,H,R74/H107,II,II
YFI68573.1,YFI,68573.0,IIb,IIb,2022-07-29,2022.0,110,0.9818181818181818,,H1,R,H,R74/H107,II,II
YFI68752.1,YFI,68752.0,IIb,IIb,2022-08-11,2022.0,110,0.9818181818181818,,H1,R,H,R74/H107,II,II
YFI68931.1,YFI,68931.0,IIb,IIb,2022-08-14,2022.0,110,0.9818181818181818,,H1,R,H,R74/H107,II,II
YFI69110.1,YFI,69110.0,IIb,IIb,2022-08-31,2022.0,110,0.9818181818181818,,H1,R,H,R74/H107,II,II
YFI69289.1,YFI,69289.0,IIb,IIb,2022-07-30,2022.0,110,0.9818181818181818,,H1,R,H,R74/H107,II,II
YFI69467.1,YFI,69467.0,IIb,IIb,2022-08-11,2022.0,110,0.9818181818181818,,H1,R,H,R74/H107,II,II
YFI69645.1,YFI,69645.0,IIb,IIb,2022-08-14,2022.0,110,0.9818181818181818,,H1,R,H,R74/H107,II,II
YFI69824.1,YFI,69824.0,IIb,IIb,2022-08-02,2022.0,110,0.9818181818181818,,H1,R,H,R74/H107,II,II
YFI70003.1,YFI,70003.0,IIb,IIb,2022-08-18,2022.0,110,0.9818181818181818,,H1,R,H,R74/H107,II,II
YFI70182.1,YFI,70182.0,IIb,IIb,2022-08-13,2022.0,110,0.9818181818181818,,H1,R,H,R74/H107,II,II
YFI70361.1,YFI,70361.0,IIb,IIb,2022-09-18,2022.0,110,0.9818181818181818,,H1,R,H,R74/H107,II,II
YFI70540.1,YFI,70540.0,IIb,IIb,2022-08-11,2022.0,110,0.9818181818181818,,H1,R,H,R74/H107,II,II
YFI70719.1,YFI,70719.0,IIb,IIb,2022-07-31,2022.0,110,0.9818181818181818,,H1,R,H,R74/H107,II,II
YFI70898.1,YFI,70898.0,IIb,IIb,2022-09-19,2022.0,110,0.9818181818181818,,H1,R,H,R74/H107,II,II
YFI71077.1,YFI,71077.0,IIb,IIb,2022-08-30,2022.0,110,0.9818181818181818,,H1,R,H,R74/H107,II,II
YFI71255.1,YFI,71255.0,IIb,IIb,2023-06-02,2023.0,110,0.9818181818181818,,H1,R,H,R74/H107,II,II
YFI71603.1,YFI,71603.0,IIb,IIb,2023-06-22,2023.0,110,0.9818181818181818,,H1,R,H,R74/H107,II,II
YFI71779.1,YFI,71779.0,IIb,IIb,2023-06-27,2023.0,110,0.9818181818181818,,H1,R,H,R74/H107,II,II
YFI72127.1,YFI,72127.0,IIb,IIb,2023-06-22,2023.0,110,0.9818181818181818,,H1,R,H,R74/H107,II,II
YFI72306.1,YFI,72306.0,IIb,IIb,2024-03-07,2024.0,110,0.9818181818181818,,H1,R,H,R74/H107,II,II
YFI72485.1,YFI,72485.0,IIb,IIb,2024-01-23,2024.0,110,0.9818181818181818,,H1,R,H,R74/H107,II,II
YFI72664.1,YFI,72664.0,IIb,IIb,2023-09-20,2023.0,110,0.9818181818181818,,H1,R,H,R74/H107,II,II
YFI72842.1,YFI,72842.0,IIb,IIb,2023-04-20,2023.0,110,0.9818181818181818,,H1,R,H,R74/H107,II,II
YFI73021.1,YFI,73021.0,IIb,IIb,2023-04-27,2023.0,110,0.9818181818181818,,H1,R,H,R74/H107,II,II
YFI73200.1,YFI,73200.0,IIb,IIb,2023-05-07,2023.0,110,0.9818181818181818,,H1,R,H,R74/H107,II,II
YFI73379.1,YFI,73379.0,IIb,IIb,2023-05-04,2023.0,110,0.9818181818181818,,H1,R,H,R74/H107,II,II
YFI73558.1,YFI,73558.0,IIb,IIb,2023-06-08,2023.0,110,0.9818181818181818,,H1,R,H,R74/H107,II,II
YFI73737.1,YFI,73737.0,IIb,IIb,2024-02-08,2024.0,110,0.9818181818181818,,H1,R,H,R74/H107,II,II
YFI73916.1,YFI,73916.0,IIb,IIb,2024-03-08,2024.0,110,0.9818181818181818,,H1,R,H,R74/H107,II,II
YFI74094.1,YFI,74094.0,IIb,IIb,2024-03-06,2024.0,110,0.9818181818181818,,H1,R,H,R74/H107,II,II
YFI74271.1,YFI,74271.0,IIb,IIb,2024-03-26,2024.0,110,0.9818181818181818,,H1,R,H,R74/H107,II,II
YFI74449.1,YFI,74449.0,IIb,IIb,2023-10-16,2023.0,110,0.9818181818181818,,H1,R,H,R74/H107,II,II
YFI74628.1,YFI,74628.0,IIb,IIb,2024-02-28,2024.0,110,0.9818181818181818,,H1,R,H,R74/H107,II,II
YFI74806.1,YFI,74806.0,IIb,IIb,2023-09-21,2023.0,110,0.9818181818181818,,H1,R,H,R74/H107,II,II
YFI74983.1,YFI,74983.0,IIb,IIb,2022-07-31,2022.0,110,0.9818181818181818,,H1,R,H,R74/H107,II,II
YFI76292.1,YFI,76292.0,IIb,IIb,2023-08-19,2023.0,110,0.9818181818181818,,H1,R,H,R74/H107,II,II
YEZ87361.1,YEZ,87361.0,,unassigned,2026-03,2026.0,110,0.9818181818181818,,H1,R,H,R74/H107,unassigned,II
YEZ87536.1,YEZ,87536.0,,unassigned,2026-03,2026.0,110,0.9818181818181818,,H1,R,H,R74/H107,unassigned,II
YEZ87711.1,YEZ,87711.0,,unassigned,2026-03,2026.0,110,0.9818181818181818,,H1,R,H,R74/H107,unassigned,II
YEZ87885.1,YEZ,87885.0,,unassigned,2026-03,2026.0,110,0.9818181818181818,,H1,R,H,R74/H107,unassigned,II
YEZ88059.1,YEZ,88059.0,,unassigned,2026-03,2026.0,110,0.9818181818181818,,H1,R,H,R74/H107,unassigned,II
YEZ88234.1,YEZ,88234.0,,unassigned,2026-03,2026.0,110,0.9818181818181818,,H1,R,H,R74/H107,unassigned,II
YEZ88409.1,YEZ,88409.0,,unassigned,2026-03,2026.0,110,0.9818181818181818,,H1,R,H,R74/H107,unassigned,II
YEZ88584.1,YEZ,88584.0,,unassigned,2026-03,2026.0,110,0.9818181818181818,,H1,R,H,R74/H107,unassigned,II
YEZ88759.1,YEZ,88759.0,,unassigned,2026-03,2026.0,110,0.9818181818181818,,H1,R,H,R74/H107,unassigned,II
YEZ88934.1,YEZ,88934.0,,unassigned,2026-03,2026.0,110,0.9818181818181818,,H1,R,H,R74/H107,unassigned,II
YEZ89109.1,YEZ,89109.0,,unassigned,2026-03,2026.0,110,0.9818181818181818,,H1,R,H,R74/H107,unassigned,II
YEZ89284.1,YEZ,89284.0,,unassigned,2026-03,2026.0,110,0.9818181818181818,,H1,R,H,R74/H107,unassigned,II
YEZ89458.1,YEZ,89458.0,,unassigned,2026-03,2026.0,110,0.9818181818181818,,H1,R,H,R74/H107,unassigned,II
YEZ89633.1,YEZ,89633.0,,unassigned,2026-03,2026.0,110,0.9818181818181818,,H1,R,H,R74/H107,unassigned,II
YEZ89808.1,YEZ,89808.0,,unassigned,2026-03,2026.0,110,0.9818181818181818,,H1,R,H,R74/H107,unassigned,II
YEZ89983.1,YEZ,89983.0,,unassigned,2026-04,2026.0,110,0.9818181818181818,,H1,R,H,R74/H107,unassigned,II
YEZ90158.1,YEZ,90158.0,,unassigned,2026-04,2026.0,110,0.9818181818181818,,H1,R,H,R74/H107,unassigned,II
YEZ90328.1,YEZ,90328.0,,unassigned,2026-03,2026.0,110,1.0,,H2,H,R,H74/R107,unassigned,I
YEZ90493.1,YEZ,90493.0,,unassigned,2026-04,2026.0,110,1.0,,H2,H,R,H74/R107,unassigned,I
YEZ90659.1,YEZ,90659.0,,unassigned,2026-04,2026.0,110,1.0,,H2,H,R,H74/R107,unassigned,I
YEZ90824.1,YEZ,90824.0,,unassigned,2026-04,2026.0,110,1.0,,H2,H,R,H74/R107,unassigned,I
YEZ90990.1,YEZ,90990.0,,unassigned,2026-04,2026.0,110,1.0,,H2,H,R,H74/R107,unassigned,I
YEZ91155.1,YEZ,91155.0,,unassigned,2026-04,2026.0,110,1.0,,H2,H,R,H74/R107,unassigned,I
YEZ91321.1,YEZ,91321.0,,unassigned,2026-04,2026.0,110,1.0,,H2,H,R,H74/R107,unassigned,I
YEZ91487.1,YEZ,91487.0,,unassigned,2026-04,2026.0,110,1.0,,H2,H,R,H74/R107,unassigned,I
YEZ91652.1,YEZ,91652.0,,unassigned,2026-04,2026.0,110,1.0,,H2,H,R,H74/R107,unassigned,I
YEZ91818.1,YEZ,91818.0,,unassigned,2026-04,2026.0,110,1.0,,H2,H,R,H74/R107,unassigned,I
YEZ91984.1,YEZ,91984.0,,unassigned,2026-04,2026.0,110,1.0,,H2,H,R,H74/R107,unassigned,I
YEZ92149.1,YEZ,92149.0,,unassigned,2026-04,2026.0,110,1.0,,H2,H,R,H74/R107,unassigned,I
YEZ92313.1,YEZ,92313.0,,unassigned,2026-04,2026.0,110,1.0,,H2,H,R,H74/R107,unassigned,I
YEZ92478.1,YEZ,92478.0,,unassigned,2026-04,2026.0,110,1.0,,H2,H,R,H74/R107,unassigned,I
YEZ92644.1,YEZ,92644.0,,unassigned,2026-04,2026.0,110,1.0,,H2,H,R,H74/R107,unassigned,I
YEZ92809.1,YEZ,92809.0,,unassigned,2026-04,2026.0,110,1.0,,H2,H,R,H74/R107,unassigned,I
YEZ92974.1,YEZ,92974.0,,unassigned,2026-04,2026.0,110,1.0,,H2,H,R,H74/R107,unassigned,I
YEZ93138.1,YEZ,93138.0,,unassigned,2026-04,2026.0,110,1.0,,H2,H,R,H74/R107,unassigned,I
YEZ93303.1,YEZ,93303.0,,unassigned,2026-04,2026.0,110,1.0,,H2,H,R,H74/R107,unassigned,I
YEZ93467.1,YEZ,93467.0,,unassigned,2026-04,2026.0,110,1.0,,H2,H,R,H74/R107,unassigned,I
YEZ93631.1,YEZ,93631.0,,unassigned,2026-04,2026.0,110,1.0,,H2,H,R,H74/R107,unassigned,I
YEZ93795.1,YEZ,93795.0,,unassigned,2026-04,2026.0,110,1.0,,H2,H,R,H74/R107,unassigned,I
YEZ93960.1,YEZ,93960.0,,unassigned,2026-04,2026.0,110,1.0,,H2,H,R,H74/R107,unassigned,I
YEZ94125.1,YEZ,94125.0,,unassigned,2026-05,2026.0,110,1.0,,H2,H,R,H74/R107,unassigned,I
YEZ94289.1,YEZ,94289.0,,unassigned,2026-05,2026.0,110,1.0,,H2,H,R,H74/R107,unassigned,I
YEZ94454.1,YEZ,94454.0,,unassigned,2026-05,2026.0,110,1.0,,H2,H,R,H74/R107,unassigned,I
YEZ94619.1,YEZ,94619.0,,unassigned,2026-05,2026.0,110,1.0,,H2,H,R,H74/R107,unassigned,I
YEZ94784.1,YEZ,94784.0,,unassigned,2026-05,2026.0,110,1.0,,H2,H,R,H74/R107,unassigned,I
YEZ94949.1,YEZ,94949.0,,unassigned,2026-05,2026.0,110,1.0,,H2,H,R,H74/R107,unassigned,I
YEZ95113.1,YEZ,95113.0,,unassigned,2026-05,2026.0,110,1.0,,H2,H,R,H74/R107,unassigned,I
YEZ95278.1,YEZ,95278.0,,unassigned,2026-05,2026.0,110,1.0,,H2,H,R,H74/R107,unassigned,I
YEZ95443.1,YEZ,95443.0,,unassigned,2026-05,2026.0,110,1.0,,H2,H,R,H74/R107,unassigned,I
YEZ95608.1,YEZ,95608.0,,unassigned,2026-05,2026.0,110,1.0,,H2,H,R,H74/R107,unassigned,I
YEZ95773.1,YEZ,95773.0,,unassigned,2026-05,2026.0,110,1.0,,H2,H,R,H74/R107,unassigned,I
YEZ96842.1,YEZ,96842.0,,unassigned,2026-04-25,2026.0,110,0.9818181818181818,,H1,R,H,R74/H107,unassigned,II
YEZ97020.1,YEZ,97020.0,,unassigned,2026-04-11,2026.0,110,0.9818181818181818,,H1,R,H,R74/H107,unassigned,II
YEZ97199.1,YEZ,97199.0,,unassigned,2026-04-18,2026.0,110,0.9818181818181818,,H1,R,H,R74/H107,unassigned,II
YEZ97378.1,YEZ,97378.0,,unassigned,2026-04-12,2026.0,110,0.9818181818181818,,H1,R,H,R74/H107,unassigned,II
YEZ97556.1,YEZ,97556.0,,unassigned,2026-04-28,2026.0,110,0.9818181818181818,,H1,R,H,R74/H107,unassigned,II
YEZ97735.1,YEZ,97735.0,,unassigned,2026-04-25,2026.0,110,0.9818181818181818,,H1,R,H,R74/H107,unassigned,II
YEZ97913.1,YEZ,97913.0,,unassigned,2026-04-27,2026.0,110,0.9818181818181818,,H1,R,H,R74/H107,unassigned,II
YEV49445.1,YEV,49445.0,,unassigned,2026-04-08,2026.0,110,0.9818181818181818,,H1,R,H,R74/H107,unassigned,II
YEV49803.1,YEV,49803.0,,unassigned,2026-04-25,2026.0,110,0.9818181818181818,,H1,R,H,R74/H107,unassigned,II
YEV49981.1,YEV,49981.0,,unassigned,2026-04-03,2026.0,110,0.9818181818181818,,H1,R,H,R74/H107,unassigned,II
XUX57271.1,XUX,57271.0,IIb,IIb,2023-01,2023.0,110,0.9818181818181818,,H1,R,H,R74/H107,II,II
YEV25206.1,YEV,25206.0,Ib,Ib,2026-04,2026.0,110,1.0,,H2,H,R,H74/R107,I,I
YEQ66897.1,YEQ,66897.0,Ib,Ib,2025-01-06,2025.0,110,1.0,,H2,H,R,H74/R107,I,I
YEQ67066.1,YEQ,67066.0,Ib,Ib,2025-01-17,2025.0,110,1.0,,H2,H,R,H74/R107,I,I
YEQ67235.1,YEQ,67235.0,Ib,Ib,2025-01-22,2025.0,110,1.0,,H2,H,R,H74/R107,I,I
YEQ67404.1,YEQ,67404.0,Ib,Ib,2025-03-29,2025.0,110,1.0,,H2,H,R,H74/R107,I,I
YEQ67927.1,YEQ,67927.0,,unassigned,2026-04-08,2026.0,110,0.9818181818181818,,H1,R,H,R74/H107,unassigned,II
YEQ68105.1,YEQ,68105.0,,unassigned,2026-04-09,2026.0,110,0.9818181818181818,,H1,R,H,R74/H107,unassigned,II
YEQ68284.1,YEQ,68284.0,,unassigned,2026-04-08,2026.0,110,0.9818181818181818,,H1,R,H,R74/H107,unassigned,II
YEQ68463.1,YEQ,68463.0,,unassigned,2026-04-21,2026.0,110,0.9818181818181818,,H1,R,H,R74/H107,unassigned,II
YEN91855.1,YEN,91855.0,,unassigned,2026-04-02,2026.0,110,0.9818181818181818,,H1,R,H,R74/H107,unassigned,II
YEN92034.1,YEN,92034.0,,unassigned,2026-04-03,2026.0,110,0.9818181818181818,,H1,R,H,R74/H107,unassigned,II
YEN92213.1,YEN,92213.0,,unassigned,2026-03-31,2026.0,110,0.9818181818181818,,H1,R,H,R74/H107,unassigned,II
YEN92391.1,YEN,92391.0,,unassigned,2026-04-01,2026.0,110,0.9818181818181818,,H1,R,H,R74/H107,unassigned,II
YEN92747.1,YEN,92747.0,,unassigned,2026-03-26,2026.0,110,0.9818181818181818,,H1,R,H,R74/H107,unassigned,II
YEN92925.1,YEN,92925.0,,unassigned,2026-01-07,2026.0,110,0.9818181818181818,,H1,R,H,R74/H107,unassigned,II
YEN93104.1,YEN,93104.0,,unassigned,2026-04-02,2026.0,110,0.9818181818181818,,H1,R,H,R74/H107,unassigned,II
YEN93283.1,YEN,93283.0,,unassigned,2026-04-10,2026.0,110,0.9818181818181818,,H1,R,H,R74/H107,unassigned,II
YEN93460.1,YEN,93460.0,,unassigned,2026-04-08,2026.0,110,0.9818181818181818,,H1,R,H,R74/H107,unassigned,II
YEL90004.1,YEL,90004.0,,unassigned,2026-03-26,2026.0,110,0.9818181818181818,,H1,R,H,R74/H107,unassigned,II
YEL90182.1,YEL,90182.0,,unassigned,2026-03-27,2026.0,110,0.9818181818181818,,H1,R,H,R74/H107,unassigned,II
YEL90361.1,YEL,90361.0,,unassigned,2026-03-27,2026.0,110,0.9818181818181818,,H1,R,H,R74/H107,unassigned,II
YEL90540.1,YEL,90540.0,,unassigned,2026-03-18,2026.0,110,0.9818181818181818,,H1,R,H,R74/H107,unassigned,II
YEL90865.1,YEL,90865.0,Ib,Ib,2026-03,2026.0,110,1.0,,H2,H,R,H74/R107,I,I
YEL91031.1,YEL,91031.0,Ib,Ib,2026-02,2026.0,110,1.0,,H2,H,R,H74/R107,I,I
YEL91196.1,YEL,91196.0,Ib,Ib,2026-02,2026.0,110,1.0,,H2,H,R,H74/R107,I,I
YEL91361.1,YEL,91361.0,Ib,Ib,2026-02,2026.0,110,1.0,,H2,H,R,H74/R107,I,I
YEL91530.1,YEL,91530.0,Ib,Ib,2025-10,2025.0,110,1.0,,H2,H,R,H74/R107,I,I
YEH58522.1,YEH,58522.0,IIb,IIb,2026-03-20,2026.0,110,0.9818181818181818,,H1,R,H,R74/H107,II,II
YEH58701.1,YEH,58701.0,IIb,IIb,2026-03-20,2026.0,110,0.9818181818181818,,H1,R,H,R74/H107,II,II
YEH58880.1,YEH,58880.0,IIb,IIb,2026-03-19,2026.0,110,0.9818181818181818,,H1,R,H,R74/H107,II,II
YEH59059.1,YEH,59059.0,IIb,IIb,2026-03-18,2026.0,110,0.9818181818181818,,H1,R,H,R74/H107,II,II
YEH59238.1,YEH,59238.0,IIb,IIb,2026-03-11,2026.0,110,0.9818181818181818,,H1,R,H,R74/H107,II,II
YEH59416.1,YEH,59416.0,IIb,IIb,2026-03-26,2026.0,110,0.9818181818181818,,H1,R,H,R74/H107,II,II
YEH59594.1,YEH,59594.0,IIb,IIb,2026-03-24,2026.0,110,0.9818181818181818,,H1,R,H,R74/H107,II,II
YEH59772.1,YEH,59772.0,IIb,IIb,2026-03-26,2026.0,110,0.9818181818181818,,H1,R,H,R74/H107,II,II
YEH59950.1,YEH,59950.0,IIb,IIb,2026-03-20,2026.0,110,0.9818181818181818,,H1,R,H,R74/H107,II,II
YEH60128.1,YEH,60128.0,IIb,IIb,2026-01-04,2026.0,110,0.9818181818181818,,H1,R,H,R74/H107,II,II
YEH60307.1,YEH,60307.0,IIb,IIb,2026-03-18,2026.0,110,0.9818181818181818,,H1,R,H,R74/H107,II,II
YDZ50826.1,YDZ,50826.0,IIb,IIb,2026-03-16,2026.0,110,0.9818181818181818,,H1,R,H,R74/H107,II,II
YDZ51005.1,YDZ,51005.0,IIb,IIb,2026-03-09,2026.0,110,0.9818181818181818,,H1,R,H,R74/H107,II,II
YDZ51183.1,YDZ,51183.0,IIb,IIb,2026-03-10,2026.0,110,0.9818181818181818,,H1,R,H,R74/H107,II,II
YDZ51361.1,YDZ,51361.0,IIb,IIb,2026-03-08,2026.0,110,0.9818181818181818,,H1,R,H,R74/H107,II,II
YDZ51540.1,YDZ,51540.0,IIb,IIb,2026-03-24,2026.0,110,0.9818181818181818,,H1,R,H,R74/H107,II,II
XYH50634.1,XYH,50634.0,Clade,unassigned,2024-08-30,2024.0,110,0.9818181818181818,,H1,R,H,R74/H107,unassigned,II
XYH50809.1,XYH,50809.0,Clade,unassigned,2024-12-04,2024.0,110,0.9818181818181818,,H1,R,H,R74/H107,unassigned,II
XYR86764.1,XYR,86764.0,IIb,IIb,2025-06-03,2025.0,110,0.9818181818181818,,H1,R,H,R74/H107,II,II
XYR86941.1,XYR,86941.0,IIb,IIb,2025-06-14,2025.0,110,0.9818181818181818,,H1,R,H,R74/H107,II,II
XYR87118.1,XYR,87118.0,IIb,IIb,2025-06-14,2025.0,110,0.9818181818181818,,H1,R,H,R74/H107,II,II
XYR87296.1,XYR,87296.0,IIb,IIb,2025-06-16,2025.0,110,0.9818181818181818,,H1,R,H,R74/H107,II,II
YCJ59162.1,YCJ,59162.0,Clade,unassigned,2025-08-19,2025.0,110,0.9818181818181818,,H1,R,H,R74/H107,unassigned,II
YCJ59336.1,YCJ,59336.0,Clade,unassigned,2025-08-01,2025.0,110,0.9818181818181818,,H1,R,H,R74/H107,unassigned,II
YCJ59513.1,YCJ,59513.0,Clade,unassigned,2025-07-21,2025.0,110,0.9818181818181818,,H1,R,H,R74/H107,unassigned,II
YCJ59691.1,YCJ,59691.0,Clade,unassigned,2025-08-26,2025.0,110,0.9818181818181818,,H1,R,H,R74/H107,unassigned,II
YDB02222.1,YDB,2222.0,,unassigned,2025-09-29,2025.0,110,0.9818181818181818,,H1,R,H,R74/H107,unassigned,II
YDB02399.1,YDB,2399.0,,unassigned,2025-07-09,2025.0,110,0.9818181818181818,,H1,R,H,R74/H107,unassigned,II
YDB02571.1,YDB,2571.0,,unassigned,2025-07-16,2025.0,110,0.9818181818181818,,H1,R,H,R74/H107,unassigned,II
YDB02749.1,YDB,2749.0,,unassigned,2025-10-15,2025.0,110,0.9818181818181818,,H1,R,H,R74/H107,unassigned,II
YDS61979.1,YDS,61979.0,,unassigned,2026-02,2026.0,110,0.9818181818181818,,H1,R,H,R74/H107,unassigned,II
YDS62153.1,YDS,62153.0,,unassigned,2026-02,2026.0,110,0.9818181818181818,,H1,R,H,R74/H107,unassigned,II
YDS62327.1,YDS,62327.0,,unassigned,2026-02,2026.0,110,0.9818181818181818,,H1,R,H,R74/H107,unassigned,II
YDS62502.1,YDS,62502.0,,unassigned,2026-02,2026.0,110,0.9818181818181818,,H1,R,H,R74/H107,unassigned,II
YDS62676.1,YDS,62676.0,,unassigned,2026-02,2026.0,110,0.9818181818181818,,H1,R,H,R74/H107,unassigned,II
YDS62848.1,YDS,62848.0,,unassigned,2026-02,2026.0,110,1.0,,H2,H,R,H74/R107,unassigned,I
YDS63013.1,YDS,63013.0,,unassigned,2026-02,2026.0,110,1.0,,H2,H,R,H74/R107,unassigned,I
YDS63178.1,YDS,63178.0,,unassigned,2026-02,2026.0,110,1.0,,H2,H,R,H74/R107,unassigned,I
YDS63343.1,YDS,63343.0,,unassigned,2026-02,2026.0,110,1.0,,H2,H,R,H74/R107,unassigned,I
YDS63508.1,YDS,63508.0,,unassigned,2026-02,2026.0,110,1.0,,H2,H,R,H74/R107,unassigned,I
YDS63673.1,YDS,63673.0,,unassigned,2026-02,2026.0,110,1.0,,H2,H,R,H74/R107,unassigned,I
YDS63839.1,YDS,63839.0,,unassigned,2026-02,2026.0,110,1.0,,H2,H,R,H74/R107,unassigned,I
YDS64004.1,YDS,64004.0,,unassigned,2026-02,2026.0,110,1.0,,H2,H,R,H74/R107,unassigned,I
YDS64170.1,YDS,64170.0,,unassigned,2026-02,2026.0,110,1.0,,H2,H,R,H74/R107,unassigned,I
YDS64334.1,YDS,64334.0,,unassigned,2026-02,2026.0,110,1.0,,H2,H,R,H74/R107,unassigned,I
YDS64499.1,YDS,64499.0,,unassigned,2026-02,2026.0,110,1.0,,H2,H,R,H74/R107,unassigned,I
YDS64664.1,YDS,64664.0,,unassigned,2026-03,2026.0,110,1.0,,H2,H,R,H74/R107,unassigned,I
YDS64829.1,YDS,64829.0,,unassigned,2026-03,2026.0,110,1.0,,H2,H,R,H74/R107,unassigned,I
YDS64994.1,YDS,64994.0,,unassigned,2026-03,2026.0,110,1.0,,H2,H,R,H74/R107,unassigned,I
YDS65160.1,YDS,65160.0,,unassigned,2026-03,2026.0,110,1.0,,H2,H,R,H74/R107,unassigned,I
YDS65326.1,YDS,65326.0,,unassigned,2026-03,2026.0,110,1.0,,H2,H,R,H74/R107,unassigned,I
YDS65492.1,YDS,65492.0,,unassigned,2026-03,2026.0,110,1.0,,H2,H,R,H74/R107,unassigned,I
YDS65658.1,YDS,65658.0,,unassigned,2026-03,2026.0,110,1.0,,H2,H,R,H74/R107,unassigned,I
YDS65824.1,YDS,65824.0,,unassigned,2026-03,2026.0,110,1.0,,H2,H,R,H74/R107,unassigned,I
YDS65990.1,YDS,65990.0,,unassigned,2026-03,2026.0,110,1.0,,H2,H,R,H74/R107,unassigned,I
YDS66155.1,YDS,66155.0,,unassigned,2026-03,2026.0,110,1.0,,H2,H,R,H74/R107,unassigned,I
YDS66320.1,YDS,66320.0,,unassigned,2026-03,2026.0,110,1.0,,H2,H,R,H74/R107,unassigned,I
YDS66485.1,YDS,66485.0,,unassigned,2026-03,2026.0,110,1.0,,H2,H,R,H74/R107,unassigned,I
YDS66650.1,YDS,66650.0,,unassigned,2026-03,2026.0,110,1.0,,H2,H,R,H74/R107,unassigned,I
YDS66815.1,YDS,66815.0,,unassigned,2026-03,2026.0,110,1.0,,H2,H,R,H74/R107,unassigned,I
YDS66980.1,YDS,66980.0,,unassigned,2026-03,2026.0,110,1.0,,H2,H,R,H74/R107,unassigned,I
YDS67145.1,YDS,67145.0,,unassigned,2026-03,2026.0,110,1.0,,H2,H,R,H74/R107,unassigned,I
YDS67310.1,YDS,67310.0,,unassigned,2026-03,2026.0,110,1.0,,H2,H,R,H74/R107,unassigned,I
YDS67475.1,YDS,67475.0,,unassigned,2026-03,2026.0,110,1.0,,H2,H,R,H74/R107,unassigned,I
YDS67640.1,YDS,67640.0,,unassigned,2026-03,2026.0,110,1.0,,H2,H,R,H74/R107,unassigned,I
YDS67805.1,YDS,67805.0,,unassigned,2026-03,2026.0,110,1.0,,H2,H,R,H74/R107,unassigned,I
YDS67970.1,YDS,67970.0,,unassigned,2026-03,2026.0,110,1.0,,H2,H,R,H74/R107,unassigned,I
YDS69250.1,YDS,69250.0,IIb,IIb,2026-03-04,2026.0,110,0.9818181818181818,,H1,R,H,R74/H107,II,II
YDS69428.1,YDS,69428.0,IIb,IIb,2026-02-25,2026.0,110,0.9818181818181818,,H1,R,H,R74/H107,II,II
YDS69607.1,YDS,69607.0,IIb,IIb,2026-02-27,2026.0,110,0.9818181818181818,,H1,R,H,R74/H107,II,II
YDS69785.1,YDS,69785.0,IIb,IIb,2026-03-03,2026.0,110,0.9818181818181818,,H1,R,H,R74/H107,II,II
YDS69963.1,YDS,69963.0,IIb,IIb,2026-03-03,2026.0,110,0.9818181818181818,,H1,R,H,R74/H107,II,II
YDS70141.1,YDS,70141.0,IIb,IIb,2026-03-03,2026.0,110,0.9818181818181818,,H1,R,H,R74/H107,II,II
YDS70320.1,YDS,70320.0,IIb,IIb,2026-03-09,2026.0,110,0.9818181818181818,,H1,R,H,R74/H107,II,II
YDS70497.1,YDS,70497.0,IIb,IIb,2026-03-10,2026.0,110,0.9818181818181818,,H1,R,H,R74/H107,II,II
YDQ36879.1,YDQ,36879.0,IIb,IIb,2026-01,2026.0,110,0.9818181818181818,,H1,R,H,R74/H107,II,II
YDO85176.1,YDO,85176.0,IIb,IIb,2026-02-27,2026.0,110,0.9818181818181818,,H1,R,H,R74/H107,II,II
YDO85354.1,YDO,85354.0,IIb,IIb,2026-02-26,2026.0,110,0.9818181818181818,,H1,R,H,R74/H107,II,II
YDO85533.1,YDO,85533.0,IIb,IIb,2026-02-20,2026.0,110,0.9818181818181818,,H1,R,H,R74/H107,II,II
YDO85712.1,YDO,85712.0,IIb,IIb,2026-02-22,2026.0,110,0.9818181818181818,,H1,R,H,R74/H107,II,II
YDO85889.1,YDO,85889.0,IIb,IIb,2026-02-17,2026.0,110,0.9818181818181818,,H1,R,H,R74/H107,II,II
YDO86067.1,YDO,86067.0,IIb,IIb,2026-02-23,2026.0,110,0.9818181818181818,,H1,R,H,R74/H107,II,II
YDO86245.1,YDO,86245.0,IIb,IIb,2026-02-24,2026.0,110,0.9818181818181818,,H1,R,H,R74/H107,II,II
YDO86423.1,YDO,86423.0,IIb,IIb,2026-02-20,2026.0,110,0.9818181818181818,,H1,R,H,R74/H107,II,II
YDO86601.1,YDO,86601.0,IIb,IIb,2026-02-23,2026.0,110,0.9818181818181818,,H1,R,H,R74/H107,II,II
YAJ20566.1,YAJ,20566.0,,unassigned,2023-05-05,2023.0,110,0.9818181818181818,,H1,R,H,R74/H107,unassigned,II
YAJ20744.1,YAJ,20744.0,,unassigned,2023-03-24,2023.0,110,0.9818181818181818,,H1,R,H,R74/H107,unassigned,II
YAJ20922.1,YAJ,20922.0,,unassigned,2023-03-24,2023.0,110,0.9818181818181818,,H1,R,H,R74/H107,unassigned,II
YDN89546.1,YDN,89546.0,Ib,Ib,2026-01-01,2026.0,110,1.0,,H2,H,R,H74/R107,I,I
YDN89711.1,YDN,89711.0,Ib,Ib,2025,2025.0,110,1.0,,H2,H,R,H74/R107,I,I
YDN89877.1,YDN,89877.0,Ib,Ib,2026,2026.0,110,1.0,,H2,H,R,H74/R107,I,I
YDN90077.1,YDN,90077.0,,unassigned,2026-02,2026.0,110,0.9818181818181818,,H1,R,H,R74/H107,unassigned,II
YDN90256.1,YDN,90256.0,,unassigned,2026-02,2026.0,110,0.9818181818181818,,H1,R,H,R74/H107,unassigned,II
YDN90434.1,YDN,90434.0,,unassigned,2026-02,2026.0,110,0.9818181818181818,,H1,R,H,R74/H107,unassigned,II
YDN90612.1,YDN,90612.0,,unassigned,2026-02,2026.0,110,0.9818181818181818,,H1,R,H,R74/H107,unassigned,II
YDN90787.1,YDN,90787.0,,unassigned,2026-02,2026.0,110,1.0,,H2,H,R,H74/R107,unassigned,I
YDL35915.1,YDL,35915.0,IIb,IIb,2026-02-13,2026.0,110,0.9818181818181818,,H1,R,H,R74/H107,II,II
YDL36093.1,YDL,36093.0,IIb,IIb,2026-02-09,2026.0,110,0.9818181818181818,,H1,R,H,R74/H107,II,II
YDL36271.1,YDL,36271.0,IIb,IIb,2026-02-09,2026.0,110,0.9818181818181818,,H1,R,H,R74/H107,II,II
YDL36450.1,YDL,36450.0,IIb,IIb,2026-02-13,2026.0,110,0.9818181818181818,,H1,R,H,R74/H107,II,II
YDL36628.1,YDL,36628.0,IIb,IIb,2026-02-10,2026.0,110,0.9818181818181818,,H1,R,H,R74/H107,II,II
YDL36805.1,YDL,36805.0,IIb,IIb,2026-02-08,2026.0,110,0.9818181818181818,,H1,R,H,R74/H107,II,II
YDL36983.1,YDL,36983.0,IIb,IIb,2026-02-13,2026.0,110,0.9818181818181818,,H1,R,H,R74/H107,II,II
YDL37162.1,YDL,37162.0,IIb,IIb,2026-02-19,2026.0,110,0.9818181818181818,,H1,R,H,R74/H107,II,II
YDL37340.1,YDL,37340.0,IIb,IIb,2026-01-21,2026.0,110,0.9818181818181818,,H1,R,H,R74/H107,II,II
YDL37986.1,YDL,37986.0,Ib,Ib,2025-12-04,2025.0,110,1.0,,H2,H,R,H74/R107,I,I
YDL38154.1,YDL,38154.0,Ib,Ib,2026-01-07,2026.0,110,1.0,,H2,H,R,H74/R107,I,I
YDL38324.1,YDL,38324.0,Ib,Ib,2026-01-15,2026.0,110,1.0,,H2,H,R,H74/R107,I,I
YDL38528.1,YDL,38528.0,IIb,IIb,2026-01-28,2026.0,110,0.9818181818181818,,H1,R,H,R74/H107,II,II
YDH90412.1,YDH,90412.0,IIb,IIb,2026-02-04,2026.0,110,0.9818181818181818,,H1,R,H,R74/H107,II,II
YDH90591.1,YDH,90591.0,IIb,IIb,2026-01-26,2026.0,110,0.9818181818181818,,H1,R,H,R74/H107,II,II
YDH90769.1,YDH,90769.0,IIb,IIb,2026-02-03,2026.0,110,0.9818181818181818,,H1,R,H,R74/H107,II,II
YDH68261.1,YDH,68261.0,IIb,IIb,2025-11-28,2025.0,110,0.9818181818181818,,H1,R,H,R74/H107,II,II
YDH68440.1,YDH,68440.0,IIb,IIb,2026-01-08,2026.0,110,0.9727272727272728,,H12,R,H,R74/H107,II,II
YDH68619.1,YDH,68619.0,IIb,IIb,2025-11-19,2025.0,110,0.9818181818181818,,H1,R,H,R74/H107,II,II
YDH68798.1,YDH,68798.0,IIb,IIb,2025-12-04,2025.0,110,0.9727272727272728,,H3,R,H,R74/H107,II,II
YDE78124.1,YDE,78124.0,,unassigned,2026-01,2026.0,110,0.9818181818181818,,H1,R,H,R74/H107,unassigned,II
YDE78294.1,YDE,78294.0,,unassigned,2026-01,2026.0,110,0.9818181818181818,,H1,R,H,R74/H107,unassigned,II
YDE78473.1,YDE,78473.0,,unassigned,2026-02,2026.0,110,0.9818181818181818,,H1,R,H,R74/H107,unassigned,II
YDE78652.1,YDE,78652.0,,unassigned,2026-02,2026.0,110,0.9818181818181818,,H1,R,H,R74/H107,unassigned,II
YDE78830.1,YDE,78830.0,,unassigned,2026-02,2026.0,110,0.9727272727272728,,H3,R,H,R74/H107,unassigned,II
YDE79008.1,YDE,79008.0,,unassigned,2026-02,2026.0,110,0.9818181818181818,,H1,R,H,R74/H107,unassigned,II
YDD25265.1,YDD,25265.0,,unassigned,2025-02-21,2025.0,110,1.0,,H2,H,R,H74/R107,unassigned,I
YDD25434.1,YDD,25434.0,,unassigned,2025-03-10,2025.0,110,1.0,,H2,H,R,H74/R107,unassigned,I
YDD25601.1,YDD,25601.0,,unassigned,2025-03-19,2025.0,110,1.0,,H2,H,R,H74/R107,unassigned,I
YDD25772.1,YDD,25772.0,,unassigned,2025-06-13,2025.0,110,0.9818181818181818,,H1,R,H,R74/H107,unassigned,II
YDD25950.1,YDD,25950.0,IIb,IIb,2026-01-13,2026.0,110,0.9818181818181818,,H1,R,H,R74/H107,II,II
YDD26129.1,YDD,26129.0,IIb,IIb,2026-01-16,2026.0,110,0.9818181818181818,,H1,R,H,R74/H107,II,II
YDD26308.1,YDD,26308.0,IIb,IIb,2026-01-20,2026.0,110,0.9818181818181818,,H1,R,H,R74/H107,II,II
YDD26486.1,YDD,26486.0,IIb,IIb,2026-01-20,2026.0,110,0.9818181818181818,,H1,R,H,R74/H107,II,II
YDD26665.1,YDD,26665.0,IIb,IIb,2025-12-09,2025.0,110,0.9818181818181818,,H1,R,H,R74/H107,II,II
YDD26843.1,YDD,26843.0,IIb,IIb,2026-01-27,2026.0,110,0.9818181818181818,,H1,R,H,R74/H107,II,II
YDD27022.1,YDD,27022.0,IIb,IIb,2025-12-19,2025.0,110,0.9818181818181818,,H1,R,H,R74/H107,II,II
YDD27200.1,YDD,27200.0,,unassigned,2025-12,2025.0,110,0.9727272727272728,,H3,R,H,R74/H107,unassigned,II
YDD27375.1,YDD,27375.0,,unassigned,2025-12,2025.0,110,0.9818181818181818,,H1,R,H,R74/H107,unassigned,II
YDD27549.1,YDD,27549.0,,unassigned,2026-01,2026.0,110,0.9818181818181818,,H1,R,H,R74/H107,unassigned,II
YDD27724.1,YDD,27724.0,,unassigned,2026-01,2026.0,110,0.9727272727272728,,H3,R,H,R74/H107,unassigned,II
YDD27899.1,YDD,27899.0,,unassigned,2026-01,2026.0,110,0.9818181818181818,,H1,R,H,R74/H107,unassigned,II
YDD28073.1,YDD,28073.0,,unassigned,2026-01,2026.0,110,0.9818181818181818,,H1,R,H,R74/H107,unassigned,II
YDD28247.1,YDD,28247.0,,unassigned,2026-01,2026.0,110,0.9818181818181818,,H1,R,H,R74/H107,unassigned,II
YDD28422.1,YDD,28422.0,,unassigned,2026-01,2026.0,110,0.9818181818181818,,H1,R,H,R74/H107,unassigned,II
YDD28596.1,YDD,28596.0,,unassigned,2026-01,2026.0,110,0.9818181818181818,,H1,R,H,R74/H107,unassigned,II
YDD28770.1,YDD,28770.0,,unassigned,2026-01,2026.0,110,0.9818181818181818,,H1,R,H,R74/H107,unassigned,II
YDD28945.1,YDD,28945.0,,unassigned,2026-01,2026.0,110,0.9818181818181818,,H1,R,H,R74/H107,unassigned,II
YDD29120.1,YDD,29120.0,,unassigned,2026-01,2026.0,110,0.9818181818181818,,H1,R,H,R74/H107,unassigned,II
YDD29294.1,YDD,29294.0,,unassigned,2026-01,2026.0,110,0.9818181818181818,,H1,R,H,R74/H107,unassigned,II
YDD29469.1,YDD,29469.0,,unassigned,2026-01,2026.0,110,0.9818181818181818,,H1,R,H,R74/H107,unassigned,II
YDD29641.1,YDD,29641.0,,unassigned,2026-01,2026.0,110,1.0,,H2,H,R,H74/R107,unassigned,I
YDD29807.1,YDD,29807.0,,unassigned,2026-01,2026.0,110,1.0,,H2,H,R,H74/R107,unassigned,I
YDD29973.1,YDD,29973.0,,unassigned,2026-01,2026.0,110,1.0,,H2,H,R,H74/R107,unassigned,I
YDD30139.1,YDD,30139.0,,unassigned,2026-01,2026.0,110,1.0,,H2,H,R,H74/R107,unassigned,I
YDD30304.1,YDD,30304.0,,unassigned,2026-01,2026.0,110,1.0,,H2,H,R,H74/R107,unassigned,I
YDD30470.1,YDD,30470.0,,unassigned,2026-01,2026.0,110,1.0,,H2,H,R,H74/R107,unassigned,I
YDD30636.1,YDD,30636.0,,unassigned,2026-02,2026.0,110,1.0,,H2,H,R,H74/R107,unassigned,I
YDD30802.1,YDD,30802.0,,unassigned,2026-02,2026.0,110,1.0,,H2,H,R,H74/R107,unassigned,I
YDD30968.1,YDD,30968.0,,unassigned,2026-02,2026.0,110,1.0,,H2,H,R,H74/R107,unassigned,I
YDD31134.1,YDD,31134.0,,unassigned,2026-02,2026.0,110,1.0,,H2,H,R,H74/R107,unassigned,I
YDD31300.1,YDD,31300.0,,unassigned,2026-02,2026.0,110,1.0,,H2,H,R,H74/R107,unassigned,I
YDD31466.1,YDD,31466.0,,unassigned,2026-02,2026.0,110,1.0,,H2,H,R,H74/R107,unassigned,I
YDD31631.1,YDD,31631.0,,unassigned,2026-02,2026.0,110,1.0,,H2,H,R,H74/R107,unassigned,I
YDD31796.1,YDD,31796.0,,unassigned,2026-02,2026.0,110,1.0,,H2,H,R,H74/R107,unassigned,I
YDB51430.1,YDB,51430.0,IIb,IIb,2026-01-12,2026.0,110,0.9818181818181818,,H1,R,H,R74/H107,II,II
YDB51609.1,YDB,51609.0,IIb,IIb,2026-01-20,2026.0,110,0.9818181818181818,,H1,R,H,R74/H107,II,II
YDB51788.1,YDB,51788.0,IIb,IIb,2026-01-01,2026.0,110,0.9727272727272728,,H3,R,H,R74/H107,II,II
YDB23353.1,YDB,23353.0,,unassigned,2025-09-23,2025.0,110,0.9818181818181818,,H1,R,H,R74/H107,unassigned,II
YDB23528.1,YDB,23528.0,,unassigned,2025-09-25,2025.0,110,0.9818181818181818,,H1,R,H,R74/H107,unassigned,II
YDB23702.1,YDB,23702.0,,unassigned,2025-10-14,2025.0,110,0.9818181818181818,,H1,R,H,R74/H107,unassigned,II
YDB23876.1,YDB,23876.0,,unassigned,2025-10-14,2025.0,110,0.9818181818181818,,H1,R,H,R74/H107,unassigned,II
YDB24051.1,YDB,24051.0,,unassigned,2025-10-20,2025.0,110,0.9818181818181818,,H1,R,H,R74/H107,unassigned,II
YDB24215.1,YDB,24215.0,,unassigned,2025-10-14,2025.0,110,0.9818181818181818,,H1,R,H,R74/H107,unassigned,II
YDB24384.1,YDB,24384.0,,unassigned,2025-10-22,2025.0,110,0.9818181818181818,,H1,R,H,R74/H107,unassigned,II
YDB24558.1,YDB,24558.0,,unassigned,2025-10-22,2025.0,110,0.9818181818181818,,H1,R,H,R74/H107,unassigned,II
YDB24732.1,YDB,24732.0,,unassigned,2025-10-24,2025.0,110,0.9818181818181818,,H1,R,H,R74/H107,unassigned,II
YDB24904.1,YDB,24904.0,,unassigned,2025-10-24,2025.0,110,0.9818181818181818,,H1,R,H,R74/H107,unassigned,II
YDB25076.1,YDB,25076.0,,unassigned,2025-10-24,2025.0,110,0.9818181818181818,,H1,R,H,R74/H107,unassigned,II
YDB25250.1,YDB,25250.0,,unassigned,2025-10-27,2025.0,110,0.9818181818181818,,H1,R,H,R74/H107,unassigned,II
YDB25424.1,YDB,25424.0,,unassigned,2025-10-27,2025.0,110,0.9818181818181818,,H1,R,H,R74/H107,unassigned,II
YDB25599.1,YDB,25599.0,,unassigned,2025-10-27,2025.0,110,0.9818181818181818,,H1,R,H,R74/H107,unassigned,II
YDB25773.1,YDB,25773.0,,unassigned,2025-10-27,2025.0,110,0.9818181818181818,,H1,R,H,R74/H107,unassigned,II
YDB02927.1,YDB,2927.0,IIb,IIb,2026-01-07,2026.0,110,0.9818181818181818,,H1,R,H,R74/H107,II,II
YDB03106.1,YDB,3106.0,IIb,IIb,2026-01-09,2026.0,110,0.9727272727272728,,H3,R,H,R74/H107,II,II
YDB03284.1,YDB,3284.0,IIb,IIb,2026-01-02,2026.0,110,0.9818181818181818,,H1,R,H,R74/H107,II,II
YDB03463.1,YDB,3463.0,IIb,IIb,2026-01-06,2026.0,110,0.9818181818181818,,H1,R,H,R74/H107,II,II
YDB03819.1,YDB,3819.0,IIb,IIb,2026-01-08,2026.0,110,0.9818181818181818,,H1,R,H,R74/H107,II,II
YDB04176.1,YDB,4176.0,IIb,IIb,2026-01-19,2026.0,110,0.9818181818181818,,H1,R,H,R74/H107,II,II
YDB05538.1,YDB,5538.0,,unassigned,2025-12-21,2025.0,110,0.9818181818181818,,H1,R,H,R74/H107,unassigned,II
YDB05716.1,YDB,5716.0,,unassigned,2025-11-23,2025.0,110,0.9818181818181818,,H1,R,H,R74/H107,unassigned,II
YDB05895.1,YDB,5895.0,,unassigned,2025-12-21,2025.0,110,0.9818181818181818,,H1,R,H,R74/H107,unassigned,II
YDB06074.1,YDB,6074.0,,unassigned,2025-12-11,2025.0,110,0.9818181818181818,,H1,R,H,R74/H107,unassigned,II
YDB06253.1,YDB,6253.0,,unassigned,2025-12-12,2025.0,110,0.9818181818181818,,H1,R,H,R74/H107,unassigned,II
YDB06432.1,YDB,6432.0,,unassigned,2025-12-05,2025.0,110,0.9818181818181818,,H1,R,H,R74/H107,unassigned,II
YDB06608.1,YDB,6608.0,,unassigned,2025-11-26,2025.0,110,0.9818181818181818,,H1,R,H,R74/H107,unassigned,II
YDB06787.1,YDB,6787.0,,unassigned,2025-12-02,2025.0,110,0.9818181818181818,,H1,R,H,R74/H107,unassigned,II
YDB06965.1,YDB,6965.0,,unassigned,2025-12-16,2025.0,110,0.9818181818181818,,H1,R,H,R74/H107,unassigned,II
YDB07143.1,YDB,7143.0,,unassigned,2025-12-16,2025.0,110,0.9818181818181818,,H1,R,H,R74/H107,unassigned,II
YDB07322.1,YDB,7322.0,,unassigned,2025-12-18,2025.0,110,0.9818181818181818,,H1,R,H,R74/H107,unassigned,II
YDB07501.1,YDB,7501.0,,unassigned,2025-11-23,2025.0,110,0.9818181818181818,,H1,R,H,R74/H107,unassigned,II
YDB07679.1,YDB,7679.0,,unassigned,2025-12-11,2025.0,110,0.9818181818181818,,H1,R,H,R74/H107,unassigned,II
YDB07858.1,YDB,7858.0,,unassigned,2025-12-01,2025.0,110,0.9818181818181818,,H1,R,H,R74/H107,unassigned,II
YDB08037.1,YDB,8037.0,,unassigned,2025-12-15,2025.0,110,0.9818181818181818,,H1,R,H,R74/H107,unassigned,II
YDB08215.1,YDB,8215.0,,unassigned,2025-12-12,2025.0,110,0.9818181818181818,,H1,R,H,R74/H107,unassigned,II
YDB08393.1,YDB,8393.0,,unassigned,2025-12-16,2025.0,110,0.9818181818181818,,H1,R,H,R74/H107,unassigned,II
YDB08572.1,YDB,8572.0,,unassigned,2025-12-01,2025.0,110,0.9818181818181818,,H1,R,H,R74/H107,unassigned,II
YDB08751.1,YDB,8751.0,,unassigned,2025-11-13,2025.0,110,0.9818181818181818,,H1,R,H,R74/H107,unassigned,II
YDB08930.1,YDB,8930.0,,unassigned,2025-12-12,2025.0,110,0.9818181818181818,,H1,R,H,R74/H107,unassigned,II
CAP3282608.1,CAP,3282608.0,IIb,IIb,2025-05,2025.0,110,0.9818181818181818,,H1,R,H,R74/H107,II,II
YCS39476.1,YCS,39476.0,IIb,IIb,2025-12-10,2025.0,110,0.9818181818181818,,H1,R,H,R74/H107,II,II
YCS39655.1,YCS,39655.0,IIb,IIb,2025-12-04,2025.0,110,0.9818181818181818,,H1,R,H,R74/H107,II,II
YCS39832.1,YCS,39832.0,IIb,IIb,2025-12-03,2025.0,110,0.9818181818181818,,H1,R,H,R74/H107,II,II
YCQ68276.1,YCQ,68276.0,Ib,Ib,2026-01-01,2026.0,110,1.0,,H2,H,R,H74/R107,I,I
YCO28881.1,YCO,28881.0,,unassigned,2026-01,2026.0,110,1.0,,H2,H,R,H74/R107,unassigned,I
YCO29047.1,YCO,29047.0,,unassigned,2026-01,2026.0,110,1.0,,H2,H,R,H74/R107,unassigned,I
YCO29213.1,YCO,29213.0,,unassigned,2025-12,2025.0,110,1.0,,H2,H,R,H74/R107,unassigned,I
YCO29382.1,YCO,29382.0,,unassigned,2026-01,2026.0,110,0.9818181818181818,,H1,R,H,R74/H107,unassigned,II
YCO29557.1,YCO,29557.0,,unassigned,2026-01,2026.0,110,0.9818181818181818,,H1,R,H,R74/H107,unassigned,II
YCO29732.1,YCO,29732.0,,unassigned,2026-01,2026.0,110,0.9727272727272728,,H3,R,H,R74/H107,unassigned,II
YCO29906.1,YCO,29906.0,,unassigned,2026-01,2026.0,110,0.9818181818181818,,H1,R,H,R74/H107,unassigned,II
YCO30080.1,YCO,30080.0,,unassigned,2026-01,2026.0,110,0.9818181818181818,,H1,R,H,R74/H107,unassigned,II
YCO30255.1,YCO,30255.0,,unassigned,2026-01,2026.0,110,0.9727272727272728,,H3,R,H,R74/H107,unassigned,II
YCO30430.1,YCO,30430.0,,unassigned,2025-12,2025.0,110,0.9818181818181818,,H1,R,H,R74/H107,unassigned,II
YCO30605.1,YCO,30605.0,,unassigned,2025-12,2025.0,110,0.9818181818181818,,H1,R,H,R74/H107,unassigned,II
YCO30780.1,YCO,30780.0,,unassigned,2025-12,2025.0,110,0.9818181818181818,,H1,R,H,R74/H107,unassigned,II
YCO30955.1,YCO,30955.0,,unassigned,2025-12,2025.0,110,0.9818181818181818,,H1,R,H,R74/H107,unassigned,II
YCO31130.1,YCO,31130.0,,unassigned,2025-12,2025.0,110,0.9727272727272728,,H3,R,H,R74/H107,unassigned,II
YCO31304.1,YCO,31304.0,,unassigned,2025-12,2025.0,110,0.9818181818181818,,H1,R,H,R74/H107,unassigned,II
YCO31479.1,YCO,31479.0,,unassigned,2025-12,2025.0,110,0.9818181818181818,,H1,R,H,R74/H107,unassigned,II
YCO31654.1,YCO,31654.0,,unassigned,2025-12,2025.0,110,0.9727272727272728,,H3,R,H,R74/H107,unassigned,II
YCO31829.1,YCO,31829.0,,unassigned,2025-12,2025.0,110,0.9727272727272728,,H3,R,H,R74/H107,unassigned,II
YCO32004.1,YCO,32004.0,,unassigned,2025-12,2025.0,110,0.9727272727272728,,H3,R,H,R74/H107,unassigned,II
YCO32179.1,YCO,32179.0,,unassigned,2025-12,2025.0,110,0.9818181818181818,,H1,R,H,R74/H107,unassigned,II
YCO32353.1,YCO,32353.0,,unassigned,2025-12,2025.0,110,0.9818181818181818,,H1,R,H,R74/H107,unassigned,II
YCO32528.1,YCO,32528.0,,unassigned,2025-12,2025.0,110,0.9727272727272728,,H3,R,H,R74/H107,unassigned,II
YCO34040.1,YCO,34040.0,,unassigned,2025-12-01,2025.0,110,0.9818181818181818,,H1,R,H,R74/H107,unassigned,II
YCO34219.1,YCO,34219.0,,unassigned,2025-11-29,2025.0,110,0.9818181818181818,,H1,R,H,R74/H107,unassigned,II
YCO34398.1,YCO,34398.0,,unassigned,2025-12-17,2025.0,110,0.9818181818181818,,H1,R,H,R74/H107,unassigned,II
YCO34577.1,YCO,34577.0,,unassigned,2025-11-29,2025.0,110,0.9818181818181818,,H1,R,H,R74/H107,unassigned,II
YCO34756.1,YCO,34756.0,,unassigned,2025-12-19,2025.0,110,0.9818181818181818,,H1,R,H,R74/H107,unassigned,II
YCO34934.1,YCO,34934.0,,unassigned,2025-12-09,2025.0,110,0.9818181818181818,,H1,R,H,R74/H107,unassigned,II
YCO35113.1,YCO,35113.0,,unassigned,2025-12-12,2025.0,110,0.9818181818181818,,H1,R,H,R74/H107,unassigned,II
YCO35291.1,YCO,35291.0,,unassigned,2025-12-04,2025.0,110,0.9818181818181818,,H1,R,H,R74/H107,unassigned,II
YCO35470.1,YCO,35470.0,,unassigned,2025-12-09,2025.0,110,0.9818181818181818,,H1,R,H,R74/H107,unassigned,II
YCO35647.1,YCO,35647.0,,unassigned,2025-12-08,2025.0,110,0.9727272727272728,,H3,R,H,R74/H107,unassigned,II
YCO35826.1,YCO,35826.0,,unassigned,2025-12-12,2025.0,110,0.9818181818181818,,H1,R,H,R74/H107,unassigned,II
YCO36005.1,YCO,36005.0,,unassigned,2025-12-15,2025.0,110,0.9818181818181818,,H1,R,H,R74/H107,unassigned,II
YCO36184.1,YCO,36184.0,,unassigned,2025-12-11,2025.0,110,0.9818181818181818,,H1,R,H,R74/H107,unassigned,II
YCO36363.1,YCO,36363.0,,unassigned,2025-12-09,2025.0,110,0.9818181818181818,,H1,R,H,R74/H107,unassigned,II
YCO36541.1,YCO,36541.0,,unassigned,2025-12-09,2025.0,110,0.9818181818181818,,H1,R,H,R74/H107,unassigned,II
YCL53580.1,YCL,53580.0,IIb,IIb,2022-06,2022.0,110,0.9818181818181818,,H1,R,H,R74/H107,II,II
YCL53759.1,YCL,53759.0,IIb,IIb,2022-07,2022.0,110,0.9818181818181818,,H1,R,H,R74/H107,II,II
YCL53938.1,YCL,53938.0,IIb,IIb,2022-07,2022.0,110,0.9818181818181818,,H1,R,H,R74/H107,II,II
YCL54117.1,YCL,54117.0,IIb,IIb,2022-07,2022.0,110,0.9818181818181818,,H1,R,H,R74/H107,II,II
YCL54295.1,YCL,54295.0,IIb,IIb,2022-07,2022.0,110,0.9818181818181818,,H1,R,H,R74/H107,II,II
YCL54472.1,YCL,54472.0,IIb,IIb,2022-07,2022.0,110,0.9818181818181818,,H1,R,H,R74/H107,II,II
YCL54650.1,YCL,54650.0,IIb,IIb,2022-09,2022.0,110,0.9818181818181818,,H1,R,H,R74/H107,II,II
YCL54827.1,YCL,54827.0,IIb,IIb,2022-09,2022.0,110,0.9818181818181818,,H1,R,H,R74/H107,II,II
YCL55006.1,YCL,55006.0,IIb,IIb,2022-09,2022.0,110,0.9818181818181818,,H1,R,H,R74/H107,II,II
YCL55185.1,YCL,55185.0,IIb,IIb,2022-09,2022.0,110,0.9818181818181818,,H1,R,H,R74/H107,II,II
YCL55364.1,YCL,55364.0,IIb,IIb,2022-09,2022.0,110,0.9818181818181818,,H1,R,H,R74/H107,II,II
YCL55543.1,YCL,55543.0,IIb,IIb,2022-06,2022.0,110,0.9818181818181818,,H1,R,H,R74/H107,II,II
YCL55721.1,YCL,55721.0,IIb,IIb,2022-09,2022.0,110,0.9818181818181818,,H1,R,H,R74/H107,II,II
YCL55899.1,YCL,55899.0,IIb,IIb,2022-10,2022.0,110,0.9818181818181818,,H1,R,H,R74/H107,II,II
YCL56078.1,YCL,56078.0,IIb,IIb,2022-11,2022.0,110,0.9818181818181818,,H1,R,H,R74/H107,II,II
YCL56257.1,YCL,56257.0,IIb,IIb,2022-11,2022.0,110,0.9818181818181818,,H1,R,H,R74/H107,II,II
YCL56436.1,YCL,56436.0,IIb,IIb,2022-11,2022.0,110,0.9818181818181818,,H1,R,H,R74/H107,II,II
YCL56615.1,YCL,56615.0,IIb,IIb,2022-12,2022.0,110,0.9818181818181818,,H1,R,H,R74/H107,II,II
YCL56794.1,YCL,56794.0,IIb,IIb,2022-08,2022.0,110,0.9818181818181818,,H1,R,H,R74/H107,II,II
YCL56973.1,YCL,56973.0,IIb,IIb,2022-11,2022.0,110,0.9818181818181818,,H1,R,H,R74/H107,II,II
YCL57152.1,YCL,57152.0,IIb,IIb,2022-11,2022.0,110,0.9818181818181818,,H1,R,H,R74/H107,II,II
YCL57331.1,YCL,57331.0,IIb,IIb,2022-12,2022.0,110,0.9818181818181818,,H1,R,H,R74/H107,II,II
YCL57510.1,YCL,57510.0,IIb,IIb,2022-06,2022.0,110,0.9818181818181818,,H1,R,H,R74/H107,II,II
YCL57689.1,YCL,57689.0,IIb,IIb,2024-12,2024.0,110,0.9818181818181818,,H1,R,H,R74/H107,II,II
YCL57866.1,YCL,57866.0,IIb,IIb,2025-05,2025.0,110,0.9818181818181818,,H1,R,H,R74/H107,II,II
YCL58043.1,YCL,58043.0,IIb,IIb,2025-06,2025.0,110,0.9818181818181818,,H1,R,H,R74/H107,II,II
YCL58220.1,YCL,58220.0,IIb,IIb,2025-06,2025.0,110,0.9818181818181818,,H1,R,H,R74/H107,II,II
YCL58397.1,YCL,58397.0,IIb,IIb,2025-03,2025.0,110,0.9818181818181818,,H1,R,H,R74/H107,II,II
YCL58574.1,YCL,58574.0,IIb,IIb,2025-06,2025.0,110,0.9818181818181818,,H1,R,H,R74/H107,II,II
YCL58750.1,YCL,58750.0,IIb,IIb,2022-07,2022.0,110,0.9818181818181818,,H1,R,H,R74/H107,II,II
YCL58927.1,YCL,58927.0,IIb,IIb,2022-07,2022.0,110,0.9818181818181818,,H1,R,H,R74/H107,II,II
YCL59105.1,YCL,59105.0,IIb,IIb,2022-06,2022.0,110,0.9818181818181818,,H1,R,H,R74/H107,II,II
YCL59284.1,YCL,59284.0,IIb,IIb,2022-07,2022.0,110,0.9818181818181818,,H1,R,H,R74/H107,II,II
YCL59463.1,YCL,59463.0,IIb,IIb,2022-07,2022.0,110,0.9818181818181818,,H1,R,H,R74/H107,II,II
YCL59641.1,YCL,59641.0,IIb,IIb,2022-07,2022.0,110,0.9818181818181818,,H1,R,H,R74/H107,II,II
YCL02148.1,YCL,2148.0,,unassigned,2025-12,2025.0,110,0.9818181818181818,,H1,R,H,R74/H107,unassigned,II
YCL02326.1,YCL,2326.0,,unassigned,2025-12,2025.0,110,0.9818181818181818,,H1,R,H,R74/H107,unassigned,II
YCL02504.1,YCL,2504.0,,unassigned,2025-12,2025.0,110,0.9818181818181818,,H1,R,H,R74/H107,unassigned,II
YCL02683.1,YCL,2683.0,,unassigned,2025-12,2025.0,110,0.9818181818181818,,H1,R,H,R74/H107,unassigned,II
YCL02860.1,YCL,2860.0,IIb,IIb,2025-11-18,2025.0,110,0.9818181818181818,,H1,R,H,R74/H107,II,II
YCL03039.1,YCL,3039.0,IIb,IIb,2025-11-20,2025.0,110,0.9818181818181818,,H1,R,H,R74/H107,II,II
YCL03218.1,YCL,3218.0,IIb,IIb,2025-12-02,2025.0,110,0.9818181818181818,,H1,R,H,R74/H107,II,II
XYW47084.1,XYW,47084.0,Ia,Ia,1971-07-05,1971.0,110,1.0,,H2,H,R,H74/R107,I,I
XYW47254.1,XYW,47254.0,IIa,IIa,,,110,0.9818181818181818,,H1,R,H,R74/H107,II,II
XYW47427.1,XYW,47427.0,IIa,IIa,,,110,0.9818181818181818,,H1,R,H,R74/H107,II,II
XYW47601.1,XYW,47601.0,IIa,IIa,,,110,0.9818181818181818,,H1,R,H,R74/H107,II,II
XYW47775.1,XYW,47775.0,IIa,IIa,,,110,0.9818181818181818,,H1,R,H,R74/H107,II,II
XYW47949.1,XYW,47949.0,IIa,IIa,,,110,0.9818181818181818,,H1,R,H,R74/H107,II,II
XYW48124.1,XYW,48124.0,Ia,Ia,,,110,1.0,,H2,H,R,H74/R107,I,I
XYW48295.1,XYW,48295.0,Ia,Ia,,,110,1.0,,H2,H,R,H74/R107,I,I
XYW48466.1,XYW,48466.0,Ia,Ia,,,110,1.0,,H2,H,R,H74/R107,I,I
XYW48637.1,XYW,48637.0,Ia,Ia,,,110,1.0,,H2,H,R,H74/R107,I,I
XYW48808.1,XYW,48808.0,Ia,Ia,,,110,1.0,,H2,H,R,H74/R107,I,I
XYW48979.1,XYW,48979.0,Ia,Ia,,,110,1.0,,H2,H,R,H74/R107,I,I
XYW49150.1,XYW,49150.0,Ia,Ia,,,110,1.0,,H2,H,R,H74/R107,I,I
XYW49320.1,XYW,49320.0,Ia,Ia,,,110,1.0,,H2,H,R,H74/R107,I,I
XYW49490.1,XYW,49490.0,Ia,Ia,,,110,1.0,,H2,H,R,H74/R107,I,I
XYW49660.1,XYW,49660.0,Ia,Ia,,,110,1.0,,H2,H,R,H74/R107,I,I
XYW49830.1,XYW,49830.0,Ia,Ia,,,110,1.0,,H2,H,R,H74/R107,I,I
XYY20360.1,XYY,20360.0,IIa,IIa,1973-01-11,1973.0,110,0.9818181818181818,,H1,R,H,R74/H107,II,II
YCJ55003.1,YCJ,55003.0,,unassigned,2025-11,2025.0,110,0.9818181818181818,,H1,R,H,R74/H107,unassigned,II
YCJ55178.1,YCJ,55178.0,,unassigned,2025-11,2025.0,110,0.9818181818181818,,H1,R,H,R74/H107,unassigned,II
YCJ55355.1,YCJ,55355.0,,unassigned,2025-11,2025.0,110,0.9818181818181818,,H1,R,H,R74/H107,unassigned,II
YCJ55531.1,YCJ,55531.0,,unassigned,2025-12,2025.0,110,0.9818181818181818,,H1,R,H,R74/H107,unassigned,II
YCJ55710.1,YCJ,55710.0,IIb,IIb,2025-11-20,2025.0,110,0.9818181818181818,,H1,R,H,R74/H107,II,II
YCJ55889.1,YCJ,55889.0,IIb,IIb,2025-11-19,2025.0,110,0.9818181818181818,,H1,R,H,R74/H107,II,II
YCJ56068.1,YCJ,56068.0,IIb,IIb,2025-11-28,2025.0,110,0.9818181818181818,,H1,R,H,R74/H107,II,II
YCJ56246.1,YCJ,56246.0,IIb,IIb,2025-11-26,2025.0,110,0.9818181818181818,,H1,R,H,R74/H107,II,II
YCJ56425.1,YCJ,56425.0,IIb,IIb,2025-11-06,2025.0,110,0.9818181818181818,,H1,R,H,R74/H107,II,II
YCJ56604.1,YCJ,56604.0,IIb,IIb,2025-11-24,2025.0,110,0.9818181818181818,,H1,R,H,R74/H107,II,II
YCJ56783.1,YCJ,56783.0,IIb,IIb,2025-11-25,2025.0,110,0.9818181818181818,,H1,R,H,R74/H107,II,II
YCJ57072.1,YCJ,57072.0,,unassigned,2025-09-22,2025.0,110,0.9818181818181818,,H1,R,H,R74/H107,unassigned,II
YCJ57247.1,YCJ,57247.0,,unassigned,2025-09-27,2025.0,110,0.9818181818181818,,H1,R,H,R74/H107,unassigned,II
YCJ57422.1,YCJ,57422.0,,unassigned,2025-09-25,2025.0,110,0.9818181818181818,,H1,R,H,R74/H107,unassigned,II
YCJ57597.1,YCJ,57597.0,,unassigned,2025-09-28,2025.0,110,0.9818181818181818,,H1,R,H,R74/H107,unassigned,II
YCJ57771.1,YCJ,57771.0,,unassigned,2025-09-29,2025.0,110,0.9818181818181818,,H1,R,H,R74/H107,unassigned,II
YCJ57947.1,YCJ,57947.0,,unassigned,2025-10-02,2025.0,110,0.9818181818181818,,H1,R,H,R74/H107,unassigned,II
YCJ58122.1,YCJ,58122.0,,unassigned,2025-10-07,2025.0,110,0.9818181818181818,,H1,R,H,R74/H107,unassigned,II
YCJ58299.1,YCJ,58299.0,,unassigned,2025-10-08,2025.0,110,0.9818181818181818,,H1,R,H,R74/H107,unassigned,II
YCJ58478.1,YCJ,58478.0,,unassigned,2025-10-07,2025.0,110,0.9818181818181818,,H1,R,H,R74/H107,unassigned,II
YCG60026.1,YCG,60026.0,IIb,IIb,2025-11-22,2025.0,110,0.9818181818181818,,H1,R,H,R74/H107,II,II
YCG60205.1,YCG,60205.0,IIb,IIb,2025-11-11,2025.0,110,0.9818181818181818,,H1,R,H,R74/H107,II,II
YCG60384.1,YCG,60384.0,IIb,IIb,2025-11-28,2025.0,110,0.9818181818181818,,H1,R,H,R74/H107,II,II
YCG60562.1,YCG,60562.0,IIb,IIb,2025-11-05,2025.0,110,0.9727272727272728,,H3,R,H,R74/H107,II,II
YCG60741.1,YCG,60741.0,IIb,IIb,2025-11-22,2025.0,110,0.9818181818181818,,H1,R,H,R74/H107,II,II
YCG60919.1,YCG,60919.0,IIb,IIb,2025-11-25,2025.0,110,0.9818181818181818,,H1,R,H,R74/H107,II,II
YCG61098.1,YCG,61098.0,IIb,IIb,2025-11-04,2025.0,110,0.9818181818181818,,H1,R,H,R74/H107,II,II
YCG61277.1,YCG,61277.0,IIb,IIb,2025-11-12,2025.0,110,0.9818181818181818,,H1,R,H,R74/H107,II,II
YCG61456.1,YCG,61456.0,IIb,IIb,2025-11-21,2025.0,110,0.9727272727272728,,H3,R,H,R74/H107,II,II
YCG61635.1,YCG,61635.0,IIb,IIb,2025-11-22,2025.0,110,0.9818181818181818,,H1,R,H,R74/H107,II,II
YCG61814.1,YCG,61814.0,IIb,IIb,2025-11-28,2025.0,110,0.9818181818181818,,H1,R,H,R74/H107,II,II
YCG61993.1,YCG,61993.0,IIb,IIb,2025-11-20,2025.0,110,0.9818181818181818,,H1,R,H,R74/H107,II,II
YCG62171.1,YCG,62171.0,IIb,IIb,2025-11-18,2025.0,110,0.9818181818181818,,H1,R,H,R74/H107,II,II
YCG62350.1,YCG,62350.0,IIb,IIb,2025-11-05,2025.0,110,0.9818181818181818,,H1,R,H,R74/H107,II,II
YCG62529.1,YCG,62529.0,IIb,IIb,2025-11-24,2025.0,110,0.9818181818181818,,H1,R,H,R74/H107,II,II
YCG62708.1,YCG,62708.0,IIb,IIb,2025-11-21,2025.0,110,0.9727272727272728,,H3,R,H,R74/H107,II,II
YCG62887.1,YCG,62887.0,IIb,IIb,2025-11-14,2025.0,110,0.9727272727272728,,H6,R,H,R74/H107,II,II
YCG63065.1,YCG,63065.0,IIb,IIb,2025-11-21,2025.0,110,0.9818181818181818,,H1,R,H,R74/H107,II,II
YCG63244.1,YCG,63244.0,IIb,IIb,2025-11-24,2025.0,110,0.9727272727272728,,H3,R,H,R74/H107,II,II
YCG63423.1,YCG,63423.0,IIb,IIb,2025-11-24,2025.0,110,0.9818181818181818,,H1,R,H,R74/H107,II,II
YCG63602.1,YCG,63602.0,IIb,IIb,2025-11-17,2025.0,110,0.9818181818181818,,H1,R,H,R74/H107,II,II
YCB32677.1,YCB,32677.0,,unassigned,2025-07,2025.0,110,0.9727272727272728,,H3,R,H,R74/H107,unassigned,II
YCB32852.1,YCB,32852.0,,unassigned,2025-08,2025.0,110,0.9818181818181818,,H1,R,H,R74/H107,unassigned,II
YCB33026.1,YCB,33026.0,,unassigned,2025-08,2025.0,110,0.9818181818181818,,H1,R,H,R74/H107,unassigned,II
YCB33201.1,YCB,33201.0,,unassigned,2025-08,2025.0,110,0.9818181818181818,,H1,R,H,R74/H107,unassigned,II
YCB33376.1,YCB,33376.0,,unassigned,2025-08,2025.0,110,0.9727272727272728,,H3,R,H,R74/H107,unassigned,II
YCB33550.1,YCB,33550.0,,unassigned,2025-08,2025.0,110,0.9818181818181818,,H1,R,H,R74/H107,unassigned,II
YCB33725.1,YCB,33725.0,,unassigned,2025-08,2025.0,110,0.9727272727272728,,H3,R,H,R74/H107,unassigned,II
YCB33900.1,YCB,33900.0,,unassigned,2025-08,2025.0,110,0.9727272727272728,,H3,R,H,R74/H107,unassigned,II
YCB34074.1,YCB,34074.0,,unassigned,2025-08,2025.0,110,0.9818181818181818,,H1,R,H,R74/H107,unassigned,II
YCB34246.1,YCB,34246.0,,unassigned,2025-08,2025.0,110,0.9818181818181818,,H1,R,H,R74/H107,unassigned,II
YCB34419.1,YCB,34419.0,,unassigned,2025-08,2025.0,110,0.9818181818181818,,H1,R,H,R74/H107,unassigned,II
YCB34592.1,YCB,34592.0,,unassigned,2025-09,2025.0,110,0.9636363636363636,,H13,R,H,R74/H107,unassigned,II
YCB34763.1,YCB,34763.0,,unassigned,2025-09,2025.0,110,0.9727272727272728,,H3,R,H,R74/H107,unassigned,II
YCB34938.1,YCB,34938.0,,unassigned,2025-09,2025.0,110,0.9727272727272728,,H3,R,H,R74/H107,unassigned,II
YCB35109.1,YCB,35109.0,,unassigned,2025-09,2025.0,110,0.9818181818181818,,H1,R,H,R74/H107,unassigned,II
YCB35284.1,YCB,35284.0,,unassigned,2025-09,2025.0,110,0.9818181818181818,,H1,R,H,R74/H107,unassigned,II
YCB35457.1,YCB,35457.0,,unassigned,2025-09,2025.0,110,0.9818181818181818,,H1,R,H,R74/H107,unassigned,II
YCB35631.1,YCB,35631.0,,unassigned,2025-09,2025.0,110,0.9818181818181818,,H1,R,H,R74/H107,unassigned,II
YCB35805.1,YCB,35805.0,,unassigned,2025-09,2025.0,110,0.9818181818181818,,H1,R,H,R74/H107,unassigned,II
YCB35979.1,YCB,35979.0,,unassigned,2025-09,2025.0,110,0.9818181818181818,,H1,R,H,R74/H107,unassigned,II
YCB36153.1,YCB,36153.0,,unassigned,2025-09,2025.0,110,0.9818181818181818,,H1,R,H,R74/H107,unassigned,II
YCB36327.1,YCB,36327.0,,unassigned,2025-09,2025.0,110,0.9818181818181818,,H1,R,H,R74/H107,unassigned,II
YCB36501.1,YCB,36501.0,,unassigned,2025-09,2025.0,110,0.9818181818181818,,H1,R,H,R74/H107,unassigned,II
YCB36673.1,YCB,36673.0,,unassigned,2025-10,2025.0,110,0.9818181818181818,,H1,R,H,R74/H107,unassigned,II
YCB36848.1,YCB,36848.0,,unassigned,2025-10,2025.0,110,0.9818181818181818,,H1,R,H,R74/H107,unassigned,II
YCB37023.1,YCB,37023.0,,unassigned,2025-10,2025.0,110,0.9818181818181818,,H1,R,H,R74/H107,unassigned,II
YCB37198.1,YCB,37198.0,,unassigned,2025-10,2025.0,110,0.9818181818181818,,H1,R,H,R74/H107,unassigned,II
YCB37373.1,YCB,37373.0,,unassigned,2025-10,2025.0,110,0.9818181818181818,,H1,R,H,R74/H107,unassigned,II
YCB37548.1,YCB,37548.0,,unassigned,2025-10,2025.0,110,0.9818181818181818,,H1,R,H,R74/H107,unassigned,II
YCB37723.1,YCB,37723.0,,unassigned,2025-10,2025.0,110,0.9818181818181818,,H1,R,H,R74/H107,unassigned,II
YCB37898.1,YCB,37898.0,,unassigned,2025-10,2025.0,110,0.9818181818181818,,H1,R,H,R74/H107,unassigned,II
YCB38073.1,YCB,38073.0,,unassigned,2025-10,2025.0,110,0.9818181818181818,,H1,R,H,R74/H107,unassigned,II
YCB38248.1,YCB,38248.0,,unassigned,2025-10,2025.0,110,0.9818181818181818,,H1,R,H,R74/H107,unassigned,II
YCB38423.1,YCB,38423.0,,unassigned,2025-10,2025.0,110,0.9818181818181818,,H1,R,H,R74/H107,unassigned,II
YCB38598.1,YCB,38598.0,,unassigned,2025-10,2025.0,110,0.9818181818181818,,H1,R,H,R74/H107,unassigned,II
YCB38773.1,YCB,38773.0,,unassigned,2025-10,2025.0,110,0.9818181818181818,,H1,R,H,R74/H107,unassigned,II
YCB38948.1,YCB,38948.0,,unassigned,2025-10,2025.0,110,0.9818181818181818,,H1,R,H,R74/H107,unassigned,II
YCB39123.1,YCB,39123.0,,unassigned,2025-10,2025.0,110,0.9818181818181818,,H1,R,H,R74/H107,unassigned,II
YCB39298.1,YCB,39298.0,,unassigned,2025-10,2025.0,110,0.9818181818181818,,H1,R,H,R74/H107,unassigned,II
YCB39473.1,YCB,39473.0,,unassigned,2025-10,2025.0,110,0.9818181818181818,,H1,R,H,R74/H107,unassigned,II
YCB39648.1,YCB,39648.0,,unassigned,2025-10,2025.0,110,0.9818181818181818,,H1,R,H,R74/H107,unassigned,II
YCB39823.1,YCB,39823.0,,unassigned,2025-10,2025.0,110,0.9818181818181818,,H1,R,H,R74/H107,unassigned,II
YCB39998.1,YCB,39998.0,,unassigned,2025-10,2025.0,110,0.9818181818181818,,H1,R,H,R74/H107,unassigned,II
YCB40173.1,YCB,40173.0,,unassigned,2025-10,2025.0,110,0.9818181818181818,,H1,R,H,R74/H107,unassigned,II
YCB40347.1,YCB,40347.0,,unassigned,2025-10,2025.0,110,0.9818181818181818,,H1,R,H,R74/H107,unassigned,II
YCB40522.1,YCB,40522.0,,unassigned,2025-11,2025.0,110,0.9818181818181818,,H1,R,H,R74/H107,unassigned,II
YCB40697.1,YCB,40697.0,,unassigned,2025-11,2025.0,110,0.9818181818181818,,H1,R,H,R74/H107,unassigned,II
YCB40872.1,YCB,40872.0,,unassigned,2025-11,2025.0,110,0.9818181818181818,,H1,R,H,R74/H107,unassigned,II
YCB41047.1,YCB,41047.0,,unassigned,2025-11,2025.0,110,0.9727272727272728,,H3,R,H,R74/H107,unassigned,II
YCB41222.1,YCB,41222.0,,unassigned,2025-11,2025.0,110,0.9818181818181818,,H1,R,H,R74/H107,unassigned,II
YCB41397.1,YCB,41397.0,,unassigned,2025-11,2025.0,110,0.9818181818181818,,H1,R,H,R74/H107,unassigned,II
YCB41572.1,YCB,41572.0,,unassigned,2025-11,2025.0,110,0.9818181818181818,,H1,R,H,R74/H107,unassigned,II
YCB41747.1,YCB,41747.0,,unassigned,2025-11,2025.0,110,0.9818181818181818,,H1,R,H,R74/H107,unassigned,II
YCB41921.1,YCB,41921.0,,unassigned,2025-11,2025.0,110,0.9727272727272728,,H3,R,H,R74/H107,unassigned,II
YCB42096.1,YCB,42096.0,,unassigned,2025-11,2025.0,110,0.9818181818181818,,H1,R,H,R74/H107,unassigned,II
YCB42271.1,YCB,42271.0,,unassigned,2025-11,2025.0,110,0.9818181818181818,,H1,R,H,R74/H107,unassigned,II
YCB42446.1,YCB,42446.0,,unassigned,2025-11,2025.0,110,0.9818181818181818,,H1,R,H,R74/H107,unassigned,II
YCB42621.1,YCB,42621.0,,unassigned,2025-11,2025.0,110,0.9818181818181818,,H1,R,H,R74/H107,unassigned,II
YCB42795.1,YCB,42795.0,,unassigned,2025-11,2025.0,110,0.9818181818181818,,H1,R,H,R74/H107,unassigned,II
YCB42970.1,YCB,42970.0,,unassigned,2025-12,2025.0,110,0.9818181818181818,,H1,R,H,R74/H107,unassigned,II
YCB43145.1,YCB,43145.0,,unassigned,2025-11,2025.0,110,0.9818181818181818,,H1,R,H,R74/H107,unassigned,II
YCB43320.1,YCB,43320.0,,unassigned,2025-12,2025.0,110,0.9818181818181818,,H1,R,H,R74/H107,unassigned,II
YCB43494.1,YCB,43494.0,,unassigned,2025-12,2025.0,110,0.9818181818181818,,H1,R,H,R74/H107,unassigned,II
YCB43668.1,YCB,43668.0,,unassigned,2025-12,2025.0,110,0.9727272727272728,,H3,R,H,R74/H107,unassigned,II
YCB43843.1,YCB,43843.0,,unassigned,2025-12,2025.0,110,0.9727272727272728,,H3,R,H,R74/H107,unassigned,II
YCB44018.1,YCB,44018.0,,unassigned,2025-12,2025.0,110,0.9727272727272728,,H3,R,H,R74/H107,unassigned,II
YCB44193.1,YCB,44193.0,,unassigned,2025-12,2025.0,110,0.9818181818181818,,H1,R,H,R74/H107,unassigned,II
YCB44368.1,YCB,44368.0,,unassigned,2025-12,2025.0,110,0.9818181818181818,,H1,R,H,R74/H107,unassigned,II
YCB44540.1,YCB,44540.0,,unassigned,2025-08,2025.0,110,1.0,,H2,H,R,H74/R107,unassigned,I
YCB44848.1,YCB,44848.0,IIb,IIb,2025-11-14,2025.0,110,0.9818181818181818,,H1,R,H,R74/H107,II,II
YCB45027.1,YCB,45027.0,IIb,IIb,2025-11-16,2025.0,110,0.9818181818181818,,H1,R,H,R74/H107,II,II
YCB45206.1,YCB,45206.0,IIb,IIb,2025-11-04,2025.0,110,0.9727272727272728,,H3,R,H,R74/H107,II,II
YCB45385.1,YCB,45385.0,IIb,IIb,2025-11-01,2025.0,110,0.9818181818181818,,H1,R,H,R74/H107,II,II
YCB45564.1,YCB,45564.0,IIb,IIb,2025-10-24,2025.0,110,0.9818181818181818,,H1,R,H,R74/H107,II,II
YCB45743.1,YCB,45743.0,IIb,IIb,2025-11-13,2025.0,110,0.9818181818181818,,H1,R,H,R74/H107,II,II
YCB45922.1,YCB,45922.0,IIb,IIb,2025-11-11,2025.0,110,0.9818181818181818,,H1,R,H,R74/H107,II,II
YCB46101.1,YCB,46101.0,IIb,IIb,2025-11-14,2025.0,110,0.9727272727272728,,H3,R,H,R74/H107,II,II
YCB46280.1,YCB,46280.0,IIb,IIb,2025-11-18,2025.0,110,0.9727272727272728,,H3,R,H,R74/H107,II,II
YCB46459.1,YCB,46459.0,IIb,IIb,2025-11-06,2025.0,110,0.9818181818181818,,H1,R,H,R74/H107,II,II
YCB46638.1,YCB,46638.0,IIb,IIb,2025-11-01,2025.0,110,0.9818181818181818,,H1,R,H,R74/H107,II,II
YCB46817.1,YCB,46817.0,IIb,IIb,2025-11-04,2025.0,110,0.9818181818181818,,H1,R,H,R74/H107,II,II
YCB46996.1,YCB,46996.0,IIb,IIb,2025-11-03,2025.0,110,0.9818181818181818,,H1,R,H,R74/H107,II,II
YCB47175.1,YCB,47175.0,IIb,IIb,2025-10-07,2025.0,110,0.9818181818181818,,H1,R,H,R74/H107,II,II
YCB47533.1,YCB,47533.0,IIb,IIb,2025-11-06,2025.0,110,0.9818181818181818,,H1,R,H,R74/H107,II,II
YCB47712.1,YCB,47712.0,IIb,IIb,2025-11-08,2025.0,110,0.9727272727272728,,H3,R,H,R74/H107,II,II
YCB47891.1,YCB,47891.0,IIb,IIb,2025-11-07,2025.0,110,0.9818181818181818,,H1,R,H,R74/H107,II,II
YCB48069.1,YCB,48069.0,IIb,IIb,2025-11-10,2025.0,110,0.9818181818181818,,H1,R,H,R74/H107,II,II
YCB49781.1,YCB,49781.0,IIb,IIb,2025-11-10,2025.0,110,0.9818181818181818,,H1,R,H,R74/H107,II,II
YCB49982.1,YCB,49982.0,,unassigned,2025-02-06,2025.0,110,1.0,,H2,H,R,H74/R107,unassigned,I
YBZ39470.1,YBZ,39470.0,Ia,Ia,1996-01,1996.0,110,1.0,,H2,H,R,H74/R107,I,I
YBX93568.1,YBX,93568.0,,unassigned,2025-09-03,2025.0,110,0.9818181818181818,,H1,R,H,R74/H107,unassigned,II
YBX66376.1,YBX,66376.0,IIb,IIb,2025-09-30,2025.0,110,0.9818181818181818,,H1,R,H,R74/H107,II,II
YBX66555.1,YBX,66555.0,IIb,IIb,2025-08-05,2025.0,110,0.9818181818181818,,H1,R,H,R74/H107,II,II
YBX66733.1,YBX,66733.0,IIb,IIb,2025-08-14,2025.0,110,0.9818181818181818,,H1,R,H,R74/H107,II,II
YBX66912.1,YBX,66912.0,IIb,IIb,2025-08-19,2025.0,110,0.9818181818181818,,H1,R,H,R74/H107,II,II
YBX67091.1,YBX,67091.0,IIb,IIb,2025-10-06,2025.0,110,0.9727272727272728,,H3,R,H,R74/H107,II,II
YBX67269.1,YBX,67269.0,IIb,IIb,2025-09-05,2025.0,110,0.9818181818181818,,H1,R,H,R74/H107,II,II
YBX67447.1,YBX,67447.0,IIb,IIb,2025-09-13,2025.0,110,0.9818181818181818,,H1,R,H,R74/H107,II,II
YBX67624.1,YBX,67624.0,IIb,IIb,2025-08-12,2025.0,110,0.9818181818181818,,H1,R,H,R74/H107,II,II
YBX67803.1,YBX,67803.0,IIb,IIb,2025-09-19,2025.0,110,0.9818181818181818,,H1,R,H,R74/H107,II,II
YBX67982.1,YBX,67982.0,IIb,IIb,2025-09-12,2025.0,110,0.9818181818181818,,H1,R,H,R74/H107,II,II
YBX68161.1,YBX,68161.0,IIb,IIb,2025-10-04,2025.0,110,0.9818181818181818,,H1,R,H,R74/H107,II,II
YBX68340.1,YBX,68340.0,IIb,IIb,2025-08-16,2025.0,110,0.9727272727272728,,H3,R,H,R74/H107,II,II
YBX68519.1,YBX,68519.0,IIb,IIb,2025-10-17,2025.0,110,0.9818181818181818,,H1,R,H,R74/H107,II,II
YBX68698.1,YBX,68698.0,IIb,IIb,2025-08-13,2025.0,110,0.9818181818181818,,H1,R,H,R74/H107,II,II
YBX68876.1,YBX,68876.0,IIb,IIb,2025-10-10,2025.0,110,0.9818181818181818,,H1,R,H,R74/H107,II,II
YBX69054.1,YBX,69054.0,IIb,IIb,2025-10-13,2025.0,110,0.9818181818181818,,H1,R,H,R74/H107,II,II
YBX69232.1,YBX,69232.0,IIb,IIb,2025-10-23,2025.0,110,0.9818181818181818,,H1,R,H,R74/H107,II,II
YBX69411.1,YBX,69411.0,IIb,IIb,2025-10-06,2025.0,110,0.9818181818181818,,H1,R,H,R74/H107,II,II
YBX69590.1,YBX,69590.0,IIb,IIb,2025-10-17,2025.0,110,0.9818181818181818,,H1,R,H,R74/H107,II,II
YBX69947.1,YBX,69947.0,IIb,IIb,2025-10-23,2025.0,110,0.9818181818181818,,H1,R,H,R74/H107,II,II
YBX70126.1,YBX,70126.0,IIb,IIb,2025-10-31,2025.0,110,0.9818181818181818,,H1,R,H,R74/H107,II,II
YBX70305.1,YBX,70305.0,IIb,IIb,2025-11-12,2025.0,110,0.9818181818181818,,H1,R,H,R74/H107,II,II
YBX70484.1,YBX,70484.0,IIb,IIb,2025-10-27,2025.0,110,0.9727272727272728,,H6,R,H,R74/H107,II,II
YBX70663.1,YBX,70663.0,IIb,IIb,2025-10-27,2025.0,110,0.9818181818181818,,H1,R,H,R74/H107,II,II
YBX70842.1,YBX,70842.0,IIb,IIb,2025-10-30,2025.0,110,0.9818181818181818,,H1,R,H,R74/H107,II,II
YBX71200.1,YBX,71200.0,IIb,IIb,2025-11-06,2025.0,110,0.9727272727272728,,H3,R,H,R74/H107,II,II
YBX71378.1,YBX,71378.0,IIb,IIb,2025-10-30,2025.0,110,0.9818181818181818,,H1,R,H,R74/H107,II,II
YBX71557.1,YBX,71557.0,IIb,IIb,2025-10-21,2025.0,110,0.9818181818181818,,H1,R,H,R74/H107,II,II
YBX71736.1,YBX,71736.0,IIb,IIb,2025-10-30,2025.0,110,0.9818181818181818,,H1,R,H,R74/H107,II,II
YBX71915.1,YBX,71915.0,IIb,IIb,2025-11-01,2025.0,110,0.9818181818181818,,H1,R,H,R74/H107,II,II
YBX72094.1,YBX,72094.0,IIb,IIb,2025-10-29,2025.0,110,0.9818181818181818,,H1,R,H,R74/H107,II,II
YBX72273.1,YBX,72273.0,IIb,IIb,2025-10-20,2025.0,110,0.9818181818181818,,H1,R,H,R74/H107,II,II
YBX72979.1,YBX,72979.0,,unassigned,2025-10,2025.0,110,0.9818181818181818,,H1,R,H,R74/H107,unassigned,II
YBX73156.1,YBX,73156.0,,unassigned,2025-10,2025.0,110,0.9818181818181818,,H1,R,H,R74/H107,unassigned,II
YBX73353.1,YBX,73353.0,IIb,IIb,2025-10-15,2025.0,110,0.9818181818181818,,H1,R,H,R74/H107,II,II
YBX73532.1,YBX,73532.0,IIb,IIb,2025-11-03,2025.0,110,0.9818181818181818,,H1,R,H,R74/H107,II,II
YBX73711.1,YBX,73711.0,IIb,IIb,2025-11-03,2025.0,110,0.9818181818181818,,H1,R,H,R74/H107,II,II
YBX73890.1,YBX,73890.0,IIb,IIb,2025-11-03,2025.0,110,0.9818181818181818,,H1,R,H,R74/H107,II,II
YBX74069.1,YBX,74069.0,IIb,IIb,2025-11-04,2025.0,110,0.9818181818181818,,H1,R,H,R74/H107,II,II
YBX74248.1,YBX,74248.0,IIb,IIb,2025-11-04,2025.0,110,0.9818181818181818,,H1,R,H,R74/H107,II,II
YBX74424.1,YBX,74424.0,,unassigned,2022,2022.0,110,0.9818181818181818,,H1,R,H,R74/H107,unassigned,II
YBX74603.1,YBX,74603.0,,unassigned,2024,2024.0,110,0.9818181818181818,,H1,R,H,R74/H107,unassigned,II
YBV40333.1,YBV,40333.0,IIb,IIb,2025-10-14,2025.0,110,0.9818181818181818,,H1,R,H,R74/H107,II,II
YBV40512.1,YBV,40512.0,IIb,IIb,2025-10-21,2025.0,110,0.9818181818181818,,H1,R,H,R74/H107,II,II
YBV40691.1,YBV,40691.0,IIb,IIb,2025-10-15,2025.0,110,0.9818181818181818,,H1,R,H,R74/H107,II,II
YBV40870.1,YBV,40870.0,IIb,IIb,2025-10-14,2025.0,110,0.9818181818181818,,H1,R,H,R74/H107,II,II
YBV41049.1,YBV,41049.0,IIb,IIb,2025-10-24,2025.0,110,0.9818181818181818,,H1,R,H,R74/H107,II,II
YBV41228.1,YBV,41228.0,IIb,IIb,2025-10-21,2025.0,110,0.9818181818181818,,H1,R,H,R74/H107,II,II
YBV41407.1,YBV,41407.0,IIb,IIb,2025-10-23,2025.0,110,0.9818181818181818,,H1,R,H,R74/H107,II,II
YBV41586.1,YBV,41586.0,IIb,IIb,2025-10-16,2025.0,110,0.9818181818181818,,H1,R,H,R74/H107,II,II
YBV41765.1,YBV,41765.0,IIb,IIb,2025-10-26,2025.0,110,0.9727272727272728,,H3,R,H,R74/H107,II,II
YBV41944.1,YBV,41944.0,IIb,IIb,2025-10-22,2025.0,110,0.9818181818181818,,H1,R,H,R74/H107,II,II
YBV42123.1,YBV,42123.0,IIb,IIb,2025-10-16,2025.0,110,0.9818181818181818,,H1,R,H,R74/H107,II,II
YBV43625.1,YBV,43625.0,IIb,IIb,2025-10-22,2025.0,110,0.9818181818181818,,H1,R,H,R74/H107,II,II
YBV43804.1,YBV,43804.0,IIb,IIb,2025-10-25,2025.0,110,0.9818181818181818,,H1,R,H,R74/H107,II,II
YBV43981.1,YBV,43981.0,IIb,IIb,2025-10-25,2025.0,110,0.9818181818181818,,H1,R,H,R74/H107,II,II
YBV44159.1,YBV,44159.0,IIb,IIb,2025-10-27,2025.0,110,0.9818181818181818,,H1,R,H,R74/H107,II,II
YBV44338.1,YBV,44338.0,IIb,IIb,2025-10-30,2025.0,110,0.9818181818181818,,H1,R,H,R74/H107,II,II
YBV44516.1,YBV,44516.0,IIb,IIb,2025-10-30,2025.0,110,0.9818181818181818,,H1,R,H,R74/H107,II,II
YBV44695.1,YBV,44695.0,IIb,IIb,2025-10-28,2025.0,110,0.9818181818181818,,H1,R,H,R74/H107,II,II
YBV44873.1,YBV,44873.0,IIb,IIb,2025-10-10,2025.0,110,0.9818181818181818,,H1,R,H,R74/H107,II,II
YBR43335.1,YBR,43335.0,IIb,IIb,2023-06,2023.0,110,0.9818181818181818,,H1,R,H,R74/H107,II,II
YBR43511.1,YBR,43511.0,Ib,Ib,2025-02,2025.0,110,1.0,,H2,H,R,H74/R107,I,I
YBR44184.1,YBR,44184.0,IIb,IIb,2025-10-17,2025.0,110,0.9818181818181818,,H1,R,H,R74/H107,II,II
YBR44363.1,YBR,44363.0,IIb,IIb,2025-10-20,2025.0,110,0.9818181818181818,,H1,R,H,R74/H107,II,II
YBR44542.1,YBR,44542.0,IIb,IIb,2025-10-21,2025.0,110,0.9818181818181818,,H1,R,H,R74/H107,II,II
YBR44721.1,YBR,44721.0,IIb,IIb,2025-10-21,2025.0,110,0.9818181818181818,,H1,R,H,R74/H107,II,II
YBR44900.1,YBR,44900.0,IIb,IIb,2025-10-21,2025.0,110,0.9818181818181818,,H1,R,H,R74/H107,II,II
YBR45079.1,YBR,45079.0,IIb,IIb,2025-09-14,2025.0,110,0.9818181818181818,,H1,R,H,R74/H107,II,II
YBR45258.1,YBR,45258.0,IIb,IIb,2025-10-02,2025.0,110,0.9818181818181818,,H1,R,H,R74/H107,II,II
YBR45436.1,YBR,45436.0,IIb,IIb,2025-10-01,2025.0,110,0.9818181818181818,,H1,R,H,R74/H107,II,II
YBR45614.1,YBR,45614.0,IIb,IIb,2025-10-01,2025.0,110,0.9818181818181818,,H1,R,H,R74/H107,II,II
YBR45793.1,YBR,45793.0,IIb,IIb,2025-10-01,2025.0,110,0.9818181818181818,,H1,R,H,R74/H107,II,II
YBR45972.1,YBR,45972.0,IIb,IIb,2025-09-30,2025.0,110,0.9818181818181818,,H1,R,H,R74/H107,II,II
YBR46151.1,YBR,46151.0,IIb,IIb,2025-09-29,2025.0,110,0.9818181818181818,,H1,R,H,R74/H107,II,II
YBR46329.1,YBR,46329.0,IIb,IIb,2025-09-29,2025.0,110,0.9818181818181818,,H1,R,H,R74/H107,II,II
YBR46507.1,YBR,46507.0,IIb,IIb,2025-09-29,2025.0,110,0.9818181818181818,,H1,R,H,R74/H107,II,II
YBR46684.1,YBR,46684.0,IIb,IIb,2025-09-27,2025.0,110,0.9818181818181818,,H1,R,H,R74/H107,II,II
YBR46863.1,YBR,46863.0,IIb,IIb,2025-09-26,2025.0,110,0.9818181818181818,,H1,R,H,R74/H107,II,II
YBR47042.1,YBR,47042.0,IIb,IIb,2025-09-26,2025.0,110,0.9818181818181818,,H1,R,H,R74/H107,II,II
YBR47221.1,YBR,47221.0,IIb,IIb,2025-09-25,2025.0,110,0.9818181818181818,,H1,R,H,R74/H107,II,II
YBR47398.1,YBR,47398.0,IIb,IIb,2025-09-25,2025.0,110,0.9818181818181818,,H1,R,H,R74/H107,II,II
YBR47576.1,YBR,47576.0,IIb,IIb,2025-09-25,2025.0,110,0.9818181818181818,,H1,R,H,R74/H107,II,II
YBR47754.1,YBR,47754.0,IIb,IIb,2025-09-24,2025.0,110,0.9818181818181818,,H1,R,H,R74/H107,II,II
YBR47930.1,YBR,47930.0,IIb,IIb,2025-09-23,2025.0,110,0.9818181818181818,,H1,R,H,R74/H107,II,II
YBR48106.1,YBR,48106.0,IIb,IIb,2025-09-22,2025.0,110,0.9818181818181818,,H1,R,H,R74/H107,II,II
YBR48285.1,YBR,48285.0,IIb,IIb,2025-10-13,2025.0,110,0.9818181818181818,,H1,R,H,R74/H107,II,II
YBR48464.1,YBR,48464.0,IIb,IIb,2025-10-07,2025.0,110,0.9818181818181818,,H1,R,H,R74/H107,II,II
YBR48642.1,YBR,48642.0,IIb,IIb,2025-10-07,2025.0,110,0.9818181818181818,,H1,R,H,R74/H107,II,II
YBR48820.1,YBR,48820.0,IIb,IIb,2025-10-06,2025.0,110,0.9818181818181818,,H1,R,H,R74/H107,II,II
YBR48999.1,YBR,48999.0,IIb,IIb,2025-10-06,2025.0,110,0.9818181818181818,,H1,R,H,R74/H107,II,II
YBR49178.1,YBR,49178.0,IIb,IIb,2025-10-06,2025.0,110,0.9818181818181818,,H1,R,H,R74/H107,II,II
YBR49356.1,YBR,49356.0,IIb,IIb,2025-10-06,2025.0,110,0.9818181818181818,,H1,R,H,R74/H107,II,II
YBR49535.1,YBR,49535.0,IIb,IIb,2025-10-03,2025.0,110,0.9818181818181818,,H1,R,H,R74/H107,II,II
YBR49714.1,YBR,49714.0,IIb,IIb,2025-10-09,2025.0,110,0.9818181818181818,,H1,R,H,R74/H107,II,II
YBR49892.1,YBR,49892.0,IIb,IIb,2025-10-14,2025.0,110,0.9818181818181818,,H1,R,H,R74/H107,II,II
YBR50071.1,YBR,50071.0,IIb,IIb,2025-10-20,2025.0,110,0.9818181818181818,,H1,R,H,R74/H107,II,II
YBR50250.1,YBR,50250.0,IIb,IIb,2025-10-20,2025.0,110,0.9818181818181818,,H1,R,H,R74/H107,II,II
YBP76595.1,YBP,76595.0,IIb,IIb,2025-10-02,2025.0,110,0.9818181818181818,,H1,R,H,R74/H107,II,II
YBP76774.1,YBP,76774.0,IIb,IIb,2025-10-08,2025.0,110,0.9818181818181818,,H1,R,H,R74/H107,II,II
YBP76953.1,YBP,76953.0,IIb,IIb,2025-10-01,2025.0,110,0.9818181818181818,,H1,R,H,R74/H107,II,II
YBP77132.1,YBP,77132.0,IIb,IIb,2025-09-22,2025.0,110,0.9818181818181818,,H1,R,H,R74/H107,II,II
YBP77311.1,YBP,77311.0,IIb,IIb,2025-09-05,2025.0,110,0.9818181818181818,,H1,R,H,R74/H107,II,II
YBP77490.1,YBP,77490.0,IIb,IIb,2025-09-12,2025.0,110,0.9818181818181818,,H1,R,H,R74/H107,II,II
YBP77669.1,YBP,77669.0,IIb,IIb,2025-09-19,2025.0,110,0.9818181818181818,,H1,R,H,R74/H107,II,II
YBP77848.1,YBP,77848.0,IIb,IIb,2025-09-11,2025.0,110,0.9818181818181818,,H1,R,H,R74/H107,II,II
YBP78027.1,YBP,78027.0,IIb,IIb,2025-10-02,2025.0,110,0.9818181818181818,,H1,R,H,R74/H107,II,II
YBP78206.1,YBP,78206.0,IIb,IIb,2025-09-24,2025.0,110,0.9818181818181818,,H1,R,H,R74/H107,II,II
YBP78385.1,YBP,78385.0,IIb,IIb,2025-09-04,2025.0,110,0.9818181818181818,,H1,R,H,R74/H107,II,II
YBP78564.1,YBP,78564.0,IIb,IIb,2025-09-29,2025.0,110,0.9818181818181818,,H1,R,H,R74/H107,II,II
YBP78743.1,YBP,78743.0,IIb,IIb,2025-09-25,2025.0,110,0.9818181818181818,,H1,R,H,R74/H107,II,II
YBP78922.1,YBP,78922.0,IIb,IIb,2025-09-19,2025.0,110,0.9818181818181818,,H1,R,H,R74/H107,II,II
YBP79101.1,YBP,79101.0,IIb,IIb,2025-09-22,2025.0,110,0.9818181818181818,,H1,R,H,R74/H107,II,II
YBP79280.1,YBP,79280.0,IIb,IIb,2025-09-17,2025.0,110,0.9818181818181818,,H1,R,H,R74/H107,II,II
YBP79459.1,YBP,79459.0,IIb,IIb,2025-09-30,2025.0,110,0.9818181818181818,,H1,R,H,R74/H107,II,II
YBP79638.1,YBP,79638.0,IIb,IIb,2025-09-29,2025.0,110,0.9818181818181818,,H1,R,H,R74/H107,II,II
YBP79817.1,YBP,79817.0,IIb,IIb,2025-09-22,2025.0,110,0.9818181818181818,,H1,R,H,R74/H107,II,II
YBP79996.1,YBP,79996.0,IIb,IIb,2025-09-08,2025.0,110,0.9818181818181818,,H1,R,H,R74/H107,II,II
YBP80175.1,YBP,80175.0,IIb,IIb,2025-09-08,2025.0,110,0.9818181818181818,,H1,R,H,R74/H107,II,II
YBP80354.1,YBP,80354.0,IIb,IIb,2025-09-24,2025.0,110,0.9818181818181818,,H1,R,H,R74/H107,II,II
YBP46042.1,YBP,46042.0,Ib,Ib,2025-09-23,2025.0,110,1.0,,H2,H,R,H74/R107,I,I
YBP46211.1,YBP,46211.0,Ib,Ib,2025-10-03,2025.0,110,1.0,,H2,H,R,H74/R107,I,I
YBP46390.1,YBP,46390.0,,unassigned,2025-10,2025.0,110,1.0,,H2,H,R,H74/R107,unassigned,I
YBP05380.1,YBP,5380.0,IIb,IIb,2025-09-09,2025.0,110,0.9818181818181818,,H1,R,H,R74/H107,II,II
YBP05559.1,YBP,5559.0,IIb,IIb,2025-09-09,2025.0,110,0.9818181818181818,,H1,R,H,R74/H107,II,II
YBP05738.1,YBP,5738.0,IIb,IIb,2025-09-12,2025.0,110,0.9818181818181818,,H1,R,H,R74/H107,II,II
YBP05915.1,YBP,5915.0,IIb,IIb,2025-09-13,2025.0,110,0.9818181818181818,,H1,R,H,R74/H107,II,II
YBP06092.1,YBP,6092.0,IIb,IIb,2025-09-15,2025.0,110,0.9818181818181818,,H1,R,H,R74/H107,II,II
YBP06271.1,YBP,6271.0,IIb,IIb,2025-09-15,2025.0,110,0.9818181818181818,,H1,R,H,R74/H107,II,II
YBP06449.1,YBP,6449.0,IIb,IIb,2025-09-18,2025.0,110,0.9818181818181818,,H1,R,H,R74/H107,II,II
YBP06628.1,YBP,6628.0,IIb,IIb,2025-09-18,2025.0,110,0.9818181818181818,,H1,R,H,R74/H107,II,II
YBP06807.1,YBP,6807.0,IIb,IIb,2025-09-17,2025.0,110,0.9818181818181818,,H1,R,H,R74/H107,II,II
YBP06986.1,YBP,6986.0,IIb,IIb,2025-09-19,2025.0,110,0.9818181818181818,,H1,R,H,R74/H107,II,II
YBP07165.1,YBP,7165.0,IIb,IIb,2025-09-17,2025.0,110,0.9818181818181818,,H1,R,H,R74/H107,II,II
YBP07344.1,YBP,7344.0,IIb,IIb,2025-09-19,2025.0,110,0.9818181818181818,,H1,R,H,R74/H107,II,II
YBP07523.1,YBP,7523.0,IIb,IIb,2025-09-23,2025.0,110,0.9818181818181818,,H1,R,H,R74/H107,II,II
YBP07702.1,YBP,7702.0,IIb,IIb,2025-09-23,2025.0,110,0.9727272727272728,,H3,R,H,R74/H107,II,II
YBP07879.1,YBP,7879.0,IIb,IIb,2025-09-23,2025.0,110,0.9818181818181818,,H1,R,H,R74/H107,II,II
YBK89543.1,YBK,89543.0,IIb,IIb,2022-05-19,2022.0,110,0.9818181818181818,,H1,R,H,R74/H107,II,II
YBK89728.1,YBK,89728.0,IIb,IIb,,,110,0.9818181818181818,,H1,R,H,R74/H107,II,II
YBL60197.1,YBL,60197.0,IIb,IIb,2025-09-05,2025.0,110,0.9818181818181818,,H1,R,H,R74/H107,II,II
YBL60375.1,YBL,60375.0,IIb,IIb,2025-09-02,2025.0,110,0.9818181818181818,,H1,R,H,R74/H107,II,II
YBL60554.1,YBL,60554.0,IIb,IIb,2025-09-13,2025.0,110,0.9818181818181818,,H1,R,H,R74/H107,II,II
YBL60732.1,YBL,60732.0,IIb,IIb,2025-09-12,2025.0,110,0.9818181818181818,,H1,R,H,R74/H107,II,II
YBL60911.1,YBL,60911.0,IIb,IIb,2025-09-12,2025.0,110,0.9818181818181818,,H1,R,H,R74/H107,II,II
YBL61089.1,YBL,61089.0,IIb,IIb,2025-09-10,2025.0,110,0.9818181818181818,,H1,R,H,R74/H107,II,II
YBL61268.1,YBL,61268.0,IIb,IIb,2025-09-10,2025.0,110,0.9818181818181818,,H1,R,H,R74/H107,II,II
YBL61446.1,YBL,61446.0,IIb,IIb,2025-09-09,2025.0,110,0.9818181818181818,,H1,R,H,R74/H107,II,II
YBL61625.1,YBL,61625.0,IIb,IIb,2025-09-09,2025.0,110,0.9818181818181818,,H1,R,H,R74/H107,II,II
YBL61804.1,YBL,61804.0,IIb,IIb,2025-09-08,2025.0,110,0.9818181818181818,,H1,R,H,R74/H107,II,II
YBL61982.1,YBL,61982.0,IIb,IIb,2025-09-08,2025.0,110,0.9818181818181818,,H1,R,H,R74/H107,II,II
YBL62160.1,YBL,62160.0,IIb,IIb,2025-09-07,2025.0,110,0.9818181818181818,,H1,R,H,R74/H107,II,II
YBL62338.1,YBL,62338.0,IIb,IIb,2025-09-05,2025.0,110,0.9818181818181818,,H1,R,H,R74/H107,II,II
YBL62517.1,YBL,62517.0,IIb,IIb,2025-09-17,2025.0,110,0.9818181818181818,,H1,R,H,R74/H107,II,II
YBL62696.1,YBL,62696.0,IIb,IIb,2025-09-04,2025.0,110,0.9818181818181818,,H1,R,H,R74/H107,II,II
YBL62875.1,YBL,62875.0,IIb,IIb,2025-09-04,2025.0,110,0.9818181818181818,,H1,R,H,R74/H107,II,II
YBL63053.1,YBL,63053.0,IIb,IIb,2025-09-03,2025.0,110,0.9818181818181818,,H1,R,H,R74/H107,II,II
YBL63232.1,YBL,63232.0,IIb,IIb,2025-09-03,2025.0,110,0.9818181818181818,,H1,R,H,R74/H107,II,II
YBL63409.1,YBL,63409.0,IIb,IIb,2025-09-01,2025.0,110,0.9818181818181818,,H1,R,H,R74/H107,II,II
YBK95283.1,YBK,95283.0,IIb,IIb,2025-09-09,2025.0,110,0.9818181818181818,,H1,R,H,R74/H107,II,II
YBK95462.1,YBK,95462.0,IIb,IIb,2025-08-23,2025.0,110,0.9818181818181818,,H1,R,H,R74/H107,II,II
YBG70524.1,YBG,70524.0,IIb,IIb,2025-07-07,2025.0,110,0.9818181818181818,,H1,R,H,R74/H107,II,II
YBG70703.1,YBG,70703.0,IIb,IIb,2025-08-07,2025.0,110,0.9727272727272728,,H3,R,H,R74/H107,II,II
YBG70882.1,YBG,70882.0,IIb,IIb,2025-08-16,2025.0,110,0.9818181818181818,,H1,R,H,R74/H107,II,II
YBG71060.1,YBG,71060.0,IIb,IIb,2025-09-05,2025.0,110,0.9818181818181818,,H1,R,H,R74/H107,II,II
YBG71239.1,YBG,71239.0,IIb,IIb,2025-08-15,2025.0,110,0.9818181818181818,,H1,R,H,R74/H107,II,II
YBG71418.1,YBG,71418.0,IIb,IIb,2025-08-23,2025.0,110,0.9818181818181818,,H1,R,H,R74/H107,II,II
YBG71597.1,YBG,71597.0,IIb,IIb,2025-09-09,2025.0,110,0.9818181818181818,,H1,R,H,R74/H107,II,II
YBG74234.1,YBG,74234.0,,unassigned,2025-05-19,2025.0,110,0.9818181818181818,,H1,R,H,R74/H107,unassigned,II
YBG74404.1,YBG,74404.0,,unassigned,2025-06-18,2025.0,110,0.9818181818181818,,H1,R,H,R74/H107,unassigned,II
YBG74581.1,YBG,74581.0,,unassigned,2025-08-26,2025.0,110,0.9818181818181818,,H1,R,H,R74/H107,unassigned,II
YBG74759.1,YBG,74759.0,,unassigned,2025-07-27,2025.0,110,0.9818181818181818,,H1,R,H,R74/H107,unassigned,II
YBG74937.1,YBG,74937.0,,unassigned,2025-07-19,2025.0,110,0.9818181818181818,,H1,R,H,R74/H107,unassigned,II
YBG75110.1,YBG,75110.0,,unassigned,2025-07-28,2025.0,110,0.9818181818181818,,H1,R,H,R74/H107,unassigned,II
YBG75280.1,YBG,75280.0,,unassigned,2025-07-28,2025.0,110,0.9818181818181818,,H1,R,H,R74/H107,unassigned,II
YBG75452.1,YBG,75452.0,,unassigned,2025-08-12,2025.0,110,0.9818181818181818,,H1,R,H,R74/H107,unassigned,II
YBG75627.1,YBG,75627.0,,unassigned,2025-08-14,2025.0,110,0.9818181818181818,,H1,R,H,R74/H107,unassigned,II
YBG75801.1,YBG,75801.0,,unassigned,2025-08-24,2025.0,110,0.9818181818181818,,H1,R,H,R74/H107,unassigned,II
YBG75977.1,YBG,75977.0,,unassigned,2025-08-22,2025.0,110,0.9818181818181818,,H1,R,H,R74/H107,unassigned,II
YBG76151.1,YBG,76151.0,,unassigned,2025-08-19,2025.0,110,0.9818181818181818,,H1,R,H,R74/H107,unassigned,II
YBG76324.1,YBG,76324.0,,unassigned,2025-08-27,2025.0,110,0.9818181818181818,,H1,R,H,R74/H107,unassigned,II
YBG76500.1,YBG,76500.0,,unassigned,2025-08-26,2025.0,110,0.9818181818181818,,H1,R,H,R74/H107,unassigned,II
YBG76679.1,YBG,76679.0,,unassigned,2025-08-28,2025.0,110,0.9818181818181818,,H1,R,H,R74/H107,unassigned,II
YBG76858.1,YBG,76858.0,,unassigned,2022-09-06,2022.0,110,0.9818181818181818,,H1,R,H,R74/H107,unassigned,II
YBG77037.1,YBG,77037.0,,unassigned,2022-09-20,2022.0,110,0.9818181818181818,,H1,R,H,R74/H107,unassigned,II
YBG77216.1,YBG,77216.0,,unassigned,2022-10-19,2022.0,110,0.9818181818181818,,H1,R,H,R74/H107,unassigned,II
YBG77395.1,YBG,77395.0,,unassigned,2023-10-10,2023.0,110,0.9818181818181818,,H1,R,H,R74/H107,unassigned,II
YBG51081.1,YBG,51081.0,,unassigned,2022-06,2022.0,110,0.9818181818181818,,H1,R,H,R74/H107,unassigned,II
YBG51258.1,YBG,51258.0,,unassigned,2022-06,2022.0,110,0.9818181818181818,,H1,R,H,R74/H107,unassigned,II
YBG51434.1,YBG,51434.0,,unassigned,2022-06,2022.0,110,0.9818181818181818,,H1,R,H,R74/H107,unassigned,II
YBG28483.1,YBG,28483.0,IIb,IIb,2025-09-11,2025.0,110,0.9818181818181818,,H1,R,H,R74/H107,II,II
YBG28662.1,YBG,28662.0,IIb,IIb,2025-09-09,2025.0,110,0.9818181818181818,,H1,R,H,R74/H107,II,II
YBG28841.1,YBG,28841.0,IIb,IIb,2025-09-11,2025.0,110,0.9818181818181818,,H1,R,H,R74/H107,II,II
YBG29020.1,YBG,29020.0,IIb,IIb,2025-09-02,2025.0,110,0.9818181818181818,,H1,R,H,R74/H107,II,II
YBG29199.1,YBG,29199.0,IIb,IIb,2025-08-21,2025.0,110,0.9818181818181818,,H1,R,H,R74/H107,II,II
YBG29378.1,YBG,29378.0,IIb,IIb,2025-08-18,2025.0,110,0.9818181818181818,,H1,R,H,R74/H107,II,II
YBG29557.1,YBG,29557.0,IIb,IIb,2025-08-27,2025.0,110,0.9818181818181818,,H1,R,H,R74/H107,II,II
YBG29776.1,YBG,29776.0,,unassigned,2025-09,2025.0,110,0.9818181818181818,,H1,R,H,R74/H107,unassigned,II
YBG29954.1,YBG,29954.0,,unassigned,2025-09,2025.0,110,0.9818181818181818,,H1,R,H,R74/H107,unassigned,II
YBG30130.1,YBG,30130.0,,unassigned,2025-09,2025.0,110,0.9818181818181818,,H1,R,H,R74/H107,unassigned,II
YBG30308.1,YBG,30308.0,,unassigned,2025-09,2025.0,110,0.9818181818181818,,H1,R,H,R74/H107,unassigned,II
YBC00315.1,YBC,315.0,IIb,IIb,2025-07-10,2025.0,110,0.9818181818181818,,H1,R,H,R74/H107,II,II
YBC00494.1,YBC,494.0,IIb,IIb,2025-08-08,2025.0,110,0.9818181818181818,,H1,R,H,R74/H107,II,II
YBC00673.1,YBC,673.0,IIb,IIb,2025-08-04,2025.0,110,0.9818181818181818,,H1,R,H,R74/H107,II,II
YBC00852.1,YBC,852.0,IIb,IIb,2025-07-30,2025.0,110,0.9818181818181818,,H1,R,H,R74/H107,II,II
YAV98534.1,YAV,98534.0,Ib,Ib,2025-08,2025.0,110,1.0,,H2,H,R,H74/R107,I,I
YAR35857.1,YAR,35857.0,,unassigned,2025-08,2025.0,110,0.9818181818181818,,H1,R,H,R74/H107,unassigned,II
YAR36031.1,YAR,36031.0,,unassigned,2025-09,2025.0,110,0.9818181818181818,,H1,R,H,R74/H107,unassigned,II
YAS78253.1,YAS,78253.0,IIb,IIb,2025-08-18,2025.0,110,0.9818181818181818,,H1,R,H,R74/H107,II,II
YAS78431.1,YAS,78431.0,IIb,IIb,2025-08-21,2025.0,110,0.9818181818181818,,H1,R,H,R74/H107,II,II
YAS78610.1,YAS,78610.0,IIb,IIb,2025-08-20,2025.0,110,0.9818181818181818,,H1,R,H,R74/H107,II,II
YAS78789.1,YAS,78789.0,IIb,IIb,2025-08-19,2025.0,110,0.9818181818181818,,H1,R,H,R74/H107,II,II
YAS78967.1,YAS,78967.0,IIb,IIb,2025-08-18,2025.0,110,0.9818181818181818,,H1,R,H,R74/H107,II,II
YAS79146.1,YAS,79146.0,IIb,IIb,2025-08-16,2025.0,110,0.9818181818181818,,H1,R,H,R74/H107,II,II
YAS79325.1,YAS,79325.0,IIb,IIb,2025-08-15,2025.0,110,0.9818181818181818,,H1,R,H,R74/H107,II,II
YAS79504.1,YAS,79504.0,IIb,IIb,2025-08-15,2025.0,110,0.9818181818181818,,H1,R,H,R74/H107,II,II
YAS79683.1,YAS,79683.0,IIb,IIb,2025-08-15,2025.0,110,0.9818181818181818,,H1,R,H,R74/H107,II,II
YAS79862.1,YAS,79862.0,IIb,IIb,2025-08-28,2025.0,110,0.9818181818181818,,H1,R,H,R74/H107,II,II
YAS80041.1,YAS,80041.0,IIb,IIb,2025-08-26,2025.0,110,0.9818181818181818,,H1,R,H,R74/H107,II,II
YAS80220.1,YAS,80220.0,IIb,IIb,2025-08-26,2025.0,110,0.9818181818181818,,H1,R,H,R74/H107,II,II
YAS80399.1,YAS,80399.0,IIb,IIb,2025-08-26,2025.0,110,0.9818181818181818,,H1,R,H,R74/H107,II,II
YAS80578.1,YAS,80578.0,IIb,IIb,2025-08-25,2025.0,110,0.9818181818181818,,H1,R,H,R74/H107,II,II
YAS80757.1,YAS,80757.0,IIb,IIb,2025-08-24,2025.0,110,0.9818181818181818,,H1,R,H,R74/H107,II,II
YAS80936.1,YAS,80936.0,IIb,IIb,2025-08-29,2025.0,110,0.9818181818181818,,H1,R,H,R74/H107,II,II
YAS81114.1,YAS,81114.0,IIb,IIb,2025-08-29,2025.0,110,0.9818181818181818,,H1,R,H,R74/H107,II,II
YAS81290.1,YAS,81290.0,IIb,IIb,2025-08-29,2025.0,110,0.9818181818181818,,H1,R,H,R74/H107,II,II
YAJ22401.1,YAJ,22401.0,,unassigned,2023-04-21,2023.0,110,0.9818181818181818,,H1,R,H,R74/H107,unassigned,II
YAJ22580.1,YAJ,22580.0,,unassigned,2023-04-22,2023.0,110,0.9818181818181818,,H1,R,H,R74/H107,unassigned,II
YAJ22759.1,YAJ,22759.0,,unassigned,2023-04-26,2023.0,110,0.9818181818181818,,H1,R,H,R74/H107,unassigned,II
YAJ22938.1,YAJ,22938.0,,unassigned,2023-04-26,2023.0,110,0.9818181818181818,,H1,R,H,R74/H107,unassigned,II
YAJ23117.1,YAJ,23117.0,,unassigned,2023-04-26,2023.0,110,0.9818181818181818,,H1,R,H,R74/H107,unassigned,II
YAJ23296.1,YAJ,23296.0,,unassigned,2023-04-26,2023.0,110,0.9818181818181818,,H1,R,H,R74/H107,unassigned,II
YAJ23475.1,YAJ,23475.0,,unassigned,2023-04-27,2023.0,110,0.9818181818181818,,H1,R,H,R74/H107,unassigned,II
YAJ23654.1,YAJ,23654.0,,unassigned,2023-04-27,2023.0,110,0.9818181818181818,,H1,R,H,R74/H107,unassigned,II
YAJ23833.1,YAJ,23833.0,,unassigned,2023-04-27,2023.0,110,0.9818181818181818,,H1,R,H,R74/H107,unassigned,II
YAJ24012.1,YAJ,24012.0,,unassigned,2023-04-28,2023.0,110,0.9818181818181818,,H1,R,H,R74/H107,unassigned,II
YAJ24191.1,YAJ,24191.0,,unassigned,2023-04-29,2023.0,110,0.9818181818181818,,H1,R,H,R74/H107,unassigned,II
YAJ24370.1,YAJ,24370.0,,unassigned,2023-04-30,2023.0,110,0.9818181818181818,,H1,R,H,R74/H107,unassigned,II
YAJ24549.1,YAJ,24549.0,,unassigned,2023-04-30,2023.0,110,0.9818181818181818,,H1,R,H,R74/H107,unassigned,II
YAJ24728.1,YAJ,24728.0,,unassigned,2023-04-30,2023.0,110,0.9818181818181818,,H1,R,H,R74/H107,unassigned,II
YAJ24907.1,YAJ,24907.0,,unassigned,2023-05-01,2023.0,110,0.9818181818181818,,H1,R,H,R74/H107,unassigned,II
YAJ25086.1,YAJ,25086.0,,unassigned,2023-05-02,2023.0,110,0.9818181818181818,,H1,R,H,R74/H107,unassigned,II
YAJ25265.1,YAJ,25265.0,,unassigned,2023-05-02,2023.0,110,0.9818181818181818,,H1,R,H,R74/H107,unassigned,II
YAJ25444.1,YAJ,25444.0,,unassigned,2023-05-02,2023.0,110,0.9818181818181818,,H1,R,H,R74/H107,unassigned,II
YAJ25623.1,YAJ,25623.0,,unassigned,2023-05-03,2023.0,110,0.9818181818181818,,H1,R,H,R74/H107,unassigned,II
YAJ25802.1,YAJ,25802.0,,unassigned,2023-05-04,2023.0,110,0.9818181818181818,,H1,R,H,R74/H107,unassigned,II
YAJ25981.1,YAJ,25981.0,,unassigned,2023-05-04,2023.0,110,0.9818181818181818,,H1,R,H,R74/H107,unassigned,II
YAJ26160.1,YAJ,26160.0,,unassigned,2023-05-03,2023.0,110,0.9818181818181818,,H1,R,H,R74/H107,unassigned,II
YAJ26339.1,YAJ,26339.0,,unassigned,2023-05-04,2023.0,110,0.9818181818181818,,H1,R,H,R74/H107,unassigned,II
YAJ26518.1,YAJ,26518.0,,unassigned,2023-05-04,2023.0,110,0.9818181818181818,,H1,R,H,R74/H107,unassigned,II
YAJ26697.1,YAJ,26697.0,,unassigned,2023-05-05,2023.0,110,0.9818181818181818,,H1,R,H,R74/H107,unassigned,II
YAJ26876.1,YAJ,26876.0,,unassigned,2023-05-08,2023.0,110,0.9818181818181818,,H1,R,H,R74/H107,unassigned,II
YAJ27055.1,YAJ,27055.0,,unassigned,2023-05-08,2023.0,110,0.9818181818181818,,H1,R,H,R74/H107,unassigned,II
YAJ27234.1,YAJ,27234.0,,unassigned,2023-05-08,2023.0,110,0.9818181818181818,,H1,R,H,R74/H107,unassigned,II
YAJ27413.1,YAJ,27413.0,,unassigned,2023-05-08,2023.0,110,0.9818181818181818,,H1,R,H,R74/H107,unassigned,II
YAJ27592.1,YAJ,27592.0,,unassigned,2023-05-09,2023.0,110,0.9818181818181818,,H1,R,H,R74/H107,unassigned,II
YAJ27771.1,YAJ,27771.0,,unassigned,2023-05-09,2023.0,110,0.9818181818181818,,H1,R,H,R74/H107,unassigned,II
YAJ27950.1,YAJ,27950.0,,unassigned,2023-05-09,2023.0,110,0.9818181818181818,,H1,R,H,R74/H107,unassigned,II
YAJ28129.1,YAJ,28129.0,,unassigned,2023-05-10,2023.0,110,0.9818181818181818,,H1,R,H,R74/H107,unassigned,II
YAJ28308.1,YAJ,28308.0,,unassigned,2023-05-12,2023.0,110,0.9818181818181818,,H1,R,H,R74/H107,unassigned,II
YAJ28487.1,YAJ,28487.0,,unassigned,2023-05-12,2023.0,110,0.9818181818181818,,H1,R,H,R74/H107,unassigned,II
YAJ28666.1,YAJ,28666.0,,unassigned,2023-05-12,2023.0,110,0.9818181818181818,,H1,R,H,R74/H107,unassigned,II
YAJ28845.1,YAJ,28845.0,,unassigned,2023-05-13,2023.0,110,0.9818181818181818,,H1,R,H,R74/H107,unassigned,II
YAJ29024.1,YAJ,29024.0,,unassigned,2023-05-16,2023.0,110,0.9818181818181818,,H1,R,H,R74/H107,unassigned,II
YAJ29203.1,YAJ,29203.0,,unassigned,2023-05-17,2023.0,110,0.9818181818181818,,H1,R,H,R74/H107,unassigned,II
YAJ29382.1,YAJ,29382.0,,unassigned,2023-05-17,2023.0,110,0.9818181818181818,,H1,R,H,R74/H107,unassigned,II
YAJ29561.1,YAJ,29561.0,,unassigned,2023-05-17,2023.0,110,0.9818181818181818,,H1,R,H,R74/H107,unassigned,II
YAJ29740.1,YAJ,29740.0,,unassigned,2023-05-18,2023.0,110,0.9818181818181818,,H1,R,H,R74/H107,unassigned,II
YAJ29919.1,YAJ,29919.0,,unassigned,2023-05-20,2023.0,110,0.9818181818181818,,H1,R,H,R74/H107,unassigned,II
YAJ30098.1,YAJ,30098.0,,unassigned,2023-05-22,2023.0,110,0.9818181818181818,,H1,R,H,R74/H107,unassigned,II
YAJ30277.1,YAJ,30277.0,,unassigned,2023-05-22,2023.0,110,0.9818181818181818,,H1,R,H,R74/H107,unassigned,II
YAJ30456.1,YAJ,30456.0,,unassigned,2023-05-22,2023.0,110,0.9818181818181818,,H1,R,H,R74/H107,unassigned,II
YAJ30635.1,YAJ,30635.0,,unassigned,2023-05-23,2023.0,110,0.9818181818181818,,H1,R,H,R74/H107,unassigned,II
YAJ30814.1,YAJ,30814.0,,unassigned,2023-05-24,2023.0,110,0.9818181818181818,,H1,R,H,R74/H107,unassigned,II
YAJ30993.1,YAJ,30993.0,,unassigned,2023-05-24,2023.0,110,0.9818181818181818,,H1,R,H,R74/H107,unassigned,II
YAJ31172.1,YAJ,31172.0,,unassigned,2023-05-25,2023.0,110,0.9818181818181818,,H1,R,H,R74/H107,unassigned,II
YAJ31351.1,YAJ,31351.0,,unassigned,2023-05-25,2023.0,110,0.9818181818181818,,H1,R,H,R74/H107,unassigned,II
YAJ31530.1,YAJ,31530.0,,unassigned,2023-05-27,2023.0,110,0.9818181818181818,,H1,R,H,R74/H107,unassigned,II
YAJ31709.1,YAJ,31709.0,,unassigned,2023-06-01,2023.0,110,0.9818181818181818,,H1,R,H,R74/H107,unassigned,II
YAJ31888.1,YAJ,31888.0,,unassigned,2023-06-07,2023.0,110,0.9818181818181818,,H1,R,H,R74/H107,unassigned,II
YAJ32067.1,YAJ,32067.0,,unassigned,2023-06-09,2023.0,110,0.9818181818181818,,H1,R,H,R74/H107,unassigned,II
YAJ32246.1,YAJ,32246.0,,unassigned,2023-06-12,2023.0,110,0.9818181818181818,,H1,R,H,R74/H107,unassigned,II
YAJ32425.1,YAJ,32425.0,,unassigned,2023-06-14,2023.0,110,0.9818181818181818,,H1,R,H,R74/H107,unassigned,II
YAJ32604.1,YAJ,32604.0,,unassigned,2023-06-15,2023.0,110,0.9818181818181818,,H1,R,H,R74/H107,unassigned,II
YAJ32783.1,YAJ,32783.0,,unassigned,2023-06-15,2023.0,110,0.9818181818181818,,H1,R,H,R74/H107,unassigned,II
YAJ32962.1,YAJ,32962.0,,unassigned,2023-06-16,2023.0,110,0.9818181818181818,,H1,R,H,R74/H107,unassigned,II
YAJ33141.1,YAJ,33141.0,,unassigned,2023-06-19,2023.0,110,0.9818181818181818,,H1,R,H,R74/H107,unassigned,II
YAJ33320.1,YAJ,33320.0,,unassigned,2023-06-20,2023.0,110,0.9818181818181818,,H1,R,H,R74/H107,unassigned,II
YAJ33499.1,YAJ,33499.0,,unassigned,2023-07-05,2023.0,110,0.9818181818181818,,H1,R,H,R74/H107,unassigned,II
YAJ33678.1,YAJ,33678.0,,unassigned,2023-07-05,2023.0,110,0.9818181818181818,,H1,R,H,R74/H107,unassigned,II
YAJ33857.1,YAJ,33857.0,,unassigned,2023-07-11,2023.0,110,0.9818181818181818,,H1,R,H,R74/H107,unassigned,II
YAJ34036.1,YAJ,34036.0,,unassigned,2023-07-12,2023.0,110,0.9818181818181818,,H1,R,H,R74/H107,unassigned,II
YAJ34215.1,YAJ,34215.0,,unassigned,2023-07-12,2023.0,110,0.9818181818181818,,H1,R,H,R74/H107,unassigned,II
YAJ34394.1,YAJ,34394.0,,unassigned,2023-07-12,2023.0,110,0.9818181818181818,,H1,R,H,R74/H107,unassigned,II
YAJ34573.1,YAJ,34573.0,,unassigned,2023-07-18,2023.0,110,0.9818181818181818,,H1,R,H,R74/H107,unassigned,II
YAJ34752.1,YAJ,34752.0,,unassigned,2023-07-26,2023.0,110,0.9818181818181818,,H1,R,H,R74/H107,unassigned,II
YAJ34931.1,YAJ,34931.0,,unassigned,2023-07-27,2023.0,110,0.9818181818181818,,H1,R,H,R74/H107,unassigned,II
YAJ35110.1,YAJ,35110.0,,unassigned,2023-08-02,2023.0,110,0.9818181818181818,,H1,R,H,R74/H107,unassigned,II
YAJ35289.1,YAJ,35289.0,,unassigned,2023-08-03,2023.0,110,0.9818181818181818,,H1,R,H,R74/H107,unassigned,II
YAJ35468.1,YAJ,35468.0,,unassigned,2023-08-04,2023.0,110,0.9818181818181818,,H1,R,H,R74/H107,unassigned,II
YAJ35647.1,YAJ,35647.0,,unassigned,2023-08-07,2023.0,110,0.9818181818181818,,H1,R,H,R74/H107,unassigned,II
YAJ35826.1,YAJ,35826.0,,unassigned,2023-08-21,2023.0,110,0.9818181818181818,,H1,R,H,R74/H107,unassigned,II
YAJ36005.1,YAJ,36005.0,,unassigned,2023-08-28,2023.0,110,0.9818181818181818,,H1,R,H,R74/H107,unassigned,II
YAJ36184.1,YAJ,36184.0,,unassigned,2023-08-30,2023.0,110,0.9818181818181818,,H1,R,H,R74/H107,unassigned,II
YAJ36363.1,YAJ,36363.0,,unassigned,2023-09-04,2023.0,110,0.9818181818181818,,H1,R,H,R74/H107,unassigned,II
YAJ36541.1,YAJ,36541.0,,unassigned,2023-09-05,2023.0,110,0.9818181818181818,,H1,R,H,R74/H107,unassigned,II
YAJ36720.1,YAJ,36720.0,,unassigned,2023-09-12,2023.0,110,0.9818181818181818,,H1,R,H,R74/H107,unassigned,II
YAJ36898.1,YAJ,36898.0,,unassigned,2023-09-13,2023.0,110,0.9818181818181818,,H1,R,H,R74/H107,unassigned,II
YAJ37077.1,YAJ,37077.0,,unassigned,2023-09-16,2023.0,110,0.9818181818181818,,H1,R,H,R74/H107,unassigned,II
YAJ37256.1,YAJ,37256.0,,unassigned,2023-09-20,2023.0,110,0.9818181818181818,,H1,R,H,R74/H107,unassigned,II
YAJ37435.1,YAJ,37435.0,,unassigned,2023-09-26,2023.0,110,0.9818181818181818,,H1,R,H,R74/H107,unassigned,II
YAJ37614.1,YAJ,37614.0,,unassigned,2023-09-27,2023.0,110,0.9818181818181818,,H1,R,H,R74/H107,unassigned,II
YAJ37793.1,YAJ,37793.0,,unassigned,2023-10-06,2023.0,110,0.9818181818181818,,H1,R,H,R74/H107,unassigned,II
YAJ37972.1,YAJ,37972.0,,unassigned,2023-10-10,2023.0,110,0.9818181818181818,,H1,R,H,R74/H107,unassigned,II
YAJ38151.1,YAJ,38151.0,,unassigned,2023-10-10,2023.0,110,0.9818181818181818,,H1,R,H,R74/H107,unassigned,II
YAJ38330.1,YAJ,38330.0,,unassigned,2023-10-12,2023.0,110,0.9818181818181818,,H1,R,H,R74/H107,unassigned,II
YAJ38509.1,YAJ,38509.0,,unassigned,2023-11-22,2023.0,110,0.9818181818181818,,H1,R,H,R74/H107,unassigned,II
YAJ38688.1,YAJ,38688.0,,unassigned,2024-04-22,2024.0,110,0.9818181818181818,,H1,R,H,R74/H107,unassigned,II
YAJ38867.1,YAJ,38867.0,,unassigned,2024-06-14,2024.0,110,0.9818181818181818,,H1,R,H,R74/H107,unassigned,II
YAJ39046.1,YAJ,39046.0,,unassigned,2024-06-21,2024.0,110,0.9818181818181818,,H1,R,H,R74/H107,unassigned,II
YAJ39224.1,YAJ,39224.0,,unassigned,2024-07-04,2024.0,110,0.9818181818181818,,H1,R,H,R74/H107,unassigned,II
YAJ39403.1,YAJ,39403.0,,unassigned,2024-07-04,2024.0,110,0.9818181818181818,,H1,R,H,R74/H107,unassigned,II
YAJ39581.1,YAJ,39581.0,,unassigned,2024-07-10,2024.0,110,0.9818181818181818,,H1,R,H,R74/H107,unassigned,II
YAJ39760.1,YAJ,39760.0,,unassigned,2024-07-17,2024.0,110,0.9818181818181818,,H1,R,H,R74/H107,unassigned,II
YAJ39939.1,YAJ,39939.0,,unassigned,2024-07-24,2024.0,110,0.9818181818181818,,H1,R,H,R74/H107,unassigned,II
YAJ40118.1,YAJ,40118.0,,unassigned,2024-08-28,2024.0,110,0.9818181818181818,,H1,R,H,R74/H107,unassigned,II
YAJ40297.1,YAJ,40297.0,,unassigned,2024-08-30,2024.0,110,0.9818181818181818,,H1,R,H,R74/H107,unassigned,II
YAJ40474.1,YAJ,40474.0,,unassigned,2025-03-06,2025.0,110,0.9818181818181818,,H1,R,H,R74/H107,unassigned,II
YAJ40652.1,YAJ,40652.0,,unassigned,2025-04-06,2025.0,110,0.9818181818181818,,H1,R,H,R74/H107,unassigned,II
YAJ40830.1,YAJ,40830.0,,unassigned,2025-04-23,2025.0,110,0.9818181818181818,,H1,R,H,R74/H107,unassigned,II
YAJ41009.1,YAJ,41009.0,,unassigned,2025-07-09,2025.0,110,0.9818181818181818,,H1,R,H,R74/H107,unassigned,II
YAJ41181.1,YAJ,41181.0,,unassigned,2023-06-02,2023.0,110,0.9818181818181818,,H1,R,H,R74/H107,unassigned,II
YAJ41354.1,YAJ,41354.0,,unassigned,2023-06-05,2023.0,110,0.9818181818181818,,H1,R,H,R74/H107,unassigned,II
YAJ41528.1,YAJ,41528.0,,unassigned,2024-05-28,2024.0,110,0.9818181818181818,,H1,R,H,R74/H107,unassigned,II
YAJ41707.1,YAJ,41707.0,,unassigned,2024-07-19,2024.0,110,0.9818181818181818,,H1,R,H,R74/H107,unassigned,II
YAJ41883.1,YAJ,41883.0,,unassigned,2024-08-12,2024.0,110,0.9818181818181818,,H1,R,H,R74/H107,unassigned,II
YAG18024.1,YAG,18024.0,,unassigned,2025-07-29,2025.0,110,0.9818181818181818,,H1,R,H,R74/H107,unassigned,II
YAG18203.1,YAG,18203.0,,unassigned,2025-07-07,2025.0,110,0.9818181818181818,,H1,R,H,R74/H107,unassigned,II
YAG18382.1,YAG,18382.0,,unassigned,2025-07-07,2025.0,110,0.9818181818181818,,H1,R,H,R74/H107,unassigned,II
YAG18560.1,YAG,18560.0,,unassigned,2025-07-14,2025.0,110,0.9818181818181818,,H1,R,H,R74/H107,unassigned,II
YAG18739.1,YAG,18739.0,,unassigned,2025-07-12,2025.0,110,0.9818181818181818,,H1,R,H,R74/H107,unassigned,II
YAG18918.1,YAG,18918.0,,unassigned,2025-07-09,2025.0,110,0.9818181818181818,,H1,R,H,R74/H107,unassigned,II
YAG19096.1,YAG,19096.0,,unassigned,2025-07-18,2025.0,110,0.9818181818181818,,H1,R,H,R74/H107,unassigned,II
YAG19274.1,YAG,19274.0,,unassigned,2025-07-22,2025.0,110,0.9818181818181818,,H1,R,H,R74/H107,unassigned,II
YAG19453.1,YAG,19453.0,,unassigned,2025-07-24,2025.0,110,0.9818181818181818,,H1,R,H,R74/H107,unassigned,II
YAG19632.1,YAG,19632.0,,unassigned,2025-07-20,2025.0,110,0.9818181818181818,,H1,R,H,R74/H107,unassigned,II
YAG19811.1,YAG,19811.0,,unassigned,2025-08-15,2025.0,110,0.9818181818181818,,H1,R,H,R74/H107,unassigned,II
YAG19989.1,YAG,19989.0,,unassigned,2025-08-15,2025.0,110,0.9818181818181818,,H1,R,H,R74/H107,unassigned,II
YAG20168.1,YAG,20168.0,,unassigned,2025-08-15,2025.0,110,0.9818181818181818,,H1,R,H,R74/H107,unassigned,II
YAG20347.1,YAG,20347.0,,unassigned,2025-08-22,2025.0,110,0.9818181818181818,,H1,R,H,R74/H107,unassigned,II
YAG20526.1,YAG,20526.0,,unassigned,2025-08-22,2025.0,110,0.9818181818181818,,H1,R,H,R74/H107,unassigned,II
YAG20704.1,YAG,20704.0,,unassigned,2025-08-22,2025.0,110,0.9818181818181818,,H1,R,H,R74/H107,unassigned,II
YAG20883.1,YAG,20883.0,,unassigned,2025-08-22,2025.0,110,0.9818181818181818,,H1,R,H,R74/H107,unassigned,II
YAG21061.1,YAG,21061.0,,unassigned,2025-08-22,2025.0,110,0.9818181818181818,,H1,R,H,R74/H107,unassigned,II
YAG21238.1,YAG,21238.0,,unassigned,2025-08-22,2025.0,110,0.9818181818181818,,H1,R,H,R74/H107,unassigned,II
YAG21417.1,YAG,21417.0,,unassigned,2025-08-22,2025.0,110,0.9818181818181818,,H1,R,H,R74/H107,unassigned,II
YAG21596.1,YAG,21596.0,,unassigned,2025-08-22,2025.0,110,0.9818181818181818,,H1,R,H,R74/H107,unassigned,II
YAB36968.1,YAB,36968.0,IIb,IIb,2025-07-08,2025.0,110,0.9818181818181818,,H1,R,H,R74/H107,II,II
YAB37147.1,YAB,37147.0,IIb,IIb,2025-07-11,2025.0,110,0.9818181818181818,,H1,R,H,R74/H107,II,II
YAB37325.1,YAB,37325.0,IIb,IIb,2025-07-16,2025.0,110,0.9818181818181818,,H1,R,H,R74/H107,II,II
YAB37504.1,YAB,37504.0,IIb,IIb,2025-07-23,2025.0,110,0.9818181818181818,,H1,R,H,R74/H107,II,II
XZR16418.1,XZR,16418.0,IIb,IIb,2025-06-09,2025.0,110,0.9818181818181818,,H1,R,H,R74/H107,II,II
XZR16597.1,XZR,16597.0,IIb,IIb,2025-06-20,2025.0,110,0.9818181818181818,,H1,R,H,R74/H107,II,II
XEQ85574.1,XEQ,85574.0,IIb,IIb,2024-07-26,2024.0,110,0.9818181818181818,,H1,R,H,R74/H107,II,II
XYA03202.1,XYA,3202.0,IIb,IIb,2022-08,2022.0,110,0.9818181818181818,,H1,R,H,R74/H107,II,II
XYA03380.1,XYA,3380.0,IIb,IIb,2022-08,2022.0,110,0.9818181818181818,,H1,R,H,R74/H107,II,II
XYA03559.1,XYA,3559.0,IIb,IIb,2022-09,2022.0,110,0.9818181818181818,,H1,R,H,R74/H107,II,II
XYA03734.1,XYA,3734.0,IIb,IIb,2022-09,2022.0,110,0.9818181818181818,,H1,R,H,R74/H107,II,II
XYA03908.1,XYA,3908.0,IIb,IIb,2022-07,2022.0,110,0.9818181818181818,,H1,R,H,R74/H107,II,II
XYA04087.1,XYA,4087.0,IIb,IIb,2022-08,2022.0,110,0.9818181818181818,,H1,R,H,R74/H107,II,II
XYA04260.1,XYA,4260.0,IIb,IIb,2022-08,2022.0,110,0.9818181818181818,,H1,R,H,R74/H107,II,II
XYA04438.1,XYA,4438.0,IIb,IIb,2022-10,2022.0,110,0.9818181818181818,,H1,R,H,R74/H107,II,II
XYA04612.1,XYA,4612.0,IIb,IIb,2022-08,2022.0,110,0.9818181818181818,,H1,R,H,R74/H107,II,II
XYA04791.1,XYA,4791.0,IIb,IIb,2022-06,2022.0,110,0.9818181818181818,,H1,R,H,R74/H107,II,II
XYA04958.1,XYA,4958.0,IIb,IIb,2022-06,2022.0,110,0.9818181818181818,,H1,R,H,R74/H107,II,II
XYA05136.1,XYA,5136.0,IIb,IIb,2022-07,2022.0,110,0.9818181818181818,,H1,R,H,R74/H107,II,II
XYA05314.1,XYA,5314.0,IIb,IIb,2022-09,2022.0,110,0.9818181818181818,,H1,R,H,R74/H107,II,II
XYA05473.1,XYA,5473.0,IIb,IIb,2022-09,2022.0,110,0.9818181818181818,,H1,R,H,R74/H107,II,II
XYA05651.1,XYA,5651.0,IIb,IIb,2022-06,2022.0,110,0.9818181818181818,,H1,R,H,R74/H107,II,II
XYA05830.1,XYA,5830.0,IIb,IIb,2022-08,2022.0,110,0.9818181818181818,,H1,R,H,R74/H107,II,II
XYA06008.1,XYA,6008.0,IIb,IIb,2022-08,2022.0,110,0.9818181818181818,,H1,R,H,R74/H107,II,II
XYA06186.1,XYA,6186.0,IIb,IIb,2022-07,2022.0,110,0.9818181818181818,,H1,R,H,R74/H107,II,II
XYA06364.1,XYA,6364.0,IIb,IIb,2022-08,2022.0,110,0.9818181818181818,,H1,R,H,R74/H107,II,II
XYA06542.1,XYA,6542.0,IIb,IIb,2022-08,2022.0,110,0.9818181818181818,,H1,R,H,R74/H107,II,II
XYA06720.1,XYA,6720.0,IIb,IIb,2022-08,2022.0,110,0.9818181818181818,,H1,R,H,R74/H107,II,II
XYA06898.1,XYA,6898.0,IIb,IIb,2022-08,2022.0,110,0.9818181818181818,,H1,R,H,R74/H107,II,II
XYA07076.1,XYA,7076.0,IIb,IIb,2022-08,2022.0,110,0.9818181818181818,,H1,R,H,R74/H107,II,II
XYA07254.1,XYA,7254.0,IIb,IIb,2022-08,2022.0,110,0.9818181818181818,,H1,R,H,R74/H107,II,II
XYA07432.1,XYA,7432.0,IIb,IIb,2022-08,2022.0,110,0.9818181818181818,,H1,R,H,R74/H107,II,II
XYA07610.1,XYA,7610.0,IIb,IIb,2022-08,2022.0,110,0.9818181818181818,,H1,R,H,R74/H107,II,II
XYA07788.1,XYA,7788.0,IIb,IIb,2022-08,2022.0,110,0.9818181818181818,,H1,R,H,R74/H107,II,II
XYA07966.1,XYA,7966.0,IIb,IIb,2022-08,2022.0,110,0.9818181818181818,,H1,R,H,R74/H107,II,II
XYA08144.1,XYA,8144.0,IIb,IIb,2022-09,2022.0,110,0.9818181818181818,,H1,R,H,R74/H107,II,II
XYA08322.1,XYA,8322.0,IIb,IIb,2022-09,2022.0,110,0.9818181818181818,,H1,R,H,R74/H107,II,II
XYA08500.1,XYA,8500.0,IIb,IIb,2022-09,2022.0,110,0.9818181818181818,,H1,R,H,R74/H107,II,II
XYA08678.1,XYA,8678.0,IIb,IIb,2022-08,2022.0,110,0.9818181818181818,,H1,R,H,R74/H107,II,II
XYA08856.1,XYA,8856.0,IIb,IIb,2022-08,2022.0,110,0.9818181818181818,,H1,R,H,R74/H107,II,II
XYA09034.1,XYA,9034.0,IIb,IIb,2022-09,2022.0,110,0.9818181818181818,,H1,R,H,R74/H107,II,II
XYA09212.1,XYA,9212.0,IIb,IIb,2022-09,2022.0,110,0.9818181818181818,,H1,R,H,R74/H107,II,II
XYA09568.1,XYA,9568.0,IIb,IIb,2022-08,2022.0,110,0.9818181818181818,,H1,R,H,R74/H107,II,II
XYA09746.1,XYA,9746.0,IIb,IIb,2022-12,2022.0,110,0.9818181818181818,,H1,R,H,R74/H107,II,II
XYA09924.1,XYA,9924.0,IIb,IIb,2022-11,2022.0,110,0.9818181818181818,,H1,R,H,R74/H107,II,II
XYA10098.1,XYA,10098.0,IIb,IIb,2022-09,2022.0,110,0.9818181818181818,,H1,R,H,R74/H107,II,II
XYA10277.1,XYA,10277.0,IIb,IIb,2022-11,2022.0,110,0.9818181818181818,,H1,R,H,R74/H107,II,II
XYA10455.1,XYA,10455.0,IIb,IIb,2022-11,2022.0,110,0.9818181818181818,,H1,R,H,R74/H107,II,II
XYA10624.1,XYA,10624.0,IIb,IIb,2022-08,2022.0,110,0.9818181818181818,,H1,R,H,R74/H107,II,II
XYA10800.1,XYA,10800.0,IIb,IIb,2022-09,2022.0,110,0.9818181818181818,,H1,R,H,R74/H107,II,II
XYA10976.1,XYA,10976.0,IIb,IIb,2022-06,2022.0,110,0.9818181818181818,,H1,R,H,R74/H107,II,II
XYA11155.1,XYA,11155.0,IIb,IIb,2022-09,2022.0,110,0.9818181818181818,,H1,R,H,R74/H107,II,II
XYA11328.1,XYA,11328.0,IIb,IIb,2022-11,2022.0,110,0.9818181818181818,,H1,R,H,R74/H107,II,II
XYA11502.1,XYA,11502.0,IIb,IIb,2022-07,2022.0,110,0.9818181818181818,,H1,R,H,R74/H107,II,II
XYA11678.1,XYA,11678.0,IIb,IIb,2022-08,2022.0,110,0.9818181818181818,,H1,R,H,R74/H107,II,II
XYA11852.1,XYA,11852.0,IIb,IIb,2022-08,2022.0,110,0.9818181818181818,,H1,R,H,R74/H107,II,II
XYA12025.1,XYA,12025.0,IIb,IIb,2022-07,2022.0,110,0.9818181818181818,,H1,R,H,R74/H107,II,II
XYA12204.1,XYA,12204.0,IIb,IIb,2022-07,2022.0,110,0.9818181818181818,,H1,R,H,R74/H107,II,II
XYA12382.1,XYA,12382.0,IIb,IIb,2022-08,2022.0,110,0.9818181818181818,,H1,R,H,R74/H107,II,II
XYA12560.1,XYA,12560.0,IIb,IIb,2022-11,2022.0,110,0.9818181818181818,,H1,R,H,R74/H107,II,II
XYA12738.1,XYA,12738.0,IIb,IIb,2022-07,2022.0,110,0.9818181818181818,,H1,R,H,R74/H107,II,II
XYA12917.1,XYA,12917.0,IIb,IIb,2022-07,2022.0,110,0.9818181818181818,,H1,R,H,R74/H107,II,II
XYA13087.1,XYA,13087.0,IIb,IIb,2022-06,2022.0,110,0.9818181818181818,,H1,R,H,R74/H107,II,II
XYA13265.1,XYA,13265.0,IIb,IIb,2022-07,2022.0,110,0.9818181818181818,,H1,R,H,R74/H107,II,II
XYA13441.1,XYA,13441.0,IIb,IIb,2022-07,2022.0,110,0.9818181818181818,,H1,R,H,R74/H107,II,II
XYA13620.1,XYA,13620.0,IIb,IIb,2022-07,2022.0,110,0.9818181818181818,,H1,R,H,R74/H107,II,II
XYA13785.1,XYA,13785.0,IIb,IIb,2022-08,2022.0,110,0.9818181818181818,,H1,R,H,R74/H107,II,II
XYA13964.1,XYA,13964.0,IIb,IIb,2022-07,2022.0,110,0.9818181818181818,,H1,R,H,R74/H107,II,II
XYA14141.1,XYA,14141.0,IIb,IIb,2022-08,2022.0,110,0.9818181818181818,,H1,R,H,R74/H107,II,II
XYA14319.1,XYA,14319.0,IIb,IIb,2022-08,2022.0,110,0.9818181818181818,,H1,R,H,R74/H107,II,II
XYA14498.1,XYA,14498.0,IIb,IIb,2022-08,2022.0,110,0.9818181818181818,,H1,R,H,R74/H107,II,II
XYA14670.1,XYA,14670.0,IIb,IIb,2022-11,2022.0,110,0.9818181818181818,,H1,R,H,R74/H107,II,II
XYA14844.1,XYA,14844.0,IIb,IIb,2022-11,2022.0,110,0.9818181818181818,,H1,R,H,R74/H107,II,II
XYA15015.1,XYA,15015.0,IIb,IIb,2022-07,2022.0,110,0.9818181818181818,,H1,R,H,R74/H107,II,II
XYA15191.1,XYA,15191.0,IIb,IIb,2022-07,2022.0,110,0.9818181818181818,,H1,R,H,R74/H107,II,II
XZC83721.1,XZC,83721.0,IIb,IIb,2025-07,2025.0,110,0.9818181818181818,,H1,R,H,R74/H107,II,II
XYY21524.1,XYY,21524.0,,unassigned,2025-06-12,2025.0,110,0.9818181818181818,,H1,R,H,R74/H107,unassigned,II
XYY21703.1,XYY,21703.0,,unassigned,2025-07-01,2025.0,110,0.9818181818181818,,H1,R,H,R74/H107,unassigned,II
XYY21882.1,XYY,21882.0,,unassigned,2025-06-17,2025.0,110,0.9727272727272728,,H3,R,H,R74/H107,unassigned,II
XYY22061.1,XYY,22061.0,,unassigned,2025-07-01,2025.0,110,0.9818181818181818,,H1,R,H,R74/H107,unassigned,II
XYH80044.1,XYH,80044.0,Ia,Ia,,,110,1.0,,H2,H,R,H74/R107,I,I
XYH80214.1,XYH,80214.0,Ib,Ib,,,110,1.0,,H2,H,R,H74/R107,I,I
XYH80384.1,XYH,80384.0,IIa,IIa,,,110,0.9818181818181818,,H1,R,H,R74/H107,II,II
XYL31947.1,XYL,31947.0,,unassigned,2025-06-27,2025.0,110,0.9818181818181818,,H1,R,H,R74/H107,unassigned,II
XYL32126.1,XYL,32126.0,,unassigned,2025-07-10,2025.0,110,0.9818181818181818,,H1,R,H,R74/H107,unassigned,II
XYL32305.1,XYL,32305.0,,unassigned,2025-07-10,2025.0,110,0.9818181818181818,,H1,R,H,R74/H107,unassigned,II
XYL32484.1,XYL,32484.0,,unassigned,2025-07-10,2025.0,110,0.9818181818181818,,H1,R,H,R74/H107,unassigned,II
XYL32663.1,XYL,32663.0,,unassigned,2025-07-10,2025.0,110,0.9818181818181818,,H1,R,H,R74/H107,unassigned,II
XYK83575.1,XYK,83575.0,,unassigned,2025-06,2025.0,110,0.9818181818181818,,H1,R,H,R74/H107,unassigned,II
XYK83748.1,XYK,83748.0,,unassigned,2025-06,2025.0,110,0.9727272727272728,,H3,R,H,R74/H107,unassigned,II
XYK83921.1,XYK,83921.0,,unassigned,2025-06,2025.0,110,0.9727272727272728,,H3,R,H,R74/H107,unassigned,II
XYK84094.1,XYK,84094.0,,unassigned,2025-06,2025.0,110,0.9818181818181818,,H1,R,H,R74/H107,unassigned,II
XYK84268.1,XYK,84268.0,,unassigned,2025-06,2025.0,110,0.9818181818181818,,H1,R,H,R74/H107,unassigned,II
XYK84441.1,XYK,84441.0,,unassigned,2025-06,2025.0,110,0.9727272727272728,,H3,R,H,R74/H107,unassigned,II
XYK84615.1,XYK,84615.0,,unassigned,2025-06,2025.0,110,0.9818181818181818,,H1,R,H,R74/H107,unassigned,II
XYK84788.1,XYK,84788.0,,unassigned,2025-06,2025.0,110,0.9818181818181818,,H1,R,H,R74/H107,unassigned,II
XYK84960.1,XYK,84960.0,,unassigned,2025-06,2025.0,110,0.9818181818181818,,H1,R,H,R74/H107,unassigned,II
XYK85133.1,XYK,85133.0,,unassigned,2025-06,2025.0,110,0.9818181818181818,,H1,R,H,R74/H107,unassigned,II
XYK85305.1,XYK,85305.0,,unassigned,2025-06,2025.0,110,0.9727272727272728,,H3,R,H,R74/H107,unassigned,II
XYK85478.1,XYK,85478.0,,unassigned,2025-06,2025.0,110,0.9727272727272728,,H3,R,H,R74/H107,unassigned,II
XYK85651.1,XYK,85651.0,,unassigned,2025-06,2025.0,110,0.9818181818181818,,H1,R,H,R74/H107,unassigned,II
XYK85825.1,XYK,85825.0,,unassigned,2025-06,2025.0,110,0.9818181818181818,,H1,R,H,R74/H107,unassigned,II
XYK85999.1,XYK,85999.0,,unassigned,2025-06,2025.0,110,0.9727272727272728,,H3,R,H,R74/H107,unassigned,II
XYK86174.1,XYK,86174.0,,unassigned,2025-06,2025.0,110,0.9727272727272728,,H3,R,H,R74/H107,unassigned,II
XYK86348.1,XYK,86348.0,,unassigned,2025-06,2025.0,110,0.9818181818181818,,H1,R,H,R74/H107,unassigned,II
XYK86522.1,XYK,86522.0,,unassigned,2025-06,2025.0,110,0.9818181818181818,,H1,R,H,R74/H107,unassigned,II
XYK86696.1,XYK,86696.0,,unassigned,2025-06,2025.0,110,0.9818181818181818,,H1,R,H,R74/H107,unassigned,II
XYK86870.1,XYK,86870.0,,unassigned,2025-07,2025.0,110,0.9727272727272728,,H3,R,H,R74/H107,unassigned,II
XYK87044.1,XYK,87044.0,,unassigned,2025-07,2025.0,110,0.9818181818181818,,H1,R,H,R74/H107,unassigned,II
XYK87219.1,XYK,87219.0,,unassigned,2025-07,2025.0,110,0.9727272727272728,,H3,R,H,R74/H107,unassigned,II
XYK87393.1,XYK,87393.0,,unassigned,2025-07,2025.0,110,0.9727272727272728,,H3,R,H,R74/H107,unassigned,II
XYK87567.1,XYK,87567.0,,unassigned,2025-07,2025.0,110,0.9818181818181818,,H1,R,H,R74/H107,unassigned,II
XYK87742.1,XYK,87742.0,,unassigned,2025-07,2025.0,110,0.9818181818181818,,H1,R,H,R74/H107,unassigned,II
XYK87916.1,XYK,87916.0,,unassigned,2025-07,2025.0,110,0.9818181818181818,,H1,R,H,R74/H107,unassigned,II
XYK88090.1,XYK,88090.0,,unassigned,2025-07,2025.0,110,0.9818181818181818,,H1,R,H,R74/H107,unassigned,II
XYK88265.1,XYK,88265.0,,unassigned,2025-07,2025.0,110,0.9727272727272728,,H3,R,H,R74/H107,unassigned,II
XYK88439.1,XYK,88439.0,,unassigned,2025-07,2025.0,110,0.9818181818181818,,H1,R,H,R74/H107,unassigned,II
XYK88614.1,XYK,88614.0,,unassigned,2025-07,2025.0,110,0.9727272727272728,,H3,R,H,R74/H107,unassigned,II
XYK88788.1,XYK,88788.0,,unassigned,2025-07,2025.0,110,0.9818181818181818,,H1,R,H,R74/H107,unassigned,II
XYK88963.1,XYK,88963.0,,unassigned,2025-07,2025.0,110,0.9727272727272728,,H3,R,H,R74/H107,unassigned,II
XYK89138.1,XYK,89138.0,,unassigned,2025-07,2025.0,110,0.9727272727272728,,H3,R,H,R74/H107,unassigned,II
XYK89312.1,XYK,89312.0,,unassigned,2025-07,2025.0,110,0.9818181818181818,,H1,R,H,R74/H107,unassigned,II
XYK89483.1,XYK,89483.0,,unassigned,2025-07,2025.0,110,0.9818181818181818,,H1,R,H,R74/H107,unassigned,II
XYK89657.1,XYK,89657.0,,unassigned,2025-07,2025.0,110,0.9818181818181818,,H1,R,H,R74/H107,unassigned,II
XYK89832.1,XYK,89832.0,,unassigned,2025-07,2025.0,110,0.9818181818181818,,H1,R,H,R74/H107,unassigned,II
XYK90006.1,XYK,90006.0,,unassigned,2025-07,2025.0,110,0.9818181818181818,,H1,R,H,R74/H107,unassigned,II
XYK90180.1,XYK,90180.0,,unassigned,2025-07,2025.0,110,0.9727272727272728,,H3,R,H,R74/H107,unassigned,II
XYK90354.1,XYK,90354.0,,unassigned,2025-07,2025.0,110,0.9818181818181818,,H1,R,H,R74/H107,unassigned,II
XYK90529.1,XYK,90529.0,,unassigned,2025-07,2025.0,110,0.9818181818181818,,H1,R,H,R74/H107,unassigned,II
XYK90703.1,XYK,90703.0,,unassigned,2025-07,2025.0,110,0.9727272727272728,,H3,R,H,R74/H107,unassigned,II
XYK90878.1,XYK,90878.0,,unassigned,2025-07,2025.0,110,0.9818181818181818,,H1,R,H,R74/H107,unassigned,II
XYK91053.1,XYK,91053.0,,unassigned,2025-07,2025.0,110,0.9818181818181818,,H1,R,H,R74/H107,unassigned,II
XYK91225.1,XYK,91225.0,,unassigned,2025-07,2025.0,110,1.0,,H2,H,R,H74/R107,unassigned,I
XYL01699.1,XYL,1699.0,IIb,IIb,2025-05-13,2025.0,110,0.9818181818181818,,H1,R,H,R74/H107,II,II
XYL01878.1,XYL,1878.0,IIb,IIb,2025-06-18,2025.0,110,0.9818181818181818,,H1,R,H,R74/H107,II,II
XYL03640.1,XYL,3640.0,,unassigned,2025-02-10,2025.0,110,0.9818181818181818,,H1,R,H,R74/H107,unassigned,II
XYA24871.1,XYA,24871.0,IIb,IIb,2022-06-02,2022.0,110,0.9818181818181818,,H1,R,H,R74/H107,II,II
XYA25050.1,XYA,25050.0,IIa,IIa,2022-06-03,2022.0,110,0.9818181818181818,,H1,R,H,R74/H107,II,II
XYA25229.1,XYA,25229.0,IIb,IIb,2022-06-10,2022.0,110,0.9818181818181818,,H1,R,H,R74/H107,II,II
XYA25408.1,XYA,25408.0,IIb,IIb,2022-06-13,2022.0,110,0.9818181818181818,,H1,R,H,R74/H107,II,II
XYA25587.1,XYA,25587.0,IIb,IIb,2022-06-14,2022.0,110,0.9818181818181818,,H1,R,H,R74/H107,II,II
XYA25766.1,XYA,25766.0,IIb,IIb,2022-06-28,2022.0,110,0.9818181818181818,,H1,R,H,R74/H107,II,II
XYA25944.1,XYA,25944.0,IIb,IIb,2022-07-26,2022.0,110,0.9818181818181818,,H1,R,H,R74/H107,II,II
XYA26123.1,XYA,26123.0,IIb,IIb,2022-07-26,2022.0,110,0.9818181818181818,,H1,R,H,R74/H107,II,II
XYA26302.1,XYA,26302.0,IIb,IIb,2022-07-27,2022.0,110,0.9818181818181818,,H1,R,H,R74/H107,II,II
XYA26481.1,XYA,26481.0,IIb,IIb,2022-08-01,2022.0,110,0.9818181818181818,,H1,R,H,R74/H107,II,II
XYA26659.1,XYA,26659.0,IIb,IIb,2022-08-02,2022.0,110,0.9818181818181818,,H1,R,H,R74/H107,II,II
XYA26838.1,XYA,26838.0,IIb,IIb,2022-08-12,2022.0,110,0.9818181818181818,,H1,R,H,R74/H107,II,II
XYA27017.1,XYA,27017.0,IIb,IIb,2022-08-15,2022.0,110,0.9818181818181818,,H1,R,H,R74/H107,II,II
XYA27196.1,XYA,27196.0,IIb,IIb,2022-08-30,2022.0,110,0.9818181818181818,,H1,R,H,R74/H107,II,II
XYA27375.1,XYA,27375.0,IIb,IIb,2022-09-06,2022.0,110,0.9818181818181818,,H1,R,H,R74/H107,II,II
XYA27554.1,XYA,27554.0,IIb,IIb,2022-09-17,2022.0,110,0.9818181818181818,,H1,R,H,R74/H107,II,II
XYA27733.1,XYA,27733.0,IIb,IIb,2022-10-10,2022.0,110,0.9818181818181818,,H1,R,H,R74/H107,II,II
XYA27912.1,XYA,27912.0,IIb,IIb,2022-10-24,2022.0,110,0.9818181818181818,,H1,R,H,R74/H107,II,II
XXS03514.1,XXS,3514.0,IIb,IIb,2025-05-21,2025.0,110,0.9818181818181818,,H1,R,H,R74/H107,II,II
WYV92857.1,WYV,92857.0,IIb,IIb,2023,2023.0,110,0.9818181818181818,,H1,R,H,R74/H107,II,II
WYV93036.1,WYV,93036.0,IIb,IIb,2023,2023.0,110,0.9818181818181818,,H1,R,H,R74/H107,II,II
XXI45695.1,XXI,45695.0,,unassigned,2025-05,2025.0,110,0.9727272727272728,,H3,R,H,R74/H107,unassigned,II
XXI45869.1,XXI,45869.0,,unassigned,2025-05,2025.0,110,0.9727272727272728,,H3,R,H,R74/H107,unassigned,II
XXI46043.1,XXI,46043.0,,unassigned,2025-05,2025.0,110,0.9818181818181818,,H1,R,H,R74/H107,unassigned,II
XXI46215.1,XXI,46215.0,,unassigned,2025-05,2025.0,110,0.9818181818181818,,H1,R,H,R74/H107,unassigned,II
XXI46388.1,XXI,46388.0,,unassigned,2025-05,2025.0,110,0.9727272727272728,,H3,R,H,R74/H107,unassigned,II
XXI46561.1,XXI,46561.0,,unassigned,2025-05,2025.0,110,0.9727272727272728,,H3,R,H,R74/H107,unassigned,II
XXI46734.1,XXI,46734.0,,unassigned,2025-05,2025.0,110,0.9818181818181818,,H1,R,H,R74/H107,unassigned,II
XXI46908.1,XXI,46908.0,,unassigned,2025-05,2025.0,110,0.9727272727272728,,H3,R,H,R74/H107,unassigned,II
XXI47081.1,XXI,47081.0,,unassigned,2025-05,2025.0,110,0.9727272727272728,,H3,R,H,R74/H107,unassigned,II
XXI47255.1,XXI,47255.0,,unassigned,2025-05,2025.0,110,0.9727272727272728,,H3,R,H,R74/H107,unassigned,II
XXI47430.1,XXI,47430.0,,unassigned,2025-05,2025.0,110,0.9727272727272728,,H3,R,H,R74/H107,unassigned,II
XXI47605.1,XXI,47605.0,,unassigned,2025-05,2025.0,110,0.9727272727272728,,H3,R,H,R74/H107,unassigned,II
XXI47780.1,XXI,47780.0,,unassigned,2025-05,2025.0,110,0.9818181818181818,,H1,R,H,R74/H107,unassigned,II
XXI47955.1,XXI,47955.0,,unassigned,2025-05,2025.0,110,0.9727272727272728,,H3,R,H,R74/H107,unassigned,II
XXI48129.1,XXI,48129.0,,unassigned,2025-05,2025.0,110,0.9727272727272728,,H3,R,H,R74/H107,unassigned,II
XXI48303.1,XXI,48303.0,,unassigned,2025-05,2025.0,110,0.9727272727272728,,H3,R,H,R74/H107,unassigned,II
XXI48478.1,XXI,48478.0,,unassigned,2025-05,2025.0,110,0.9727272727272728,,H3,R,H,R74/H107,unassigned,II
XXI48653.1,XXI,48653.0,,unassigned,2025-05,2025.0,110,0.9818181818181818,,H1,R,H,R74/H107,unassigned,II
XXI48827.1,XXI,48827.0,,unassigned,2025-05,2025.0,110,0.9818181818181818,,H1,R,H,R74/H107,unassigned,II
XXI49001.1,XXI,49001.0,,unassigned,2025-05,2025.0,110,0.9818181818181818,,H1,R,H,R74/H107,unassigned,II
XXI49175.1,XXI,49175.0,,unassigned,2025-06,2025.0,110,0.9818181818181818,,H1,R,H,R74/H107,unassigned,II
XXI49350.1,XXI,49350.0,,unassigned,2025-06,2025.0,110,0.9727272727272728,,H3,R,H,R74/H107,unassigned,II
XXI49524.1,XXI,49524.0,,unassigned,2025-06,2025.0,110,0.9727272727272728,,H3,R,H,R74/H107,unassigned,II
XXI49699.1,XXI,49699.0,,unassigned,2025-06,2025.0,110,0.9727272727272728,,H3,R,H,R74/H107,unassigned,II
XXI49874.1,XXI,49874.0,,unassigned,2025-06,2025.0,110,0.9818181818181818,,H1,R,H,R74/H107,unassigned,II
XXI50047.1,XXI,50047.0,,unassigned,2025-06,2025.0,110,0.9727272727272728,,H3,R,H,R74/H107,unassigned,II
XXI50221.1,XXI,50221.0,,unassigned,2025-06,2025.0,110,0.9727272727272728,,H3,R,H,R74/H107,unassigned,II
XXI50396.1,XXI,50396.0,,unassigned,2025-06,2025.0,110,0.9727272727272728,,H3,R,H,R74/H107,unassigned,II
XXI50570.1,XXI,50570.0,,unassigned,2025-06,2025.0,110,0.9727272727272728,,H3,R,H,R74/H107,unassigned,II
XXI50744.1,XXI,50744.0,,unassigned,2025-06,2025.0,110,0.9818181818181818,,H1,R,H,R74/H107,unassigned,II
XXI50919.1,XXI,50919.0,,unassigned,2025-06,2025.0,110,0.9818181818181818,,H1,R,H,R74/H107,unassigned,II
XXI51094.1,XXI,51094.0,,unassigned,2025-06,2025.0,110,0.9727272727272728,,H3,R,H,R74/H107,unassigned,II
XXI51267.1,XXI,51267.0,,unassigned,2025-06,2025.0,110,0.9727272727272728,,H3,R,H,R74/H107,unassigned,II
XXI51441.1,XXI,51441.0,,unassigned,2025-06,2025.0,110,0.9727272727272728,,H3,R,H,R74/H107,unassigned,II
XXH46605.1,XXH,46605.0,Ib,Ib,2025-06,2025.0,110,1.0,,H2,H,R,H74/R107,I,I
XXC23365.1,XXC,23365.0,Ib,Ib,2025-05,2025.0,110,1.0,,H2,H,R,H74/R107,I,I
XWX46623.1,XWX,46623.0,IIb,IIb,2025-03-26,2025.0,110,0.9818181818181818,,H1,R,H,R74/H107,II,II
XWX46796.1,XWX,46796.0,IIb,IIb,2025-03-25,2025.0,110,0.9818181818181818,,H1,R,H,R74/H107,II,II
XWX46974.1,XWX,46974.0,IIb,IIb,2025-04-07,2025.0,110,0.9818181818181818,,H1,R,H,R74/H107,II,II
XWX47151.1,XWX,47151.0,IIb,IIb,2025-05-01,2025.0,110,0.9818181818181818,,H1,R,H,R74/H107,II,II
XWX47327.1,XWX,47327.0,IIb,IIb,2025-05-14,2025.0,110,0.9818181818181818,,H1,R,H,R74/H107,II,II
XWX47504.1,XWX,47504.0,IIb,IIb,2025-05-16,2025.0,110,0.9818181818181818,,H1,R,H,R74/H107,II,II
XWX47680.1,XWX,47680.0,IIb,IIb,2025-04-08,2025.0,110,0.9818181818181818,,H1,R,H,R74/H107,II,II
XWX47857.1,XWX,47857.0,IIb,IIb,2025-05-07,2025.0,110,0.9818181818181818,,H1,R,H,R74/H107,II,II
XWX48033.1,XWX,48033.0,IIb,IIb,2025-05-10,2025.0,110,0.9818181818181818,,H1,R,H,R74/H107,II,II
XWX48210.1,XWX,48210.0,IIb,IIb,2025-05-09,2025.0,110,0.9818181818181818,,H1,R,H,R74/H107,II,II
XWX48385.1,XWX,48385.0,IIb,IIb,2025-05-22,2025.0,110,0.9818181818181818,,H1,R,H,R74/H107,II,II
XWU06759.1,XWU,6759.0,,unassigned,2025-04-23,2025.0,110,0.9818181818181818,,H1,R,H,R74/H107,unassigned,II
XWU06937.1,XWU,6937.0,,unassigned,2025-05-03,2025.0,110,0.9818181818181818,,H1,R,H,R74/H107,unassigned,II
XVJ41232.1,XVJ,41232.0,IIb,IIb,2023-06-18,2023.0,110,0.9818181818181818,,H1,R,H,R74/H107,II,II
XVJ41410.1,XVJ,41410.0,IIb,IIb,2023-06-20,2023.0,110,0.9818181818181818,,H1,R,H,R74/H107,II,II
XVJ41588.1,XVJ,41588.0,IIb,IIb,2023-06-24,2023.0,110,0.9818181818181818,,H1,R,H,R74/H107,II,II
XVJ41766.1,XVJ,41766.0,IIb,IIb,2023-06-25,2023.0,110,0.9818181818181818,,H1,R,H,R74/H107,II,II
XVJ41944.1,XVJ,41944.0,IIb,IIb,2023-06-27,2023.0,110,0.9818181818181818,,H1,R,H,R74/H107,II,II
XVJ42122.1,XVJ,42122.0,IIb,IIb,2023-07-02,2023.0,110,0.9818181818181818,,H1,R,H,R74/H107,II,II
XVJ42300.1,XVJ,42300.0,IIb,IIb,2023-07-04,2023.0,110,0.9818181818181818,,H1,R,H,R74/H107,II,II
XVJ42478.1,XVJ,42478.0,IIb,IIb,2023-07-07,2023.0,110,0.9818181818181818,,H1,R,H,R74/H107,II,II
XVJ42656.1,XVJ,42656.0,IIb,IIb,2023-07-09,2023.0,110,0.9818181818181818,,H1,R,H,R74/H107,II,II
XVJ42834.1,XVJ,42834.0,IIb,IIb,2023-07-11,2023.0,110,0.9818181818181818,,H1,R,H,R74/H107,II,II
XVJ43012.1,XVJ,43012.0,IIb,IIb,2023-07-17,2023.0,110,0.9818181818181818,,H1,R,H,R74/H107,II,II
XVJ43190.1,XVJ,43190.0,IIb,IIb,2023-07-19,2023.0,110,0.9818181818181818,,H1,R,H,R74/H107,II,II
XVJ43368.1,XVJ,43368.0,IIb,IIb,2023-09-05,2023.0,110,0.9818181818181818,,H1,R,H,R74/H107,II,II
XVJ43546.1,XVJ,43546.0,IIb,IIb,2023-09-07,2023.0,110,0.9818181818181818,,H1,R,H,R74/H107,II,II
XVJ43724.1,XVJ,43724.0,IIb,IIb,2023-10-11,2023.0,110,0.9818181818181818,,H1,R,H,R74/H107,II,II
XVJ43902.1,XVJ,43902.0,IIb,IIb,2024-05-22,2024.0,110,0.9818181818181818,,H1,R,H,R74/H107,II,II
XVJ44080.1,XVJ,44080.0,IIb,IIb,2024-06-08,2024.0,110,0.9818181818181818,,H1,R,H,R74/H107,II,II
XVJ44258.1,XVJ,44258.0,IIb,IIb,2024-06-28,2024.0,110,0.9818181818181818,,H1,R,H,R74/H107,II,II
XVJ44436.1,XVJ,44436.0,IIb,IIb,2024-08-13,2024.0,110,0.9818181818181818,,H1,R,H,R74/H107,II,II
XVJ44614.1,XVJ,44614.0,IIb,IIb,2024-08-20,2024.0,110,0.9818181818181818,,H1,R,H,R74/H107,II,II
XVJ44792.1,XVJ,44792.0,IIb,IIb,2024-08-22,2024.0,110,0.9818181818181818,,H1,R,H,R74/H107,II,II
XUY71871.1,XUY,71871.0,IIb,IIb,2025-04-14,2025.0,110,0.9818181818181818,,H1,R,H,R74/H107,II,II
XUY72050.1,XUY,72050.0,IIb,IIb,2025-03-28,2025.0,110,0.9818181818181818,,H1,R,H,R74/H107,II,II
XUY72228.1,XUY,72228.0,IIb,IIb,2025-04-17,2025.0,110,0.9818181818181818,,H1,R,H,R74/H107,II,II
XUY72406.1,XUY,72406.0,IIb,IIb,2025-04-17,2025.0,110,0.9818181818181818,,H1,R,H,R74/H107,II,II
XUY72584.1,XUY,72584.0,IIb,IIb,2025-04-15,2025.0,110,0.9818181818181818,,H1,R,H,R74/H107,II,II
XVC02870.1,XVC,2870.0,IIb,IIb,2023-11,2023.0,110,0.9818181818181818,,H1,R,H,R74/H107,II,II
XUJ53400.1,XUJ,53400.0,IIb,IIb,2025-04-22,2025.0,110,0.9818181818181818,,H1,R,H,R74/H107,II,II
XUJ53579.1,XUJ,53579.0,IIb,IIb,2025-04-28,2025.0,110,0.9818181818181818,,H1,R,H,R74/H107,II,II
BGE75929.1,BGE,75929.0,IIb,IIb,2023-12-04,2023.0,110,0.9818181818181818,,H1,R,H,R74/H107,II,II
BGE76108.1,BGE,76108.0,IIb,IIb,2024-01-29,2024.0,110,0.9818181818181818,,H1,R,H,R74/H107,II,II
BGE76286.1,BGE,76286.0,IIb,IIb,2024-01-29,2024.0,110,0.9818181818181818,,H1,R,H,R74/H107,II,II
BGE76464.1,BGE,76464.0,IIb,IIb,2022-07-25,2022.0,110,0.9818181818181818,,H1,R,H,R74/H107,II,II
BGE76643.1,BGE,76643.0,IIb,IIb,2022-07-25,2022.0,110,0.9818181818181818,,H1,R,H,R74/H107,II,II
BGE76822.1,BGE,76822.0,IIb,IIb,2022-07-25,2022.0,110,0.9818181818181818,,H1,R,H,R74/H107,II,II
BGE77001.1,BGE,77001.0,IIb,IIb,2022-07-25,2022.0,110,0.9818181818181818,,H1,R,H,R74/H107,II,II
BGE77180.1,BGE,77180.0,IIb,IIb,2023-01-30,2023.0,110,0.9818181818181818,,H1,R,H,R74/H107,II,II
BGE77359.1,BGE,77359.0,IIb,IIb,2023-01-30,2023.0,110,0.9818181818181818,,H1,R,H,R74/H107,II,II
BGE77538.1,BGE,77538.0,IIb,IIb,2023-01-30,2023.0,110,0.9818181818181818,,H1,R,H,R74/H107,II,II
BGE77717.1,BGE,77717.0,IIb,IIb,2023-02-27,2023.0,110,0.9818181818181818,,H1,R,H,R74/H107,II,II
BGE77895.1,BGE,77895.0,IIb,IIb,2023-02-27,2023.0,110,0.9818181818181818,,H1,R,H,R74/H107,II,II
BGE78074.1,BGE,78074.0,IIb,IIb,2023-03-13,2023.0,110,0.9818181818181818,,H1,R,H,R74/H107,II,II
BGE78253.1,BGE,78253.0,IIb,IIb,2023-03-13,2023.0,110,0.9818181818181818,,H1,R,H,R74/H107,II,II
BGE78432.1,BGE,78432.0,IIb,IIb,2022-07-25,2022.0,110,0.9818181818181818,,H1,R,H,R74/H107,II,II
BGE78611.1,BGE,78611.0,IIb,IIb,2022-07-25,2022.0,110,0.9818181818181818,,H1,R,H,R74/H107,II,II
BGE78790.1,BGE,78790.0,IIb,IIb,2022-07-25,2022.0,110,0.9818181818181818,,H1,R,H,R74/H107,II,II
BGE78969.1,BGE,78969.0,IIb,IIb,2023-03-27,2023.0,110,0.9818181818181818,,H1,R,H,R74/H107,II,II
BGE79148.1,BGE,79148.0,IIb,IIb,2023-04-03,2023.0,110,0.9818181818181818,,H1,R,H,R74/H107,II,II
BGE79327.1,BGE,79327.0,IIb,IIb,2023-04-03,2023.0,110,0.9818181818181818,,H1,R,H,R74/H107,II,II
BGE79506.1,BGE,79506.0,IIb,IIb,2023-04-10,2023.0,110,0.9818181818181818,,H1,R,H,R74/H107,II,II
BGE79685.1,BGE,79685.0,IIb,IIb,2023-05-15,2023.0,110,0.9818181818181818,,H1,R,H,R74/H107,II,II
BGE79864.1,BGE,79864.0,IIb,IIb,2023-05-15,2023.0,110,0.9818181818181818,,H1,R,H,R74/H107,II,II
BGE80039.1,BGE,80039.0,IIb,IIb,2023-05-15,2023.0,110,0.9818181818181818,,H1,R,H,R74/H107,II,II
BGE80218.1,BGE,80218.0,IIb,IIb,2023-06-19,2023.0,110,0.9818181818181818,,H1,R,H,R74/H107,II,II
BGE80397.1,BGE,80397.0,IIb,IIb,2023-06-19,2023.0,110,0.9818181818181818,,H1,R,H,R74/H107,II,II
BGE80576.1,BGE,80576.0,IIb,IIb,2023-08-21,2023.0,110,0.9818181818181818,,H1,R,H,R74/H107,II,II
BGE80755.1,BGE,80755.0,IIb,IIb,2023-08-21,2023.0,110,0.9818181818181818,,H1,R,H,R74/H107,II,II
BGE80934.1,BGE,80934.0,IIb,IIb,2023-09-25,2023.0,110,0.9818181818181818,,H1,R,H,R74/H107,II,II
XUD97015.1,XUD,97015.0,IIb,IIb,2025-05,2025.0,110,0.9818181818181818,,H1,R,H,R74/H107,II,II
XUD97711.1,XUD,97711.0,IIb,IIb,2025-05,2025.0,110,0.9727272727272728,,H3,R,H,R74/H107,II,II
XUD97885.1,XUD,97885.0,IIb,IIb,2025-05,2025.0,110,0.9727272727272728,,H3,R,H,R74/H107,II,II
XUD98142.1,XUD,98142.0,IIb,IIb,2025-01-10,2025.0,110,0.9818181818181818,,H1,R,H,R74/H107,II,II
XUD98331.1,XUD,98331.0,IIb,IIb,2025-01-11,2025.0,110,0.9818181818181818,,H1,R,H,R74/H107,II,II
XTP42426.1,XTP,42426.0,IIb,IIb,2025-04,2025.0,110,0.9818181818181818,,H1,R,H,R74/H107,II,II
XTP42600.1,XTP,42600.0,IIb,IIb,2025-04,2025.0,110,0.9818181818181818,,H1,R,H,R74/H107,II,II
XTP42775.1,XTP,42775.0,IIb,IIb,2025-04,2025.0,110,0.9818181818181818,,H1,R,H,R74/H107,II,II
XTP42950.1,XTP,42950.0,IIb,IIb,2025-04,2025.0,110,0.9818181818181818,,H1,R,H,R74/H107,II,II
XTP43124.1,XTP,43124.0,IIb,IIb,2025-04,2025.0,110,0.9818181818181818,,H1,R,H,R74/H107,II,II
XTP43299.1,XTP,43299.0,IIb,IIb,2025-04,2025.0,110,0.9818181818181818,,H1,R,H,R74/H107,II,II
XTP43474.1,XTP,43474.0,IIb,IIb,2025-04,2025.0,110,0.9818181818181818,,H1,R,H,R74/H107,II,II
XTP43649.1,XTP,43649.0,IIb,IIb,2025-04,2025.0,110,0.9818181818181818,,H1,R,H,R74/H107,II,II
XTP43824.1,XTP,43824.0,IIb,IIb,2025-04,2025.0,110,0.9818181818181818,,H1,R,H,R74/H107,II,II
XTP43996.1,XTP,43996.0,Ib,Ib,2025-04,2025.0,110,1.0,,H2,H,R,H74/R107,I,I
XTP44163.1,XTP,44163.0,Ib,Ib,2025-04,2025.0,110,1.0,,H2,H,R,H74/R107,I,I
XTP44330.1,XTP,44330.0,Ib,Ib,2025-04,2025.0,110,1.0,,H2,H,R,H74/R107,I,I
XTP44499.1,XTP,44499.0,IIb,IIb,2025-05,2025.0,110,0.9818181818181818,,H1,R,H,R74/H107,II,II
XTP44674.1,XTP,44674.0,IIb,IIb,2025-05,2025.0,110,0.9818181818181818,,H1,R,H,R74/H107,II,II
XTP44849.1,XTP,44849.0,IIb,IIb,2025-05,2025.0,110,0.9818181818181818,,H1,R,H,R74/H107,II,II
XTP45024.1,XTP,45024.0,IIb,IIb,2025-05,2025.0,110,0.9818181818181818,,H1,R,H,R74/H107,II,II
XTP45198.1,XTP,45198.0,IIb,IIb,2025-05,2025.0,110,0.9818181818181818,,H1,R,H,R74/H107,II,II
XTP45373.1,XTP,45373.0,IIb,IIb,2025-05,2025.0,110,0.9727272727272728,,H3,R,H,R74/H107,II,II
XTP45548.1,XTP,45548.0,IIb,IIb,2025-05,2025.0,110,0.9727272727272728,,H3,R,H,R74/H107,II,II
XTP45723.1,XTP,45723.0,IIb,IIb,2025-05,2025.0,110,0.9818181818181818,,H1,R,H,R74/H107,II,II
XTP45898.1,XTP,45898.0,IIb,IIb,2025-05,2025.0,110,0.9818181818181818,,H1,R,H,R74/H107,II,II
XTP46072.1,XTP,46072.0,IIb,IIb,2025-05,2025.0,110,0.9818181818181818,,H1,R,H,R74/H107,II,II
XTP46247.1,XTP,46247.0,IIb,IIb,2025-05,2025.0,110,0.9818181818181818,,H1,R,H,R74/H107,II,II
XTP46421.1,XTP,46421.0,IIb,IIb,2025-05,2025.0,110,0.9818181818181818,,H1,R,H,R74/H107,II,II
XTP46595.1,XTP,46595.0,IIb,IIb,2025-05,2025.0,110,0.9818181818181818,,H1,R,H,R74/H107,II,II
XTP39555.1,XTP,39555.0,IIb,IIb,2024-09,2024.0,110,0.9818181818181818,,H1,R,H,R74/H107,II,II
XTP39912.1,XTP,39912.0,IIb,IIb,2024-09,2024.0,110,0.9818181818181818,,H1,R,H,R74/H107,II,II
XTP40091.1,XTP,40091.0,IIb,IIb,2024-09,2024.0,110,0.9818181818181818,,H1,R,H,R74/H107,II,II
XTP40270.1,XTP,40270.0,IIb,IIb,2024-09,2024.0,110,0.9818181818181818,,H1,R,H,R74/H107,II,II
XTP40449.1,XTP,40449.0,IIb,IIb,2024-09,2024.0,110,0.9818181818181818,,H1,R,H,R74/H107,II,II
XTJ59969.1,XTJ,59969.0,IIb,IIb,2022-09-08,2022.0,110,0.9818181818181818,,H1,R,H,R74/H107,II,II
XAJ13032.1,XAJ,13032.0,IIb,IIb,2022-05-25,2022.0,110,0.9818181818181818,,H1,R,H,R74/H107,II,II
XQO97431.1,XQO,97431.0,Ib,Ib,2024-12-30,2024.0,110,1.0,,H2,H,R,H74/R107,I,I
XTB77451.1,XTB,77451.0,IIb,IIb,2025-04,2025.0,110,0.9727272727272728,,H3,R,H,R74/H107,II,II
XTB77626.1,XTB,77626.0,IIb,IIb,2025-04,2025.0,110,0.9727272727272728,,H3,R,H,R74/H107,II,II
XTB77800.1,XTB,77800.0,IIb,IIb,2025-04,2025.0,110,0.9818181818181818,,H1,R,H,R74/H107,II,II
XTB77974.1,XTB,77974.0,IIb,IIb,2025-04,2025.0,110,0.9818181818181818,,H1,R,H,R74/H107,II,II
XTB78148.1,XTB,78148.0,IIb,IIb,2025-04,2025.0,110,0.9818181818181818,,H1,R,H,R74/H107,II,II
XTB78322.1,XTB,78322.0,IIb,IIb,2025-04,2025.0,110,0.9818181818181818,,H1,R,H,R74/H107,II,II
XTB78497.1,XTB,78497.0,IIb,IIb,2025-04,2025.0,110,0.9818181818181818,,H1,R,H,R74/H107,II,II
XTB78672.1,XTB,78672.0,IIb,IIb,2025-04,2025.0,110,0.9818181818181818,,H1,R,H,R74/H107,II,II
XTB78846.1,XTB,78846.0,IIb,IIb,2025-04,2025.0,110,0.9818181818181818,,H1,R,H,R74/H107,II,II
XTB79021.1,XTB,79021.0,IIb,IIb,2025-04,2025.0,110,0.9818181818181818,,H1,R,H,R74/H107,II,II
XTB79195.1,XTB,79195.0,IIb,IIb,2025-04,2025.0,110,0.9818181818181818,,H1,R,H,R74/H107,II,II
XTB79369.1,XTB,79369.0,IIb,IIb,2025-04,2025.0,110,0.9818181818181818,,H1,R,H,R74/H107,II,II
XTB79544.1,XTB,79544.0,IIb,IIb,2025-04,2025.0,110,0.9818181818181818,,H1,R,H,R74/H107,II,II
XTB79719.1,XTB,79719.0,IIb,IIb,2025-04,2025.0,110,0.9818181818181818,,H1,R,H,R74/H107,II,II
XTB79894.1,XTB,79894.0,IIb,IIb,2025-04,2025.0,110,0.9818181818181818,,H1,R,H,R74/H107,II,II
XTB80069.1,XTB,80069.0,IIb,IIb,2025-04,2025.0,110,0.9727272727272728,,H3,R,H,R74/H107,II,II
XTB80244.1,XTB,80244.0,IIb,IIb,2024-11-15,2024.0,110,0.9818181818181818,,H1,R,H,R74/H107,II,II
XTB80423.1,XTB,80423.0,IIb,IIb,2024-11-08,2024.0,110,0.9818181818181818,,H1,R,H,R74/H107,II,II
XTB80602.1,XTB,80602.0,IIb,IIb,2024-10-31,2024.0,110,0.9818181818181818,,H1,R,H,R74/H107,II,II
XTB80777.1,XTB,80777.0,IIb,IIb,2022-08-30,2022.0,110,0.9818181818181818,,H1,R,H,R74/H107,II,II
XSG21838.1,XSG,21838.0,IIb,IIb,2025-02-18,2025.0,110,0.9818181818181818,,H1,R,H,R74/H107,II,II
XSG22017.1,XSG,22017.0,IIb,IIb,2025-01-17,2025.0,110,0.9818181818181818,,H1,R,H,R74/H107,II,II
XSF39468.1,XSF,39468.0,IIb,IIb,2025-04,2025.0,110,0.9818181818181818,,H1,R,H,R74/H107,II,II
XSF39644.1,XSF,39644.0,IIb,IIb,2025-01-14,2025.0,110,0.9818181818181818,,H1,R,H,R74/H107,II,II
XSF39821.1,XSF,39821.0,IIb,IIb,2025-02-15,2025.0,110,0.9818181818181818,,H1,R,H,R74/H107,II,II
XSF39998.1,XSF,39998.0,IIb,IIb,2025-03-22,2025.0,110,0.9818181818181818,,H1,R,H,R74/H107,II,II
XSF40172.1,XSF,40172.0,IIb,IIb,2024-10-28,2024.0,110,0.9818181818181818,,H1,R,H,R74/H107,II,II
XSF40345.1,XSF,40345.0,IIb,IIb,2024-11-27,2024.0,110,0.9818181818181818,,H1,R,H,R74/H107,II,II
XSF40522.1,XSF,40522.0,IIb,IIb,2025-01-06,2025.0,110,0.9818181818181818,,H1,R,H,R74/H107,II,II
XRX00087.1,XRX,87.0,IIb,IIb,2025-04,2025.0,110,0.9818181818181818,,H1,R,H,R74/H107,II,II
XRX00261.1,XRX,261.0,IIb,IIb,2025-04,2025.0,110,0.9727272727272728,,H3,R,H,R74/H107,II,II
XRX00435.1,XRX,435.0,IIb,IIb,2025-04,2025.0,110,0.9818181818181818,,H1,R,H,R74/H107,II,II
XRX00610.1,XRX,610.0,IIb,IIb,2025-04,2025.0,110,0.9818181818181818,,H1,R,H,R74/H107,II,II
XRX00785.1,XRX,785.0,IIb,IIb,2025-04,2025.0,110,0.9818181818181818,,H1,R,H,R74/H107,II,II
XRX00959.1,XRX,959.0,IIb,IIb,2025-04,2025.0,110,0.9818181818181818,,H1,R,H,R74/H107,II,II
XRX01133.1,XRX,1133.0,IIb,IIb,2025-04,2025.0,110,0.9818181818181818,,H1,R,H,R74/H107,II,II
XRX01307.1,XRX,1307.0,IIb,IIb,2025-04,2025.0,110,0.9818181818181818,,H1,R,H,R74/H107,II,II
XRX01482.1,XRX,1482.0,IIb,IIb,2025-04,2025.0,110,0.9818181818181818,,H1,R,H,R74/H107,II,II
XRX01831.1,XRX,1831.0,IIb,IIb,2025-04,2025.0,110,0.9818181818181818,,H1,R,H,R74/H107,II,II
XRL59083.1,XRL,59083.0,IIb,IIb,2025-01,2025.0,110,0.9727272727272728,,H3,R,H,R74/H107,II,II
XRL59258.1,XRL,59258.0,IIb,IIb,2025-03,2025.0,110,0.9818181818181818,,H1,R,H,R74/H107,II,II
XRL59432.1,XRL,59432.0,IIb,IIb,2025-03,2025.0,110,0.9818181818181818,,H1,R,H,R74/H107,II,II
XRL59607.1,XRL,59607.0,IIb,IIb,2025-03,2025.0,110,0.9818181818181818,,H1,R,H,R74/H107,II,II
XRL59781.1,XRL,59781.0,IIb,IIb,2025-03,2025.0,110,0.9818181818181818,,H1,R,H,R74/H107,II,II
XRL59956.1,XRL,59956.0,IIb,IIb,2025-03,2025.0,110,0.9818181818181818,,H1,R,H,R74/H107,II,II
XRL60130.1,XRL,60130.0,IIb,IIb,2025-03,2025.0,110,0.9818181818181818,,H1,R,H,R74/H107,II,II
XRL60305.1,XRL,60305.0,IIb,IIb,2025-03,2025.0,110,0.9818181818181818,,H1,R,H,R74/H107,II,II
XRL60479.1,XRL,60479.0,IIb,IIb,2025-03,2025.0,110,0.9818181818181818,,H1,R,H,R74/H107,II,II
XRL60653.1,XRL,60653.0,IIb,IIb,2025-03,2025.0,110,0.9818181818181818,,H1,R,H,R74/H107,II,II
XRL60827.1,XRL,60827.0,IIb,IIb,2025-03,2025.0,110,0.9818181818181818,,H1,R,H,R74/H107,II,II
XRL61001.1,XRL,61001.0,IIb,IIb,2025-03,2025.0,110,0.9727272727272728,,H3,R,H,R74/H107,II,II
XRL61175.1,XRL,61175.0,IIb,IIb,2025-03,2025.0,110,0.9818181818181818,,H1,R,H,R74/H107,II,II
XRL61350.1,XRL,61350.0,IIb,IIb,2025-03,2025.0,110,0.9818181818181818,,H1,R,H,R74/H107,II,II
XRL61525.1,XRL,61525.0,IIb,IIb,2025-03,2025.0,110,0.9818181818181818,,H1,R,H,R74/H107,II,II
XRL61700.1,XRL,61700.0,IIb,IIb,2025-03,2025.0,110,0.9818181818181818,,H1,R,H,R74/H107,II,II
XRL61874.1,XRL,61874.0,IIb,IIb,2025-03,2025.0,110,0.9818181818181818,,H1,R,H,R74/H107,II,II
XRL62049.1,XRL,62049.0,IIb,IIb,2025-03,2025.0,110,0.9818181818181818,,H1,R,H,R74/H107,II,II
XRL62223.1,XRL,62223.0,IIb,IIb,2025-03,2025.0,110,0.9818181818181818,,H1,R,H,R74/H107,II,II
XRL62398.1,XRL,62398.0,IIb,IIb,2025-03,2025.0,110,0.9818181818181818,,H1,R,H,R74/H107,II,II
XRL62573.1,XRL,62573.0,IIb,IIb,2025-03,2025.0,110,0.9818181818181818,,H1,R,H,R74/H107,II,II
XRL62748.1,XRL,62748.0,IIb,IIb,2025-03,2025.0,110,0.9818181818181818,,H1,R,H,R74/H107,II,II
XRL62922.1,XRL,62922.0,IIb,IIb,2025-03,2025.0,110,0.9818181818181818,,H1,R,H,R74/H107,II,II
XRL63096.1,XRL,63096.0,IIb,IIb,2025-03,2025.0,110,0.9818181818181818,,H1,R,H,R74/H107,II,II
XRL63271.1,XRL,63271.0,IIb,IIb,2025-03,2025.0,110,0.9818181818181818,,H1,R,H,R74/H107,II,II
XRL63446.1,XRL,63446.0,IIb,IIb,2025-03,2025.0,110,0.9818181818181818,,H1,R,H,R74/H107,II,II
XRL63620.1,XRL,63620.0,IIb,IIb,2025-03,2025.0,110,0.9818181818181818,,H1,R,H,R74/H107,II,II
XRL63794.1,XRL,63794.0,IIb,IIb,2025-03,2025.0,110,0.9818181818181818,,H1,R,H,R74/H107,II,II
XRL63969.1,XRL,63969.0,IIb,IIb,2025-03,2025.0,110,0.9818181818181818,,H1,R,H,R74/H107,II,II
XRL64143.1,XRL,64143.0,IIb,IIb,2025-03,2025.0,110,0.9818181818181818,,H1,R,H,R74/H107,II,II
XRL64318.1,XRL,64318.0,IIb,IIb,2025-03,2025.0,110,0.9818181818181818,,H1,R,H,R74/H107,II,II
XRL64493.1,XRL,64493.0,IIb,IIb,2025-03,2025.0,110,0.9818181818181818,,H1,R,H,R74/H107,II,II
XRL64667.1,XRL,64667.0,IIb,IIb,2025-03,2025.0,110,0.9818181818181818,,H1,R,H,R74/H107,II,II
XRL64840.1,XRL,64840.0,IIb,IIb,2025-03,2025.0,110,0.9818181818181818,,H1,R,H,R74/H107,II,II
XRL65015.1,XRL,65015.0,IIb,IIb,2025-04,2025.0,110,0.9818181818181818,,H1,R,H,R74/H107,II,II
XRL65189.1,XRL,65189.0,IIb,IIb,2025-04,2025.0,110,0.9818181818181818,,H1,R,H,R74/H107,II,II
XRL65362.1,XRL,65362.0,IIb,IIb,2025-04,2025.0,110,0.9818181818181818,,H1,R,H,R74/H107,II,II
XRL65537.1,XRL,65537.0,IIb,IIb,2025-04,2025.0,110,0.9818181818181818,,H1,R,H,R74/H107,II,II
XRL79943.1,XRL,79943.0,IIb,IIb,2025-03-18,2025.0,110,0.9818181818181818,,H1,R,H,R74/H107,II,II
XRL80122.1,XRL,80122.0,IIb,IIb,2025-03-24,2025.0,110,0.9818181818181818,,H1,R,H,R74/H107,II,II
XRL80300.1,XRL,80300.0,IIb,IIb,2024-11-12,2024.0,110,0.9818181818181818,,H1,R,H,R74/H107,II,II
XRL80477.1,XRL,80477.0,IIb,IIb,2025-03-14,2025.0,110,0.9818181818181818,,H1,R,H,R74/H107,II,II
XQZ12615.1,XQZ,12615.0,IIb,IIb,2022-05-24,2022.0,110,0.9818181818181818,,H1,R,H,R74/H107,II,II
XQU54471.1,XQU,54471.0,Ib,Ib,2025-02,2025.0,110,1.0,,H2,H,R,H74/R107,I,I
XQO91459.1,XQO,91459.0,IIb,IIb,2022-07-14,2022.0,110,0.9818181818181818,,H1,R,H,R74/H107,II,II
XQO91638.1,XQO,91638.0,IIb,IIb,2022-07-08,2022.0,110,0.9818181818181818,,H1,R,H,R74/H107,II,II
XQO91817.1,XQO,91817.0,IIb,IIb,2022-07-12,2022.0,110,0.9818181818181818,,H1,R,H,R74/H107,II,II
XQO91995.1,XQO,91995.0,IIb,IIb,2024-08-06,2024.0,110,0.9818181818181818,,H1,R,H,R74/H107,II,II
XQO92174.1,XQO,92174.0,IIb,IIb,2024-08-05,2024.0,110,0.9818181818181818,,H1,R,H,R74/H107,II,II
XQO92352.1,XQO,92352.0,IIb,IIb,2024-07-27,2024.0,110,0.9818181818181818,,H1,R,H,R74/H107,II,II
XQO92530.1,XQO,92530.0,IIb,IIb,2024-07-21,2024.0,110,0.9727272727272728,,H4,R,H,R74/H107,II,II
XQO92708.1,XQO,92708.0,IIb,IIb,2024-08-05,2024.0,110,0.9818181818181818,,H1,R,H,R74/H107,II,II
XQO92886.1,XQO,92886.0,IIb,IIb,2024-08-09,2024.0,110,0.9818181818181818,,H1,R,H,R74/H107,II,II
XQO93065.1,XQO,93065.0,IIb,IIb,2024-08-09,2024.0,110,0.9818181818181818,,H1,R,H,R74/H107,II,II
XQO93244.1,XQO,93244.0,IIb,IIb,2024-08-02,2024.0,110,0.9818181818181818,,H1,R,H,R74/H107,II,II
XQO93422.1,XQO,93422.0,IIb,IIb,2024-08-15,2024.0,110,0.9818181818181818,,H1,R,H,R74/H107,II,II
XQO93601.1,XQO,93601.0,IIb,IIb,2024-08-14,2024.0,110,0.9818181818181818,,H1,R,H,R74/H107,II,II
XQO93780.1,XQO,93780.0,IIb,IIb,2024-08-14,2024.0,110,0.9727272727272728,,H4,R,H,R74/H107,II,II
XQO93959.1,XQO,93959.0,IIb,IIb,2024-08-09,2024.0,110,0.9727272727272728,,H4,R,H,R74/H107,II,II
XQO94136.1,XQO,94136.0,IIb,IIb,2024-08-10,2024.0,110,0.9818181818181818,,H1,R,H,R74/H107,II,II
XQE59741.1,XQE,59741.0,Ib,Ib,2025-02,2025.0,110,1.0,,H2,H,R,H74/R107,I,I
XQE59906.1,XQE,59906.0,Ib,Ib,2024-12,2024.0,110,1.0,,H2,H,R,H74/R107,I,I
XQE60406.1,XQE,60406.0,Ib,Ib,2024-12,2024.0,110,1.0,,H2,H,R,H74/R107,I,I
XQE60570.1,XQE,60570.0,Ib,Ib,2024-12,2024.0,110,1.0,,H2,H,R,H74/R107,I,I
XQE60735.1,XQE,60735.0,IIb,IIb,2025-02,2025.0,110,0.9818181818181818,,H1,R,H,R74/H107,II,II
XQE60909.1,XQE,60909.0,IIb,IIb,2025-02,2025.0,110,0.9818181818181818,,H1,R,H,R74/H107,II,II
XQE61084.1,XQE,61084.0,IIb,IIb,2025-03,2025.0,110,0.9818181818181818,,H1,R,H,R74/H107,II,II
XQE61259.1,XQE,61259.0,IIb,IIb,2025-03,2025.0,110,0.9727272727272728,,H3,R,H,R74/H107,II,II
XQE61434.1,XQE,61434.0,IIb,IIb,2025-03,2025.0,110,0.9727272727272728,,H3,R,H,R74/H107,II,II
XQE61609.1,XQE,61609.0,IIb,IIb,2025-03,2025.0,110,0.9818181818181818,,H1,R,H,R74/H107,II,II
XQE61784.1,XQE,61784.0,IIb,IIb,2025-03,2025.0,110,0.9818181818181818,,H1,R,H,R74/H107,II,II
XQE61959.1,XQE,61959.0,IIb,IIb,2025-03,2025.0,110,0.9818181818181818,,H1,R,H,R74/H107,II,II
XQE62131.1,XQE,62131.0,Ib,Ib,2025-02,2025.0,110,1.0,,H2,H,R,H74/R107,I,I
XPC11465.1,XPC,11465.0,IIb,IIb,2025-02,2025.0,110,0.9727272727272728,,H3,R,H,R74/H107,II,II
XPC11639.1,XPC,11639.0,IIb,IIb,2025-02,2025.0,110,0.9818181818181818,,H1,R,H,R74/H107,II,II
XPC11813.1,XPC,11813.0,IIb,IIb,2025-02,2025.0,110,0.9727272727272728,,H3,R,H,R74/H107,II,II
XPC11987.1,XPC,11987.0,IIb,IIb,2025-02,2025.0,110,0.9818181818181818,,H1,R,H,R74/H107,II,II
XPC12161.1,XPC,12161.0,IIb,IIb,2025-02,2025.0,110,0.9818181818181818,,H1,R,H,R74/H107,II,II
XPC12336.1,XPC,12336.0,IIb,IIb,2025-02,2025.0,110,0.9727272727272728,,H3,R,H,R74/H107,II,II
XPC12511.1,XPC,12511.0,IIb,IIb,2025-02,2025.0,110,0.9727272727272728,,H3,R,H,R74/H107,II,II
XPC12685.1,XPC,12685.0,IIb,IIb,2025-02,2025.0,110,0.9818181818181818,,H1,R,H,R74/H107,II,II
XPC12860.1,XPC,12860.0,IIb,IIb,2025-02,2025.0,110,0.9727272727272728,,H3,R,H,R74/H107,II,II
XPC13034.1,XPC,13034.0,IIb,IIb,2025-02,2025.0,110,0.9818181818181818,,H1,R,H,R74/H107,II,II
XPC13208.1,XPC,13208.0,IIb,IIb,2025-02,2025.0,110,0.9727272727272728,,H3,R,H,R74/H107,II,II
XPC13382.1,XPC,13382.0,IIb,IIb,2025-02,2025.0,110,0.9818181818181818,,H1,R,H,R74/H107,II,II
XPA12690.1,XPA,12690.0,IIb,IIb,2025-02,2025.0,110,0.9818181818181818,,H1,R,H,R74/H107,II,II
XPA12864.1,XPA,12864.0,IIb,IIb,2025-02,2025.0,110,0.9818181818181818,,H1,R,H,R74/H107,II,II
XPA13038.1,XPA,13038.0,IIb,IIb,2025-02,2025.0,110,0.9727272727272728,,H3,R,H,R74/H107,II,II
XPA13212.1,XPA,13212.0,IIb,IIb,2025-01,2025.0,110,0.9818181818181818,,H1,R,H,R74/H107,II,II
XPA13386.1,XPA,13386.0,IIb,IIb,2025-01,2025.0,110,0.9818181818181818,,H1,R,H,R74/H107,II,II
XPA13560.1,XPA,13560.0,IIb,IIb,2025-01,2025.0,110,0.9818181818181818,,H1,R,H,R74/H107,II,II
XPA13734.1,XPA,13734.0,IIb,IIb,2025-01,2025.0,110,0.9818181818181818,,H1,R,H,R74/H107,II,II
XPA13909.1,XPA,13909.0,IIb,IIb,2025-01,2025.0,110,0.9818181818181818,,H1,R,H,R74/H107,II,II
XPA14083.1,XPA,14083.0,IIb,IIb,2025-01,2025.0,110,0.9818181818181818,,H1,R,H,R74/H107,II,II
XPA14257.1,XPA,14257.0,IIb,IIb,2025-01,2025.0,110,0.9727272727272728,,H3,R,H,R74/H107,II,II
XPA14431.1,XPA,14431.0,IIb,IIb,2025-01,2025.0,110,0.9818181818181818,,H1,R,H,R74/H107,II,II
XPA14604.1,XPA,14604.0,IIb,IIb,2025-01,2025.0,110,0.9818181818181818,,H1,R,H,R74/H107,II,II
XPA14779.1,XPA,14779.0,IIb,IIb,2025-01,2025.0,110,0.9818181818181818,,H1,R,H,R74/H107,II,II
XPA14953.1,XPA,14953.0,IIb,IIb,2025-01,2025.0,110,0.9818181818181818,,H1,R,H,R74/H107,II,II
XPA15128.1,XPA,15128.0,IIb,IIb,2025-01,2025.0,110,0.9727272727272728,,H3,R,H,R74/H107,II,II
XPA15302.1,XPA,15302.0,IIb,IIb,2025-01,2025.0,110,0.9818181818181818,,H1,R,H,R74/H107,II,II
XPA15476.1,XPA,15476.0,IIb,IIb,2025-01,2025.0,110,0.9818181818181818,,H1,R,H,R74/H107,II,II
XPA15650.1,XPA,15650.0,IIb,IIb,2025-01,2025.0,110,0.9818181818181818,,H1,R,H,R74/H107,II,II
XPA15825.1,XPA,15825.0,IIb,IIb,2025-01,2025.0,110,0.9818181818181818,,H1,R,H,R74/H107,II,II
XPA16000.1,XPA,16000.0,IIb,IIb,2025-01,2025.0,110,0.9818181818181818,,H1,R,H,R74/H107,II,II
XPA16174.1,XPA,16174.0,IIb,IIb,2025-02,2025.0,110,0.9818181818181818,,H1,R,H,R74/H107,II,II
XPA16348.1,XPA,16348.0,IIb,IIb,2025-02,2025.0,110,0.9818181818181818,,H1,R,H,R74/H107,II,II
XPA16523.1,XPA,16523.0,IIb,IIb,2025-01,2025.0,110,0.9818181818181818,,H1,R,H,R74/H107,II,II
XPA16697.1,XPA,16697.0,IIb,IIb,2025-01,2025.0,110,0.9818181818181818,,H1,R,H,R74/H107,II,II
XPA16870.1,XPA,16870.0,IIb,IIb,2025-01,2025.0,110,0.9818181818181818,,H1,R,H,R74/H107,II,II
XPA17043.1,XPA,17043.0,IIb,IIb,2025-01,2025.0,110,0.9818181818181818,,H1,R,H,R74/H107,II,II
XPA17216.1,XPA,17216.0,IIb,IIb,2025-01,2025.0,110,0.9818181818181818,,H1,R,H,R74/H107,II,II
XPA17390.1,XPA,17390.0,IIb,IIb,2025-01,2025.0,110,0.9818181818181818,,H1,R,H,R74/H107,II,II
XPA17565.1,XPA,17565.0,IIb,IIb,2025-01,2025.0,110,0.9818181818181818,,H1,R,H,R74/H107,II,II
XPA17740.1,XPA,17740.0,IIb,IIb,2025-01,2025.0,110,0.9818181818181818,,H1,R,H,R74/H107,II,II
XPA17914.1,XPA,17914.0,IIb,IIb,2025-01,2025.0,110,0.9818181818181818,,H1,R,H,R74/H107,II,II
XPA18088.1,XPA,18088.0,IIb,IIb,2025-01,2025.0,110,0.9818181818181818,,H1,R,H,R74/H107,II,II
XPA18263.1,XPA,18263.0,IIb,IIb,2025-01,2025.0,110,0.9818181818181818,,H1,R,H,R74/H107,II,II
XPA18437.1,XPA,18437.0,IIb,IIb,2025-01,2025.0,110,0.9818181818181818,,H1,R,H,R74/H107,II,II
XPA18611.1,XPA,18611.0,IIb,IIb,2025-01,2025.0,110,0.9818181818181818,,H1,R,H,R74/H107,II,II
XPA18786.1,XPA,18786.0,IIb,IIb,2025-01,2025.0,110,0.9727272727272728,,H3,R,H,R74/H107,II,II
XPA19059.1,XPA,19059.0,IIb,IIb,2022-08-02,2022.0,110,0.9818181818181818,,H1,R,H,R74/H107,II,II
XOW96987.1,XOW,96987.0,IIb,IIb,2023,2023.0,110,0.9818181818181818,,H1,R,H,R74/H107,II,II
XOW97165.1,XOW,97165.0,IIb,IIb,2023,2023.0,110,0.9818181818181818,,H1,R,H,R74/H107,II,II
XOW97344.1,XOW,97344.0,IIb,IIb,2023,2023.0,110,0.9818181818181818,,H1,R,H,R74/H107,II,II
XOW97522.1,XOW,97522.0,IIb,IIb,2023,2023.0,110,0.9818181818181818,,H1,R,H,R74/H107,II,II
XOW97700.1,XOW,97700.0,IIb,IIb,2023,2023.0,110,0.9818181818181818,,H1,R,H,R74/H107,II,II
XOW97878.1,XOW,97878.0,IIb,IIb,2023,2023.0,110,0.9818181818181818,,H1,R,H,R74/H107,II,II
XOW98056.1,XOW,98056.0,IIb,IIb,2023,2023.0,110,0.9818181818181818,,H1,R,H,R74/H107,II,II
XOW98234.1,XOW,98234.0,IIb,IIb,2023,2023.0,110,0.9818181818181818,,H1,R,H,R74/H107,II,II
XOW98412.1,XOW,98412.0,IIb,IIb,2023,2023.0,110,0.9818181818181818,,H1,R,H,R74/H107,II,II
XOW98591.1,XOW,98591.0,IIb,IIb,2023,2023.0,110,0.9818181818181818,,H1,R,H,R74/H107,II,II
XOW98769.1,XOW,98769.0,IIb,IIb,2023,2023.0,110,0.9818181818181818,,H1,R,H,R74/H107,II,II
XOW98947.1,XOW,98947.0,IIb,IIb,2023,2023.0,110,0.9818181818181818,,H1,R,H,R74/H107,II,II
XOW99125.1,XOW,99125.0,IIb,IIb,2023,2023.0,110,0.9818181818181818,,H1,R,H,R74/H107,II,II
XOW99304.1,XOW,99304.0,IIb,IIb,2023,2023.0,110,0.9818181818181818,,H1,R,H,R74/H107,II,II
XOW99483.1,XOW,99483.0,IIb,IIb,2023,2023.0,110,0.9818181818181818,,H1,R,H,R74/H107,II,II
XOL54639.1,XOL,54639.0,IIa,IIa,2024-01-09,2024.0,110,0.9818181818181818,,H1,R,H,R74/H107,II,II
XOL54814.1,XOL,54814.0,IIa,IIa,2024-02-12,2024.0,110,0.9818181818181818,,H1,R,H,R74/H107,II,II
XOL54988.1,XOL,54988.0,IIa,IIa,2024-03-12,2024.0,110,0.9818181818181818,,H1,R,H,R74/H107,II,II
XOL55163.1,XOL,55163.0,IIa,IIa,2024-07-04,2024.0,110,0.9818181818181818,,H1,R,H,R74/H107,II,II
XOL55338.1,XOL,55338.0,IIa,IIa,2024-09-05,2024.0,110,0.9818181818181818,,H1,R,H,R74/H107,II,II
XNT25063.1,XNT,25063.0,IIb,IIb,2024-12,2024.0,110,0.9818181818181818,,H1,R,H,R74/H107,II,II
XNX19208.1,XNX,19208.0,IIb,IIb,2022-07-22,2022.0,110,0.9818181818181818,,H1,R,H,R74/H107,II,II
XNX19383.1,XNX,19383.0,IIb,IIb,2022-07-22,2022.0,110,0.9818181818181818,,H1,R,H,R74/H107,II,II
XNX19559.1,XNX,19559.0,IIb,IIb,2022-06-06,2022.0,110,0.9818181818181818,,H1,R,H,R74/H107,II,II
XNX19737.1,XNX,19737.0,IIb,IIb,2022-06-06,2022.0,110,0.9818181818181818,,H1,R,H,R74/H107,II,II
XNX19915.1,XNX,19915.0,IIb,IIb,2022-07-05,2022.0,110,0.9818181818181818,,H1,R,H,R74/H107,II,II
XNX20093.1,XNX,20093.0,IIb,IIb,2022-06-27,2022.0,110,0.9818181818181818,,H1,R,H,R74/H107,II,II
XNX20270.1,XNX,20270.0,IIb,IIb,2022-06-27,2022.0,110,0.9818181818181818,,H1,R,H,R74/H107,II,II
XNX20445.1,XNX,20445.0,IIb,IIb,2022-07-05,2022.0,110,0.9818181818181818,,H1,R,H,R74/H107,II,II
XNX20620.1,XNX,20620.0,IIb,IIb,2022-06-06,2022.0,110,0.9818181818181818,,H1,R,H,R74/H107,II,II
XNX20797.1,XNX,20797.0,IIb,IIb,2022-06-27,2022.0,110,0.9818181818181818,,H1,R,H,R74/H107,II,II
XNX20975.1,XNX,20975.0,IIb,IIb,2022-05-07,2022.0,110,0.9818181818181818,,H1,R,H,R74/H107,II,II
XNS77930.1,XNS,77930.0,IIb,IIb,2024-12-30,2024.0,110,0.9818181818181818,,H1,R,H,R74/H107,II,II
XNS78109.1,XNS,78109.0,IIb,IIb,2024-12-19,2024.0,110,0.9818181818181818,,H1,R,H,R74/H107,II,II
XNS78288.1,XNS,78288.0,IIb,IIb,2025-01-02,2025.0,110,0.9818181818181818,,H1,R,H,R74/H107,II,II
XNS78467.1,XNS,78467.0,IIb,IIb,2024-11-19,2024.0,110,0.9818181818181818,,H1,R,H,R74/H107,II,II
XNS78646.1,XNS,78646.0,IIb,IIb,2024-11-21,2024.0,110,0.9818181818181818,,H1,R,H,R74/H107,II,II
XNC59908.1,XNC,59908.0,Ib,Ib,2025-01-06,2025.0,110,1.0,,H2,H,R,H74/R107,I,I
XNJ26151.1,XNJ,26151.0,Ib,Ib,2025-01,2025.0,110,1.0,,H2,H,R,H74/R107,I,I
XNJ66619.1,XNJ,66619.0,IIb,IIb,2024-11,2024.0,110,0.9818181818181818,,H1,R,H,R74/H107,II,II
XNJ66792.1,XNJ,66792.0,IIb,IIb,2024-11,2024.0,110,0.9818181818181818,,H1,R,H,R74/H107,II,II
XNJ66965.1,XNJ,66965.0,IIb,IIb,2024-11,2024.0,110,0.9818181818181818,,H1,R,H,R74/H107,II,II
XNJ67138.1,XNJ,67138.0,IIb,IIb,2024-11,2024.0,110,0.9818181818181818,,H1,R,H,R74/H107,II,II
XNJ67311.1,XNJ,67311.0,IIb,IIb,2024-11,2024.0,110,0.9818181818181818,,H1,R,H,R74/H107,II,II
XNJ67486.1,XNJ,67486.0,IIb,IIb,2024-11,2024.0,110,0.9818181818181818,,H1,R,H,R74/H107,II,II
XNJ67661.1,XNJ,67661.0,IIb,IIb,2024-11,2024.0,110,0.9818181818181818,,H1,R,H,R74/H107,II,II
XNJ67835.1,XNJ,67835.0,IIb,IIb,2024-11,2024.0,110,0.9818181818181818,,H1,R,H,R74/H107,II,II
XNJ68009.1,XNJ,68009.0,IIb,IIb,2024-11,2024.0,110,0.9818181818181818,,H1,R,H,R74/H107,II,II
XNJ68182.1,XNJ,68182.0,IIb,IIb,2024-11,2024.0,110,0.9818181818181818,,H1,R,H,R74/H107,II,II
XNJ68355.1,XNJ,68355.0,IIb,IIb,2024-11,2024.0,110,0.9818181818181818,,H1,R,H,R74/H107,II,II
XNJ68529.1,XNJ,68529.0,IIb,IIb,2024-11,2024.0,110,0.9818181818181818,,H1,R,H,R74/H107,II,II
XNJ68704.1,XNJ,68704.0,IIb,IIb,2024-11,2024.0,110,0.9818181818181818,,H1,R,H,R74/H107,II,II
XNJ68879.1,XNJ,68879.0,IIb,IIb,2024-11,2024.0,110,0.9818181818181818,,H1,R,H,R74/H107,II,II
XNJ69053.1,XNJ,69053.0,IIb,IIb,2024-11,2024.0,110,0.9818181818181818,,H1,R,H,R74/H107,II,II
XNJ69227.1,XNJ,69227.0,IIb,IIb,2024-11,2024.0,110,0.9818181818181818,,H1,R,H,R74/H107,II,II
XNJ69402.1,XNJ,69402.0,IIb,IIb,2024-11,2024.0,110,0.9818181818181818,,H1,R,H,R74/H107,II,II
XNJ69576.1,XNJ,69576.0,IIb,IIb,2024-12,2024.0,110,0.9818181818181818,,H1,R,H,R74/H107,II,II
XNJ69749.1,XNJ,69749.0,IIb,IIb,2024-12,2024.0,110,0.9818181818181818,,H1,R,H,R74/H107,II,II
XNJ69922.1,XNJ,69922.0,IIb,IIb,2024-12,2024.0,110,0.9818181818181818,,H1,R,H,R74/H107,II,II
XNJ70095.1,XNJ,70095.0,IIb,IIb,2024-12,2024.0,110,0.9818181818181818,,H1,R,H,R74/H107,II,II
XNJ70269.1,XNJ,70269.0,IIb,IIb,2024-12,2024.0,110,0.9818181818181818,,H1,R,H,R74/H107,II,II
XNJ70443.1,XNJ,70443.0,IIb,IIb,2024-12,2024.0,110,0.9818181818181818,,H1,R,H,R74/H107,II,II
XNJ70617.1,XNJ,70617.0,IIb,IIb,2024-12,2024.0,110,0.9818181818181818,,H1,R,H,R74/H107,II,II
XNJ70791.1,XNJ,70791.0,IIb,IIb,2024-12,2024.0,110,0.9818181818181818,,H1,R,H,R74/H107,II,II
XNJ70963.1,XNJ,70963.0,IIb,IIb,2024-12,2024.0,110,0.9818181818181818,,H1,R,H,R74/H107,II,II
XNJ71137.1,XNJ,71137.0,IIb,IIb,2024-12,2024.0,110,0.9818181818181818,,H1,R,H,R74/H107,II,II
XNJ71311.1,XNJ,71311.0,IIb,IIb,2024-12,2024.0,110,0.9818181818181818,,H1,R,H,R74/H107,II,II
XNJ71485.1,XNJ,71485.0,IIb,IIb,2024-12,2024.0,110,0.9818181818181818,,H1,R,H,R74/H107,II,II
XNJ71659.1,XNJ,71659.0,IIb,IIb,2024-12,2024.0,110,0.9818181818181818,,H1,R,H,R74/H107,II,II
XNJ71834.1,XNJ,71834.0,IIb,IIb,2024-12,2024.0,110,0.9818181818181818,,H1,R,H,R74/H107,II,II
XNJ72006.1,XNJ,72006.0,IIb,IIb,2024-12,2024.0,110,0.9818181818181818,,H1,R,H,R74/H107,II,II
XNJ72178.1,XNJ,72178.0,IIb,IIb,2024-12,2024.0,110,0.9818181818181818,,H1,R,H,R74/H107,II,II
XNJ72352.1,XNJ,72352.0,IIb,IIb,2024-12,2024.0,110,0.9818181818181818,,H1,R,H,R74/H107,II,II
XNJ72526.1,XNJ,72526.0,IIb,IIb,2024-12,2024.0,110,0.9818181818181818,,H1,R,H,R74/H107,II,II
XNJ72700.1,XNJ,72700.0,IIb,IIb,2024-12,2024.0,110,0.9818181818181818,,H1,R,H,R74/H107,II,II
XNJ72875.1,XNJ,72875.0,IIb,IIb,2024-12,2024.0,110,0.9818181818181818,,H1,R,H,R74/H107,II,II
XNJ73050.1,XNJ,73050.0,IIb,IIb,2025-01,2025.0,110,0.9818181818181818,,H1,R,H,R74/H107,II,II
XNJ73225.1,XNJ,73225.0,IIb,IIb,2025-01,2025.0,110,0.9727272727272728,,H3,R,H,R74/H107,II,II
XNJ73400.1,XNJ,73400.0,IIb,IIb,2025-01,2025.0,110,0.9818181818181818,,H1,R,H,R74/H107,II,II
XNJ73574.1,XNJ,73574.0,IIb,IIb,2025-01,2025.0,110,0.9818181818181818,,H1,R,H,R74/H107,II,II
XNJ73748.1,XNJ,73748.0,IIb,IIb,2025-01,2025.0,110,0.9818181818181818,,H1,R,H,R74/H107,II,II
XNJ73922.1,XNJ,73922.0,IIb,IIb,2025-01,2025.0,110,0.9727272727272728,,H3,R,H,R74/H107,II,II
XNC59557.1,XNC,59557.0,IIb,IIb,2024-12-18,2024.0,110,0.9818181818181818,,H1,R,H,R74/H107,II,II
XNC59732.1,XNC,59732.0,IIb,IIb,2024-12-27,2024.0,110,0.9818181818181818,,H1,R,H,R74/H107,II,II
XMF67220.1,XMF,67220.0,IIb,IIb,2024-12-12,2024.0,110,0.9818181818181818,,H1,R,H,R74/H107,II,II
XMF67398.1,XMF,67398.0,IIb,IIb,2024-12-12,2024.0,110,0.9818181818181818,,H1,R,H,R74/H107,II,II
XMF67577.1,XMF,67577.0,IIb,IIb,2024-12-12,2024.0,110,0.9818181818181818,,H1,R,H,R74/H107,II,II
XLZ59314.1,XLZ,59314.0,IIb,IIb,2024,2024.0,110,0.9818181818181818,,H1,R,H,R74/H107,II,II
XLZ59491.1,XLZ,59491.0,IIb,IIb,2024,2024.0,110,0.9818181818181818,,H1,R,H,R74/H107,II,II
XLZ59669.1,XLZ,59669.0,IIb,IIb,2024,2024.0,110,0.9818181818181818,,H1,R,H,R74/H107,II,II
XLZ59845.1,XLZ,59845.0,IIb,IIb,2024,2024.0,110,0.9818181818181818,,H1,R,H,R74/H107,II,II
XLZ60023.1,XLZ,60023.0,IIb,IIb,2024,2024.0,110,0.9818181818181818,,H1,R,H,R74/H107,II,II
XKX09141.1,XKX,9141.0,IIb,IIb,2023-09-11,2023.0,110,0.9818181818181818,,H1,R,H,R74/H107,II,II
XKX09319.1,XKX,9319.0,IIb,IIb,2023-09-16,2023.0,110,0.9818181818181818,,H1,R,H,R74/H107,II,II
XKX09497.1,XKX,9497.0,IIb,IIb,2023-10-10,2023.0,110,0.9818181818181818,,H1,R,H,R74/H107,II,II
XKX09675.1,XKX,9675.0,IIb,IIb,2023-11-28,2023.0,110,0.9818181818181818,,H1,R,H,R74/H107,II,II
XKX09853.1,XKX,9853.0,IIb,IIb,2024-01-07,2024.0,110,0.9818181818181818,,H1,R,H,R74/H107,II,II
XKX10031.1,XKX,10031.0,IIb,IIb,2024-01-24,2024.0,110,0.9818181818181818,,H1,R,H,R74/H107,II,II
XLY81011.1,XLY,81011.0,IIb,IIb,2024-11-13,2024.0,110,0.9818181818181818,,H1,R,H,R74/H107,II,II
XLY81190.1,XLY,81190.0,IIb,IIb,2024-11-15,2024.0,110,0.9818181818181818,,H1,R,H,R74/H107,II,II
XLU07308.1,XLU,7308.0,IIb,IIb,2024-09-19,2024.0,110,0.9818181818181818,,H1,R,H,R74/H107,II,II
XLU07485.1,XLU,7485.0,IIb,IIb,2024-09-19,2024.0,110,0.9818181818181818,,H1,R,H,R74/H107,II,II
XLU07662.1,XLU,7662.0,IIb,IIb,2024-09-25,2024.0,110,0.9818181818181818,,H1,R,H,R74/H107,II,II
XLU07840.1,XLU,7840.0,IIb,IIb,2024-10-02,2024.0,110,0.9727272727272728,,H4,R,H,R74/H107,II,II
XLU08017.1,XLU,8017.0,IIb,IIb,2024-10-02,2024.0,110,0.9727272727272728,,H4,R,H,R74/H107,II,II
XLU08192.1,XLU,8192.0,IIb,IIb,2024-10-02,2024.0,110,0.9818181818181818,,H1,R,H,R74/H107,II,II
XLU08370.1,XLU,8370.0,IIb,IIb,2024-10-02,2024.0,110,0.9818181818181818,,H1,R,H,R74/H107,II,II
XLU08546.1,XLU,8546.0,IIb,IIb,2024-10-02,2024.0,110,0.9818181818181818,,H1,R,H,R74/H107,II,II
XLU08722.1,XLU,8722.0,IIb,IIb,2024-10-03,2024.0,110,0.9818181818181818,,H1,R,H,R74/H107,II,II
XLU08899.1,XLU,8899.0,IIb,IIb,2024-10-01,2024.0,110,0.9818181818181818,,H1,R,H,R74/H107,II,II
XLU09077.1,XLU,9077.0,IIb,IIb,2024-10-06,2024.0,110,0.9818181818181818,,H1,R,H,R74/H107,II,II
XLU09254.1,XLU,9254.0,IIb,IIb,2022-07-21,2022.0,110,0.9818181818181818,,H1,R,H,R74/H107,II,II
XLU09432.1,XLU,9432.0,IIb,IIb,2024-09-30,2024.0,110,0.9727272727272728,,H4,R,H,R74/H107,II,II
XLU09609.1,XLU,9609.0,IIb,IIb,2024-10-04,2024.0,110,0.9818181818181818,,H1,R,H,R74/H107,II,II
XLU09786.1,XLU,9786.0,IIb,IIb,2024-10-03,2024.0,110,0.9818181818181818,,H1,R,H,R74/H107,II,II
XLU09963.1,XLU,9963.0,IIb,IIb,2024-08-30,2024.0,110,0.9818181818181818,,H1,R,H,R74/H107,II,II
XLU10142.1,XLU,10142.0,IIb,IIb,2024-10-11,2024.0,110,0.9818181818181818,,H1,R,H,R74/H107,II,II
XLU10321.1,XLU,10321.0,IIb,IIb,2024-10-09,2024.0,110,0.9818181818181818,,H1,R,H,R74/H107,II,II
XLU10499.1,XLU,10499.0,IIb,IIb,2024-10-09,2024.0,110,0.9727272727272728,,H4,R,H,R74/H107,II,II
XLU10678.1,XLU,10678.0,IIb,IIb,2024-10-12,2024.0,110,0.9818181818181818,,H1,R,H,R74/H107,II,II
XLU10855.1,XLU,10855.0,IIb,IIb,2024-10-22,2024.0,110,0.9727272727272728,,H4,R,H,R74/H107,II,II
XLU11034.1,XLU,11034.0,IIb,IIb,2024-10-18,2024.0,110,0.9818181818181818,,H1,R,H,R74/H107,II,II
XLU11213.1,XLU,11213.0,IIb,IIb,2024-10-21,2024.0,110,0.9818181818181818,,H1,R,H,R74/H107,II,II
XLU11389.1,XLU,11389.0,IIb,IIb,2024-10-21,2024.0,110,0.9818181818181818,,H1,R,H,R74/H107,II,II
XLU11567.1,XLU,11567.0,IIb,IIb,2024-10-28,2024.0,110,0.9818181818181818,,H1,R,H,R74/H107,II,II
XLU11745.1,XLU,11745.0,IIb,IIb,2024-10-24,2024.0,110,0.9818181818181818,,H1,R,H,R74/H107,II,II
XLU11923.1,XLU,11923.0,IIb,IIb,2024-10-29,2024.0,110,0.9818181818181818,,H1,R,H,R74/H107,II,II
XLU12100.1,XLU,12100.0,IIb,IIb,2022-06-21,2022.0,110,0.9818181818181818,,H1,R,H,R74/H107,II,II
XLU12279.1,XLU,12279.0,IIb,IIb,2022-06-22,2022.0,110,0.9818181818181818,,H1,R,H,R74/H107,II,II
XLU12458.1,XLU,12458.0,IIb,IIb,2022-06-30,2022.0,110,0.9818181818181818,,H1,R,H,R74/H107,II,II
XLU12637.1,XLU,12637.0,IIb,IIb,2022-06-30,2022.0,110,0.9818181818181818,,H1,R,H,R74/H107,II,II
XLU12816.1,XLU,12816.0,IIb,IIb,2022-06-29,2022.0,110,0.9818181818181818,,H1,R,H,R74/H107,II,II
XLU12995.1,XLU,12995.0,IIb,IIb,2022-07-08,2022.0,110,0.9818181818181818,,H1,R,H,R74/H107,II,II
XLU13173.1,XLU,13173.0,IIb,IIb,2022-08-11,2022.0,110,0.9818181818181818,,H1,R,H,R74/H107,II,II
XLU13352.1,XLU,13352.0,IIb,IIb,2022-09-01,2022.0,110,0.9818181818181818,,H1,R,H,R74/H107,II,II
XLU13531.1,XLU,13531.0,IIb,IIb,2022-08-05,2022.0,110,0.9818181818181818,,H1,R,H,R74/H107,II,II
XLU13710.1,XLU,13710.0,IIb,IIb,2022-07-12,2022.0,110,0.9818181818181818,,H1,R,H,R74/H107,II,II
XLU13887.1,XLU,13887.0,IIb,IIb,2023-02-22,2023.0,110,0.9818181818181818,,H1,R,H,R74/H107,II,II
XLU14063.1,XLU,14063.0,IIb,IIb,2023-02-22,2023.0,110,0.9818181818181818,,H1,R,H,R74/H107,II,II
XLU14238.1,XLU,14238.0,IIb,IIb,2023-05-12,2023.0,110,0.9818181818181818,,H1,R,H,R74/H107,II,II
XLU14413.1,XLU,14413.0,IIb,IIb,2023-05-12,2023.0,110,0.9818181818181818,,H1,R,H,R74/H107,II,II
XLU14591.1,XLU,14591.0,IIb,IIb,2023-05-23,2023.0,110,0.9818181818181818,,H1,R,H,R74/H107,II,II
XLU14770.1,XLU,14770.0,IIb,IIb,2022-06-30,2022.0,110,0.9818181818181818,,H1,R,H,R74/H107,II,II
XLU14949.1,XLU,14949.0,IIb,IIb,2022-06-04,2022.0,110,0.9818181818181818,,H1,R,H,R74/H107,II,II
XLU15128.1,XLU,15128.0,IIb,IIb,2022-06-07,2022.0,110,0.9818181818181818,,H1,R,H,R74/H107,II,II
XLU15307.1,XLU,15307.0,IIb,IIb,2022-06-04,2022.0,110,0.9818181818181818,,H1,R,H,R74/H107,II,II
XLU15486.1,XLU,15486.0,IIb,IIb,2022-06-07,2022.0,110,0.9818181818181818,,H1,R,H,R74/H107,II,II
XLU15665.1,XLU,15665.0,IIb,IIb,2022-06-13,2022.0,110,0.9818181818181818,,H1,R,H,R74/H107,II,II
XLU15844.1,XLU,15844.0,IIb,IIb,2022-06-14,2022.0,110,0.9818181818181818,,H1,R,H,R74/H107,II,II
XLU16023.1,XLU,16023.0,IIb,IIb,2022-06-16,2022.0,110,0.9818181818181818,,H1,R,H,R74/H107,II,II
XLU16202.1,XLU,16202.0,IIb,IIb,2022-06-17,2022.0,110,0.9818181818181818,,H1,R,H,R74/H107,II,II
XLU16381.1,XLU,16381.0,IIb,IIb,2022-06-20,2022.0,110,0.9818181818181818,,H1,R,H,R74/H107,II,II
XLU16560.1,XLU,16560.0,IIb,IIb,2022-06-17,2022.0,110,0.9818181818181818,,H1,R,H,R74/H107,II,II
XLU16739.1,XLU,16739.0,IIb,IIb,2022-06-21,2022.0,110,0.9818181818181818,,H1,R,H,R74/H107,II,II
XLU16917.1,XLU,16917.0,IIb,IIb,2022-06-21,2022.0,110,0.9818181818181818,,H1,R,H,R74/H107,II,II
XLU17095.1,XLU,17095.0,IIb,IIb,2022-06-21,2022.0,110,0.9818181818181818,,H1,R,H,R74/H107,II,II
XLU17274.1,XLU,17274.0,IIb,IIb,2022-06-21,2022.0,110,0.9818181818181818,,H1,R,H,R74/H107,II,II
XLU17453.1,XLU,17453.0,IIb,IIb,2023-06-13,2023.0,110,0.9818181818181818,,H1,R,H,R74/H107,II,II
XLU17630.1,XLU,17630.0,IIb,IIb,2023-06-13,2023.0,110,0.9818181818181818,,H1,R,H,R74/H107,II,II
XCI56645.1,XCI,56645.0,IIb,IIb,2023,2023.0,110,0.9818181818181818,,H1,R,H,R74/H107,II,II
XCI56822.1,XCI,56822.0,IIb,IIb,2023,2023.0,110,0.9818181818181818,,H1,R,H,R74/H107,II,II
XCI57000.1,XCI,57000.0,IIb,IIb,2023,2023.0,110,0.9818181818181818,,H1,R,H,R74/H107,II,II
XCI57179.1,XCI,57179.0,IIb,IIb,2023,2023.0,110,0.9818181818181818,,H1,R,H,R74/H107,II,II
XCI57357.1,XCI,57357.0,IIb,IIb,2023,2023.0,110,0.9818181818181818,,H1,R,H,R74/H107,II,II
XCI57535.1,XCI,57535.0,IIb,IIb,2023,2023.0,110,0.9818181818181818,,H1,R,H,R74/H107,II,II
XCI57713.1,XCI,57713.0,IIb,IIb,2023,2023.0,110,0.9818181818181818,,H1,R,H,R74/H107,II,II
XCI57891.1,XCI,57891.0,IIb,IIb,2023,2023.0,110,0.9818181818181818,,H1,R,H,R74/H107,II,II
XLM45656.1,XLM,45656.0,Ib,Ib,2024-11-28,2024.0,110,1.0,,H2,H,R,H74/R107,I,I
BFV53783.1,BFV,53783.0,IIb,IIb,2023-06-19,2023.0,110,0.9818181818181818,,H1,R,H,R74/H107,II,II
BFV53962.1,BFV,53962.0,IIb,IIb,2023-06-19,2023.0,110,0.9818181818181818,,H1,R,H,R74/H107,II,II
BFV54141.1,BFV,54141.0,IIb,IIb,2023-08-21,2023.0,110,0.9818181818181818,,H1,R,H,R74/H107,II,II
BFV54320.1,BFV,54320.0,IIb,IIb,2023-09-25,2023.0,110,0.9818181818181818,,H1,R,H,R74/H107,II,II
BFV54499.1,BFV,54499.0,IIb,IIb,2024-01-29,2024.0,110,0.9818181818181818,,H1,R,H,R74/H107,II,II
BFV54678.1,BFV,54678.0,IIb,IIb,2024-01-29,2024.0,110,0.9818181818181818,,H1,R,H,R74/H107,II,II
XLE38095.1,XLE,38095.0,IIb,IIb,2022-12,2022.0,110,0.9818181818181818,,H1,R,H,R74/H107,II,II
XLE38274.1,XLE,38274.0,IIb,IIb,2024-01,2024.0,110,0.9818181818181818,,H1,R,H,R74/H107,II,II
XLE38453.1,XLE,38453.0,IIb,IIb,2024-01,2024.0,110,0.9818181818181818,,H1,R,H,R74/H107,II,II
XLE38631.1,XLE,38631.0,IIb,IIb,2023-12,2023.0,110,0.9818181818181818,,H1,R,H,R74/H107,II,II
XLE38810.1,XLE,38810.0,IIb,IIb,2022-06,2022.0,110,0.9818181818181818,,H1,R,H,R74/H107,II,II
XLE38989.1,XLE,38989.0,IIb,IIb,2023-12,2023.0,110,0.9818181818181818,,H1,R,H,R74/H107,II,II
XLE39168.1,XLE,39168.0,IIb,IIb,2023-03,2023.0,110,0.9818181818181818,,H1,R,H,R74/H107,II,II
XLE39347.1,XLE,39347.0,IIb,IIb,2023-12,2023.0,110,0.9818181818181818,,H1,R,H,R74/H107,II,II
XLE39525.1,XLE,39525.0,IIb,IIb,2024-01,2024.0,110,0.9818181818181818,,H1,R,H,R74/H107,II,II
XLE39704.1,XLE,39704.0,IIb,IIb,2024-01,2024.0,110,0.9818181818181818,,H1,R,H,R74/H107,II,II
XLE39883.1,XLE,39883.0,IIb,IIb,2024-01,2024.0,110,0.9818181818181818,,H1,R,H,R74/H107,II,II
XLE40062.1,XLE,40062.0,IIb,IIb,2024-01,2024.0,110,0.9818181818181818,,H1,R,H,R74/H107,II,II
XLE40241.1,XLE,40241.0,IIb,IIb,2023-11,2023.0,110,0.9818181818181818,,H1,R,H,R74/H107,II,II
XLE40420.1,XLE,40420.0,IIb,IIb,2023-12,2023.0,110,0.9818181818181818,,H1,R,H,R74/H107,II,II
XLE40599.1,XLE,40599.0,IIb,IIb,2022-12,2022.0,110,0.9818181818181818,,H1,R,H,R74/H107,II,II
XLE40778.1,XLE,40778.0,IIb,IIb,2024-02,2024.0,110,0.9818181818181818,,H1,R,H,R74/H107,II,II
XLE40957.1,XLE,40957.0,IIb,IIb,2024-02,2024.0,110,0.9818181818181818,,H1,R,H,R74/H107,II,II
XLE41136.1,XLE,41136.0,IIb,IIb,2024-02,2024.0,110,0.9818181818181818,,H1,R,H,R74/H107,II,II
XLE41315.1,XLE,41315.0,IIb,IIb,2022-06,2022.0,110,0.9818181818181818,,H1,R,H,R74/H107,II,II
XLE41494.1,XLE,41494.0,IIb,IIb,2024-01,2024.0,110,0.9818181818181818,,H1,R,H,R74/H107,II,II
XLE41673.1,XLE,41673.0,IIb,IIb,2024-01,2024.0,110,0.9818181818181818,,H1,R,H,R74/H107,II,II
XLE41852.1,XLE,41852.0,IIb,IIb,2024-01,2024.0,110,0.9818181818181818,,H1,R,H,R74/H107,II,II
XLE42031.1,XLE,42031.0,IIb,IIb,2023-11,2023.0,110,0.9818181818181818,,H1,R,H,R74/H107,II,II
XLE42210.1,XLE,42210.0,IIb,IIb,2023-12,2023.0,110,0.9818181818181818,,H1,R,H,R74/H107,II,II
XLE42389.1,XLE,42389.0,IIb,IIb,2022-06,2022.0,110,0.9818181818181818,,H1,R,H,R74/H107,II,II
XLE42568.1,XLE,42568.0,IIb,IIb,2023-02,2023.0,110,0.9818181818181818,,H1,R,H,R74/H107,II,II
XLE42747.1,XLE,42747.0,IIb,IIb,2023-02,2023.0,110,0.9818181818181818,,H1,R,H,R74/H107,II,II
XLE42926.1,XLE,42926.0,IIb,IIb,2023-02,2023.0,110,0.9818181818181818,,H1,R,H,R74/H107,II,II
XLE43104.1,XLE,43104.0,IIb,IIb,2024-01,2024.0,110,0.9818181818181818,,H1,R,H,R74/H107,II,II
XLE43282.1,XLE,43282.0,IIb,IIb,2022-07,2022.0,110,0.9818181818181818,,H1,R,H,R74/H107,II,II
XLE43461.1,XLE,43461.0,IIb,IIb,2022-07,2022.0,110,0.9818181818181818,,H1,R,H,R74/H107,II,II
XLE43640.1,XLE,43640.0,IIb,IIb,2022-07,2022.0,110,0.9818181818181818,,H1,R,H,R74/H107,II,II
XLE43819.1,XLE,43819.0,IIb,IIb,2022-07,2022.0,110,0.9818181818181818,,H1,R,H,R74/H107,II,II
XLE43998.1,XLE,43998.0,IIb,IIb,2022-07,2022.0,110,0.9818181818181818,,H1,R,H,R74/H107,II,II
XLE44177.1,XLE,44177.0,IIb,IIb,2022-07,2022.0,110,0.9818181818181818,,H1,R,H,R74/H107,II,II
XLE44355.1,XLE,44355.0,IIb,IIb,2022-07,2022.0,110,0.9818181818181818,,H1,R,H,R74/H107,II,II
XLE44534.1,XLE,44534.0,IIb,IIb,2022-07,2022.0,110,0.9818181818181818,,H1,R,H,R74/H107,II,II
XLE44713.1,XLE,44713.0,IIb,IIb,2022-07,2022.0,110,0.9818181818181818,,H1,R,H,R74/H107,II,II
XKU44079.1,XKU,44079.0,IIb,IIb,2024-10,2024.0,110,0.9818181818181818,,H1,R,H,R74/H107,II,II
XKU44252.1,XKU,44252.0,IIb,IIb,2024-10,2024.0,110,0.9818181818181818,,H1,R,H,R74/H107,II,II
XKU44426.1,XKU,44426.0,IIb,IIb,2024-10,2024.0,110,0.9818181818181818,,H1,R,H,R74/H107,II,II
XKU44600.1,XKU,44600.0,IIb,IIb,2024-10,2024.0,110,0.9818181818181818,,H1,R,H,R74/H107,II,II
XKU44773.1,XKU,44773.0,IIb,IIb,2024-10,2024.0,110,0.9818181818181818,,H1,R,H,R74/H107,II,II
XKU44946.1,XKU,44946.0,IIb,IIb,2024-10,2024.0,110,0.9818181818181818,,H1,R,H,R74/H107,II,II
XKU45121.1,XKU,45121.0,IIb,IIb,2024-11,2024.0,110,0.9818181818181818,,H1,R,H,R74/H107,II,II
XKU45295.1,XKU,45295.0,IIb,IIb,2024-11,2024.0,110,0.9818181818181818,,H1,R,H,R74/H107,II,II
XKU45470.1,XKU,45470.0,IIb,IIb,2024-11,2024.0,110,0.9818181818181818,,H1,R,H,R74/H107,II,II
XKU45645.1,XKU,45645.0,IIb,IIb,2024-11,2024.0,110,0.9818181818181818,,H1,R,H,R74/H107,II,II
XKU45818.1,XKU,45818.0,IIb,IIb,2024-11,2024.0,110,0.9818181818181818,,H1,R,H,R74/H107,II,II
XKU45991.1,XKU,45991.0,IIb,IIb,2024-11,2024.0,110,0.9818181818181818,,H1,R,H,R74/H107,II,II
XKU46164.1,XKU,46164.0,IIb,IIb,2024-11,2024.0,110,0.9818181818181818,,H1,R,H,R74/H107,II,II
XKU46338.1,XKU,46338.0,IIb,IIb,2024-11,2024.0,110,0.9818181818181818,,H1,R,H,R74/H107,II,II
XKU46513.1,XKU,46513.0,IIb,IIb,2024-11,2024.0,110,0.9818181818181818,,H1,R,H,R74/H107,II,II
XKU46687.1,XKU,46687.0,IIb,IIb,2024-11,2024.0,110,0.9818181818181818,,H1,R,H,R74/H107,II,II
XKU46859.1,XKU,46859.0,IIb,IIb,2024-11,2024.0,110,0.9818181818181818,,H1,R,H,R74/H107,II,II
XKU47032.1,XKU,47032.0,IIb,IIb,2024-11,2024.0,110,0.9818181818181818,,H1,R,H,R74/H107,II,II
XKU47205.1,XKU,47205.0,IIb,IIb,2024-11,2024.0,110,0.9818181818181818,,H1,R,H,R74/H107,II,II
XKU47377.1,XKU,47377.0,IIb,IIb,2024-11,2024.0,110,0.9818181818181818,,H1,R,H,R74/H107,II,II
XKU47551.1,XKU,47551.0,IIb,IIb,2024-11,2024.0,110,0.9818181818181818,,H1,R,H,R74/H107,II,II
XKU47725.1,XKU,47725.0,IIb,IIb,2024-11,2024.0,110,0.9818181818181818,,H1,R,H,R74/H107,II,II
XKU47899.1,XKU,47899.0,IIb,IIb,2024-11,2024.0,110,0.9818181818181818,,H1,R,H,R74/H107,II,II
XKU48073.1,XKU,48073.0,IIb,IIb,2024-11,2024.0,110,0.9818181818181818,,H1,R,H,R74/H107,II,II
XKU48248.1,XKU,48248.0,IIb,IIb,2024-11,2024.0,110,0.9818181818181818,,H1,R,H,R74/H107,II,II
XKU48422.1,XKU,48422.0,IIb,IIb,2024-11,2024.0,110,0.9818181818181818,,H1,R,H,R74/H107,II,II
XKU48597.1,XKU,48597.0,IIb,IIb,2024-11,2024.0,110,0.9818181818181818,,H1,R,H,R74/H107,II,II
XKU57092.1,XKU,57092.0,Ib,Ib,2024-11,2024.0,110,1.0,,H2,H,R,H74/R107,I,I
WPW23958.1,WPW,23958.0,IIb,IIb,2023,2023.0,110,0.9818181818181818,,H1,R,H,R74/H107,II,II
BFU66435.1,BFU,66435.0,IIb,IIb,2023-01-30,2023.0,110,0.9818181818181818,,H1,R,H,R74/H107,II,II
BFU66614.1,BFU,66614.0,IIb,IIb,2023-01-30,2023.0,110,0.9818181818181818,,H1,R,H,R74/H107,II,II
BFU66793.1,BFU,66793.0,IIb,IIb,2023-02-27,2023.0,110,0.9818181818181818,,H1,R,H,R74/H107,II,II
BFU66972.1,BFU,66972.0,IIb,IIb,2023-02-27,2023.0,110,0.9818181818181818,,H1,R,H,R74/H107,II,II
BFU67150.1,BFU,67150.0,IIb,IIb,2023-02-27,2023.0,110,0.9818181818181818,,H1,R,H,R74/H107,II,II
BFU67329.1,BFU,67329.0,IIb,IIb,2023-03-13,2023.0,110,0.9818181818181818,,H1,R,H,R74/H107,II,II
BFU67508.1,BFU,67508.0,IIb,IIb,2022-07-25,2022.0,110,0.9818181818181818,,H1,R,H,R74/H107,II,II
BFU67687.1,BFU,67687.0,IIb,IIb,2022-07-25,2022.0,110,0.9818181818181818,,H1,R,H,R74/H107,II,II
BFU67866.1,BFU,67866.0,IIb,IIb,2023-03-27,2023.0,110,0.9818181818181818,,H1,R,H,R74/H107,II,II
BFU68045.1,BFU,68045.0,IIb,IIb,2023-04-03,2023.0,110,0.9818181818181818,,H1,R,H,R74/H107,II,II
BFU68224.1,BFU,68224.0,IIb,IIb,2023-04-03,2023.0,110,0.9818181818181818,,H1,R,H,R74/H107,II,II
BFU68403.1,BFU,68403.0,IIb,IIb,2023-05-15,2023.0,110,0.9818181818181818,,H1,R,H,R74/H107,II,II
BFU68582.1,BFU,68582.0,IIb,IIb,2023-05-15,2023.0,110,0.9818181818181818,,H1,R,H,R74/H107,II,II
BFU68758.1,BFU,68758.0,IIb,IIb,2023-05-15,2023.0,110,0.9818181818181818,,H1,R,H,R74/H107,II,II
XKR67455.1,XKR,67455.0,Ib,Ib,2024-10-27,2024.0,110,1.0,,H2,H,R,H74/R107,I,I
XKI62882.1,XKI,62882.0,IIb,IIb,2024-10-15,2024.0,110,0.9818181818181818,,H1,R,H,R74/H107,II,II
XKI30444.1,XKI,30444.0,IIb,IIb,2024-10-07,2024.0,110,0.9818181818181818,,H1,R,H,R74/H107,II,II
XKI30622.1,XKI,30622.0,IIb,IIb,2024-10-07,2024.0,110,0.9818181818181818,,H1,R,H,R74/H107,II,II
XDU22591.1,XDU,22591.0,IIb,IIb,2024-05-10,2024.0,110,0.9818181818181818,,H1,R,H,R74/H107,II,II
XDU22769.1,XDU,22769.0,IIb,IIb,2024-05-31,2024.0,110,0.9818181818181818,,H1,R,H,R74/H107,II,II
XDU22947.1,XDU,22947.0,IIb,IIb,2024-06-01,2024.0,110,0.9818181818181818,,H1,R,H,R74/H107,II,II
XDU23124.1,XDU,23124.0,IIb,IIb,2024-06-06,2024.0,110,0.9818181818181818,,H1,R,H,R74/H107,II,II
XDU23302.1,XDU,23302.0,IIb,IIb,2024-06-10,2024.0,110,0.9818181818181818,,H1,R,H,R74/H107,II,II
XEQ85221.1,XEQ,85221.0,IIb,IIb,2024-06-28,2024.0,110,0.9818181818181818,,H1,R,H,R74/H107,II,II
XEQ85398.1,XEQ,85398.0,IIb,IIb,2024-06-28,2024.0,110,0.9818181818181818,,H1,R,H,R74/H107,II,II
XKH17069.1,XKH,17069.0,IIb,IIb,2024-10-01,2024.0,110,0.9818181818181818,,H1,R,H,R74/H107,II,II
XKH17248.1,XKH,17248.0,IIb,IIb,2024-07-17,2024.0,110,0.9818181818181818,,H1,R,H,R74/H107,II,II
XKH17427.1,XKH,17427.0,IIb,IIb,2024-07-12,2024.0,110,0.9818181818181818,,H1,R,H,R74/H107,II,II
XKH17606.1,XKH,17606.0,IIb,IIb,2024-09-03,2024.0,110,0.9818181818181818,,H1,R,H,R74/H107,II,II
XKH17785.1,XKH,17785.0,IIb,IIb,2024-09-12,2024.0,110,0.9818181818181818,,H1,R,H,R74/H107,II,II
XKB58712.1,XKB,58712.0,IIb,IIb,2023-02,2023.0,110,0.9818181818181818,,H1,R,H,R74/H107,II,II
XJQ58542.1,XJQ,58542.0,IIb,IIb,2024-01-16,2024.0,110,0.9818181818181818,,H1,R,H,R74/H107,II,II
XJQ58721.1,XJQ,58721.0,IIb,IIb,2024-01-17,2024.0,110,0.9818181818181818,,H1,R,H,R74/H107,II,II
XJQ58900.1,XJQ,58900.0,IIb,IIb,2023-11-29,2023.0,110,0.9818181818181818,,H1,R,H,R74/H107,II,II
XJQ61429.1,XJQ,61429.0,IIb,IIb,2024-09-30,2024.0,110,0.9818181818181818,,H1,R,H,R74/H107,II,II
XJQ61606.1,XJQ,61606.0,IIb,IIb,2024-10-03,2024.0,110,0.9818181818181818,,H1,R,H,R74/H107,II,II
XJQ61784.1,XJQ,61784.0,IIb,IIb,2024-10-06,2024.0,110,0.9818181818181818,,H1,R,H,R74/H107,II,II
XJQ61962.1,XJQ,61962.0,IIb,IIb,2024-10-06,2024.0,110,0.9818181818181818,,H1,R,H,R74/H107,II,II
XJQ62140.1,XJQ,62140.0,IIb,IIb,2024-09-30,2024.0,110,0.9818181818181818,,H1,R,H,R74/H107,II,II
XJQ62319.1,XJQ,62319.0,IIb,IIb,2024-09-25,2024.0,110,0.9818181818181818,,H1,R,H,R74/H107,II,II
XJQ62677.1,XJQ,62677.0,IIb,IIb,2024-10-02,2024.0,110,0.9818181818181818,,H1,R,H,R74/H107,II,II
XJP01769.1,XJP,1769.0,IIb,IIb,2024-07-23,2024.0,110,0.9818181818181818,,H1,R,H,R74/H107,II,II
XJJ30828.1,XJJ,30828.0,IIb,IIb,2024-09,2024.0,110,0.9818181818181818,,H1,R,H,R74/H107,II,II
XJJ31006.1,XJJ,31006.0,IIb,IIb,2024-09,2024.0,110,0.9818181818181818,,H1,R,H,R74/H107,II,II
XJJ31183.1,XJJ,31183.0,IIb,IIb,2024-10,2024.0,110,0.9818181818181818,,H1,R,H,R74/H107,II,II
XJJ31361.1,XJJ,31361.0,IIb,IIb,2024-10,2024.0,110,0.9818181818181818,,H1,R,H,R74/H107,II,II
XJJ31540.1,XJJ,31540.0,IIb,IIb,2024-10,2024.0,110,0.9818181818181818,,H1,R,H,R74/H107,II,II
XJJ31718.1,XJJ,31718.0,IIb,IIb,2024-10,2024.0,110,0.9818181818181818,,H1,R,H,R74/H107,II,II
XJJ31895.1,XJJ,31895.0,IIb,IIb,2024-07,2024.0,110,0.9727272727272728,,H4,R,H,R74/H107,II,II
XJJ32072.1,XJJ,32072.0,IIb,IIb,2024-07,2024.0,110,0.9818181818181818,,H1,R,H,R74/H107,II,II
XJJ32249.1,XJJ,32249.0,IIb,IIb,2024-07,2024.0,110,0.9818181818181818,,H1,R,H,R74/H107,II,II
XJJ32426.1,XJJ,32426.0,IIb,IIb,2024-08,2024.0,110,0.9818181818181818,,H1,R,H,R74/H107,II,II
XJJ32598.1,XJJ,32598.0,IIb,IIb,2024-08,2024.0,110,0.9727272727272728,,H4,R,H,R74/H107,II,II
XJJ32769.1,XJJ,32769.0,IIb,IIb,2024-08,2024.0,110,0.9727272727272728,,H4,R,H,R74/H107,II,II
XJJ32946.1,XJJ,32946.0,IIb,IIb,2024-08,2024.0,110,0.9818181818181818,,H1,R,H,R74/H107,II,II
XJJ33125.1,XJJ,33125.0,IIb,IIb,2024-08,2024.0,110,0.9818181818181818,,H1,R,H,R74/H107,II,II
XJJ33301.1,XJJ,33301.0,IIb,IIb,2024-08,2024.0,110,0.9818181818181818,,H1,R,H,R74/H107,II,II
XJJ33479.1,XJJ,33479.0,IIb,IIb,2024-08,2024.0,110,0.9818181818181818,,H1,R,H,R74/H107,II,II
XJJ33658.1,XJJ,33658.0,IIb,IIb,2024-09,2024.0,110,0.9818181818181818,,H1,R,H,R74/H107,II,II
XJJ33836.1,XJJ,33836.0,IIb,IIb,2024-09,2024.0,110,0.9818181818181818,,H1,R,H,R74/H107,II,II
XIQ87885.1,XIQ,87885.0,,unassigned,2022,2022.0,110,0.9818181818181818,,H1,R,H,R74/H107,unassigned,II
XIQ88063.1,XIQ,88063.0,IIb,IIb,2022-10-10,2022.0,110,0.9818181818181818,,H1,R,H,R74/H107,II,II
XIJ77344.1,XIJ,77344.0,IIb,IIb,2024-09,2024.0,110,0.9818181818181818,,H1,R,H,R74/H107,II,II
XIJ77519.1,XIJ,77519.0,IIb,IIb,2024-09,2024.0,110,0.9818181818181818,,H1,R,H,R74/H107,II,II
XIJ77693.1,XIJ,77693.0,IIb,IIb,2024-09,2024.0,110,0.9818181818181818,,H1,R,H,R74/H107,II,II
XIJ77866.1,XIJ,77866.0,IIb,IIb,2024-10,2024.0,110,0.9818181818181818,,H1,R,H,R74/H107,II,II
XIJ78040.1,XIJ,78040.0,IIb,IIb,2024-10,2024.0,110,0.9818181818181818,,H1,R,H,R74/H107,II,II
XIJ78215.1,XIJ,78215.0,IIb,IIb,2024-10,2024.0,110,0.9818181818181818,,H1,R,H,R74/H107,II,II
XIJ78389.1,XIJ,78389.0,IIb,IIb,2024-10,2024.0,110,0.9818181818181818,,H1,R,H,R74/H107,II,II
XIJ78563.1,XIJ,78563.0,IIb,IIb,2024-10,2024.0,110,0.9818181818181818,,H1,R,H,R74/H107,II,II
XIJ78737.1,XIJ,78737.0,IIb,IIb,2024-10,2024.0,110,0.9818181818181818,,H1,R,H,R74/H107,II,II
XIJ78911.1,XIJ,78911.0,IIb,IIb,2024-10,2024.0,110,0.9818181818181818,,H1,R,H,R74/H107,II,II
XIJ79086.1,XIJ,79086.0,IIb,IIb,2024-10,2024.0,110,0.9818181818181818,,H1,R,H,R74/H107,II,II
XIJ79257.1,XIJ,79257.0,Ib,Ib,2024-10,2024.0,110,1.0,,H2,H,R,H74/R107,I,I
XIF85870.1,XIF,85870.0,IIb,IIb,2024-09-25,2024.0,110,0.9818181818181818,,H1,R,H,R74/H107,II,II
XIF86048.1,XIF,86048.0,IIb,IIb,2024-09-25,2024.0,110,0.9818181818181818,,H1,R,H,R74/H107,II,II
XIF86226.1,XIF,86226.0,IIb,IIb,2024-09-25,2024.0,110,0.9818181818181818,,H1,R,H,R74/H107,II,II
XIF86404.1,XIF,86404.0,IIb,IIb,2024-09-24,2024.0,110,0.9818181818181818,,H1,R,H,R74/H107,II,II
XIF86582.1,XIF,86582.0,IIb,IIb,2024-09-20,2024.0,110,0.9818181818181818,,H1,R,H,R74/H107,II,II
XIF86761.1,XIF,86761.0,IIb,IIb,2024-09-30,2024.0,110,0.9818181818181818,,H1,R,H,R74/H107,II,II
XIF86940.1,XIF,86940.0,IIb,IIb,2024-09-30,2024.0,110,0.9818181818181818,,H1,R,H,R74/H107,II,II
XIF87118.1,XIF,87118.0,IIb,IIb,2024-10-03,2024.0,110,0.9818181818181818,,H1,R,H,R74/H107,II,II
XIF87297.1,XIF,87297.0,IIb,IIb,2022-08-30,2022.0,110,0.9818181818181818,,H1,R,H,R74/H107,II,II
XIF87476.1,XIF,87476.0,IIb,IIb,2022-08-31,2022.0,110,0.9818181818181818,,H1,R,H,R74/H107,II,II
XEW95001.1,XEW,95001.0,Ia,Ia,2018-01-11,2018.0,110,1.0,,H2,H,R,H74/R107,I,I
XEW95171.1,XEW,95171.0,Ia,Ia,2018-02-22,2018.0,110,1.0,,H2,H,R,H74/R107,I,I
XEW95343.1,XEW,95343.0,Ia,Ia,2018-02-15,2018.0,110,1.0,,H2,H,R,H74/R107,I,I
XEW95512.1,XEW,95512.0,Ia,Ia,2018-03-23,2018.0,110,1.0,,H2,H,R,H74/R107,I,I
XEW95682.1,XEW,95682.0,Ia,Ia,2018-03-23,2018.0,110,1.0,,H2,H,R,H74/R107,I,I
XEW95853.1,XEW,95853.0,Ia,Ia,2018-02-13,2018.0,110,1.0,,H2,H,R,H74/R107,I,I
XEW96022.1,XEW,96022.0,Ia,Ia,2018-03-08,2018.0,110,1.0,,H2,H,R,H74/R107,I,I
XEW96194.1,XEW,96194.0,Ia,Ia,2018-03-18,2018.0,110,1.0,,H2,H,R,H74/R107,I,I
XEW96365.1,XEW,96365.0,Ia,Ia,2018-04-24,2018.0,110,1.0,,H2,H,R,H74/R107,I,I
XEW96534.1,XEW,96534.0,Ia,Ia,2018-02-12,2018.0,110,1.0,,H2,H,R,H74/R107,I,I
XEW96866.1,XEW,96866.0,Ia,Ia,2021-06-15,2021.0,110,1.0,,H2,H,R,H74/R107,I,I
XEW97036.1,XEW,97036.0,Ia,Ia,2021-06-16,2021.0,110,1.0,,H2,H,R,H74/R107,I,I
XEW97203.1,XEW,97203.0,Ia,Ia,2022-08-15,2022.0,110,1.0,,H2,H,R,H74/R107,I,I
XEW97371.1,XEW,97371.0,Ia,Ia,2022-08-15,2022.0,110,1.0,,H2,H,R,H74/R107,I,I
XEW97538.1,XEW,97538.0,Ia,Ia,2022-08-15,2022.0,110,1.0,,H2,H,R,H74/R107,I,I
XEW97704.1,XEW,97704.0,Ia,Ia,2022-08-15,2022.0,110,1.0,,H2,H,R,H74/R107,I,I
XEW98045.1,XEW,98045.0,Ia,Ia,2022-08-15,2022.0,110,1.0,,H2,H,R,H74/R107,I,I
XEW98215.1,XEW,98215.0,Ia,Ia,2022-08-15,2022.0,110,1.0,,H2,H,R,H74/R107,I,I
XEW98382.1,XEW,98382.0,Ia,Ia,2022-02-05,2022.0,110,1.0,,H2,H,R,H74/R107,I,I
XEW98546.1,XEW,98546.0,Ia,Ia,2022-02-05,2022.0,110,1.0,,H2,H,R,H74/R107,I,I
XEW98884.1,XEW,98884.0,Ia,Ia,2022-03-02,2022.0,110,1.0,,H2,H,R,H74/R107,I,I
XEW99054.1,XEW,99054.0,Ia,Ia,2022-05-13,2022.0,110,1.0,,H2,H,R,H74/R107,I,I
XEW99221.1,XEW,99221.0,Ia,Ia,2022-05-13,2022.0,110,1.0,,H2,H,R,H74/R107,I,I
XEW99388.1,XEW,99388.0,Ia,Ia,2022-05-31,2022.0,110,1.0,,H2,H,R,H74/R107,I,I
XEW99555.1,XEW,99555.0,Ia,Ia,2022-06-07,2022.0,110,1.0,,H2,H,R,H74/R107,I,I
XEW99724.1,XEW,99724.0,Ia,Ia,2022-06-22,2022.0,110,1.0,,H2,H,R,H74/R107,I,I
XEW99894.1,XEW,99894.0,Ia,Ia,2022-06-22,2022.0,110,1.0,,H2,H,R,H74/R107,I,I
XEX00067.1,XEX,67.0,Ia,Ia,2022-06-18,2022.0,110,1.0,,H2,H,R,H74/R107,I,I
XEX00236.1,XEX,236.0,Ia,Ia,2022-06-18,2022.0,110,1.0,,H2,H,R,H74/R107,I,I
XEX00406.1,XEX,406.0,Ia,Ia,2022-06-27,2022.0,110,1.0,,H2,H,R,H74/R107,I,I
XEX00575.1,XEX,575.0,Ia,Ia,2022-06-27,2022.0,110,1.0,,H2,H,R,H74/R107,I,I
XEX00746.1,XEX,746.0,Ia,Ia,2022-06-16,2022.0,110,1.0,,H2,H,R,H74/R107,I,I
XEX00915.1,XEX,915.0,Ia,Ia,2022-06-20,2022.0,110,1.0,,H2,H,R,H74/R107,I,I
XEX01083.1,XEX,1083.0,Ia,Ia,2022-06-21,2022.0,110,1.0,,H2,H,R,H74/R107,I,I
XEX01256.1,XEX,1256.0,Ia,Ia,2022-06-21,2022.0,110,1.0,,H2,H,R,H74/R107,I,I
XEX01424.1,XEX,1424.0,Ia,Ia,2022-07-08,2022.0,110,1.0,,H2,H,R,H74/R107,I,I
XEX01584.1,XEX,1584.0,Ia,Ia,2022-07-08,2022.0,110,1.0,,H2,H,R,H74/R107,I,I
XEX01745.1,XEX,1745.0,Ia,Ia,2022-07-27,2022.0,110,1.0,,H2,H,R,H74/R107,I,I
XEX01914.1,XEX,1914.0,Ia,Ia,2022-08-08,2022.0,110,1.0,,H2,H,R,H74/R107,I,I
XEX02083.1,XEX,2083.0,Ia,Ia,2022-07-31,2022.0,110,1.0,,H2,H,R,H74/R107,I,I
XEX02252.1,XEX,2252.0,Ia,Ia,2022-07-31,2022.0,110,1.0,,H2,H,R,H74/R107,I,I
XEX02422.1,XEX,2422.0,Ia,Ia,2022-07-31,2022.0,110,1.0,,H2,H,R,H74/R107,I,I
XEX02594.1,XEX,2594.0,Ia,Ia,2022-07-28,2022.0,110,1.0,,H2,H,R,H74/R107,I,I
XEX02766.1,XEX,2766.0,Ia,Ia,2022-08-11,2022.0,110,1.0,,H2,H,R,H74/R107,I,I
XEX02933.1,XEX,2933.0,Ia,Ia,2022-08-18,2022.0,110,1.0,,H2,H,R,H74/R107,I,I
XEX03102.1,XEX,3102.0,Ia,Ia,2022-08-12,2022.0,110,1.0,,H2,H,R,H74/R107,I,I
XEX03270.1,XEX,3270.0,Ia,Ia,2022-09-13,2022.0,110,1.0,,H2,H,R,H74/R107,I,I
XEX03439.1,XEX,3439.0,Ia,Ia,2022-08-21,2022.0,110,1.0,,H2,H,R,H74/R107,I,I
XEX03606.1,XEX,3606.0,Ia,Ia,2022-08-21,2022.0,110,1.0,,H2,H,R,H74/R107,I,I
XEX03777.1,XEX,3777.0,Ia,Ia,2022-08-21,2022.0,110,1.0,,H2,H,R,H74/R107,I,I
XEX03944.1,XEX,3944.0,Ia,Ia,2022-09-15,2022.0,110,1.0,,H2,H,R,H74/R107,I,I
XEX04109.1,XEX,4109.0,Ia,Ia,2022-08-21,2022.0,110,1.0,,H2,H,R,H74/R107,I,I
XEX04279.1,XEX,4279.0,Ia,Ia,2022-09-15,2022.0,110,1.0,,H2,H,R,H74/R107,I,I
XEX04449.1,XEX,4449.0,Ia,Ia,2022-08-22,2022.0,110,1.0,,H2,H,R,H74/R107,I,I
XEX04618.1,XEX,4618.0,Ia,Ia,2022-09-09,2022.0,110,1.0,,H2,H,R,H74/R107,I,I
XEX04786.1,XEX,4786.0,Ia,Ia,2022-09-09,2022.0,110,1.0,,H2,H,R,H74/R107,I,I
XEX05120.1,XEX,5120.0,Ia,Ia,2022-09-09,2022.0,110,1.0,,H2,H,R,H74/R107,I,I
XEX05289.1,XEX,5289.0,Ia,Ia,2022-09-09,2022.0,110,1.0,,H2,H,R,H74/R107,I,I
XEX05460.1,XEX,5460.0,Ia,Ia,2022-09-23,2022.0,110,1.0,,H2,H,R,H74/R107,I,I
XEX05632.1,XEX,5632.0,Ia,Ia,2022-09-03,2022.0,110,1.0,,H2,H,R,H74/R107,I,I
XEX05799.1,XEX,5799.0,Ia,Ia,2022-10-06,2022.0,110,1.0,,H2,H,R,H74/R107,I,I
XEX05968.1,XEX,5968.0,Ia,Ia,2022-09-30,2022.0,110,1.0,,H2,H,R,H74/R107,I,I
XEX06137.1,XEX,6137.0,Ia,Ia,2022-09-30,2022.0,110,1.0,,H2,H,R,H74/R107,I,I
XEX06302.1,XEX,6302.0,Ia,Ia,2022-09-30,2022.0,110,1.0,,H2,H,R,H74/R107,I,I
XEX06471.1,XEX,6471.0,Ia,Ia,2022-10-01,2022.0,110,1.0,,H2,H,R,H74/R107,I,I
XEX06641.1,XEX,6641.0,Ia,Ia,2022-10-01,2022.0,110,1.0,,H2,H,R,H74/R107,I,I
XEX06810.1,XEX,6810.0,Ia,Ia,2022-10-01,2022.0,110,1.0,,H2,H,R,H74/R107,I,I
XEX06979.1,XEX,6979.0,Ia,Ia,2022-10-01,2022.0,110,1.0,,H2,H,R,H74/R107,I,I
XEX07148.1,XEX,7148.0,Ia,Ia,2022-10-01,2022.0,110,1.0,,H2,H,R,H74/R107,I,I
XEX07317.1,XEX,7317.0,Ia,Ia,2022-10-01,2022.0,110,1.0,,H2,H,R,H74/R107,I,I
XEX07488.1,XEX,7488.0,Ia,Ia,2022-10-01,2022.0,110,1.0,,H2,H,R,H74/R107,I,I
XEX07654.1,XEX,7654.0,Ia,Ia,2022-10-17,2022.0,110,1.0,,H2,H,R,H74/R107,I,I
XEX07820.1,XEX,7820.0,Ia,Ia,2022-09-16,2022.0,110,1.0,,H2,H,R,H74/R107,I,I
XEX07989.1,XEX,7989.0,Ia,Ia,2022-09-19,2022.0,110,1.0,,H2,H,R,H74/R107,I,I
XEX08155.1,XEX,8155.0,Ia,Ia,2022-10-03,2022.0,110,1.0,,H2,H,R,H74/R107,I,I
XEX08487.1,XEX,8487.0,Ia,Ia,2022-10-26,2022.0,110,1.0,,H2,H,R,H74/R107,I,I
XEX08657.1,XEX,8657.0,Ia,Ia,2022-10-26,2022.0,110,1.0,,H2,H,R,H74/R107,I,I
XEX08827.1,XEX,8827.0,Ia,Ia,2022-10-31,2022.0,110,1.0,,H2,H,R,H74/R107,I,I
XEX08997.1,XEX,8997.0,Ia,Ia,2022-10-31,2022.0,110,1.0,,H2,H,R,H74/R107,I,I
XEX09167.1,XEX,9167.0,Ia,Ia,2022-10-31,2022.0,110,1.0,,H2,H,R,H74/R107,I,I
XEX09337.1,XEX,9337.0,Ia,Ia,2022-11-08,2022.0,110,1.0,,H2,H,R,H74/R107,I,I
XEX09505.1,XEX,9505.0,Ia,Ia,2022-11-08,2022.0,110,1.0,,H2,H,R,H74/R107,I,I
XEX09675.1,XEX,9675.0,Ia,Ia,2022-11-08,2022.0,110,1.0,,H2,H,R,H74/R107,I,I
XEX09845.1,XEX,9845.0,Ia,Ia,2022-11-08,2022.0,110,1.0,,H2,H,R,H74/R107,I,I
XEX10015.1,XEX,10015.0,Ia,Ia,2022-12-17,2022.0,110,1.0,,H2,H,R,H74/R107,I,I
XEX10184.1,XEX,10184.0,Ia,Ia,2022-10-11,2022.0,110,1.0,,H2,H,R,H74/R107,I,I
XEX10350.1,XEX,10350.0,Ia,Ia,2022-11-23,2022.0,110,1.0,,H2,H,R,H74/R107,I,I
XEX10519.1,XEX,10519.0,Ia,Ia,2022-11-23,2022.0,110,1.0,,H2,H,R,H74/R107,I,I
XEX10687.1,XEX,10687.0,Ia,Ia,2022-11-23,2022.0,110,1.0,,H2,H,R,H74/R107,I,I
XEX10854.1,XEX,10854.0,Ia,Ia,2022-10-02,2022.0,110,1.0,,H2,H,R,H74/R107,I,I
XEX11017.1,XEX,11017.0,Ia,Ia,2022-10-02,2022.0,110,1.0,,H2,H,R,H74/R107,I,I
XEX11186.1,XEX,11186.0,Ia,Ia,2022-07-30,2022.0,110,1.0,,H2,H,R,H74/R107,I,I
XEX11353.1,XEX,11353.0,Ia,Ia,2022-12-18,2022.0,110,1.0,,H2,H,R,H74/R107,I,I
XEX11518.1,XEX,11518.0,Ia,Ia,2022-12-16,2022.0,110,1.0,,H2,H,R,H74/R107,I,I
XEX11686.1,XEX,11686.0,Ia,Ia,2022-12-16,2022.0,110,1.0,,H2,H,R,H74/R107,I,I
XEX11853.1,XEX,11853.0,Ia,Ia,2022-12-18,2022.0,110,1.0,,H2,H,R,H74/R107,I,I
XEX12020.1,XEX,12020.0,Ia,Ia,2022-12-18,2022.0,110,1.0,,H2,H,R,H74/R107,I,I
XEX12185.1,XEX,12185.0,Ia,Ia,2022-11-28,2022.0,110,1.0,,H2,H,R,H74/R107,I,I
XEX12350.1,XEX,12350.0,Ia,Ia,2022-11-27,2022.0,110,1.0,,H2,H,R,H74/R107,I,I
XEX12518.1,XEX,12518.0,Ia,Ia,2022-11-28,2022.0,110,1.0,,H2,H,R,H74/R107,I,I
XEX12683.1,XEX,12683.0,Ia,Ia,2022-12-16,2022.0,110,1.0,,H2,H,R,H74/R107,I,I
XEX12848.1,XEX,12848.0,Ia,Ia,2022-12-16,2022.0,110,1.0,,H2,H,R,H74/R107,I,I
XEX13015.1,XEX,13015.0,Ia,Ia,2023-01-05,2023.0,110,1.0,,H2,H,R,H74/R107,I,I
XEX13182.1,XEX,13182.0,Ia,Ia,2022-12-30,2022.0,110,1.0,,H2,H,R,H74/R107,I,I
XEX13349.1,XEX,13349.0,Ia,Ia,2022-12-30,2022.0,110,1.0,,H2,H,R,H74/R107,I,I
XEX13515.1,XEX,13515.0,Ia,Ia,2022-12-30,2022.0,110,1.0,,H2,H,R,H74/R107,I,I
XEX13679.1,XEX,13679.0,Ia,Ia,2023-01-07,2023.0,110,1.0,,H2,H,R,H74/R107,I,I
XEX13846.1,XEX,13846.0,Ia,Ia,2023-01-05,2023.0,110,1.0,,H2,H,R,H74/R107,I,I
XEX14014.1,XEX,14014.0,Ia,Ia,2023-01-07,2023.0,110,1.0,,H2,H,R,H74/R107,I,I
XEX14183.1,XEX,14183.0,Ia,Ia,2023-01-06,2023.0,110,1.0,,H2,H,R,H74/R107,I,I
XEX14353.1,XEX,14353.0,Ia,Ia,2023-01-06,2023.0,110,1.0,,H2,H,R,H74/R107,I,I
XEX14521.1,XEX,14521.0,Ia,Ia,2023-01-07,2023.0,110,1.0,,H2,H,R,H74/R107,I,I
XEX14690.1,XEX,14690.0,Ia,Ia,2023-01-06,2023.0,110,1.0,,H2,H,R,H74/R107,I,I
XEX14859.1,XEX,14859.0,Ia,Ia,2023-01-07,2023.0,110,1.0,,H2,H,R,H74/R107,I,I
XEX15027.1,XEX,15027.0,Ia,Ia,2022-12-31,2022.0,110,1.0,,H2,H,R,H74/R107,I,I
XEX15193.1,XEX,15193.0,Ia,Ia,2023-01-05,2023.0,110,1.0,,H2,H,R,H74/R107,I,I
XEX15362.1,XEX,15362.0,Ia,Ia,2023-01-05,2023.0,110,1.0,,H2,H,R,H74/R107,I,I
XEX15532.1,XEX,15532.0,Ia,Ia,2023-01-10,2023.0,110,1.0,,H2,H,R,H74/R107,I,I
XEX15697.1,XEX,15697.0,Ia,Ia,2023-01-13,2023.0,110,1.0,,H2,H,R,H74/R107,I,I
XEX15865.1,XEX,15865.0,Ia,Ia,2023-11-23,2023.0,110,1.0,,H2,H,R,H74/R107,I,I
XEX16033.1,XEX,16033.0,Ia,Ia,2022-11-24,2022.0,110,1.0,,H2,H,R,H74/R107,I,I
XEX16200.1,XEX,16200.0,Ia,Ia,2022-12-29,2022.0,110,0.990909090909091,,H5,H,R,H74/R107,I,I
XEX16370.1,XEX,16370.0,Ia,Ia,2022-12-29,2022.0,110,0.990909090909091,,H5,H,R,H74/R107,I,I
XEX16539.1,XEX,16539.0,Ia,Ia,2022-12-10,2022.0,110,1.0,,H2,H,R,H74/R107,I,I
XEX16707.1,XEX,16707.0,Ia,Ia,2022-12-15,2022.0,110,1.0,,H2,H,R,H74/R107,I,I
XEX16871.1,XEX,16871.0,Ia,Ia,2022-12-29,2022.0,110,0.990909090909091,,H5,H,R,H74/R107,I,I
XEX17038.1,XEX,17038.0,Ia,Ia,2022-12-31,2022.0,110,0.990909090909091,,H5,H,R,H74/R107,I,I
XEX17209.1,XEX,17209.0,Ia,Ia,2022-12-31,2022.0,110,0.990909090909091,,H5,H,R,H74/R107,I,I
XEX17376.1,XEX,17376.0,Ia,Ia,2022-12-28,2022.0,110,1.0,,H2,H,R,H74/R107,I,I
XEX17546.1,XEX,17546.0,Ia,Ia,2023-01-02,2023.0,110,1.0,,H2,H,R,H74/R107,I,I
XEX17711.1,XEX,17711.0,Ia,Ia,2022-12-20,2022.0,110,1.0,,H2,H,R,H74/R107,I,I
XEX18043.1,XEX,18043.0,Ia,Ia,2023-02-01,2023.0,110,0.990909090909091,,H5,H,R,H74/R107,I,I
XEX18209.1,XEX,18209.0,Ia,Ia,2023-01-23,2023.0,110,1.0,,H2,H,R,H74/R107,I,I
XEX18375.1,XEX,18375.0,Ia,Ia,2023-01-24,2023.0,110,1.0,,H2,H,R,H74/R107,I,I
XEX18543.1,XEX,18543.0,Ia,Ia,2023-01-24,2023.0,110,1.0,,H2,H,R,H74/R107,I,I
XEX18711.1,XEX,18711.0,Ia,Ia,2023-01-24,2023.0,110,1.0,,H2,H,R,H74/R107,I,I
XEX18881.1,XEX,18881.0,Ia,Ia,2023-01-24,2023.0,110,1.0,,H2,H,R,H74/R107,I,I
XEX19049.1,XEX,19049.0,Ia,Ia,2022-12-26,2022.0,110,1.0,,H2,H,R,H74/R107,I,I
XEX19217.1,XEX,19217.0,Ia,Ia,2023-02-01,2023.0,110,1.0,,H2,H,R,H74/R107,I,I
XEX19384.1,XEX,19384.0,Ia,Ia,2023-02-01,2023.0,110,1.0,,H2,H,R,H74/R107,I,I
XEX19552.1,XEX,19552.0,Ia,Ia,2023-02-08,2023.0,110,1.0,,H2,H,R,H74/R107,I,I
XEX19719.1,XEX,19719.0,Ia,Ia,2023-01-26,2023.0,110,1.0,,H2,H,R,H74/R107,I,I
XEX19885.1,XEX,19885.0,Ia,Ia,2023-02-07,2023.0,110,1.0,,H2,H,R,H74/R107,I,I
XEX20051.1,XEX,20051.0,Ia,Ia,2023-02-02,2023.0,110,1.0,,H2,H,R,H74/R107,I,I
XEX20220.1,XEX,20220.0,Ia,Ia,2023-02-12,2023.0,110,1.0,,H2,H,R,H74/R107,I,I
XEX20389.1,XEX,20389.0,Ia,Ia,2023-02-07,2023.0,110,1.0,,H2,H,R,H74/R107,I,I
XEX20558.1,XEX,20558.0,Ia,Ia,2023-02-28,2023.0,110,1.0,,H2,H,R,H74/R107,I,I
XEX20728.1,XEX,20728.0,Ia,Ia,2023-01-15,2023.0,110,0.990909090909091,,H5,H,R,H74/R107,I,I
XEX20895.1,XEX,20895.0,Ia,Ia,2023-02-28,2023.0,110,1.0,,H2,H,R,H74/R107,I,I
XEX21064.1,XEX,21064.0,Ia,Ia,2023-02-28,2023.0,110,1.0,,H2,H,R,H74/R107,I,I
XEX21233.1,XEX,21233.0,Ia,Ia,2023-02-28,2023.0,110,1.0,,H2,H,R,H74/R107,I,I
XEX21402.1,XEX,21402.0,Ia,Ia,2023-03-06,2023.0,110,1.0,,H2,H,R,H74/R107,I,I
XEX21569.1,XEX,21569.0,Ia,Ia,2023-02-20,2023.0,110,1.0,,H2,H,R,H74/R107,I,I
XEX21732.1,XEX,21732.0,Ia,Ia,2023-03-22,2023.0,110,1.0,,H2,H,R,H74/R107,I,I
XEX21897.1,XEX,21897.0,Ia,Ia,2023-03-22,2023.0,110,1.0,,H2,H,R,H74/R107,I,I
XEX22061.1,XEX,22061.0,Ia,Ia,2023-03-23,2023.0,110,1.0,,H2,H,R,H74/R107,I,I
XEX22228.1,XEX,22228.0,Ia,Ia,2023-03-23,2023.0,110,1.0,,H2,H,R,H74/R107,I,I
XEX22398.1,XEX,22398.0,Ia,Ia,2023-03-23,2023.0,110,1.0,,H2,H,R,H74/R107,I,I
XEX22567.1,XEX,22567.0,Ia,Ia,2023-03-25,2023.0,110,1.0,,H2,H,R,H74/R107,I,I
XEX22738.1,XEX,22738.0,Ia,Ia,2023-03-25,2023.0,110,1.0,,H2,H,R,H74/R107,I,I
XEX22907.1,XEX,22907.0,Ia,Ia,2023-03-25,2023.0,110,1.0,,H2,H,R,H74/R107,I,I
XEX23245.1,XEX,23245.0,Ia,Ia,2023-03-24,2023.0,110,1.0,,H2,H,R,H74/R107,I,I
XEX23409.1,XEX,23409.0,Ia,Ia,2023-03-10,2023.0,110,1.0,,H2,H,R,H74/R107,I,I
XEX23575.1,XEX,23575.0,Ia,Ia,2023-03-29,2023.0,110,1.0,,H2,H,R,H74/R107,I,I
XEX23745.1,XEX,23745.0,Ia,Ia,2023-03-29,2023.0,110,1.0,,H2,H,R,H74/R107,I,I
XEX23912.1,XEX,23912.0,Ia,Ia,2023-03-21,2023.0,110,1.0,,H2,H,R,H74/R107,I,I
XEX24084.1,XEX,24084.0,Ia,Ia,2023-02-22,2023.0,110,1.0,,H2,H,R,H74/R107,I,I
XEX24255.1,XEX,24255.0,Ia,Ia,2023-02-25,2023.0,110,1.0,,H2,H,R,H74/R107,I,I
XEX24584.1,XEX,24584.0,Ia,Ia,2023-03-21,2023.0,110,1.0,,H2,H,R,H74/R107,I,I
XEX24751.1,XEX,24751.0,Ia,Ia,2023-03-21,2023.0,110,1.0,,H2,H,R,H74/R107,I,I
XEX24918.1,XEX,24918.0,Ia,Ia,2023-03-21,2023.0,110,1.0,,H2,H,R,H74/R107,I,I
XEX25081.1,XEX,25081.0,Ia,Ia,2023-04-05,2023.0,110,1.0,,H2,H,R,H74/R107,I,I
XEX25243.1,XEX,25243.0,Ia,Ia,2023-04-05,2023.0,110,1.0,,H2,H,R,H74/R107,I,I
XEX25403.1,XEX,25403.0,Ia,Ia,2023-04-05,2023.0,110,1.0,,H2,H,R,H74/R107,I,I
XEX25567.1,XEX,25567.0,Ia,Ia,2023-03-25,2023.0,110,1.0,,H2,H,R,H74/R107,I,I
XEX25730.1,XEX,25730.0,Ia,Ia,2023-04-05,2023.0,110,0.990909090909091,,H7,H,R,H74/R107,I,I
XEX25894.1,XEX,25894.0,Ia,Ia,2023-04-05,2023.0,110,0.990909090909091,,H7,H,R,H74/R107,I,I
XEX26059.1,XEX,26059.0,Ia,Ia,2023-04-05,2023.0,110,0.990909090909091,,H7,H,R,H74/R107,I,I
XEX26222.1,XEX,26222.0,Ia,Ia,2023-04-05,2023.0,110,1.0,,H2,H,R,H74/R107,I,I
XEX26388.1,XEX,26388.0,Ia,Ia,2023-03-27,2023.0,110,1.0,,H2,H,R,H74/R107,I,I
XEX26558.1,XEX,26558.0,Ia,Ia,2023-04-05,2023.0,110,1.0,,H2,H,R,H74/R107,I,I
XEX26729.1,XEX,26729.0,Ia,Ia,2023-04-05,2023.0,110,1.0,,H2,H,R,H74/R107,I,I
XEX26898.1,XEX,26898.0,Ia,Ia,2023-04-05,2023.0,110,1.0,,H2,H,R,H74/R107,I,I
XEX27066.1,XEX,27066.0,Ia,Ia,2023-04-05,2023.0,110,1.0,,H2,H,R,H74/R107,I,I
XEX27230.1,XEX,27230.0,Ia,Ia,2023-04-05,2023.0,110,1.0,,H2,H,R,H74/R107,I,I
XEX27400.1,XEX,27400.0,Ia,Ia,2023-04-05,2023.0,110,1.0,,H2,H,R,H74/R107,I,I
XEX27570.1,XEX,27570.0,Ia,Ia,2023-04-05,2023.0,110,1.0,,H2,H,R,H74/R107,I,I
XEX27739.1,XEX,27739.0,Ia,Ia,2023-04-04,2023.0,110,1.0,,H2,H,R,H74/R107,I,I
XEX27906.1,XEX,27906.0,Ia,Ia,2023-03-30,2023.0,110,1.0,,H2,H,R,H74/R107,I,I
XEX28074.1,XEX,28074.0,Ia,Ia,2023-03-30,2023.0,110,1.0,,H2,H,R,H74/R107,I,I
XEX28242.1,XEX,28242.0,Ia,Ia,2023-03-30,2023.0,110,1.0,,H2,H,R,H74/R107,I,I
XEX28409.1,XEX,28409.0,Ia,Ia,2023-03-30,2023.0,110,1.0,,H2,H,R,H74/R107,I,I
XEX28578.1,XEX,28578.0,Ia,Ia,2023-03-30,2023.0,110,1.0,,H2,H,R,H74/R107,I,I
XEX28743.1,XEX,28743.0,Ia,Ia,2023-03-30,2023.0,110,1.0,,H2,H,R,H74/R107,I,I
XEX28907.1,XEX,28907.0,Ia,Ia,2023-03-30,2023.0,110,1.0,,H2,H,R,H74/R107,I,I
XEX29073.1,XEX,29073.0,Ia,Ia,2023-03-30,2023.0,110,1.0,,H2,H,R,H74/R107,I,I
XEX29238.1,XEX,29238.0,Ia,Ia,2023-03-30,2023.0,110,1.0,,H2,H,R,H74/R107,I,I
XEX29402.1,XEX,29402.0,Ia,Ia,2023-04-13,2023.0,110,1.0,,H2,H,R,H74/R107,I,I
XEX29571.1,XEX,29571.0,Ia,Ia,2023-04-13,2023.0,110,1.0,,H2,H,R,H74/R107,I,I
XEX29740.1,XEX,29740.0,Ia,Ia,2023-04-13,2023.0,110,1.0,,H2,H,R,H74/R107,I,I
XEX29904.1,XEX,29904.0,Ia,Ia,2023-04-13,2023.0,110,1.0,,H2,H,R,H74/R107,I,I
XEX30071.1,XEX,30071.0,Ia,Ia,2023-04-07,2023.0,110,1.0,,H2,H,R,H74/R107,I,I
XEX30240.1,XEX,30240.0,Ia,Ia,2023-04-07,2023.0,110,1.0,,H2,H,R,H74/R107,I,I
XEX30409.1,XEX,30409.0,Ia,Ia,2023-03-30,2023.0,110,1.0,,H2,H,R,H74/R107,I,I
XEX30576.1,XEX,30576.0,Ia,Ia,2023-03-30,2023.0,110,1.0,,H2,H,R,H74/R107,I,I
XEX30742.1,XEX,30742.0,Ia,Ia,2023-04-11,2023.0,110,1.0,,H2,H,R,H74/R107,I,I
XEX30911.1,XEX,30911.0,Ia,Ia,2023-04-11,2023.0,110,1.0,,H2,H,R,H74/R107,I,I
XEX31076.1,XEX,31076.0,Ia,Ia,2023-04-22,2023.0,110,1.0,,H2,H,R,H74/R107,I,I
XEX31242.1,XEX,31242.0,Ia,Ia,2023-04-04,2023.0,110,1.0,,H2,H,R,H74/R107,I,I
XEX31410.1,XEX,31410.0,Ia,Ia,2023-04-22,2023.0,110,1.0,,H2,H,R,H74/R107,I,I
XEX31575.1,XEX,31575.0,Ia,Ia,2023-04-22,2023.0,110,1.0,,H2,H,R,H74/R107,I,I
XEX31741.1,XEX,31741.0,Ia,Ia,2023-04-24,2023.0,110,1.0,,H2,H,R,H74/R107,I,I
XEX31907.1,XEX,31907.0,Ia,Ia,2023-04-22,2023.0,110,1.0,,H2,H,R,H74/R107,I,I
XEX32074.1,XEX,32074.0,Ia,Ia,2023-04-22,2023.0,110,1.0,,H2,H,R,H74/R107,I,I
XEX32244.1,XEX,32244.0,Ia,Ia,2023-04-22,2023.0,110,1.0,,H2,H,R,H74/R107,I,I
XEX32415.1,XEX,32415.0,Ia,Ia,2023-04-23,2023.0,110,1.0,,H2,H,R,H74/R107,I,I
XEX32585.1,XEX,32585.0,Ia,Ia,2023-04-23,2023.0,110,1.0,,H2,H,R,H74/R107,I,I
XEX32751.1,XEX,32751.0,Ia,Ia,2023-04-23,2023.0,110,1.0,,H2,H,R,H74/R107,I,I
XEX32916.1,XEX,32916.0,Ia,Ia,2023-05-03,2023.0,110,1.0,,H2,H,R,H74/R107,I,I
XEX33084.1,XEX,33084.0,Ia,Ia,2023-04-26,2023.0,110,1.0,,H2,H,R,H74/R107,I,I
XEX33253.1,XEX,33253.0,Ia,Ia,2023-04-27,2023.0,110,1.0,,H2,H,R,H74/R107,I,I
XEX33423.1,XEX,33423.0,Ia,Ia,2023-04-27,2023.0,110,1.0,,H2,H,R,H74/R107,I,I
XEX33759.1,XEX,33759.0,Ia,Ia,2023-06-08,2023.0,110,1.0,,H2,H,R,H74/R107,I,I
XEX33929.1,XEX,33929.0,Ia,Ia,2023-06-08,2023.0,110,1.0,,H2,H,R,H74/R107,I,I
XEX34099.1,XEX,34099.0,Ia,Ia,2023-06-07,2023.0,110,1.0,,H2,H,R,H74/R107,I,I
XEX34269.1,XEX,34269.0,Ia,Ia,2023-06-15,2023.0,110,1.0,,H2,H,R,H74/R107,I,I
XEX34439.1,XEX,34439.0,Ia,Ia,2023-06-15,2023.0,110,1.0,,H2,H,R,H74/R107,I,I
XEX34773.1,XEX,34773.0,Ia,Ia,2023-06-17,2023.0,110,1.0,,H2,H,R,H74/R107,I,I
XEX34942.1,XEX,34942.0,Ia,Ia,2023-06-17,2023.0,110,1.0,,H2,H,R,H74/R107,I,I
XEX35110.1,XEX,35110.0,Ia,Ia,2023-06-18,2023.0,110,1.0,,H2,H,R,H74/R107,I,I
XEX35280.1,XEX,35280.0,Ia,Ia,2023-06-17,2023.0,110,1.0,,H2,H,R,H74/R107,I,I
XEX35450.1,XEX,35450.0,Ia,Ia,2023-06-07,2023.0,110,1.0,,H2,H,R,H74/R107,I,I
XEX35620.1,XEX,35620.0,Ia,Ia,2023-06-26,2023.0,110,1.0,,H2,H,R,H74/R107,I,I
XEX35790.1,XEX,35790.0,Ia,Ia,2023-06-07,2023.0,110,1.0,,H2,H,R,H74/R107,I,I
XEX35960.1,XEX,35960.0,Ia,Ia,2023-06-07,2023.0,110,1.0,,H2,H,R,H74/R107,I,I
XEX36464.1,XEX,36464.0,Ia,Ia,2023-06-04,2023.0,110,1.0,,H2,H,R,H74/R107,I,I
XEX36632.1,XEX,36632.0,Ia,Ia,2023-06-28,2023.0,110,1.0,,H2,H,R,H74/R107,I,I
XEX36798.1,XEX,36798.0,Ia,Ia,2023-06-23,2023.0,110,1.0,,H2,H,R,H74/R107,I,I
XEX36965.1,XEX,36965.0,Ia,Ia,2023-05-08,2023.0,110,1.0,,H2,H,R,H74/R107,I,I
XEX37135.1,XEX,37135.0,Ia,Ia,2023-05-10,2023.0,110,1.0,,H2,H,R,H74/R107,I,I
XEX37303.1,XEX,37303.0,Ia,Ia,2023-07-14,2023.0,110,1.0,,H2,H,R,H74/R107,I,I
XEX37638.1,XEX,37638.0,Ia,Ia,2023-07-27,2023.0,110,1.0,,H2,H,R,H74/R107,I,I
XEX37805.1,XEX,37805.0,Ia,Ia,2023-07-23,2023.0,110,1.0,,H2,H,R,H74/R107,I,I
XEX37970.1,XEX,37970.0,Ia,Ia,2023-07-31,2023.0,110,1.0,,H2,H,R,H74/R107,I,I
XEX38134.1,XEX,38134.0,Ia,Ia,2023-07-31,2023.0,110,1.0,,H2,H,R,H74/R107,I,I
XEX38301.1,XEX,38301.0,Ia,Ia,2023-07-22,2023.0,110,1.0,,H2,H,R,H74/R107,I,I
XEX38469.1,XEX,38469.0,Ia,Ia,2023-07-22,2023.0,110,1.0,,H2,H,R,H74/R107,I,I
XEX38639.1,XEX,38639.0,Ia,Ia,2023-08-11,2023.0,110,1.0,,H2,H,R,H74/R107,I,I
XEX38808.1,XEX,38808.0,Ia,Ia,2023-07-31,2023.0,110,1.0,,H2,H,R,H74/R107,I,I
XEX38977.1,XEX,38977.0,Ia,Ia,2023-07-30,2023.0,110,1.0,,H2,H,R,H74/R107,I,I
XEX39141.1,XEX,39141.0,Ia,Ia,2023-07-29,2023.0,110,1.0,,H2,H,R,H74/R107,I,I
XEX39309.1,XEX,39309.0,Ia,Ia,2023-07-11,2023.0,110,1.0,,H2,H,R,H74/R107,I,I
XEX39478.1,XEX,39478.0,Ia,Ia,2023-07-15,2023.0,110,1.0,,H2,H,R,H74/R107,I,I
XEX39648.1,XEX,39648.0,Ia,Ia,2023-07-11,2023.0,110,1.0,,H2,H,R,H74/R107,I,I
XEX39815.1,XEX,39815.0,Ia,Ia,2023-07-30,2023.0,110,1.0,,H2,H,R,H74/R107,I,I
XEX39980.1,XEX,39980.0,Ia,Ia,2023-08-07,2023.0,110,1.0,,H2,H,R,H74/R107,I,I
XEX40147.1,XEX,40147.0,Ia,Ia,2023-08-18,2023.0,110,1.0,,H2,H,R,H74/R107,I,I
XEX40317.1,XEX,40317.0,Ia,Ia,2023-08-18,2023.0,110,1.0,,H2,H,R,H74/R107,I,I
XEX40486.1,XEX,40486.0,Ia,Ia,2023-07-17,2023.0,110,1.0,,H2,H,R,H74/R107,I,I
XEX40649.1,XEX,40649.0,Ia,Ia,2023-07-16,2023.0,110,1.0,,H2,H,R,H74/R107,I,I
XEX40817.1,XEX,40817.0,Ia,Ia,2023-08-12,2023.0,110,1.0,,H2,H,R,H74/R107,I,I
XEX40981.1,XEX,40981.0,Ia,Ia,2023-08-11,2023.0,110,1.0,,H2,H,R,H74/R107,I,I
XEX41147.1,XEX,41147.0,Ia,Ia,2023-08-09,2023.0,110,1.0,,H2,H,R,H74/R107,I,I
XEX41313.1,XEX,41313.0,Ia,Ia,2023-08-23,2023.0,110,1.0,,H2,H,R,H74/R107,I,I
XEX41809.1,XEX,41809.0,Ia,Ia,2023-09-08,2023.0,110,1.0,,H2,H,R,H74/R107,I,I
XEX41973.1,XEX,41973.0,Ia,Ia,2023-08-12,2023.0,110,1.0,,H2,H,R,H74/R107,I,I
XEX42138.1,XEX,42138.0,Ia,Ia,2023-09-05,2023.0,110,1.0,,H2,H,R,H74/R107,I,I
XEX42306.1,XEX,42306.0,Ia,Ia,2023-09-08,2023.0,110,1.0,,H2,H,R,H74/R107,I,I
XEX42472.1,XEX,42472.0,Ia,Ia,2023-09-09,2023.0,110,1.0,,H2,H,R,H74/R107,I,I
XEX42636.1,XEX,42636.0,Ia,Ia,2023-09-09,2023.0,110,1.0,,H2,H,R,H74/R107,I,I
XEX42803.1,XEX,42803.0,Ia,Ia,2023-09-08,2023.0,110,0.990909090909091,,H5,H,R,H74/R107,I,I
XEX42973.1,XEX,42973.0,Ia,Ia,2023-09-10,2023.0,110,1.0,,H2,H,R,H74/R107,I,I
XEX43141.1,XEX,43141.0,Ia,Ia,2023-09-03,2023.0,110,1.0,,H2,H,R,H74/R107,I,I
XEX43311.1,XEX,43311.0,Ia,Ia,2023-08-14,2023.0,110,1.0,,H2,H,R,H74/R107,I,I
XEX43480.1,XEX,43480.0,Ia,Ia,2023-09-12,2023.0,110,1.0,,H2,H,R,H74/R107,I,I
XEX43649.1,XEX,43649.0,Ia,Ia,2023-08-27,2023.0,110,1.0,,H2,H,R,H74/R107,I,I
XEX43818.1,XEX,43818.0,Ia,Ia,2023-08-27,2023.0,110,1.0,,H2,H,R,H74/R107,I,I
XEX43985.1,XEX,43985.0,Ia,Ia,2023-09-19,2023.0,110,1.0,,H2,H,R,H74/R107,I,I
XEX44478.1,XEX,44478.0,Ia,Ia,2023-08-22,2023.0,110,1.0,,H2,H,R,H74/R107,I,I
XEX44647.1,XEX,44647.0,Ia,Ia,2023-09-22,2023.0,110,1.0,,H2,H,R,H74/R107,I,I
XEX44817.1,XEX,44817.0,Ia,Ia,2023-08-22,2023.0,110,1.0,,H2,H,R,H74/R107,I,I
XEX44986.1,XEX,44986.0,Ia,Ia,2023-09-23,2023.0,110,1.0,,H2,H,R,H74/R107,I,I
XEX45155.1,XEX,45155.0,Ia,Ia,2023-09-25,2023.0,110,1.0,,H2,H,R,H74/R107,I,I
XEX45325.1,XEX,45325.0,Ia,Ia,2023-09-28,2023.0,110,1.0,,H2,H,R,H74/R107,I,I
XEX45496.1,XEX,45496.0,Ia,Ia,2023-10-04,2023.0,110,1.0,,H2,H,R,H74/R107,I,I
XEX45665.1,XEX,45665.0,Ia,Ia,2023-10-04,2023.0,110,1.0,,H2,H,R,H74/R107,I,I
XEX45833.1,XEX,45833.0,Ia,Ia,2023-10-06,2023.0,110,1.0,,H2,H,R,H74/R107,I,I
XEX46003.1,XEX,46003.0,Ia,Ia,2023-10-01,2023.0,110,1.0,,H2,H,R,H74/R107,I,I
XEX46172.1,XEX,46172.0,Ia,Ia,2023-10-02,2023.0,110,1.0,,H2,H,R,H74/R107,I,I
XEX46505.1,XEX,46505.0,Ia,Ia,2023-10-05,2023.0,110,1.0,,H2,H,R,H74/R107,I,I
XEX46674.1,XEX,46674.0,Ia,Ia,2023-10-06,2023.0,110,1.0,,H2,H,R,H74/R107,I,I
XEX46842.1,XEX,46842.0,Ia,Ia,2023-10-06,2023.0,110,1.0,,H2,H,R,H74/R107,I,I
XEX47012.1,XEX,47012.0,Ia,Ia,2023-10-06,2023.0,110,1.0,,H2,H,R,H74/R107,I,I
XEX47182.1,XEX,47182.0,Ia,Ia,2023-10-06,2023.0,110,1.0,,H2,H,R,H74/R107,I,I
XEX47350.1,XEX,47350.0,Ia,Ia,2023-09-11,2023.0,110,1.0,,H2,H,R,H74/R107,I,I
XEX47519.1,XEX,47519.0,Ia,Ia,2023-09-26,2023.0,110,1.0,,H2,H,R,H74/R107,I,I
XEX47688.1,XEX,47688.0,Ia,Ia,2023-10-02,2023.0,110,1.0,,H2,H,R,H74/R107,I,I
XEX47857.1,XEX,47857.0,Ia,Ia,2023-10-02,2023.0,110,1.0,,H2,H,R,H74/R107,I,I
XEX48026.1,XEX,48026.0,Ia,Ia,2023-10-07,2023.0,110,1.0,,H2,H,R,H74/R107,I,I
XEX48195.1,XEX,48195.0,Ia,Ia,2023-10-08,2023.0,110,1.0,,H2,H,R,H74/R107,I,I
XEX48364.1,XEX,48364.0,Ia,Ia,2023-10-25,2023.0,110,1.0,,H2,H,R,H74/R107,I,I
XEX48534.1,XEX,48534.0,Ia,Ia,2023-10-26,2023.0,110,1.0,,H2,H,R,H74/R107,I,I
XEX48705.1,XEX,48705.0,Ia,Ia,2023-08-06,2023.0,110,1.0,,H2,H,R,H74/R107,I,I
XEX48874.1,XEX,48874.0,Ia,Ia,2023-08-06,2023.0,110,1.0,,H2,H,R,H74/R107,I,I
XEX49043.1,XEX,49043.0,Ia,Ia,2023-10-21,2023.0,110,0.990909090909091,,H5,H,R,H74/R107,I,I
XEX49210.1,XEX,49210.0,Ia,Ia,2023-10-27,2023.0,110,1.0,,H2,H,R,H74/R107,I,I
XEX49376.1,XEX,49376.0,Ia,Ia,2023-10-27,2023.0,110,1.0,,H2,H,R,H74/R107,I,I
XEX49542.1,XEX,49542.0,Ia,Ia,2023-10-27,2023.0,110,1.0,,H2,H,R,H74/R107,I,I
XEX49708.1,XEX,49708.0,Ia,Ia,2023-10-27,2023.0,110,1.0,,H2,H,R,H74/R107,I,I
XEX49872.1,XEX,49872.0,Ia,Ia,2023-10-27,2023.0,110,1.0,,H2,H,R,H74/R107,I,I
XEX50038.1,XEX,50038.0,Ia,Ia,2023-10-20,2023.0,110,1.0,,H2,H,R,H74/R107,I,I
XEX50205.1,XEX,50205.0,Ia,Ia,2023-11-01,2023.0,110,1.0,,H2,H,R,H74/R107,I,I
XEX50371.1,XEX,50371.0,Ia,Ia,2023-11-04,2023.0,110,1.0,,H2,H,R,H74/R107,I,I
XEX50538.1,XEX,50538.0,Ia,Ia,2023-10-31,2023.0,110,1.0,,H2,H,R,H74/R107,I,I
XEX50705.1,XEX,50705.0,Ia,Ia,2023-10-31,2023.0,110,1.0,,H2,H,R,H74/R107,I,I
XEX50868.1,XEX,50868.0,Ia,Ia,2023-10-31,2023.0,110,1.0,,H2,H,R,H74/R107,I,I
XEX51034.1,XEX,51034.0,Ia,Ia,2023-10-31,2023.0,110,1.0,,H2,H,R,H74/R107,I,I
XEX51204.1,XEX,51204.0,Ia,Ia,2023-10-31,2023.0,110,1.0,,H2,H,R,H74/R107,I,I
XEX51373.1,XEX,51373.0,Ia,Ia,2023-10-31,2023.0,110,1.0,,H2,H,R,H74/R107,I,I
XEX51543.1,XEX,51543.0,Ia,Ia,2023-10-22,2023.0,110,1.0,,H2,H,R,H74/R107,I,I
XEX51714.1,XEX,51714.0,Ia,Ia,2023-10-22,2023.0,110,1.0,,H2,H,R,H74/R107,I,I
XEX51883.1,XEX,51883.0,Ia,Ia,2023-10-18,2023.0,110,1.0,,H2,H,R,H74/R107,I,I
XEX52052.1,XEX,52052.0,Ia,Ia,2023-10-20,2023.0,110,1.0,,H2,H,R,H74/R107,I,I
XEX52221.1,XEX,52221.0,Ia,Ia,2023-10-22,2023.0,110,1.0,,H2,H,R,H74/R107,I,I
XEX52388.1,XEX,52388.0,Ia,Ia,2023-10-21,2023.0,110,1.0,,H2,H,R,H74/R107,I,I
XEX52558.1,XEX,52558.0,Ia,Ia,2023-10-27,2023.0,110,1.0,,H2,H,R,H74/R107,I,I
XEX52727.1,XEX,52727.0,Ia,Ia,2023-10-27,2023.0,110,1.0,,H2,H,R,H74/R107,I,I
XEX52895.1,XEX,52895.0,Ia,Ia,2023-10-21,2023.0,110,1.0,,H2,H,R,H74/R107,I,I
XEX53060.1,XEX,53060.0,Ia,Ia,2023-11-01,2023.0,110,1.0,,H2,H,R,H74/R107,I,I
XEX53225.1,XEX,53225.0,Ia,Ia,2023-11-14,2023.0,110,1.0,,H2,H,R,H74/R107,I,I
XEX53393.1,XEX,53393.0,Ia,Ia,2024-02-15,2024.0,110,1.0,,H2,H,R,H74/R107,I,I
XEX53563.1,XEX,53563.0,Ib,Ib,2024-01-23,2024.0,110,1.0,,H2,H,R,H74/R107,I,I
XEX53896.1,XEX,53896.0,Ia,Ia,2023-11-23,2023.0,110,1.0,,H2,H,R,H74/R107,I,I
XEX54222.1,XEX,54222.0,Ia,Ia,2024-01-30,2024.0,110,1.0,,H2,H,R,H74/R107,I,I
XEX54385.1,XEX,54385.0,Ia,Ia,2024-01-08,2024.0,110,1.0,,H2,H,R,H74/R107,I,I
XEX54552.1,XEX,54552.0,Ia,Ia,2024-01-22,2024.0,110,1.0,,H2,H,R,H74/R107,I,I
XEX54716.1,XEX,54716.0,Ia,Ia,2024-02-10,2024.0,110,1.0,,H2,H,R,H74/R107,I,I
XEX54887.1,XEX,54887.0,Ia,Ia,2024-02-10,2024.0,110,1.0,,H2,H,R,H74/R107,I,I
XEX55055.1,XEX,55055.0,Ia,Ia,2024-02-10,2024.0,110,1.0,,H2,H,R,H74/R107,I,I
XEX55731.1,XEX,55731.0,Ia,Ia,2024-02-09,2024.0,110,1.0,,H2,H,R,H74/R107,I,I
XEX55901.1,XEX,55901.0,Ia,Ia,2024-02-10,2024.0,110,1.0,,H2,H,R,H74/R107,I,I
XEX56749.1,XEX,56749.0,Ia,Ia,2024-02-14,2024.0,110,1.0,,H2,H,R,H74/R107,I,I
XEX57259.1,XEX,57259.0,Ia,Ia,2024-02-14,2024.0,110,1.0,,H2,H,R,H74/R107,I,I
XEX57427.1,XEX,57427.0,Ia,Ia,2024-02-05,2024.0,110,1.0,,H2,H,R,H74/R107,I,I
XEX57596.1,XEX,57596.0,Ia,Ia,2024-02-14,2024.0,110,1.0,,H2,H,R,H74/R107,I,I
XEX58279.1,XEX,58279.0,Ia,Ia,2024-02-26,2024.0,110,1.0,,H2,H,R,H74/R107,I,I
XEX58618.1,XEX,58618.0,Ia,Ia,2024-02-25,2024.0,110,1.0,,H2,H,R,H74/R107,I,I
XEX59125.1,XEX,59125.0,Ia,Ia,2024-02-22,2024.0,110,1.0,,H2,H,R,H74/R107,I,I
XEX59289.1,XEX,59289.0,Ia,Ia,2024-03-10,2024.0,110,1.0,,H2,H,R,H74/R107,I,I
XEX59449.1,XEX,59449.0,Ia,Ia,2024-03-11,2024.0,110,1.0,,H2,H,R,H74/R107,I,I
XEX59618.1,XEX,59618.0,Ia,Ia,2024-03-11,2024.0,110,1.0,,H2,H,R,H74/R107,I,I
XEX59782.1,XEX,59782.0,Ia,Ia,2024-03-04,2024.0,110,1.0,,H2,H,R,H74/R107,I,I
XEX59947.1,XEX,59947.0,Ia,Ia,2024-03-04,2024.0,110,1.0,,H2,H,R,H74/R107,I,I
XEX60107.1,XEX,60107.0,Ia,Ia,2024-03-08,2024.0,110,1.0,,H2,H,R,H74/R107,I,I
XEX60275.1,XEX,60275.0,Ia,Ia,2024-03-08,2024.0,110,1.0,,H2,H,R,H74/R107,I,I
XEX60443.1,XEX,60443.0,Ia,Ia,2024-03-08,2024.0,110,1.0,,H2,H,R,H74/R107,I,I
XEX60609.1,XEX,60609.0,Ia,Ia,2024-03-13,2024.0,110,1.0,,H2,H,R,H74/R107,I,I
XEX60779.1,XEX,60779.0,Ia,Ia,2024-03-14,2024.0,110,1.0,,H2,H,R,H74/R107,I,I
XEX60947.1,XEX,60947.0,Ia,Ia,2024-03-15,2024.0,110,1.0,,H2,H,R,H74/R107,I,I
XEX61114.1,XEX,61114.0,Ia,Ia,2024-03-10,2024.0,110,1.0,,H2,H,R,H74/R107,I,I
XEX61280.1,XEX,61280.0,Ia,Ia,2024-03-29,2024.0,110,1.0,,H2,H,R,H74/R107,I,I
XEX61445.1,XEX,61445.0,Ia,Ia,2024-03-29,2024.0,110,1.0,,H2,H,R,H74/R107,I,I
XEX61614.1,XEX,61614.0,Ia,Ia,2024-02-04,2024.0,110,1.0,,H2,H,R,H74/R107,I,I
XEX61781.1,XEX,61781.0,Ia,Ia,2024-03-22,2024.0,110,1.0,,H2,H,R,H74/R107,I,I
XEX62111.1,XEX,62111.0,Ib,Ib,2023-10-28,2023.0,110,1.0,,H2,H,R,H74/R107,I,I
XEX62771.1,XEX,62771.0,Ib,Ib,2023-11-13,2023.0,110,1.0,,H2,H,R,H74/R107,I,I
XEX63107.1,XEX,63107.0,Ib,Ib,2023-11-11,2023.0,110,1.0,,H2,H,R,H74/R107,I,I
XEX63599.1,XEX,63599.0,Ib,Ib,2023-11-10,2023.0,110,1.0,,H2,H,R,H74/R107,I,I
XEX63769.1,XEX,63769.0,Ib,Ib,2023-11-14,2023.0,110,1.0,,H2,H,R,H74/R107,I,I
XEX63939.1,XEX,63939.0,Ib,Ib,2023-12-02,2023.0,110,1.0,,H2,H,R,H74/R107,I,I
XEX64272.1,XEX,64272.0,Ib,Ib,2024-01-03,2024.0,110,1.0,,H2,H,R,H74/R107,I,I
XEX64442.1,XEX,64442.0,Ib,Ib,2024-01-03,2024.0,110,1.0,,H2,H,R,H74/R107,I,I
XEX64612.1,XEX,64612.0,Ib,Ib,2024-01-03,2024.0,110,1.0,,H2,H,R,H74/R107,I,I
XEX64780.1,XEX,64780.0,Ib,Ib,2024-01-03,2024.0,110,1.0,,H2,H,R,H74/R107,I,I
XEX64950.1,XEX,64950.0,Ib,Ib,2024-01-03,2024.0,110,1.0,,H2,H,R,H74/R107,I,I
XEX65442.1,XEX,65442.0,Ib,Ib,2024-01-03,2024.0,110,1.0,,H2,H,R,H74/R107,I,I
XEX65612.1,XEX,65612.0,Ib,Ib,2024-01-03,2024.0,110,1.0,,H2,H,R,H74/R107,I,I
XEX65781.1,XEX,65781.0,Ib,Ib,2024-01-03,2024.0,110,1.0,,H2,H,R,H74/R107,I,I
XEX65949.1,XEX,65949.0,Ib,Ib,2024-01-03,2024.0,110,1.0,,H2,H,R,H74/R107,I,I
XEX66116.1,XEX,66116.0,Ib,Ib,2024-01-03,2024.0,110,1.0,,H2,H,R,H74/R107,I,I
XEX66613.1,XEX,66613.0,Ib,Ib,2024-01-03,2024.0,110,1.0,,H2,H,R,H74/R107,I,I
XIF04280.1,XIF,4280.0,IIb,IIb,2024-09-18,2024.0,110,0.9818181818181818,,H1,R,H,R74/H107,II,II
XIE10594.1,XIE,10594.0,IIb,IIb,2024-08-23,2024.0,110,0.9818181818181818,,H1,R,H,R74/H107,II,II
XIE10773.1,XIE,10773.0,IIb,IIb,2024-08-23,2024.0,110,0.9818181818181818,,H1,R,H,R74/H107,II,II
XIE10952.1,XIE,10952.0,IIb,IIb,2024-08-23,2024.0,110,0.9818181818181818,,H1,R,H,R74/H107,II,II
XIE11125.1,XIE,11125.0,IIb,IIb,2024-09-16,2024.0,110,0.9818181818181818,,H1,R,H,R74/H107,II,II
XIE11302.1,XIE,11302.0,IIb,IIb,2024-09-16,2024.0,110,0.9818181818181818,,H1,R,H,R74/H107,II,II
XIE11481.1,XIE,11481.0,IIb,IIb,2024-09-16,2024.0,110,0.9818181818181818,,H1,R,H,R74/H107,II,II
XHY96675.1,XHY,96675.0,IIb,IIb,2024-09-12,2024.0,110,0.9818181818181818,,H1,R,H,R74/H107,II,II
XHY96854.1,XHY,96854.0,IIb,IIb,2024-09-13,2024.0,110,0.9818181818181818,,H1,R,H,R74/H107,II,II
XHY97033.1,XHY,97033.0,IIb,IIb,2024-09-16,2024.0,110,0.9818181818181818,,H1,R,H,R74/H107,II,II
XHY97211.1,XHY,97211.0,IIb,IIb,2024-09-13,2024.0,110,0.9818181818181818,,H1,R,H,R74/H107,II,II
XHY97390.1,XHY,97390.0,IIb,IIb,2024-09-13,2024.0,110,0.9818181818181818,,H1,R,H,R74/H107,II,II
XHY97569.1,XHY,97569.0,IIb,IIb,2024-09-12,2024.0,110,0.9818181818181818,,H1,R,H,R74/H107,II,II
XHY97747.1,XHY,97747.0,IIb,IIb,2024-09-07,2024.0,110,0.9818181818181818,,H1,R,H,R74/H107,II,II
XHY49024.1,XHY,49024.0,IIb,IIb,2023-10,2023.0,110,0.9818181818181818,,H1,R,H,R74/H107,II,II
XHY49203.1,XHY,49203.0,IIb,IIb,2024-01,2024.0,110,0.9818181818181818,,H1,R,H,R74/H107,II,II
XHY49382.1,XHY,49382.0,IIb,IIb,2024-02,2024.0,110,0.9818181818181818,,H1,R,H,R74/H107,II,II
XHY49561.1,XHY,49561.0,IIb,IIb,2023-12,2023.0,110,0.9818181818181818,,H1,R,H,R74/H107,II,II
XHY49740.1,XHY,49740.0,IIb,IIb,2023-12,2023.0,110,0.9818181818181818,,H1,R,H,R74/H107,II,II
XHY49919.1,XHY,49919.0,IIb,IIb,2024-01,2024.0,110,0.9818181818181818,,H1,R,H,R74/H107,II,II
XHY50098.1,XHY,50098.0,IIb,IIb,2024-01,2024.0,110,0.9818181818181818,,H1,R,H,R74/H107,II,II
XHY50277.1,XHY,50277.0,IIb,IIb,2023-11,2023.0,110,0.9818181818181818,,H1,R,H,R74/H107,II,II
XHY50451.1,XHY,50451.0,IIb,IIb,2023-12,2023.0,110,0.9818181818181818,,H1,R,H,R74/H107,II,II
XDU03806.1,XDU,3806.0,IIb,IIb,2024-07-24,2024.0,110,0.9818181818181818,,H1,R,H,R74/H107,II,II
XDU03979.1,XDU,3979.0,IIb,IIb,2024-07-31,2024.0,110,0.9818181818181818,,H1,R,H,R74/H107,II,II
XDU04154.1,XDU,4154.0,IIb,IIb,2024-07-31,2024.0,110,0.9818181818181818,,H1,R,H,R74/H107,II,II
XDU04327.1,XDU,4327.0,IIb,IIb,2024-01-13,2024.0,110,0.9818181818181818,,H1,R,H,R74/H107,II,II
XDU04503.1,XDU,4503.0,IIb,IIb,2024-01-24,2024.0,110,0.9818181818181818,,H1,R,H,R74/H107,II,II
XDU04681.1,XDU,4681.0,IIb,IIb,2024-04-18,2024.0,110,0.9818181818181818,,H1,R,H,R74/H107,II,II
XDU04859.1,XDU,4859.0,IIb,IIb,2024-04-18,2024.0,110,0.9818181818181818,,H1,R,H,R74/H107,II,II
XDU05038.1,XDU,5038.0,IIb,IIb,2024-04-18,2024.0,110,0.9818181818181818,,H1,R,H,R74/H107,II,II
XDU05217.1,XDU,5217.0,IIb,IIb,2024-04-24,2024.0,110,0.9818181818181818,,H1,R,H,R74/H107,II,II
XDU05395.1,XDU,5395.0,IIb,IIb,2024-05-06,2024.0,110,0.9818181818181818,,H1,R,H,R74/H107,II,II
XDU05574.1,XDU,5574.0,IIb,IIb,2024-05-07,2024.0,110,0.9818181818181818,,H1,R,H,R74/H107,II,II
XDU05752.1,XDU,5752.0,IIb,IIb,2024-05-07,2024.0,110,0.9818181818181818,,H1,R,H,R74/H107,II,II
XDU05930.1,XDU,5930.0,IIb,IIb,2024-05-08,2024.0,110,0.9818181818181818,,H1,R,H,R74/H107,II,II
XDU06108.1,XDU,6108.0,IIb,IIb,2024-05-08,2024.0,110,0.9818181818181818,,H1,R,H,R74/H107,II,II
XDU06286.1,XDU,6286.0,IIb,IIb,2024-05-14,2024.0,110,0.9818181818181818,,H1,R,H,R74/H107,II,II
XDU06465.1,XDU,6465.0,IIb,IIb,2024-05-14,2024.0,110,0.9818181818181818,,H1,R,H,R74/H107,II,II
XDU06645.1,XDU,6645.0,IIb,IIb,2024-05-15,2024.0,110,0.9818181818181818,,H1,R,H,R74/H107,II,II
XDU06824.1,XDU,6824.0,IIb,IIb,2024-05-15,2024.0,110,0.9818181818181818,,H1,R,H,R74/H107,II,II
XDU07003.1,XDU,7003.0,IIb,IIb,2024-05-15,2024.0,110,0.9818181818181818,,H1,R,H,R74/H107,II,II
XDU07182.1,XDU,7182.0,IIb,IIb,2024-05-16,2024.0,110,0.9818181818181818,,H1,R,H,R74/H107,II,II
XDU07536.1,XDU,7536.0,IIb,IIb,2024-05-16,2024.0,110,0.9818181818181818,,H1,R,H,R74/H107,II,II
XDU07714.1,XDU,7714.0,IIb,IIb,2024-05-16,2024.0,110,0.9818181818181818,,H1,R,H,R74/H107,II,II
XDU07893.1,XDU,7893.0,IIb,IIb,2024-05-20,2024.0,110,0.9818181818181818,,H1,R,H,R74/H107,II,II
XDU08072.1,XDU,8072.0,IIb,IIb,2024-05-20,2024.0,110,0.9818181818181818,,H1,R,H,R74/H107,II,II
XDU08250.1,XDU,8250.0,IIb,IIb,2024-05-22,2024.0,110,0.9818181818181818,,H1,R,H,R74/H107,II,II
XDU08430.1,XDU,8430.0,IIb,IIb,2024-05-27,2024.0,110,0.9818181818181818,,H1,R,H,R74/H107,II,II
XDU08609.1,XDU,8609.0,IIb,IIb,2024-05-25,2024.0,110,0.9818181818181818,,H1,R,H,R74/H107,II,II
XDU08787.1,XDU,8787.0,IIb,IIb,2024-05-28,2024.0,110,0.9818181818181818,,H1,R,H,R74/H107,II,II
XDU08965.1,XDU,8965.0,IIb,IIb,2024-05-29,2024.0,110,0.9818181818181818,,H1,R,H,R74/H107,II,II
XDU09144.1,XDU,9144.0,IIb,IIb,2024-05-29,2024.0,110,0.9818181818181818,,H1,R,H,R74/H107,II,II
XDU09323.1,XDU,9323.0,IIb,IIb,2024-05-27,2024.0,110,0.9818181818181818,,H1,R,H,R74/H107,II,II
XDU09501.1,XDU,9501.0,IIb,IIb,2024-05-30,2024.0,110,0.9818181818181818,,H1,R,H,R74/H107,II,II
XDU09680.1,XDU,9680.0,IIb,IIb,2024-06-03,2024.0,110,0.9818181818181818,,H1,R,H,R74/H107,II,II
XDU09858.1,XDU,9858.0,IIb,IIb,2024-06-03,2024.0,110,0.9818181818181818,,H1,R,H,R74/H107,II,II
XDU10037.1,XDU,10037.0,IIb,IIb,2024-06-06,2024.0,110,0.9818181818181818,,H1,R,H,R74/H107,II,II
XDU10216.1,XDU,10216.0,IIb,IIb,2024-06-07,2024.0,110,0.9818181818181818,,H1,R,H,R74/H107,II,II
XDU10395.1,XDU,10395.0,IIb,IIb,2024-06-07,2024.0,110,0.9818181818181818,,H1,R,H,R74/H107,II,II
XDU10573.1,XDU,10573.0,IIb,IIb,2024-06-11,2024.0,110,0.9818181818181818,,H1,R,H,R74/H107,II,II
XDU10752.1,XDU,10752.0,IIb,IIb,2024-06,2024.0,110,0.9818181818181818,,H1,R,H,R74/H107,II,II
XDU10931.1,XDU,10931.0,IIb,IIb,2024-06-13,2024.0,110,0.9818181818181818,,H1,R,H,R74/H107,II,II
XDU11110.1,XDU,11110.0,IIb,IIb,2024-06-14,2024.0,110,0.9818181818181818,,H1,R,H,R74/H107,II,II
XDU11289.1,XDU,11289.0,IIb,IIb,2024-06-14,2024.0,110,0.9818181818181818,,H1,R,H,R74/H107,II,II
XDU11468.1,XDU,11468.0,IIb,IIb,2024-06-15,2024.0,110,0.9818181818181818,,H1,R,H,R74/H107,II,II
XDU11647.1,XDU,11647.0,IIb,IIb,2024-06-17,2024.0,110,0.9818181818181818,,H1,R,H,R74/H107,II,II
XDU11826.1,XDU,11826.0,IIb,IIb,2024-06-17,2024.0,110,0.9818181818181818,,H1,R,H,R74/H107,II,II
XDU12005.1,XDU,12005.0,IIb,IIb,2024-06-17,2024.0,110,0.9818181818181818,,H1,R,H,R74/H107,II,II
XDU12184.1,XDU,12184.0,IIb,IIb,2024-06-17,2024.0,110,0.9818181818181818,,H1,R,H,R74/H107,II,II
XDU12363.1,XDU,12363.0,IIb,IIb,2024-06-17,2024.0,110,0.9818181818181818,,H1,R,H,R74/H107,II,II
XDU12542.1,XDU,12542.0,IIb,IIb,2024-06-17,2024.0,110,0.9818181818181818,,H1,R,H,R74/H107,II,II
XDU12721.1,XDU,12721.0,IIb,IIb,2024-06-17,2024.0,110,0.9818181818181818,,H1,R,H,R74/H107,II,II
XDU12900.1,XDU,12900.0,IIb,IIb,2024-06-17,2024.0,110,0.9818181818181818,,H1,R,H,R74/H107,II,II
XDU13079.1,XDU,13079.0,IIb,IIb,2024-06-17,2024.0,110,0.9818181818181818,,H1,R,H,R74/H107,II,II
XDU13258.1,XDU,13258.0,IIb,IIb,2024-06-17,2024.0,110,0.9818181818181818,,H1,R,H,R74/H107,II,II
XDU13437.1,XDU,13437.0,IIb,IIb,2024-06-17,2024.0,110,0.9818181818181818,,H1,R,H,R74/H107,II,II
XDU13616.1,XDU,13616.0,IIb,IIb,2024-06-17,2024.0,110,0.9818181818181818,,H1,R,H,R74/H107,II,II
XDU13795.1,XDU,13795.0,IIb,IIb,2024-06-18,2024.0,110,0.9818181818181818,,H1,R,H,R74/H107,II,II
XDU13974.1,XDU,13974.0,IIb,IIb,2024-06-18,2024.0,110,0.9818181818181818,,H1,R,H,R74/H107,II,II
XDU14152.1,XDU,14152.0,IIb,IIb,2024-06-20,2024.0,110,0.9818181818181818,,H1,R,H,R74/H107,II,II
XDU14331.1,XDU,14331.0,IIb,IIb,2024-06-20,2024.0,110,0.9818181818181818,,H1,R,H,R74/H107,II,II
XDU14510.1,XDU,14510.0,IIb,IIb,2024-06-20,2024.0,110,0.9818181818181818,,H1,R,H,R74/H107,II,II
XDU14689.1,XDU,14689.0,IIb,IIb,2024-06-20,2024.0,110,0.9818181818181818,,H1,R,H,R74/H107,II,II
XDU14868.1,XDU,14868.0,IIb,IIb,2024-06-21,2024.0,110,0.9818181818181818,,H1,R,H,R74/H107,II,II
XDU15047.1,XDU,15047.0,IIb,IIb,2024-06-24,2024.0,110,0.9818181818181818,,H1,R,H,R74/H107,II,II
XDU15226.1,XDU,15226.0,IIb,IIb,2024-06-24,2024.0,110,0.9818181818181818,,H1,R,H,R74/H107,II,II
XDU15404.1,XDU,15404.0,IIb,IIb,2024-06-20,2024.0,110,0.9818181818181818,,H1,R,H,R74/H107,II,II
XDU15583.1,XDU,15583.0,IIb,IIb,2024-06-25,2024.0,110,0.9818181818181818,,H1,R,H,R74/H107,II,II
XDU15762.1,XDU,15762.0,IIb,IIb,2024-06-26,2024.0,110,0.9818181818181818,,H1,R,H,R74/H107,II,II
XDU15941.1,XDU,15941.0,IIb,IIb,2024-06-27,2024.0,110,0.9818181818181818,,H1,R,H,R74/H107,II,II
XDU16120.1,XDU,16120.0,IIb,IIb,2024-07-01,2024.0,110,0.9818181818181818,,H1,R,H,R74/H107,II,II
XDU16299.1,XDU,16299.0,IIb,IIb,2024-07-04,2024.0,110,0.9818181818181818,,H1,R,H,R74/H107,II,II
XDU16477.1,XDU,16477.0,IIb,IIb,2024-07-04,2024.0,110,0.9818181818181818,,H1,R,H,R74/H107,II,II
XDU16656.1,XDU,16656.0,IIb,IIb,2024-07-04,2024.0,110,0.9818181818181818,,H1,R,H,R74/H107,II,II
XDU16835.1,XDU,16835.0,IIb,IIb,2024-07-04,2024.0,110,0.9818181818181818,,H1,R,H,R74/H107,II,II
XDU17014.1,XDU,17014.0,IIb,IIb,2024-07-07,2024.0,110,0.9818181818181818,,H1,R,H,R74/H107,II,II
XDU17192.1,XDU,17192.0,IIb,IIb,2024-07-08,2024.0,110,0.9818181818181818,,H1,R,H,R74/H107,II,II
XDU17369.1,XDU,17369.0,IIb,IIb,2024-07-08,2024.0,110,0.9818181818181818,,H1,R,H,R74/H107,II,II
XDU17548.1,XDU,17548.0,IIb,IIb,2024-07-08,2024.0,110,0.9818181818181818,,H1,R,H,R74/H107,II,II
XDU17726.1,XDU,17726.0,IIb,IIb,2024-07-08,2024.0,110,0.9818181818181818,,H1,R,H,R74/H107,II,II
XDU17905.1,XDU,17905.0,IIb,IIb,2024-07-08,2024.0,110,0.9818181818181818,,H1,R,H,R74/H107,II,II
XDU18084.1,XDU,18084.0,IIb,IIb,2024-07-12,2024.0,110,0.9818181818181818,,H1,R,H,R74/H107,II,II
XDU18264.1,XDU,18264.0,IIb,IIb,2024-07-12,2024.0,110,0.9818181818181818,,H1,R,H,R74/H107,II,II
XDU18444.1,XDU,18444.0,IIb,IIb,2024-07-13,2024.0,110,0.9818181818181818,,H1,R,H,R74/H107,II,II
XDU18623.1,XDU,18623.0,IIb,IIb,2024-07-12,2024.0,110,0.9818181818181818,,H1,R,H,R74/H107,II,II
XDU18802.1,XDU,18802.0,IIb,IIb,2024-07-12,2024.0,110,0.9818181818181818,,H1,R,H,R74/H107,II,II
XDU18980.1,XDU,18980.0,IIb,IIb,2024-07-15,2024.0,110,0.9818181818181818,,H1,R,H,R74/H107,II,II
XDU19159.1,XDU,19159.0,IIb,IIb,2024-07-15,2024.0,110,0.9818181818181818,,H1,R,H,R74/H107,II,II
XDU19338.1,XDU,19338.0,IIb,IIb,2024-07-16,2024.0,110,0.9818181818181818,,H1,R,H,R74/H107,II,II
XDU19517.1,XDU,19517.0,IIb,IIb,2024-07-16,2024.0,110,0.9818181818181818,,H1,R,H,R74/H107,II,II
XDU19696.1,XDU,19696.0,IIb,IIb,2024-07-17,2024.0,110,0.9818181818181818,,H1,R,H,R74/H107,II,II
XDU19875.1,XDU,19875.0,IIb,IIb,2024-07-17,2024.0,110,0.9818181818181818,,H1,R,H,R74/H107,II,II
XDU20054.1,XDU,20054.0,IIb,IIb,2024-07-18,2024.0,110,0.9818181818181818,,H1,R,H,R74/H107,II,II
XDU20233.1,XDU,20233.0,IIb,IIb,2024-07-22,2024.0,110,0.9818181818181818,,H1,R,H,R74/H107,II,II
XDU20412.1,XDU,20412.0,IIb,IIb,2024-07-22,2024.0,110,0.9818181818181818,,H1,R,H,R74/H107,II,II
XDU20591.1,XDU,20591.0,IIb,IIb,2024-07-24,2024.0,110,0.9818181818181818,,H1,R,H,R74/H107,II,II
XDU20770.1,XDU,20770.0,IIb,IIb,2024-07-23,2024.0,110,0.9727272727272728,,H9,R,H,R74/H107,II,II
XDU20949.1,XDU,20949.0,IIb,IIb,2024-07-25,2024.0,110,0.9818181818181818,,H1,R,H,R74/H107,II,II
XDU21128.1,XDU,21128.0,IIb,IIb,2024-07-25,2024.0,110,0.9818181818181818,,H1,R,H,R74/H107,II,II
XDU21307.1,XDU,21307.0,IIb,IIb,2024-07-25,2024.0,110,0.9818181818181818,,H1,R,H,R74/H107,II,II
XDU21486.1,XDU,21486.0,IIb,IIb,2024-07-26,2024.0,110,0.9818181818181818,,H1,R,H,R74/H107,II,II
XHH50459.1,XHH,50459.0,IIb,IIb,2024-08-29,2024.0,110,0.9818181818181818,,H1,R,H,R74/H107,II,II
XHH50638.1,XHH,50638.0,IIb,IIb,2024-08-26,2024.0,110,0.9818181818181818,,H1,R,H,R74/H107,II,II
XHH50816.1,XHH,50816.0,IIb,IIb,2024-08-29,2024.0,110,0.9818181818181818,,H1,R,H,R74/H107,II,II
XHH50995.1,XHH,50995.0,IIb,IIb,2024-08-29,2024.0,110,0.9818181818181818,,H1,R,H,R74/H107,II,II
XHH51174.1,XHH,51174.0,IIb,IIb,2024-09-03,2024.0,110,0.9818181818181818,,H1,R,H,R74/H107,II,II
XHH51353.1,XHH,51353.0,IIb,IIb,2024-08-30,2024.0,110,0.9818181818181818,,H1,R,H,R74/H107,II,II
XHH51532.1,XHH,51532.0,IIb,IIb,2024-08-30,2024.0,110,0.9818181818181818,,H1,R,H,R74/H107,II,II
XHH51711.1,XHH,51711.0,IIb,IIb,2024-08-30,2024.0,110,0.9818181818181818,,H1,R,H,R74/H107,II,II
XHH51890.1,XHH,51890.0,IIb,IIb,2024-08-30,2024.0,110,0.9818181818181818,,H1,R,H,R74/H107,II,II
XHH52069.1,XHH,52069.0,IIb,IIb,2024-09-12,2024.0,110,0.9818181818181818,,H1,R,H,R74/H107,II,II
XHH52247.1,XHH,52247.0,IIb,IIb,2024-09-03,2024.0,110,0.9818181818181818,,H1,R,H,R74/H107,II,II
XHH52426.1,XHH,52426.0,IIb,IIb,2024-08-31,2024.0,110,0.9818181818181818,,H1,R,H,R74/H107,II,II
XHH52605.1,XHH,52605.0,IIb,IIb,2024-08-31,2024.0,110,0.9818181818181818,,H1,R,H,R74/H107,II,II
XHH52783.1,XHH,52783.0,IIb,IIb,2024-09-06,2024.0,110,0.9818181818181818,,H1,R,H,R74/H107,II,II
XHH52962.1,XHH,52962.0,IIb,IIb,2024-08-28,2024.0,110,0.9818181818181818,,H1,R,H,R74/H107,II,II
XHH53141.1,XHH,53141.0,IIb,IIb,2024-08-26,2024.0,110,0.9818181818181818,,H1,R,H,R74/H107,II,II
XHO31631.1,XHO,31631.0,IIb,IIb,2024-09,2024.0,110,0.9818181818181818,,H1,R,H,R74/H107,II,II
XHO31805.1,XHO,31805.0,IIb,IIb,2024-09,2024.0,110,0.9818181818181818,,H1,R,H,R74/H107,II,II
XHO31980.1,XHO,31980.0,IIb,IIb,2024-09,2024.0,110,0.9818181818181818,,H1,R,H,R74/H107,II,II
XHO32154.1,XHO,32154.0,IIb,IIb,2024-09,2024.0,110,0.9818181818181818,,H1,R,H,R74/H107,II,II
XHO32329.1,XHO,32329.0,IIb,IIb,2024-09,2024.0,110,0.9818181818181818,,H1,R,H,R74/H107,II,II
XHG73188.1,XHG,73188.0,IIb,IIb,2024-08-05,2024.0,110,0.9818181818181818,,H1,R,H,R74/H107,II,II
XHG73365.1,XHG,73365.0,IIb,IIb,2024-07-26,2024.0,110,0.9818181818181818,,H1,R,H,R74/H107,II,II
XHG73543.1,XHG,73543.0,IIb,IIb,2024-07-18,2024.0,110,0.9818181818181818,,H1,R,H,R74/H107,II,II
XHG73721.1,XHG,73721.0,IIb,IIb,2024-07-16,2024.0,110,0.9818181818181818,,H1,R,H,R74/H107,II,II
XHG73900.1,XHG,73900.0,IIb,IIb,2024-07-12,2024.0,110,0.9818181818181818,,H1,R,H,R74/H107,II,II
XHG74078.1,XHG,74078.0,IIb,IIb,2024-07-11,2024.0,110,0.9818181818181818,,H1,R,H,R74/H107,II,II
XHE67084.1,XHE,67084.0,IIb,IIb,2023-05-12,2023.0,110,0.9818181818181818,,H1,R,H,R74/H107,II,II
XHE67263.1,XHE,67263.0,IIb,IIb,2023-06-28,2023.0,110,0.9818181818181818,,H1,R,H,R74/H107,II,II
XHE67442.1,XHE,67442.0,IIb,IIb,2023-07-03,2023.0,110,0.9818181818181818,,H1,R,H,R74/H107,II,II
XHE67620.1,XHE,67620.0,IIb,IIb,2023-07-03,2023.0,110,0.9818181818181818,,H1,R,H,R74/H107,II,II
XHE67799.1,XHE,67799.0,IIb,IIb,2023-07-03,2023.0,110,0.9818181818181818,,H1,R,H,R74/H107,II,II
XHE67978.1,XHE,67978.0,IIb,IIb,2023-12-12,2023.0,110,0.9818181818181818,,H1,R,H,R74/H107,II,II
XHE68157.1,XHE,68157.0,IIb,IIb,2023-12-01,2023.0,110,0.9818181818181818,,H1,R,H,R74/H107,II,II
XHE68336.1,XHE,68336.0,IIb,IIb,2023-12-22,2023.0,110,0.9818181818181818,,H1,R,H,R74/H107,II,II
XHE68515.1,XHE,68515.0,IIb,IIb,2023-12-28,2023.0,110,0.9818181818181818,,H1,R,H,R74/H107,II,II
XHE68694.1,XHE,68694.0,IIb,IIb,2022-06-07,2022.0,110,0.9818181818181818,,H1,R,H,R74/H107,II,II
XHC56599.1,XHC,56599.0,IIb,IIb,2024-08-22,2024.0,110,0.9818181818181818,,H1,R,H,R74/H107,II,II
XHC56778.1,XHC,56778.0,IIb,IIb,2024-08-19,2024.0,110,0.9818181818181818,,H1,R,H,R74/H107,II,II
XHC56957.1,XHC,56957.0,IIb,IIb,2024-08-19,2024.0,110,0.9818181818181818,,H1,R,H,R74/H107,II,II
XHC57136.1,XHC,57136.0,IIb,IIb,2024-08-31,2024.0,110,0.9818181818181818,,H1,R,H,R74/H107,II,II
XHC57314.1,XHC,57314.0,IIb,IIb,2024-08-27,2024.0,110,0.9818181818181818,,H1,R,H,R74/H107,II,II
XHC57493.1,XHC,57493.0,IIb,IIb,2024-08-23,2024.0,110,0.9818181818181818,,H1,R,H,R74/H107,II,II
XHC57672.1,XHC,57672.0,IIb,IIb,2024-08-22,2024.0,110,0.9818181818181818,,H1,R,H,R74/H107,II,II
XHC57851.1,XHC,57851.0,IIb,IIb,2024-08-22,2024.0,110,0.9818181818181818,,H1,R,H,R74/H107,II,II
XHC58030.1,XHC,58030.0,IIb,IIb,2024-08-23,2024.0,110,0.9818181818181818,,H1,R,H,R74/H107,II,II
XHC58208.1,XHC,58208.0,IIb,IIb,2024-08-24,2024.0,110,0.9818181818181818,,H1,R,H,R74/H107,II,II
XHC58386.1,XHC,58386.0,IIb,IIb,2024-08-26,2024.0,110,0.9818181818181818,,H1,R,H,R74/H107,II,II
XHC58565.1,XHC,58565.0,IIb,IIb,2024-08-18,2024.0,110,0.9818181818181818,,H1,R,H,R74/H107,II,II
XHB07832.1,XHB,7832.0,IIb,IIb,2024-08,2024.0,110,0.9818181818181818,,H1,R,H,R74/H107,II,II
XHB08006.1,XHB,8006.0,IIb,IIb,2024-08,2024.0,110,0.9818181818181818,,H1,R,H,R74/H107,II,II
XHB08181.1,XHB,8181.0,IIb,IIb,2024-08,2024.0,110,0.9818181818181818,,H1,R,H,R74/H107,II,II
XHB08353.1,XHB,8353.0,IIb,IIb,2024-08,2024.0,110,0.9818181818181818,,H1,R,H,R74/H107,II,II
XHB08526.1,XHB,8526.0,IIb,IIb,2024-08,2024.0,110,0.9818181818181818,,H1,R,H,R74/H107,II,II
XHB08698.1,XHB,8698.0,IIb,IIb,2024-08,2024.0,110,0.9818181818181818,,H1,R,H,R74/H107,II,II
XHB09046.1,XHB,9046.0,IIb,IIb,2024-08,2024.0,110,0.9818181818181818,,H1,R,H,R74/H107,II,II
XHB09221.1,XHB,9221.0,IIb,IIb,2024-08,2024.0,110,0.9818181818181818,,H1,R,H,R74/H107,II,II
XHB09396.1,XHB,9396.0,IIb,IIb,2024-08,2024.0,110,0.9818181818181818,,H1,R,H,R74/H107,II,II
XHB09571.1,XHB,9571.0,IIb,IIb,2024-08,2024.0,110,0.9818181818181818,,H1,R,H,R74/H107,II,II
XHB09746.1,XHB,9746.0,IIb,IIb,2024-08,2024.0,110,0.9818181818181818,,H1,R,H,R74/H107,II,II
XHB09921.1,XHB,9921.0,IIb,IIb,2024-08,2024.0,110,0.9818181818181818,,H1,R,H,R74/H107,II,II
XHB10096.1,XHB,10096.0,IIb,IIb,2024-09,2024.0,110,0.9818181818181818,,H1,R,H,R74/H107,II,II
XHB10270.1,XHB,10270.0,IIb,IIb,2024-09,2024.0,110,0.9818181818181818,,H1,R,H,R74/H107,II,II
XHB10444.1,XHB,10444.0,IIb,IIb,2024-09,2024.0,110,0.9818181818181818,,H1,R,H,R74/H107,II,II
XHB10619.1,XHB,10619.0,IIb,IIb,2024-09,2024.0,110,0.9818181818181818,,H1,R,H,R74/H107,II,II
XHB10794.1,XHB,10794.0,IIb,IIb,2024-09,2024.0,110,0.9727272727272728,,H3,R,H,R74/H107,II,II
XHB10967.1,XHB,10967.0,Ia,Ia,2024-08-06,2024.0,110,1.0,,H2,H,R,H74/R107,I,I
XHB11136.1,XHB,11136.0,Ib,Ib,2024-08-05,2024.0,110,1.0,,H2,H,R,H74/R107,I,I
XHB11303.1,XHB,11303.0,Ib,Ib,2024-07-01,2024.0,110,1.0,,H2,H,R,H74/R107,I,I
XHB11471.1,XHB,11471.0,Ib,Ib,2024-07-01,2024.0,110,1.0,,H2,H,R,H74/R107,I,I
XHB11631.1,XHB,11631.0,Ia,Ia,2024-08-15,2024.0,110,1.0,,H2,H,R,H74/R107,I,I
XHB11770.1,XHB,11770.0,Ia,Ia,2024-08-15,2024.0,110,1.0,,H2,H,R,H74/R107,I,I
XHB11910.1,XHB,11910.0,Ia,Ia,2024-08-12,2024.0,110,1.0,,H2,H,R,H74/R107,I,I
XHB12059.1,XHB,12059.0,Ia,Ia,2024-08-15,2024.0,110,1.0,,H2,H,R,H74/R107,I,I
XHB12220.1,XHB,12220.0,Ia,Ia,2024-08-12,2024.0,110,1.0,,H2,H,R,H74/R107,I,I
XHB12386.1,XHB,12386.0,Ia,Ia,2024-08-12,2024.0,110,1.0,,H2,H,R,H74/R107,I,I
XHB12552.1,XHB,12552.0,Ib,Ib,2024-08-12,2024.0,110,1.0,,H2,H,R,H74/R107,I,I
XHB12719.1,XHB,12719.0,Ib,Ib,2024-08-09,2024.0,110,1.0,,H2,H,R,H74/R107,I,I
XGY65805.1,XGY,65805.0,IIb,IIb,2022-10,2022.0,110,0.9818181818181818,,H1,R,H,R74/H107,II,II
XGY65984.1,XGY,65984.0,IIb,IIb,2022-10,2022.0,110,0.9818181818181818,,H1,R,H,R74/H107,II,II
XGY66162.1,XGY,66162.0,IIb,IIb,2022-10,2022.0,110,0.9818181818181818,,H1,R,H,R74/H107,II,II
XGY66339.1,XGY,66339.0,IIb,IIb,2022-10,2022.0,110,0.9818181818181818,,H1,R,H,R74/H107,II,II
XGY66517.1,XGY,66517.0,IIb,IIb,2022-11,2022.0,110,0.9818181818181818,,H1,R,H,R74/H107,II,II
XGY66696.1,XGY,66696.0,IIb,IIb,2022-11,2022.0,110,0.9818181818181818,,H1,R,H,R74/H107,II,II
XGY66875.1,XGY,66875.0,IIb,IIb,2022-10,2022.0,110,0.9818181818181818,,H1,R,H,R74/H107,II,II
XGY67054.1,XGY,67054.0,IIb,IIb,2022-10,2022.0,110,0.9818181818181818,,H1,R,H,R74/H107,II,II
XGY67233.1,XGY,67233.0,IIb,IIb,2022-10,2022.0,110,0.9818181818181818,,H1,R,H,R74/H107,II,II
XGY67412.1,XGY,67412.0,IIb,IIb,2022-10,2022.0,110,0.9818181818181818,,H1,R,H,R74/H107,II,II
XGY67591.1,XGY,67591.0,IIb,IIb,2022-10,2022.0,110,0.9818181818181818,,H1,R,H,R74/H107,II,II
XGY67770.1,XGY,67770.0,IIb,IIb,2022-10,2022.0,110,0.9818181818181818,,H1,R,H,R74/H107,II,II
XGY67949.1,XGY,67949.0,IIb,IIb,2022-10,2022.0,110,0.9818181818181818,,H1,R,H,R74/H107,II,II
XGY68128.1,XGY,68128.0,IIb,IIb,2022-10,2022.0,110,0.9818181818181818,,H1,R,H,R74/H107,II,II
XGY68307.1,XGY,68307.0,IIb,IIb,2022-10,2022.0,110,0.9818181818181818,,H1,R,H,R74/H107,II,II
XGY68486.1,XGY,68486.0,IIb,IIb,2022-10,2022.0,110,0.9818181818181818,,H1,R,H,R74/H107,II,II
XGY68665.1,XGY,68665.0,IIb,IIb,2022-10,2022.0,110,0.9818181818181818,,H1,R,H,R74/H107,II,II
XGY68844.1,XGY,68844.0,IIb,IIb,2022-10,2022.0,110,0.9818181818181818,,H1,R,H,R74/H107,II,II
XGY69023.1,XGY,69023.0,IIb,IIb,2022-10,2022.0,110,0.9818181818181818,,H1,R,H,R74/H107,II,II
XGY69202.1,XGY,69202.0,IIb,IIb,2022-10,2022.0,110,0.9818181818181818,,H1,R,H,R74/H107,II,II
XGX81573.1,XGX,81573.0,IIb,IIb,2022-06-14,2022.0,110,0.9818181818181818,,H1,R,H,R74/H107,II,II
XGX81752.1,XGX,81752.0,IIb,IIb,2022-06-23,2022.0,110,0.9818181818181818,,H1,R,H,R74/H107,II,II
XGX81931.1,XGX,81931.0,IIb,IIb,2022-06-23,2022.0,110,0.9818181818181818,,H1,R,H,R74/H107,II,II
XGX82110.1,XGX,82110.0,IIb,IIb,2022-06-23,2022.0,110,0.9818181818181818,,H1,R,H,R74/H107,II,II
XGX82289.1,XGX,82289.0,IIb,IIb,2022-06-23,2022.0,110,0.9818181818181818,,H1,R,H,R74/H107,II,II
XGX82468.1,XGX,82468.0,IIb,IIb,2022-06-24,2022.0,110,0.9818181818181818,,H1,R,H,R74/H107,II,II
XGX82645.1,XGX,82645.0,IIb,IIb,2023-08-21,2023.0,110,0.9818181818181818,,H1,R,H,R74/H107,II,II
XGX82823.1,XGX,82823.0,IIb,IIb,2023-08-22,2023.0,110,0.9818181818181818,,H1,R,H,R74/H107,II,II
XGX83002.1,XGX,83002.0,IIb,IIb,2023-08-18,2023.0,110,0.9818181818181818,,H1,R,H,R74/H107,II,II
XGX83180.1,XGX,83180.0,IIb,IIb,2023-08-18,2023.0,110,0.9818181818181818,,H1,R,H,R74/H107,II,II
XGX83358.1,XGX,83358.0,IIb,IIb,2023-08-20,2023.0,110,0.9818181818181818,,H1,R,H,R74/H107,II,II
XGX83536.1,XGX,83536.0,IIb,IIb,2023-08-21,2023.0,110,0.9818181818181818,,H1,R,H,R74/H107,II,II
XGX83714.1,XGX,83714.0,IIb,IIb,2023-09-14,2023.0,110,0.9818181818181818,,H1,R,H,R74/H107,II,II
XGX83893.1,XGX,83893.0,IIb,IIb,2023-09-18,2023.0,110,0.9818181818181818,,H1,R,H,R74/H107,II,II
XGX84072.1,XGX,84072.0,IIb,IIb,2023-09-25,2023.0,110,0.9818181818181818,,H1,R,H,R74/H107,II,II
XGX84250.1,XGX,84250.0,IIb,IIb,2023-09-25,2023.0,110,0.9818181818181818,,H1,R,H,R74/H107,II,II
XGX84424.1,XGX,84424.0,IIb,IIb,2023-09-26,2023.0,110,0.9818181818181818,,H1,R,H,R74/H107,II,II
XGX84603.1,XGX,84603.0,IIb,IIb,2023-09-26,2023.0,110,0.9818181818181818,,H1,R,H,R74/H107,II,II
XGX84782.1,XGX,84782.0,IIb,IIb,2023-09-26,2023.0,110,0.9818181818181818,,H1,R,H,R74/H107,II,II
XGX84961.1,XGX,84961.0,IIb,IIb,2023-09-30,2023.0,110,0.9818181818181818,,H1,R,H,R74/H107,II,II
XGX85140.1,XGX,85140.0,IIb,IIb,2023-10-02,2023.0,110,0.9818181818181818,,H1,R,H,R74/H107,II,II
XGX85318.1,XGX,85318.0,IIb,IIb,2023-10-02,2023.0,110,0.9818181818181818,,H1,R,H,R74/H107,II,II
XGX85497.1,XGX,85497.0,IIb,IIb,2023-10-02,2023.0,110,0.9818181818181818,,H1,R,H,R74/H107,II,II
XGX85676.1,XGX,85676.0,IIb,IIb,2023-10-02,2023.0,110,0.9818181818181818,,H1,R,H,R74/H107,II,II
XGX85854.1,XGX,85854.0,IIb,IIb,2023-10-04,2023.0,110,0.9818181818181818,,H1,R,H,R74/H107,II,II
XGX86033.1,XGX,86033.0,IIb,IIb,2023-10-04,2023.0,110,0.9818181818181818,,H1,R,H,R74/H107,II,II
XGX86211.1,XGX,86211.0,IIb,IIb,2023-10-03,2023.0,110,0.9818181818181818,,H1,R,H,R74/H107,II,II
XGX86390.1,XGX,86390.0,IIb,IIb,2023-10-04,2023.0,110,0.9818181818181818,,H1,R,H,R74/H107,II,II
XGX86569.1,XGX,86569.0,IIb,IIb,2023-10-10,2023.0,110,0.9818181818181818,,H1,R,H,R74/H107,II,II
XGX86748.1,XGX,86748.0,IIb,IIb,2023-10-03,2023.0,110,0.9818181818181818,,H1,R,H,R74/H107,II,II
XGX86927.1,XGX,86927.0,IIb,IIb,2022-08-11,2022.0,110,0.9818181818181818,,H1,R,H,R74/H107,II,II
XGX87106.1,XGX,87106.0,IIb,IIb,2022-08-11,2022.0,110,0.9818181818181818,,H1,R,H,R74/H107,II,II
XGX87284.1,XGX,87284.0,IIb,IIb,2022-08-11,2022.0,110,0.9818181818181818,,H1,R,H,R74/H107,II,II
XGX87463.1,XGX,87463.0,IIb,IIb,2022-08-17,2022.0,110,0.9818181818181818,,H1,R,H,R74/H107,II,II
XGX87642.1,XGX,87642.0,IIb,IIb,2023-07-06,2023.0,110,0.9818181818181818,,H1,R,H,R74/H107,II,II
XGX87821.1,XGX,87821.0,IIb,IIb,2023-05-22,2023.0,110,0.9818181818181818,,H1,R,H,R74/H107,II,II
XGX88000.1,XGX,88000.0,IIb,IIb,2023-04-13,2023.0,110,0.9818181818181818,,H1,R,H,R74/H107,II,II
XGX88179.1,XGX,88179.0,IIb,IIb,2023-01-30,2023.0,110,0.9818181818181818,,H1,R,H,R74/H107,II,II
XGX88358.1,XGX,88358.0,IIb,IIb,2023-01-26,2023.0,110,0.9818181818181818,,H1,R,H,R74/H107,II,II
XGX88537.1,XGX,88537.0,IIb,IIb,2023-06-02,2023.0,110,0.9818181818181818,,H1,R,H,R74/H107,II,II
XGX88716.1,XGX,88716.0,IIb,IIb,2023-07-05,2023.0,110,0.9818181818181818,,H1,R,H,R74/H107,II,II
XGX88895.1,XGX,88895.0,IIb,IIb,2023-07-06,2023.0,110,0.9818181818181818,,H1,R,H,R74/H107,II,II
XGX89074.1,XGX,89074.0,IIb,IIb,2023-07-06,2023.0,110,0.9818181818181818,,H1,R,H,R74/H107,II,II
XGX89253.1,XGX,89253.0,IIb,IIb,2023-07-05,2023.0,110,0.9818181818181818,,H1,R,H,R74/H107,II,II
XGX89432.1,XGX,89432.0,IIb,IIb,2023-07-05,2023.0,110,0.9818181818181818,,H1,R,H,R74/H107,II,II
XGX89611.1,XGX,89611.0,IIb,IIb,2023-07-02,2023.0,110,0.9818181818181818,,H1,R,H,R74/H107,II,II
XGX89789.1,XGX,89789.0,IIb,IIb,2022-06-17,2022.0,110,0.9818181818181818,,H1,R,H,R74/H107,II,II
XGX89968.1,XGX,89968.0,IIb,IIb,2022-06-21,2022.0,110,0.9818181818181818,,H1,R,H,R74/H107,II,II
XGX90146.1,XGX,90146.0,IIb,IIb,2022-06-22,2022.0,110,0.9818181818181818,,H1,R,H,R74/H107,II,II
XGX90325.1,XGX,90325.0,IIb,IIb,2022-06-22,2022.0,110,0.9818181818181818,,H1,R,H,R74/H107,II,II
XGX90504.1,XGX,90504.0,IIb,IIb,2022-06-22,2022.0,110,0.9818181818181818,,H1,R,H,R74/H107,II,II
XGX90683.1,XGX,90683.0,IIb,IIb,2022-08-05,2022.0,110,0.9818181818181818,,H1,R,H,R74/H107,II,II
XGX90862.1,XGX,90862.0,IIb,IIb,2023-07-21,2023.0,110,0.9818181818181818,,H1,R,H,R74/H107,II,II
XGX91041.1,XGX,91041.0,IIb,IIb,2023-07-21,2023.0,110,0.9818181818181818,,H1,R,H,R74/H107,II,II
XGX91220.1,XGX,91220.0,IIb,IIb,2023-08-04,2023.0,110,0.9818181818181818,,H1,R,H,R74/H107,II,II
XGX91399.1,XGX,91399.0,IIb,IIb,2023-08-01,2023.0,110,0.9818181818181818,,H1,R,H,R74/H107,II,II
XGX91578.1,XGX,91578.0,IIb,IIb,2023-08-01,2023.0,110,0.9818181818181818,,H1,R,H,R74/H107,II,II
XGX91757.1,XGX,91757.0,IIb,IIb,2023-07-31,2023.0,110,0.9818181818181818,,H1,R,H,R74/H107,II,II
XGX91936.1,XGX,91936.0,IIb,IIb,2023-08-17,2023.0,110,0.9818181818181818,,H1,R,H,R74/H107,II,II
XGX92115.1,XGX,92115.0,IIb,IIb,2023-08-17,2023.0,110,0.9818181818181818,,H1,R,H,R74/H107,II,II
XGX92294.1,XGX,92294.0,IIb,IIb,2023-08-21,2023.0,110,0.9818181818181818,,H1,R,H,R74/H107,II,II
XGX92473.1,XGX,92473.0,IIb,IIb,2023-08-21,2023.0,110,0.9818181818181818,,H1,R,H,R74/H107,II,II
XGW69594.1,XGW,69594.0,IIb,IIb,2024-08-27,2024.0,110,0.9818181818181818,,H1,R,H,R74/H107,II,II
XGW69772.1,XGW,69772.0,IIb,IIb,2024-09-02,2024.0,110,0.9818181818181818,,H1,R,H,R74/H107,II,II
XGW69950.1,XGW,69950.0,IIb,IIb,2024-08-30,2024.0,110,0.9818181818181818,,H1,R,H,R74/H107,II,II
XGW70128.1,XGW,70128.0,IIb,IIb,2024-09-03,2024.0,110,0.9818181818181818,,H1,R,H,R74/H107,II,II
XGW70306.1,XGW,70306.0,IIb,IIb,2024-09-03,2024.0,110,0.9818181818181818,,H1,R,H,R74/H107,II,II
XGW70484.1,XGW,70484.0,IIb,IIb,2024-09-03,2024.0,110,0.9818181818181818,,H1,R,H,R74/H107,II,II
XGW70661.1,XGW,70661.0,IIb,IIb,2024-08-29,2024.0,110,0.9818181818181818,,H1,R,H,R74/H107,II,II
XGO85564.1,XGO,85564.0,Ib,Ib,2024-04-17,2024.0,110,1.0,,H2,H,R,H74/R107,I,I
XGO85733.1,XGO,85733.0,Ib,Ib,2024-04-10,2024.0,110,1.0,,H2,H,R,H74/R107,I,I
XGO85904.1,XGO,85904.0,Ib,Ib,2024-05-05,2024.0,110,1.0,,H2,H,R,H74/R107,I,I
XGO86074.1,XGO,86074.0,Ib,Ib,2024-04-15,2024.0,110,1.0,,H2,H,R,H74/R107,I,I
XGO86246.1,XGO,86246.0,Ib,Ib,2024-04-17,2024.0,110,1.0,,H2,H,R,H74/R107,I,I
XGO86418.1,XGO,86418.0,Ib,Ib,2024-05-30,2024.0,110,1.0,,H2,H,R,H74/R107,I,I
XGO86589.1,XGO,86589.0,Ib,Ib,2024-05-15,2024.0,110,1.0,,H2,H,R,H74/R107,I,I
XGO86760.1,XGO,86760.0,Ib,Ib,2024-05-30,2024.0,110,1.0,,H2,H,R,H74/R107,I,I
XGO86931.1,XGO,86931.0,Ib,Ib,2024-04-15,2024.0,110,1.0,,H2,H,R,H74/R107,I,I
XGO87101.1,XGO,87101.0,Ib,Ib,2024-05-12,2024.0,110,1.0,,H2,H,R,H74/R107,I,I
XGO87273.1,XGO,87273.0,Ib,Ib,2024-03-30,2024.0,110,1.0,,H2,H,R,H74/R107,I,I
XGO87444.1,XGO,87444.0,Ib,Ib,2023-10-15,2023.0,110,1.0,,H2,H,R,H74/R107,I,I
XGO87615.1,XGO,87615.0,Ib,Ib,2024-01-15,2024.0,110,1.0,,H2,H,R,H74/R107,I,I
XGO87786.1,XGO,87786.0,Ib,Ib,2023-11-15,2023.0,110,1.0,,H2,H,R,H74/R107,I,I
XGO87957.1,XGO,87957.0,Ib,Ib,2023-11-15,2023.0,110,1.0,,H2,H,R,H74/R107,I,I
XGO88128.1,XGO,88128.0,Ib,Ib,2024-01-30,2024.0,110,1.0,,H2,H,R,H74/R107,I,I
XGO88299.1,XGO,88299.0,Ib,Ib,2024-03-20,2024.0,110,1.0,,H2,H,R,H74/R107,I,I
XGO88470.1,XGO,88470.0,Ib,Ib,2024-01-15,2024.0,110,1.0,,H2,H,R,H74/R107,I,I
XGO88641.1,XGO,88641.0,Ib,Ib,2024-05-31,2024.0,110,1.0,,H2,H,R,H74/R107,I,I
XGO88813.1,XGO,88813.0,Ib,Ib,2024-04-01,2024.0,110,1.0,,H2,H,R,H74/R107,I,I
XGO88984.1,XGO,88984.0,Ib,Ib,2024-05-01,2024.0,110,1.0,,H2,H,R,H74/R107,I,I
XGO89156.1,XGO,89156.0,Ib,Ib,2024-05-24,2024.0,110,1.0,,H2,H,R,H74/R107,I,I
XGO89327.1,XGO,89327.0,Ib,Ib,2023-10-15,2023.0,110,1.0,,H2,H,R,H74/R107,I,I
XGO89498.1,XGO,89498.0,Ib,Ib,2023-12-18,2023.0,110,1.0,,H2,H,R,H74/R107,I,I
XGO89669.1,XGO,89669.0,Ib,Ib,2023-12-01,2023.0,110,1.0,,H2,H,R,H74/R107,I,I
XGO89840.1,XGO,89840.0,Ib,Ib,2023-12-01,2023.0,110,1.0,,H2,H,R,H74/R107,I,I
XGO90011.1,XGO,90011.0,Ib,Ib,2023-12-18,2023.0,110,1.0,,H2,H,R,H74/R107,I,I
XGO90177.1,XGO,90177.0,Ib,Ib,2023-12-01,2023.0,110,1.0,,H2,H,R,H74/R107,I,I
XGO90348.1,XGO,90348.0,Ib,Ib,2024-05-13,2024.0,110,1.0,,H2,H,R,H74/R107,I,I
XGO90518.1,XGO,90518.0,Ib,Ib,2023-11-15,2023.0,110,1.0,,H2,H,R,H74/R107,I,I
XGO90689.1,XGO,90689.0,Ib,Ib,2024-02-05,2024.0,110,1.0,,H2,H,R,H74/R107,I,I
XGO90860.1,XGO,90860.0,Ib,Ib,2023-11-05,2023.0,110,1.0,,H2,H,R,H74/R107,I,I
XGO91031.1,XGO,91031.0,Ib,Ib,2023-11-08,2023.0,110,1.0,,H2,H,R,H74/R107,I,I
XGO91202.1,XGO,91202.0,Ib,Ib,2023-11-14,2023.0,110,1.0,,H2,H,R,H74/R107,I,I
XGO91374.1,XGO,91374.0,Ib,Ib,2024-03-15,2024.0,110,1.0,,H2,H,R,H74/R107,I,I
XGO91545.1,XGO,91545.0,Ib,Ib,2024-03-15,2024.0,110,1.0,,H2,H,R,H74/R107,I,I
XGO91717.1,XGO,91717.0,Ib,Ib,2024-01-15,2024.0,110,1.0,,H2,H,R,H74/R107,I,I
XGO91882.1,XGO,91882.0,Ib,Ib,2023-10-15,2023.0,110,1.0,,H2,H,R,H74/R107,I,I
XGO92048.1,XGO,92048.0,Ib,Ib,2024-01-01,2024.0,110,1.0,,H2,H,R,H74/R107,I,I
XGO92218.1,XGO,92218.0,Ib,Ib,2024-01-30,2024.0,110,1.0,,H2,H,R,H74/R107,I,I
XGO92389.1,XGO,92389.0,Ib,Ib,2024-04-08,2024.0,110,1.0,,H2,H,R,H74/R107,I,I
XGO92561.1,XGO,92561.0,Ib,Ib,2024-05-08,2024.0,110,1.0,,H2,H,R,H74/R107,I,I
XGO92731.1,XGO,92731.0,Ib,Ib,2024-02-14,2024.0,110,1.0,,H2,H,R,H74/R107,I,I
XGO92902.1,XGO,92902.0,Ib,Ib,2024-01-01,2024.0,110,1.0,,H2,H,R,H74/R107,I,I
XGO93074.1,XGO,93074.0,Ib,Ib,2024-05-20,2024.0,110,1.0,,H2,H,R,H74/R107,I,I
XGO93246.1,XGO,93246.0,Ib,Ib,2024-05-01,2024.0,110,1.0,,H2,H,R,H74/R107,I,I
XGO93418.1,XGO,93418.0,Ib,Ib,2023-12-05,2023.0,110,1.0,,H2,H,R,H74/R107,I,I
XGO93587.1,XGO,93587.0,Ib,Ib,2024-04-05,2024.0,110,1.0,,H2,H,R,H74/R107,I,I
XGO93759.1,XGO,93759.0,Ib,Ib,2024-02-21,2024.0,110,1.0,,H2,H,R,H74/R107,I,I
XGO93930.1,XGO,93930.0,Ib,Ib,2024-01-15,2024.0,110,1.0,,H2,H,R,H74/R107,I,I
XGO94101.1,XGO,94101.0,Ib,Ib,2023-12-10,2023.0,110,1.0,,H2,H,R,H74/R107,I,I
XGO94272.1,XGO,94272.0,Ib,Ib,2024-05-31,2024.0,110,1.0,,H2,H,R,H74/R107,I,I
XGO94444.1,XGO,94444.0,Ib,Ib,2024-03-15,2024.0,110,1.0,,H2,H,R,H74/R107,I,I
XGO94615.1,XGO,94615.0,Ib,Ib,2023-12-25,2023.0,110,1.0,,H2,H,R,H74/R107,I,I
XGO94786.1,XGO,94786.0,Ib,Ib,2024-03-25,2024.0,110,1.0,,H2,H,R,H74/R107,I,I
XGO94955.1,XGO,94955.0,Ib,Ib,2024-05-16,2024.0,110,1.0,,H2,H,R,H74/R107,I,I
XGO95127.1,XGO,95127.0,Ib,Ib,2024-02-25,2024.0,110,1.0,,H2,H,R,H74/R107,I,I
XGO95298.1,XGO,95298.0,Ib,Ib,2024-05-20,2024.0,110,1.0,,H2,H,R,H74/R107,I,I
XFH02695.1,XFH,2695.0,IIb,IIb,,,110,0.9818181818181818,,H1,R,H,R74/H107,II,II
XFH02874.1,XFH,2874.0,IIb,IIb,,,110,0.9818181818181818,,H1,R,H,R74/H107,II,II
XFH03052.1,XFH,3052.0,IIb,IIb,,,110,0.9818181818181818,,H1,R,H,R74/H107,II,II
XFH03230.1,XFH,3230.0,IIb,IIb,,,110,0.9818181818181818,,H1,R,H,R74/H107,II,II
XFH03409.1,XFH,3409.0,IIb,IIb,,,110,0.9818181818181818,,H1,R,H,R74/H107,II,II
XFH03588.1,XFH,3588.0,IIb,IIb,,,110,0.9818181818181818,,H1,R,H,R74/H107,II,II
XFH03767.1,XFH,3767.0,IIb,IIb,,,110,0.9818181818181818,,H1,R,H,R74/H107,II,II
XFH03946.1,XFH,3946.0,IIb,IIb,,,110,0.9818181818181818,,H1,R,H,R74/H107,II,II
XFH04125.1,XFH,4125.0,IIb,IIb,,,110,0.9818181818181818,,H1,R,H,R74/H107,II,II
XFH04304.1,XFH,4304.0,IIb,IIb,,,110,0.9818181818181818,,H1,R,H,R74/H107,II,II
XFH04482.1,XFH,4482.0,IIb,IIb,,,110,0.9818181818181818,,H1,R,H,R74/H107,II,II
XFH04661.1,XFH,4661.0,IIb,IIb,,,110,0.9818181818181818,,H1,R,H,R74/H107,II,II
XFH04839.1,XFH,4839.0,IIb,IIb,,,110,0.9818181818181818,,H1,R,H,R74/H107,II,II
XFH05018.1,XFH,5018.0,IIb,IIb,,,110,0.9818181818181818,,H1,R,H,R74/H107,II,II
XFH05196.1,XFH,5196.0,IIb,IIb,,,110,0.9818181818181818,,H1,R,H,R74/H107,II,II
XFH05374.1,XFH,5374.0,IIb,IIb,,,110,0.9818181818181818,,H1,R,H,R74/H107,II,II
XFH05550.1,XFH,5550.0,IIb,IIb,,,110,0.9818181818181818,,H1,R,H,R74/H107,II,II
XFH05729.1,XFH,5729.0,IIb,IIb,,,110,0.9818181818181818,,H1,R,H,R74/H107,II,II
XFH05907.1,XFH,5907.0,IIb,IIb,,,110,0.9818181818181818,,H1,R,H,R74/H107,II,II
XFH06086.1,XFH,6086.0,IIb,IIb,,,110,0.9818181818181818,,H1,R,H,R74/H107,II,II
XFH06265.1,XFH,6265.0,IIb,IIb,,,110,0.9818181818181818,,H1,R,H,R74/H107,II,II
XFH06444.1,XFH,6444.0,IIb,IIb,,,110,0.9818181818181818,,H1,R,H,R74/H107,II,II
XFH06623.1,XFH,6623.0,IIb,IIb,,,110,0.9818181818181818,,H1,R,H,R74/H107,II,II
XFH06801.1,XFH,6801.0,IIb,IIb,,,110,0.9818181818181818,,H1,R,H,R74/H107,II,II
XFH06980.1,XFH,6980.0,IIb,IIb,,,110,0.9818181818181818,,H1,R,H,R74/H107,II,II
XFH07153.1,XFH,7153.0,IIb,IIb,,,110,0.9818181818181818,,H1,R,H,R74/H107,II,II
XFH07332.1,XFH,7332.0,IIb,IIb,,,110,0.9818181818181818,,H1,R,H,R74/H107,II,II
XFH07511.1,XFH,7511.0,IIb,IIb,,,110,0.9818181818181818,,H1,R,H,R74/H107,II,II
XFH07689.1,XFH,7689.0,IIb,IIb,,,110,0.9818181818181818,,H1,R,H,R74/H107,II,II
XFH07868.1,XFH,7868.0,IIb,IIb,,,110,0.9818181818181818,,H1,R,H,R74/H107,II,II
XFH08046.1,XFH,8046.0,IIb,IIb,,,110,0.9818181818181818,,H1,R,H,R74/H107,II,II
XFH08224.1,XFH,8224.0,IIb,IIb,,,110,0.9818181818181818,,H1,R,H,R74/H107,II,II
XFH08402.1,XFH,8402.0,IIb,IIb,,,110,0.9818181818181818,,H1,R,H,R74/H107,II,II
XFH08580.1,XFH,8580.0,IIb,IIb,,,110,0.9818181818181818,,H1,R,H,R74/H107,II,II
XFH08758.1,XFH,8758.0,IIb,IIb,,,110,0.9818181818181818,,H1,R,H,R74/H107,II,II
XFH08937.1,XFH,8937.0,IIb,IIb,,,110,0.9818181818181818,,H1,R,H,R74/H107,II,II
XFH09116.1,XFH,9116.0,IIb,IIb,,,110,0.9818181818181818,,H1,R,H,R74/H107,II,II
XFH09294.1,XFH,9294.0,IIb,IIb,,,110,0.9818181818181818,,H1,R,H,R74/H107,II,II
XFH09473.1,XFH,9473.0,IIb,IIb,,,110,0.9818181818181818,,H1,R,H,R74/H107,II,II
XFH09651.1,XFH,9651.0,IIb,IIb,,,110,0.9818181818181818,,H1,R,H,R74/H107,II,II
XFH09830.1,XFH,9830.0,IIb,IIb,,,110,0.9818181818181818,,H1,R,H,R74/H107,II,II
XFH10009.1,XFH,10009.0,IIb,IIb,,,110,0.9818181818181818,,H1,R,H,R74/H107,II,II
XFH10188.1,XFH,10188.0,IIb,IIb,,,110,0.9818181818181818,,H1,R,H,R74/H107,II,II
XFH10367.1,XFH,10367.0,IIb,IIb,,,110,0.9818181818181818,,H1,R,H,R74/H107,II,II
XFH10546.1,XFH,10546.0,IIb,IIb,,,110,0.9818181818181818,,H1,R,H,R74/H107,II,II
XFH10725.1,XFH,10725.0,IIb,IIb,,,110,0.9818181818181818,,H1,R,H,R74/H107,II,II
XFH10904.1,XFH,10904.0,IIb,IIb,,,110,0.9818181818181818,,H1,R,H,R74/H107,II,II
XFH11083.1,XFH,11083.0,IIb,IIb,,,110,0.9818181818181818,,H1,R,H,R74/H107,II,II
XFH11262.1,XFH,11262.0,IIb,IIb,,,110,0.9818181818181818,,H1,R,H,R74/H107,II,II
XFH11441.1,XFH,11441.0,IIb,IIb,,,110,0.9818181818181818,,H1,R,H,R74/H107,II,II
XFH11619.1,XFH,11619.0,IIb,IIb,,,110,0.9818181818181818,,H1,R,H,R74/H107,II,II
XFH11798.1,XFH,11798.0,IIb,IIb,,,110,0.9818181818181818,,H1,R,H,R74/H107,II,II
XFH11977.1,XFH,11977.0,IIb,IIb,,,110,0.9818181818181818,,H1,R,H,R74/H107,II,II
XFH12156.1,XFH,12156.0,IIb,IIb,,,110,0.9818181818181818,,H1,R,H,R74/H107,II,II
XFH12334.1,XFH,12334.0,IIb,IIb,,,110,0.9818181818181818,,H1,R,H,R74/H107,II,II
XFH12513.1,XFH,12513.0,IIb,IIb,,,110,0.9818181818181818,,H1,R,H,R74/H107,II,II
XFH12692.1,XFH,12692.0,IIb,IIb,,,110,0.9818181818181818,,H1,R,H,R74/H107,II,II
XFH12870.1,XFH,12870.0,IIb,IIb,,,110,0.9818181818181818,,H1,R,H,R74/H107,II,II
XFH13049.1,XFH,13049.0,IIb,IIb,,,110,0.9818181818181818,,H1,R,H,R74/H107,II,II
XFH13228.1,XFH,13228.0,IIb,IIb,,,110,0.9818181818181818,,H1,R,H,R74/H107,II,II
XFH13407.1,XFH,13407.0,IIb,IIb,,,110,0.9818181818181818,,H1,R,H,R74/H107,II,II
XFH13585.1,XFH,13585.0,IIb,IIb,,,110,0.9818181818181818,,H1,R,H,R74/H107,II,II
XFH17516.1,XFH,17516.0,Ib,Ib,2024-08-21,2024.0,110,1.0,,H2,H,R,H74/R107,I,I
XFH17682.1,XFH,17682.0,Ib,Ib,2024-08-21,2024.0,110,1.0,,H2,H,R,H74/R107,I,I
XFE30566.1,XFE,30566.0,IIb,IIb,,,110,0.9818181818181818,,H1,R,H,R74/H107,II,II
XFE97144.1,XFE,97144.0,IIb,IIb,2024-07-02,2024.0,110,0.9818181818181818,,H1,R,H,R74/H107,II,II
XFE97323.1,XFE,97323.0,IIb,IIb,2024-07-02,2024.0,110,0.9818181818181818,,H1,R,H,R74/H107,II,II
XFE97502.1,XFE,97502.0,IIb,IIb,2024-07-06,2024.0,110,0.9727272727272728,,H4,R,H,R74/H107,II,II
XFE97680.1,XFE,97680.0,IIb,IIb,2024-07-06,2024.0,110,0.9727272727272728,,H4,R,H,R74/H107,II,II
XFE97857.1,XFE,97857.0,IIb,IIb,2024-07-08,2024.0,110,0.9818181818181818,,H1,R,H,R74/H107,II,II
XFE98032.1,XFE,98032.0,IIb,IIb,2024-07-10,2024.0,110,0.9727272727272728,,H4,R,H,R74/H107,II,II
XFE98210.1,XFE,98210.0,IIb,IIb,2024-07-08,2024.0,110,0.9818181818181818,,H1,R,H,R74/H107,II,II
XFE98388.1,XFE,98388.0,IIb,IIb,2024-07-12,2024.0,110,0.9727272727272728,,H4,R,H,R74/H107,II,II
XFE98566.1,XFE,98566.0,IIb,IIb,2024-07-12,2024.0,110,0.9818181818181818,,H1,R,H,R74/H107,II,II
XFE98744.1,XFE,98744.0,IIb,IIb,2024-07-16,2024.0,110,0.9818181818181818,,H1,R,H,R74/H107,II,II
XFE98922.1,XFE,98922.0,IIb,IIb,2024-07-24,2024.0,110,0.9818181818181818,,H1,R,H,R74/H107,II,II
XFE99100.1,XFE,99100.0,IIb,IIb,2024-06-11,2024.0,110,0.9818181818181818,,H1,R,H,R74/H107,II,II
XFE99279.1,XFE,99279.0,IIb,IIb,2024-07-25,2024.0,110,0.9818181818181818,,H1,R,H,R74/H107,II,II
XFE99457.1,XFE,99457.0,IIb,IIb,2024-07-20,2024.0,110,0.9818181818181818,,H1,R,H,R74/H107,II,II
XFE99635.1,XFE,99635.0,IIb,IIb,2024-07-30,2024.0,110,0.9727272727272728,,H4,R,H,R74/H107,II,II
XFE99813.1,XFE,99813.0,IIb,IIb,2024-07-25,2024.0,110,0.9818181818181818,,H1,R,H,R74/H107,II,II
XFD05568.1,XFD,5568.0,IIb,IIb,2024-07,2024.0,110,0.9818181818181818,,H1,R,H,R74/H107,II,II
XFD05746.1,XFD,5746.0,IIb,IIb,2024-07,2024.0,110,0.9818181818181818,,H1,R,H,R74/H107,II,II
XFD05925.1,XFD,5925.0,IIb,IIb,2024-07,2024.0,110,0.9818181818181818,,H1,R,H,R74/H107,II,II
XFD06104.1,XFD,6104.0,IIb,IIb,2024-07,2024.0,110,0.9818181818181818,,H1,R,H,R74/H107,II,II
XFD06283.1,XFD,6283.0,IIb,IIb,2024-07,2024.0,110,0.9818181818181818,,H1,R,H,R74/H107,II,II
XFD06462.1,XFD,6462.0,IIb,IIb,2024-07,2024.0,110,0.9818181818181818,,H1,R,H,R74/H107,II,II
XFD06641.1,XFD,6641.0,IIb,IIb,2024-07,2024.0,110,0.9818181818181818,,H1,R,H,R74/H107,II,II
XFD45280.1,XFD,45280.0,IIb,IIb,2024-08-06,2024.0,110,0.9818181818181818,,H1,R,H,R74/H107,II,II
XFD45459.1,XFD,45459.0,IIb,IIb,2024-08-06,2024.0,110,0.9818181818181818,,H1,R,H,R74/H107,II,II
XFD45638.1,XFD,45638.0,IIb,IIb,2024-08-01,2024.0,110,0.9818181818181818,,H1,R,H,R74/H107,II,II
XFC46927.1,XFC,46927.0,IIb,IIb,2024-08-10,2024.0,110,0.9818181818181818,,H1,R,H,R74/H107,II,II
XFC47106.1,XFC,47106.0,IIb,IIb,2024-08-10,2024.0,110,0.9818181818181818,,H1,R,H,R74/H107,II,II
XFA00306.1,XFA,306.0,Ib,Ib,2024-08-16,2024.0,110,1.0,,H2,H,R,H74/R107,I,I
XFA00478.1,XFA,478.0,IIb,IIb,2024-08-13,2024.0,110,0.9818181818181818,,H1,R,H,R74/H107,II,II
XFA00653.1,XFA,653.0,IIb,IIb,2024-08-08,2024.0,110,0.9818181818181818,,H1,R,H,R74/H107,II,II
XER93710.1,XER,93710.0,IIb,IIb,2024-07,2024.0,110,0.9818181818181818,,H1,R,H,R74/H107,II,II
XER93885.1,XER,93885.0,IIb,IIb,2024-07,2024.0,110,0.9818181818181818,,H1,R,H,R74/H107,II,II
XER94060.1,XER,94060.0,IIb,IIb,2024-07,2024.0,110,0.9818181818181818,,H1,R,H,R74/H107,II,II
XER94235.1,XER,94235.0,IIb,IIb,2024-07,2024.0,110,0.9818181818181818,,H1,R,H,R74/H107,II,II
XER94409.1,XER,94409.0,IIb,IIb,2024-07,2024.0,110,0.9818181818181818,,H1,R,H,R74/H107,II,II
XER94583.1,XER,94583.0,IIb,IIb,2024-07,2024.0,110,0.9818181818181818,,H1,R,H,R74/H107,II,II
XER94757.1,XER,94757.0,IIb,IIb,2024-07,2024.0,110,0.9818181818181818,,H1,R,H,R74/H107,II,II
XER94932.1,XER,94932.0,IIb,IIb,2024-07,2024.0,110,0.9818181818181818,,H1,R,H,R74/H107,II,II
XER95529.1,XER,95529.0,Ib,Ib,2024-01-10,2024.0,110,1.0,,H2,H,R,H74/R107,I,I
XER95700.1,XER,95700.0,Ib,Ib,2024-01-10,2024.0,110,1.0,,H2,H,R,H74/R107,I,I
XER95871.1,XER,95871.0,Ib,Ib,2024-01-10,2024.0,110,1.0,,H2,H,R,H74/R107,I,I
XER96042.1,XER,96042.0,Ib,Ib,2024-01-10,2024.0,110,1.0,,H2,H,R,H74/R107,I,I
XER96386.1,XER,96386.0,Ib,Ib,2024-01-10,2024.0,110,1.0,,H2,H,R,H74/R107,I,I
XER81866.1,XER,81866.0,,unassigned,2023-09-18,2023.0,110,0.9818181818181818,,H1,R,H,R74/H107,unassigned,II
XER82045.1,XER,82045.0,IIb,IIb,2023-10-13,2023.0,110,0.9818181818181818,,H1,R,H,R74/H107,II,II
XER82224.1,XER,82224.0,IIb,IIb,2023-10-17,2023.0,110,0.9818181818181818,,H1,R,H,R74/H107,II,II
XER82403.1,XER,82403.0,IIb,IIb,2023-10-09,2023.0,110,0.9818181818181818,,H1,R,H,R74/H107,II,II
XER82581.1,XER,82581.0,IIb,IIb,2023-09-26,2023.0,110,0.9818181818181818,,H1,R,H,R74/H107,II,II
XER82758.1,XER,82758.0,IIb,IIb,2023-10-11,2023.0,110,0.9818181818181818,,H1,R,H,R74/H107,II,II
XER82936.1,XER,82936.0,IIb,IIb,2023-10-03,2023.0,110,0.9818181818181818,,H1,R,H,R74/H107,II,II
XER83115.1,XER,83115.0,IIb,IIb,2023-09-28,2023.0,110,0.9818181818181818,,H1,R,H,R74/H107,II,II
XER83294.1,XER,83294.0,IIb,IIb,2023-10-09,2023.0,110,0.9818181818181818,,H1,R,H,R74/H107,II,II
XER83474.1,XER,83474.0,IIb,IIb,2023-10-16,2023.0,110,0.9818181818181818,,H1,R,H,R74/H107,II,II
XER83653.1,XER,83653.0,IIb,IIb,2023-10-13,2023.0,110,0.9818181818181818,,H1,R,H,R74/H107,II,II
XER83831.1,XER,83831.0,IIb,IIb,2023-10-14,2023.0,110,0.9818181818181818,,H1,R,H,R74/H107,II,II
XER84009.1,XER,84009.0,IIb,IIb,2023-10-16,2023.0,110,0.9818181818181818,,H1,R,H,R74/H107,II,II
XER84187.1,XER,84187.0,IIb,IIb,2023-10-12,2023.0,110,0.9818181818181818,,H1,R,H,R74/H107,II,II
XER84366.1,XER,84366.0,IIb,IIb,2023-10-12,2023.0,110,0.9818181818181818,,H1,R,H,R74/H107,II,II
XER84543.1,XER,84543.0,IIb,IIb,2023-10-11,2023.0,110,0.9818181818181818,,H1,R,H,R74/H107,II,II
XER84722.1,XER,84722.0,IIb,IIb,2023-11-02,2023.0,110,0.9818181818181818,,H1,R,H,R74/H107,II,II
XER84900.1,XER,84900.0,IIb,IIb,2023-11-09,2023.0,110,0.9818181818181818,,H1,R,H,R74/H107,II,II
XER85079.1,XER,85079.0,IIb,IIb,2023-10-30,2023.0,110,0.9818181818181818,,H1,R,H,R74/H107,II,II
XER85257.1,XER,85257.0,IIb,IIb,2023-10-27,2023.0,110,0.9818181818181818,,H1,R,H,R74/H107,II,II
XER85436.1,XER,85436.0,IIb,IIb,2023-11-09,2023.0,110,0.9818181818181818,,H1,R,H,R74/H107,II,II
XER85615.1,XER,85615.0,IIb,IIb,2023-11-28,2023.0,110,0.9818181818181818,,H1,R,H,R74/H107,II,II
XER85794.1,XER,85794.0,IIb,IIb,2023-10-06,2023.0,110,0.9818181818181818,,H1,R,H,R74/H107,II,II
XER85973.1,XER,85973.0,IIb,IIb,2023-10-06,2023.0,110,0.9818181818181818,,H1,R,H,R74/H107,II,II
XER86152.1,XER,86152.0,IIb,IIb,2023-10-10,2023.0,110,0.9818181818181818,,H1,R,H,R74/H107,II,II
XER86330.1,XER,86330.0,IIb,IIb,2023-10-10,2023.0,110,0.9818181818181818,,H1,R,H,R74/H107,II,II
XER86508.1,XER,86508.0,IIb,IIb,2023-10-16,2023.0,110,0.9818181818181818,,H1,R,H,R74/H107,II,II
XER86687.1,XER,86687.0,IIb,IIb,2023-12-12,2023.0,110,0.9818181818181818,,H1,R,H,R74/H107,II,II
XER86866.1,XER,86866.0,IIb,IIb,2023-12-05,2023.0,110,0.9818181818181818,,H1,R,H,R74/H107,II,II
XER87044.1,XER,87044.0,IIb,IIb,2023-12-14,2023.0,110,0.9818181818181818,,H1,R,H,R74/H107,II,II
XER87222.1,XER,87222.0,IIb,IIb,2023-12-18,2023.0,110,0.9818181818181818,,H1,R,H,R74/H107,II,II
XER87401.1,XER,87401.0,IIb,IIb,2023-12-18,2023.0,110,0.9818181818181818,,H1,R,H,R74/H107,II,II
XER87580.1,XER,87580.0,IIb,IIb,2023-12-18,2023.0,110,0.9818181818181818,,H1,R,H,R74/H107,II,II
XER87758.1,XER,87758.0,IIb,IIb,2023-12-11,2023.0,110,0.9818181818181818,,H1,R,H,R74/H107,II,II
XER87936.1,XER,87936.0,IIb,IIb,2023-12-20,2023.0,110,0.9818181818181818,,H1,R,H,R74/H107,II,II
XER88113.1,XER,88113.0,IIb,IIb,2023-12-22,2023.0,110,0.9818181818181818,,H1,R,H,R74/H107,II,II
XER88292.1,XER,88292.0,IIb,IIb,2023-12-21,2023.0,110,0.9818181818181818,,H1,R,H,R74/H107,II,II
XER88471.1,XER,88471.0,IIb,IIb,2023-12-27,2023.0,110,0.9818181818181818,,H1,R,H,R74/H107,II,II
XER88649.1,XER,88649.0,IIb,IIb,2023-12-27,2023.0,110,0.9818181818181818,,H1,R,H,R74/H107,II,II
XER88826.1,XER,88826.0,IIb,IIb,2023-12-25,2023.0,110,0.9818181818181818,,H1,R,H,R74/H107,II,II
XER89005.1,XER,89005.0,IIb,IIb,2023-12-25,2023.0,110,0.9818181818181818,,H1,R,H,R74/H107,II,II
XER89183.1,XER,89183.0,IIb,IIb,2023-12-12,2023.0,110,0.9818181818181818,,H1,R,H,R74/H107,II,II
XER89362.1,XER,89362.0,IIb,IIb,2023-12-14,2023.0,110,0.9818181818181818,,H1,R,H,R74/H107,II,II
XER89541.1,XER,89541.0,,unassigned,2022-07-21,2022.0,110,0.9818181818181818,,H1,R,H,R74/H107,unassigned,II
XER89719.1,XER,89719.0,IIb,IIb,2024-02-05,2024.0,110,0.9818181818181818,,H1,R,H,R74/H107,II,II
XER89897.1,XER,89897.0,IIb,IIb,2024-02-05,2024.0,110,0.9818181818181818,,H1,R,H,R74/H107,II,II
XER90077.1,XER,90077.0,IIb,IIb,2024-01-30,2024.0,110,0.9818181818181818,,H1,R,H,R74/H107,II,II
XER90255.1,XER,90255.0,IIb,IIb,2024-02-07,2024.0,110,0.9818181818181818,,H1,R,H,R74/H107,II,II
XER90434.1,XER,90434.0,IIb,IIb,2024-02-06,2024.0,110,0.9818181818181818,,H1,R,H,R74/H107,II,II
XER90612.1,XER,90612.0,IIb,IIb,2024-02-09,2024.0,110,0.9818181818181818,,H1,R,H,R74/H107,II,II
XER90791.1,XER,90791.0,IIb,IIb,2024-02-10,2024.0,110,0.9818181818181818,,H1,R,H,R74/H107,II,II
XER90969.1,XER,90969.0,IIb,IIb,2024-02-15,2024.0,110,0.9818181818181818,,H1,R,H,R74/H107,II,II
XER91147.1,XER,91147.0,IIb,IIb,2024-02-16,2024.0,110,0.9818181818181818,,H1,R,H,R74/H107,II,II
XER91326.1,XER,91326.0,IIb,IIb,2024-02-16,2024.0,110,0.9818181818181818,,H1,R,H,R74/H107,II,II
XER91684.1,XER,91684.0,IIb,IIb,2024-03-06,2024.0,110,0.9818181818181818,,H1,R,H,R74/H107,II,II
XER91862.1,XER,91862.0,IIb,IIb,2023-11-29,2023.0,110,0.9818181818181818,,H1,R,H,R74/H107,II,II
XEO42928.1,XEO,42928.0,IIb,IIb,2024-08-06,2024.0,110,0.9818181818181818,,H1,R,H,R74/H107,II,II
XEO43102.1,XEO,43102.0,IIb,IIb,2024-08-06,2024.0,110,0.9818181818181818,,H1,R,H,R74/H107,II,II
XEQ85753.1,XEQ,85753.0,IIb,IIb,2024-07-22,2024.0,110,0.9818181818181818,,H1,R,H,R74/H107,II,II
XEQ85931.1,XEQ,85931.0,IIb,IIb,2024-07-05,2024.0,110,0.9818181818181818,,H1,R,H,R74/H107,II,II
XEQ86109.1,XEQ,86109.0,IIb,IIb,2024-08-08,2024.0,110,0.9818181818181818,,H1,R,H,R74/H107,II,II
XEQ86287.1,XEQ,86287.0,IIb,IIb,2024-07-24,2024.0,110,0.9818181818181818,,H1,R,H,R74/H107,II,II
XEQ86466.1,XEQ,86466.0,IIb,IIb,2024-07-25,2024.0,110,0.9818181818181818,,H1,R,H,R74/H107,II,II
XEO29610.1,XEO,29610.0,IIb,IIb,2024-07-29,2024.0,110,0.9818181818181818,,H1,R,H,R74/H107,II,II
XEO29789.1,XEO,29789.0,IIb,IIb,2024-07-24,2024.0,110,0.9818181818181818,,H1,R,H,R74/H107,II,II
XEO29966.1,XEO,29966.0,IIb,IIb,2024-07-25,2024.0,110,0.9818181818181818,,H1,R,H,R74/H107,II,II
XED52545.1,XED,52545.0,IIb,IIb,2024-07-16,2024.0,110,0.9818181818181818,,H1,R,H,R74/H107,II,II
XED52743.1,XED,52743.0,Ib,Ib,2024-07-25,2024.0,110,1.0,,H2,H,R,H74/R107,I,I
XEN23622.1,XEN,23622.0,IIb,IIb,2022-06-25,2022.0,110,0.9818181818181818,,H1,R,H,R74/H107,II,II
XEN23801.1,XEN,23801.0,IIb,IIb,2022-06-24,2022.0,110,0.9818181818181818,,H1,R,H,R74/H107,II,II
XEN23980.1,XEN,23980.0,IIb,IIb,2022-06-24,2022.0,110,0.9818181818181818,,H1,R,H,R74/H107,II,II
XEN24159.1,XEN,24159.0,IIb,IIb,2022-06-24,2022.0,110,0.9818181818181818,,H1,R,H,R74/H107,II,II
XEN24338.1,XEN,24338.0,IIb,IIb,2022-06-27,2022.0,110,0.9818181818181818,,H1,R,H,R74/H107,II,II
XEN24517.1,XEN,24517.0,IIb,IIb,2022-06-27,2022.0,110,0.9818181818181818,,H1,R,H,R74/H107,II,II
XEN24696.1,XEN,24696.0,IIb,IIb,2022-06-27,2022.0,110,0.9818181818181818,,H1,R,H,R74/H107,II,II
XEN24875.1,XEN,24875.0,IIb,IIb,2022-06-27,2022.0,110,0.9818181818181818,,H1,R,H,R74/H107,II,II
XEN25054.1,XEN,25054.0,IIb,IIb,2022-06-27,2022.0,110,0.9818181818181818,,H1,R,H,R74/H107,II,II
XEN25233.1,XEN,25233.0,IIb,IIb,2022-06-25,2022.0,110,0.9818181818181818,,H1,R,H,R74/H107,II,II
XEN25412.1,XEN,25412.0,IIb,IIb,2022-06-28,2022.0,110,0.9818181818181818,,H1,R,H,R74/H107,II,II
XEN25591.1,XEN,25591.0,IIb,IIb,2022-06-27,2022.0,110,0.9818181818181818,,H1,R,H,R74/H107,II,II
XEN25770.1,XEN,25770.0,IIb,IIb,2022-06-28,2022.0,110,0.9818181818181818,,H1,R,H,R74/H107,II,II
XEN25949.1,XEN,25949.0,IIb,IIb,2022-06-29,2022.0,110,0.9818181818181818,,H1,R,H,R74/H107,II,II
XEN26128.1,XEN,26128.0,IIb,IIb,2022-06-29,2022.0,110,0.9818181818181818,,H1,R,H,R74/H107,II,II
XEN26307.1,XEN,26307.0,IIb,IIb,2022-06-28,2022.0,110,0.9818181818181818,,H1,R,H,R74/H107,II,II
XEN26486.1,XEN,26486.0,IIb,IIb,2022-06-28,2022.0,110,0.9818181818181818,,H1,R,H,R74/H107,II,II
XEN26665.1,XEN,26665.0,IIb,IIb,2022-06-27,2022.0,110,0.9818181818181818,,H1,R,H,R74/H107,II,II
XEN26844.1,XEN,26844.0,IIb,IIb,2022-06-29,2022.0,110,0.9818181818181818,,H1,R,H,R74/H107,II,II
XEN27023.1,XEN,27023.0,IIb,IIb,2022-06-30,2022.0,110,0.9818181818181818,,H1,R,H,R74/H107,II,II
XEN27202.1,XEN,27202.0,IIb,IIb,2022-06-29,2022.0,110,0.9818181818181818,,H1,R,H,R74/H107,II,II
XEN27381.1,XEN,27381.0,IIb,IIb,2022-06-30,2022.0,110,0.9818181818181818,,H1,R,H,R74/H107,II,II
XEN27560.1,XEN,27560.0,IIb,IIb,2022-06-30,2022.0,110,0.9818181818181818,,H1,R,H,R74/H107,II,II
XEN27739.1,XEN,27739.0,IIb,IIb,2022-07-01,2022.0,110,0.9818181818181818,,H1,R,H,R74/H107,II,II
XEN27918.1,XEN,27918.0,IIb,IIb,2022-07-01,2022.0,110,0.9818181818181818,,H1,R,H,R74/H107,II,II
XEN28097.1,XEN,28097.0,IIb,IIb,2022-06-30,2022.0,110,0.9818181818181818,,H1,R,H,R74/H107,II,II
XEN28276.1,XEN,28276.0,IIb,IIb,2022-06-30,2022.0,110,0.9818181818181818,,H1,R,H,R74/H107,II,II
XEN28455.1,XEN,28455.0,IIb,IIb,2022-06-30,2022.0,110,0.9818181818181818,,H1,R,H,R74/H107,II,II
XEN28634.1,XEN,28634.0,IIb,IIb,2022-06-29,2022.0,110,0.9818181818181818,,H1,R,H,R74/H107,II,II
XEN28813.1,XEN,28813.0,IIb,IIb,2022-06-29,2022.0,110,0.9818181818181818,,H1,R,H,R74/H107,II,II
XEN28992.1,XEN,28992.0,IIb,IIb,2022-07-05,2022.0,110,0.9818181818181818,,H1,R,H,R74/H107,II,II
XEN29171.1,XEN,29171.0,IIb,IIb,2022-07-06,2022.0,110,0.9818181818181818,,H1,R,H,R74/H107,II,II
XEJ39869.1,XEJ,39869.0,IIb,IIb,2024-06-17,2024.0,110,0.9818181818181818,,H1,R,H,R74/H107,II,II
XEJ40048.1,XEJ,40048.0,IIb,IIb,2024-07-02,2024.0,110,0.9818181818181818,,H1,R,H,R74/H107,II,II
XEJ40226.1,XEJ,40226.0,IIb,IIb,2024-07-03,2024.0,110,0.9818181818181818,,H1,R,H,R74/H107,II,II
XDT87955.1,XDT,87955.0,IIb,IIb,2023-10-10,2023.0,110,0.9818181818181818,,H1,R,H,R74/H107,II,II
XDT88134.1,XDT,88134.0,IIb,IIb,2023-09-26,2023.0,110,0.9818181818181818,,H1,R,H,R74/H107,II,II
XDT88312.1,XDT,88312.0,IIb,IIb,2024-04-23,2024.0,110,0.9818181818181818,,H1,R,H,R74/H107,II,II
XDT88487.1,XDT,88487.0,IIb,IIb,2024-04-23,2024.0,110,0.9818181818181818,,H1,R,H,R74/H107,II,II
XDT88665.1,XDT,88665.0,IIb,IIb,2024-04-19,2024.0,110,0.9818181818181818,,H1,R,H,R74/H107,II,II
XDT88843.1,XDT,88843.0,IIb,IIb,2024-05-03,2024.0,110,0.9818181818181818,,H1,R,H,R74/H107,II,II
XDT89022.1,XDT,89022.0,IIb,IIb,2024-05-16,2024.0,110,0.9818181818181818,,H1,R,H,R74/H107,II,II
XDT89201.1,XDT,89201.0,IIb,IIb,2024-05-19,2024.0,110,0.9818181818181818,,H1,R,H,R74/H107,II,II
XDT89379.1,XDT,89379.0,IIb,IIb,2024-05-22,2024.0,110,0.9818181818181818,,H1,R,H,R74/H107,II,II
XDT89557.1,XDT,89557.0,IIb,IIb,2024-05-29,2024.0,110,0.9818181818181818,,H1,R,H,R74/H107,II,II
XDT89734.1,XDT,89734.0,IIb,IIb,2024-05-28,2024.0,110,0.9818181818181818,,H1,R,H,R74/H107,II,II
XDT89912.1,XDT,89912.0,IIb,IIb,2024-05-28,2024.0,110,0.9818181818181818,,H1,R,H,R74/H107,II,II
XDT90089.1,XDT,90089.0,IIb,IIb,2024-05-17,2024.0,110,0.9818181818181818,,H1,R,H,R74/H107,II,II
XDT90266.1,XDT,90266.0,IIb,IIb,2024-05-29,2024.0,110,0.9818181818181818,,H1,R,H,R74/H107,II,II
XDT90444.1,XDT,90444.0,IIb,IIb,2024-06-10,2024.0,110,0.9818181818181818,,H1,R,H,R74/H107,II,II
XDT90622.1,XDT,90622.0,IIb,IIb,2022-08-05,2022.0,110,0.9818181818181818,,H1,R,H,R74/H107,II,II
XDT90801.1,XDT,90801.0,IIb,IIb,2023-09-23,2023.0,110,0.9818181818181818,,H1,R,H,R74/H107,II,II
XDT90980.1,XDT,90980.0,IIb,IIb,2023-10-12,2023.0,110,0.9818181818181818,,H1,R,H,R74/H107,II,II
XDT91159.1,XDT,91159.0,IIb,IIb,2023-10-13,2023.0,110,0.9818181818181818,,H1,R,H,R74/H107,II,II
XDT91338.1,XDT,91338.0,IIb,IIb,2023-10-10,2023.0,110,0.9818181818181818,,H1,R,H,R74/H107,II,II
XDT91517.1,XDT,91517.0,IIb,IIb,2023-10-10,2023.0,110,0.9818181818181818,,H1,R,H,R74/H107,II,II
XDT91696.1,XDT,91696.0,IIb,IIb,2023-10-10,2023.0,110,0.9818181818181818,,H1,R,H,R74/H107,II,II
XDT91874.1,XDT,91874.0,IIb,IIb,2023-10-03,2023.0,110,0.9818181818181818,,H1,R,H,R74/H107,II,II
XDT92053.1,XDT,92053.0,IIb,IIb,2023-09-19,2023.0,110,0.9818181818181818,,H1,R,H,R74/H107,II,II
XDT92232.1,XDT,92232.0,IIb,IIb,2023-09-22,2023.0,110,0.9818181818181818,,H1,R,H,R74/H107,II,II
XDT92411.1,XDT,92411.0,IIb,IIb,2022-07-12,2022.0,110,0.9818181818181818,,H1,R,H,R74/H107,II,II
XDT92589.1,XDT,92589.0,IIb,IIb,2022-07-12,2022.0,110,0.9818181818181818,,H1,R,H,R74/H107,II,II
XDT92768.1,XDT,92768.0,IIb,IIb,2022-07-17,2022.0,110,0.9818181818181818,,H1,R,H,R74/H107,II,II
XDT92946.1,XDT,92946.0,IIb,IIb,2022-07-20,2022.0,110,0.9818181818181818,,H1,R,H,R74/H107,II,II
XDT93124.1,XDT,93124.0,IIb,IIb,2024-05-31,2024.0,110,0.9818181818181818,,H1,R,H,R74/H107,II,II
XDT93301.1,XDT,93301.0,IIb,IIb,2024-06-03,2024.0,110,0.9818181818181818,,H1,R,H,R74/H107,II,II
XDT93477.1,XDT,93477.0,IIb,IIb,2024-06-18,2024.0,110,0.9818181818181818,,H1,R,H,R74/H107,II,II
XDT93654.1,XDT,93654.0,IIb,IIb,2024-06-20,2024.0,110,0.9727272727272728,,H4,R,H,R74/H107,II,II
XDT93831.1,XDT,93831.0,IIb,IIb,2024-06-17,2024.0,110,0.9727272727272728,,H4,R,H,R74/H107,II,II
XDT94008.1,XDT,94008.0,IIb,IIb,2024-06-21,2024.0,110,0.9818181818181818,,H1,R,H,R74/H107,II,II
XDT94186.1,XDT,94186.0,IIb,IIb,2024-06-21,2024.0,110,0.9818181818181818,,H1,R,H,R74/H107,II,II
XDT94364.1,XDT,94364.0,IIb,IIb,2024-07-01,2024.0,110,0.9818181818181818,,H1,R,H,R74/H107,II,II
XDT94542.1,XDT,94542.0,IIb,IIb,2024-07-01,2024.0,110,0.9818181818181818,,H1,R,H,R74/H107,II,II
XDT94721.1,XDT,94721.0,IIb,IIb,2024-06-11,2024.0,110,0.9818181818181818,,H1,R,H,R74/H107,II,II
XDT94899.1,XDT,94899.0,IIb,IIb,2024-06-26,2024.0,110,0.9818181818181818,,H1,R,H,R74/H107,II,II
XDT95076.1,XDT,95076.0,IIb,IIb,2024-07-05,2024.0,110,0.9818181818181818,,H1,R,H,R74/H107,II,II
XDT95255.1,XDT,95255.0,IIb,IIb,2024-06-18,2024.0,110,0.9818181818181818,,H1,R,H,R74/H107,II,II
XDT95432.1,XDT,95432.0,IIb,IIb,2023-10-06,2023.0,110,0.9818181818181818,,H1,R,H,R74/H107,II,II
XDT95611.1,XDT,95611.0,IIb,IIb,2023-12-08,2023.0,110,0.9818181818181818,,H1,R,H,R74/H107,II,II
XDT95789.1,XDT,95789.0,IIb,IIb,2023-12-06,2023.0,110,0.9818181818181818,,H1,R,H,R74/H107,II,II
XDT95967.1,XDT,95967.0,IIb,IIb,2023-12-15,2023.0,110,0.9818181818181818,,H1,R,H,R74/H107,II,II
XDT96145.1,XDT,96145.0,IIb,IIb,2023-12-05,2023.0,110,0.9818181818181818,,H1,R,H,R74/H107,II,II
XDT96323.1,XDT,96323.0,IIb,IIb,2023-12-11,2023.0,110,0.9818181818181818,,H1,R,H,R74/H107,II,II
XDT96502.1,XDT,96502.0,IIb,IIb,2023-12-04,2023.0,110,0.9818181818181818,,H1,R,H,R74/H107,II,II
XDT96680.1,XDT,96680.0,IIb,IIb,2023-12-06,2023.0,110,0.9818181818181818,,H1,R,H,R74/H107,II,II
XDT96859.1,XDT,96859.0,IIb,IIb,2023-12-12,2023.0,110,0.9818181818181818,,H1,R,H,R74/H107,II,II
XDT97037.1,XDT,97037.0,IIb,IIb,2023-12-12,2023.0,110,0.9818181818181818,,H1,R,H,R74/H107,II,II
XDT97215.1,XDT,97215.0,IIb,IIb,2023-12-28,2023.0,110,0.9818181818181818,,H1,R,H,R74/H107,II,II
XDT97394.1,XDT,97394.0,IIb,IIb,2024-01-13,2024.0,110,0.9818181818181818,,H1,R,H,R74/H107,II,II
XDT97573.1,XDT,97573.0,IIb,IIb,2024-01-17,2024.0,110,0.9818181818181818,,H1,R,H,R74/H107,II,II
XDT97747.1,XDT,97747.0,IIb,IIb,2024-01-26,2024.0,110,0.9818181818181818,,H1,R,H,R74/H107,II,II
XDT97926.1,XDT,97926.0,IIb,IIb,2023-11-19,2023.0,110,0.9818181818181818,,H1,R,H,R74/H107,II,II
XDT98103.1,XDT,98103.0,IIb,IIb,2023-12-05,2023.0,110,0.9818181818181818,,H1,R,H,R74/H107,II,II
XDT98282.1,XDT,98282.0,IIb,IIb,2023-10-16,2023.0,110,0.9818181818181818,,H1,R,H,R74/H107,II,II
XDT98461.1,XDT,98461.0,IIb,IIb,2023-10-17,2023.0,110,0.9818181818181818,,H1,R,H,R74/H107,II,II
XDT98638.1,XDT,98638.0,IIb,IIb,2023-10-06,2023.0,110,0.9818181818181818,,H1,R,H,R74/H107,II,II
XDT98817.1,XDT,98817.0,IIb,IIb,2023-09-10,2023.0,110,0.9818181818181818,,H1,R,H,R74/H107,II,II
XDT98988.1,XDT,98988.0,IIb,IIb,2023-10-18,2023.0,110,0.9818181818181818,,H1,R,H,R74/H107,II,II
XDT99166.1,XDT,99166.0,IIb,IIb,2023-10-19,2023.0,110,0.9818181818181818,,H1,R,H,R74/H107,II,II
XDT99345.1,XDT,99345.0,IIb,IIb,2023-10-20,2023.0,110,0.9818181818181818,,H1,R,H,R74/H107,II,II
XDT99523.1,XDT,99523.0,IIb,IIb,2023-10-25,2023.0,110,0.9818181818181818,,H1,R,H,R74/H107,II,II
XDT99702.1,XDT,99702.0,IIb,IIb,2023-11-02,2023.0,110,0.9818181818181818,,H1,R,H,R74/H107,II,II
XDT99881.1,XDT,99881.0,IIb,IIb,2023-11-01,2023.0,110,0.9818181818181818,,H1,R,H,R74/H107,II,II
XDU00060.1,XDU,60.0,IIb,IIb,2023-10-25,2023.0,110,0.9818181818181818,,H1,R,H,R74/H107,II,II
XDU00239.1,XDU,239.0,IIb,IIb,2023-10-25,2023.0,110,0.9818181818181818,,H1,R,H,R74/H107,II,II
XDU00418.1,XDU,418.0,IIb,IIb,2023-10-29,2023.0,110,0.9818181818181818,,H1,R,H,R74/H107,II,II
XDU00596.1,XDU,596.0,IIb,IIb,2023-10-27,2023.0,110,0.9818181818181818,,H1,R,H,R74/H107,II,II
XDU00775.1,XDU,775.0,IIb,IIb,2023-10-27,2023.0,110,0.9818181818181818,,H1,R,H,R74/H107,II,II
XDU00955.1,XDU,955.0,IIb,IIb,2023-10-29,2023.0,110,0.9818181818181818,,H1,R,H,R74/H107,II,II
XDU01134.1,XDU,1134.0,IIb,IIb,2023-10-25,2023.0,110,0.9818181818181818,,H1,R,H,R74/H107,II,II
XDU01313.1,XDU,1313.0,IIb,IIb,2023-10-25,2023.0,110,0.9818181818181818,,H1,R,H,R74/H107,II,II
XDU01492.1,XDU,1492.0,IIb,IIb,2023-10-30,2023.0,110,0.9818181818181818,,H1,R,H,R74/H107,II,II
XDU01671.1,XDU,1671.0,IIb,IIb,2023-10-27,2023.0,110,0.9818181818181818,,H1,R,H,R74/H107,II,II
XDU01850.1,XDU,1850.0,IIb,IIb,2023-11-03,2023.0,110,0.9818181818181818,,H1,R,H,R74/H107,II,II
XDU02029.1,XDU,2029.0,IIb,IIb,2023-11-11,2023.0,110,0.9818181818181818,,H1,R,H,R74/H107,II,II
XDU02207.1,XDU,2207.0,IIb,IIb,2023-11-03,2023.0,110,0.9818181818181818,,H1,R,H,R74/H107,II,II
XDU02386.1,XDU,2386.0,IIb,IIb,2023-10-30,2023.0,110,0.9818181818181818,,H1,R,H,R74/H107,II,II
XDU02565.1,XDU,2565.0,IIb,IIb,2023-10-26,2023.0,110,0.9818181818181818,,H1,R,H,R74/H107,II,II
XDU02737.1,XDU,2737.0,IIb,IIb,2023-10-27,2023.0,110,0.9818181818181818,,H1,R,H,R74/H107,II,II
XDU02916.1,XDU,2916.0,IIb,IIb,2023-11-02,2023.0,110,0.9818181818181818,,H1,R,H,R74/H107,II,II
XDU03095.1,XDU,3095.0,IIb,IIb,2023-11-02,2023.0,110,0.9818181818181818,,H1,R,H,R74/H107,II,II
XDU03273.1,XDU,3273.0,IIb,IIb,2024-04-15,2024.0,110,0.9818181818181818,,H1,R,H,R74/H107,II,II
XDU03451.1,XDU,3451.0,IIb,IIb,2024-04-15,2024.0,110,0.9818181818181818,,H1,R,H,R74/H107,II,II
XDU03629.1,XDU,3629.0,IIb,IIb,2024-04-17,2024.0,110,0.9818181818181818,,H1,R,H,R74/H107,II,II
XDU21668.1,XDU,21668.0,IIb,IIb,2023-09,2023.0,110,0.9818181818181818,,H1,R,H,R74/H107,II,II
XDU21865.1,XDU,21865.0,IIb,IIb,2024-07-11,2024.0,110,0.9818181818181818,,H1,R,H,R74/H107,II,II
XDU22043.1,XDU,22043.0,IIb,IIb,2024-07-12,2024.0,110,0.9818181818181818,,H1,R,H,R74/H107,II,II
XDU22222.1,XDU,22222.0,IIb,IIb,2024-07-16,2024.0,110,0.9818181818181818,,H1,R,H,R74/H107,II,II
XDU23496.1,XDU,23496.0,IIb,IIb,2024-07-10,2024.0,110,0.9818181818181818,,H1,R,H,R74/H107,II,II
XDU23675.1,XDU,23675.0,IIb,IIb,2024-07-14,2024.0,110,0.9818181818181818,,H1,R,H,R74/H107,II,II
XDU23881.1,XDU,23881.0,IIb,IIb,2024-04-25,2024.0,110,0.9818181818181818,,H1,R,H,R74/H107,II,II
XDU24060.1,XDU,24060.0,IIb,IIb,2024-06-21,2024.0,110,0.9818181818181818,,H1,R,H,R74/H107,II,II
XDU24239.1,XDU,24239.0,IIb,IIb,2024-06-21,2024.0,110,0.9818181818181818,,H1,R,H,R74/H107,II,II
XDU24417.1,XDU,24417.0,IIb,IIb,2024-07-11,2024.0,110,0.9818181818181818,,H1,R,H,R74/H107,II,II
WPA88341.1,WPA,88341.0,IIb,IIb,2023,2023.0,110,0.9818181818181818,,H1,R,H,R74/H107,II,II
WPA88519.1,WPA,88519.0,IIb,IIb,2023,2023.0,110,0.9818181818181818,,H1,R,H,R74/H107,II,II
WJG37549.1,WJG,37549.0,IIb,IIb,2022-09-26,2022.0,110,0.9818181818181818,,H1,R,H,R74/H107,II,II
WJG37728.1,WJG,37728.0,IIb,IIb,2022-09-02,2022.0,110,0.9818181818181818,,H1,R,H,R74/H107,II,II
WJG37907.1,WJG,37907.0,IIb,IIb,2022-08-26,2022.0,110,0.9818181818181818,,H1,R,H,R74/H107,II,II
WJG38086.1,WJG,38086.0,IIb,IIb,2022-08-15,2022.0,110,0.9818181818181818,,H1,R,H,R74/H107,II,II
WJG38265.1,WJG,38265.0,IIb,IIb,2022-07-11,2022.0,110,0.9818181818181818,,H1,R,H,R74/H107,II,II
WJG38444.1,WJG,38444.0,IIb,IIb,2022-06-10,2022.0,110,0.9818181818181818,,H1,R,H,R74/H107,II,II
WJG38622.1,WJG,38622.0,IIb,IIb,2022-06-13,2022.0,110,0.9818181818181818,,H1,R,H,R74/H107,II,II
WJG38801.1,WJG,38801.0,IIb,IIb,2022-08-29,2022.0,110,0.9818181818181818,,H1,R,H,R74/H107,II,II
WJG38980.1,WJG,38980.0,IIb,IIb,2022-09-05,2022.0,110,0.9818181818181818,,H1,R,H,R74/H107,II,II
WJG39159.1,WJG,39159.0,IIb,IIb,2022-06-20,2022.0,110,0.9818181818181818,,H1,R,H,R74/H107,II,II
WJG39338.1,WJG,39338.0,IIb,IIb,2022-09-05,2022.0,110,0.9818181818181818,,H1,R,H,R74/H107,II,II
WJG39517.1,WJG,39517.0,IIb,IIb,2022-09-26,2022.0,110,0.9818181818181818,,H1,R,H,R74/H107,II,II
WJG39696.1,WJG,39696.0,IIb,IIb,2022-07-04,2022.0,110,0.9818181818181818,,H1,R,H,R74/H107,II,II
WJG39874.1,WJG,39874.0,IIb,IIb,2022-06-20,2022.0,110,0.9818181818181818,,H1,R,H,R74/H107,II,II
WJG40053.1,WJG,40053.0,IIb,IIb,2022-08-08,2022.0,110,0.9818181818181818,,H1,R,H,R74/H107,II,II
WJG40232.1,WJG,40232.0,IIb,IIb,2022-08-08,2022.0,110,0.9818181818181818,,H1,R,H,R74/H107,II,II
WJG40411.1,WJG,40411.0,IIb,IIb,2022-08-08,2022.0,110,0.9818181818181818,,H1,R,H,R74/H107,II,II
WJG40589.1,WJG,40589.0,IIb,IIb,2022-08-22,2022.0,110,0.9818181818181818,,H1,R,H,R74/H107,II,II
WJG40766.1,WJG,40766.0,IIb,IIb,2022-09-05,2022.0,110,0.9818181818181818,,H1,R,H,R74/H107,II,II
WJG40945.1,WJG,40945.0,IIb,IIb,2022-09-09,2022.0,110,0.9818181818181818,,H1,R,H,R74/H107,II,II
WJG41123.1,WJG,41123.0,IIb,IIb,2022-09-09,2022.0,110,0.9818181818181818,,H1,R,H,R74/H107,II,II
WJG41302.1,WJG,41302.0,IIb,IIb,2022-09-16,2022.0,110,0.9818181818181818,,H1,R,H,R74/H107,II,II
WJG41481.1,WJG,41481.0,IIb,IIb,2022-09-23,2022.0,110,0.9818181818181818,,H1,R,H,R74/H107,II,II
WJG41660.1,WJG,41660.0,IIb,IIb,2022-06-13,2022.0,110,0.9818181818181818,,H1,R,H,R74/H107,II,II
WJG41839.1,WJG,41839.0,IIb,IIb,2022-06-13,2022.0,110,0.9818181818181818,,H1,R,H,R74/H107,II,II
WJG42018.1,WJG,42018.0,IIb,IIb,2022-06-28,2022.0,110,0.9818181818181818,,H1,R,H,R74/H107,II,II
WJG42197.1,WJG,42197.0,IIb,IIb,2022-06-23,2022.0,110,0.9818181818181818,,H1,R,H,R74/H107,II,II
WJG42376.1,WJG,42376.0,IIb,IIb,2022-06-23,2022.0,110,0.9818181818181818,,H1,R,H,R74/H107,II,II
WJG42555.1,WJG,42555.0,IIb,IIb,2022-06-23,2022.0,110,0.9818181818181818,,H1,R,H,R74/H107,II,II
WJG42733.1,WJG,42733.0,IIb,IIb,2022-06-23,2022.0,110,0.9818181818181818,,H1,R,H,R74/H107,II,II
WJG42910.1,WJG,42910.0,IIb,IIb,2022-06-21,2022.0,110,0.9818181818181818,,H1,R,H,R74/H107,II,II
WJG43089.1,WJG,43089.0,IIb,IIb,2022-06-21,2022.0,110,0.9818181818181818,,H1,R,H,R74/H107,II,II
WJG43268.1,WJG,43268.0,IIb,IIb,2022-06-21,2022.0,110,0.9818181818181818,,H1,R,H,R74/H107,II,II
WJG43447.1,WJG,43447.0,IIb,IIb,2022-06-21,2022.0,110,0.9818181818181818,,H1,R,H,R74/H107,II,II
WJG43626.1,WJG,43626.0,IIb,IIb,2022-06-17,2022.0,110,0.9818181818181818,,H1,R,H,R74/H107,II,II
WJG43805.1,WJG,43805.0,IIb,IIb,2022-06-20,2022.0,110,0.9818181818181818,,H1,R,H,R74/H107,II,II
WJG43984.1,WJG,43984.0,IIb,IIb,2022-06-20,2022.0,110,0.9818181818181818,,H1,R,H,R74/H107,II,II
WJG44163.1,WJG,44163.0,IIb,IIb,2022-06-20,2022.0,110,0.9818181818181818,,H1,R,H,R74/H107,II,II
WJG44342.1,WJG,44342.0,IIb,IIb,2022-06-17,2022.0,110,0.9818181818181818,,H1,R,H,R74/H107,II,II
WJG44521.1,WJG,44521.0,IIb,IIb,2022-06-14,2022.0,110,0.9818181818181818,,H1,R,H,R74/H107,II,II
WJG44698.1,WJG,44698.0,IIb,IIb,2022-06-14,2022.0,110,0.9818181818181818,,H1,R,H,R74/H107,II,II
WJG44877.1,WJG,44877.0,IIb,IIb,2022-06-14,2022.0,110,0.9818181818181818,,H1,R,H,R74/H107,II,II
WJG45055.1,WJG,45055.0,IIb,IIb,2022-06-14,2022.0,110,0.9818181818181818,,H1,R,H,R74/H107,II,II
WJG45233.1,WJG,45233.0,IIb,IIb,2022-05-31,2022.0,110,0.9818181818181818,,H1,R,H,R74/H107,II,II
WJG45412.1,WJG,45412.0,IIb,IIb,2022-05-30,2022.0,110,0.9818181818181818,,H1,R,H,R74/H107,II,II
WJG45590.1,WJG,45590.0,IIb,IIb,2022-06-03,2022.0,110,0.9818181818181818,,H1,R,H,R74/H107,II,II
WJG45769.1,WJG,45769.0,IIb,IIb,2022-08-12,2022.0,110,0.9818181818181818,,H1,R,H,R74/H107,II,II
WJG45948.1,WJG,45948.0,IIb,IIb,2022-06-28,2022.0,110,0.9818181818181818,,H1,R,H,R74/H107,II,II
WJG46126.1,WJG,46126.0,IIb,IIb,2022-08-12,2022.0,110,0.9818181818181818,,H1,R,H,R74/H107,II,II
WJG46304.1,WJG,46304.0,IIb,IIb,2022-07-01,2022.0,110,0.9818181818181818,,H1,R,H,R74/H107,II,II
WJG46483.1,WJG,46483.0,IIb,IIb,2022-07-04,2022.0,110,0.9818181818181818,,H1,R,H,R74/H107,II,II
WJG46662.1,WJG,46662.0,IIb,IIb,2022-07-04,2022.0,110,0.9818181818181818,,H1,R,H,R74/H107,II,II
WJG46841.1,WJG,46841.0,IIb,IIb,2022-06-30,2022.0,110,0.9818181818181818,,H1,R,H,R74/H107,II,II
WJG47020.1,WJG,47020.0,IIb,IIb,2022-07-06,2022.0,110,0.9818181818181818,,H1,R,H,R74/H107,II,II
WJG47198.1,WJG,47198.0,IIb,IIb,2022-07-05,2022.0,110,0.9818181818181818,,H1,R,H,R74/H107,II,II
WJG47377.1,WJG,47377.0,IIb,IIb,2022-07-08,2022.0,110,0.9818181818181818,,H1,R,H,R74/H107,II,II
WJG47556.1,WJG,47556.0,IIb,IIb,2022-07-12,2022.0,110,0.9818181818181818,,H1,R,H,R74/H107,II,II
WJG47735.1,WJG,47735.0,IIb,IIb,2022-07-19,2022.0,110,0.9818181818181818,,H1,R,H,R74/H107,II,II
WJG47914.1,WJG,47914.0,IIb,IIb,2022-07-12,2022.0,110,0.9818181818181818,,H1,R,H,R74/H107,II,II
WJG48093.1,WJG,48093.0,IIb,IIb,2022-07-18,2022.0,110,0.9818181818181818,,H1,R,H,R74/H107,II,II
WJG48272.1,WJG,48272.0,IIb,IIb,2022-07-12,2022.0,110,0.9818181818181818,,H1,R,H,R74/H107,II,II
WJG48451.1,WJG,48451.0,IIb,IIb,2022-07-18,2022.0,110,0.9818181818181818,,H1,R,H,R74/H107,II,II
WJG48630.1,WJG,48630.0,IIb,IIb,2022-07-12,2022.0,110,0.9818181818181818,,H1,R,H,R74/H107,II,II
WJG48809.1,WJG,48809.0,IIb,IIb,2022-08-15,2022.0,110,0.9818181818181818,,H1,R,H,R74/H107,II,II
WJG48988.1,WJG,48988.0,IIb,IIb,2022-08-15,2022.0,110,0.9818181818181818,,H1,R,H,R74/H107,II,II
WJG49167.1,WJG,49167.0,IIb,IIb,2022-07-12,2022.0,110,0.9818181818181818,,H1,R,H,R74/H107,II,II
WJG49346.1,WJG,49346.0,IIb,IIb,2022-07-18,2022.0,110,0.9818181818181818,,H1,R,H,R74/H107,II,II
WJG49525.1,WJG,49525.0,IIb,IIb,2022-07-18,2022.0,110,0.9818181818181818,,H1,R,H,R74/H107,II,II
WJG49704.1,WJG,49704.0,IIb,IIb,2022-08-13,2022.0,110,0.9818181818181818,,H1,R,H,R74/H107,II,II
WJG49883.1,WJG,49883.0,IIb,IIb,2022-07-15,2022.0,110,0.9818181818181818,,H1,R,H,R74/H107,II,II
WJG50062.1,WJG,50062.0,IIb,IIb,2022-07-14,2022.0,110,0.9818181818181818,,H1,R,H,R74/H107,II,II
WJG50241.1,WJG,50241.0,IIb,IIb,2022-07-14,2022.0,110,0.9818181818181818,,H1,R,H,R74/H107,II,II
WJG50420.1,WJG,50420.0,IIb,IIb,2022-08-11,2022.0,110,0.9818181818181818,,H1,R,H,R74/H107,II,II
WJG50599.1,WJG,50599.0,IIb,IIb,2022-08-15,2022.0,110,0.9818181818181818,,H1,R,H,R74/H107,II,II
WJG50778.1,WJG,50778.0,IIb,IIb,2022-08-08,2022.0,110,0.9818181818181818,,H1,R,H,R74/H107,II,II
WJG50957.1,WJG,50957.0,IIb,IIb,2022-08-10,2022.0,110,0.9818181818181818,,H1,R,H,R74/H107,II,II
WJG51136.1,WJG,51136.0,IIb,IIb,2022-07-14,2022.0,110,0.9818181818181818,,H1,R,H,R74/H107,II,II
WJG51315.1,WJG,51315.0,IIb,IIb,2022-07-07,2022.0,110,0.9818181818181818,,H1,R,H,R74/H107,II,II
WJG51494.1,WJG,51494.0,IIb,IIb,2022-08-09,2022.0,110,0.9818181818181818,,H1,R,H,R74/H107,II,II
WJG51673.1,WJG,51673.0,IIb,IIb,2022-08-17,2022.0,110,0.9818181818181818,,H1,R,H,R74/H107,II,II
WJG51851.1,WJG,51851.0,IIb,IIb,2022-09-07,2022.0,110,0.9818181818181818,,H1,R,H,R74/H107,II,II
WJG52029.1,WJG,52029.0,IIb,IIb,2022-09-06,2022.0,110,0.9818181818181818,,H1,R,H,R74/H107,II,II
WJG52208.1,WJG,52208.0,IIb,IIb,2022-09-07,2022.0,110,0.9818181818181818,,H1,R,H,R74/H107,II,II
WJG52386.1,WJG,52386.0,IIb,IIb,2022-09-12,2022.0,110,0.9818181818181818,,H1,R,H,R74/H107,II,II
WJG52564.1,WJG,52564.0,IIb,IIb,2022-09-14,2022.0,110,0.9818181818181818,,H1,R,H,R74/H107,II,II
WJG52743.1,WJG,52743.0,IIb,IIb,2022-09-28,2022.0,110,0.9818181818181818,,H1,R,H,R74/H107,II,II
WJG52921.1,WJG,52921.0,IIb,IIb,2022-08-18,2022.0,110,0.9818181818181818,,H1,R,H,R74/H107,II,II
WJG53100.1,WJG,53100.0,IIb,IIb,2022-08-19,2022.0,110,0.9818181818181818,,H1,R,H,R74/H107,II,II
WJG53279.1,WJG,53279.0,IIb,IIb,2022-08-19,2022.0,110,0.9818181818181818,,H1,R,H,R74/H107,II,II
WJG53458.1,WJG,53458.0,IIb,IIb,2022-08-29,2022.0,110,0.9818181818181818,,H1,R,H,R74/H107,II,II
WJG53636.1,WJG,53636.0,IIb,IIb,2022-08-16,2022.0,110,0.9818181818181818,,H1,R,H,R74/H107,II,II
WJG53815.1,WJG,53815.0,IIb,IIb,2022-08-31,2022.0,110,0.9818181818181818,,H1,R,H,R74/H107,II,II
WJG53994.1,WJG,53994.0,IIb,IIb,2022-08-22,2022.0,110,0.9818181818181818,,H1,R,H,R74/H107,II,II
WJG54172.1,WJG,54172.0,IIb,IIb,2022-08-30,2022.0,110,0.9818181818181818,,H1,R,H,R74/H107,II,II
WJG54351.1,WJG,54351.0,IIb,IIb,2022-08-24,2022.0,110,0.9818181818181818,,H1,R,H,R74/H107,II,II
WJG54528.1,WJG,54528.0,IIb,IIb,2022-08-24,2022.0,110,0.9818181818181818,,H1,R,H,R74/H107,II,II
WJG54706.1,WJG,54706.0,IIb,IIb,2022-08-18,2022.0,110,0.9818181818181818,,H1,R,H,R74/H107,II,II
WJG54885.1,WJG,54885.0,IIb,IIb,2022-08-30,2022.0,110,0.9818181818181818,,H1,R,H,R74/H107,II,II
WJG55064.1,WJG,55064.0,IIb,IIb,2022-10-03,2022.0,110,0.9818181818181818,,H1,R,H,R74/H107,II,II
WJG55243.1,WJG,55243.0,IIb,IIb,2022-09-21,2022.0,110,0.9818181818181818,,H1,R,H,R74/H107,II,II
WJG55422.1,WJG,55422.0,IIb,IIb,2022-08-22,2022.0,110,0.9818181818181818,,H1,R,H,R74/H107,II,II
WJG55601.1,WJG,55601.0,IIb,IIb,2022-08-23,2022.0,110,0.9818181818181818,,H1,R,H,R74/H107,II,II
WJG55779.1,WJG,55779.0,IIb,IIb,2022-08-11,2022.0,110,0.9818181818181818,,H1,R,H,R74/H107,II,II
WJG55956.1,WJG,55956.0,IIb,IIb,2022-08-09,2022.0,110,0.9818181818181818,,H1,R,H,R74/H107,II,II
WJG56123.1,WJG,56123.0,IIb,IIb,2022-07-18,2022.0,110,0.9818181818181818,,H1,R,H,R74/H107,II,II
WJG56282.1,WJG,56282.0,IIb,IIb,2022-07-08,2022.0,110,0.9818181818181818,,H1,R,H,R74/H107,II,II
WJG56457.1,WJG,56457.0,IIb,IIb,2022-07-01,2022.0,110,0.9818181818181818,,H1,R,H,R74/H107,II,II
WJG56635.1,WJG,56635.0,IIb,IIb,2022-06-29,2022.0,110,0.9818181818181818,,H1,R,H,R74/H107,II,II
WJG56814.1,WJG,56814.0,IIb,IIb,2022-09-05,2022.0,110,0.9818181818181818,,H1,R,H,R74/H107,II,II
WJG56993.1,WJG,56993.0,IIb,IIb,2022-08-31,2022.0,110,0.9818181818181818,,H1,R,H,R74/H107,II,II
WJG57172.1,WJG,57172.0,IIb,IIb,2022-07-28,2022.0,110,0.9818181818181818,,H1,R,H,R74/H107,II,II
WJG57350.1,WJG,57350.0,IIb,IIb,2022-07-15,2022.0,110,0.9818181818181818,,H1,R,H,R74/H107,II,II
WJG57520.1,WJG,57520.0,IIb,IIb,2022-06-21,2022.0,110,0.9818181818181818,,H1,R,H,R74/H107,II,II
WJG57680.1,WJG,57680.0,IIb,IIb,2022-06-22,2022.0,110,0.9818181818181818,,H1,R,H,R74/H107,II,II
WJG57853.1,WJG,57853.0,IIb,IIb,2022-08-16,2022.0,110,0.9818181818181818,,H1,R,H,R74/H107,II,II
WJG58031.1,WJG,58031.0,IIb,IIb,2022-08-19,2022.0,110,0.9818181818181818,,H1,R,H,R74/H107,II,II
WJG58209.1,WJG,58209.0,IIb,IIb,2022-08-05,2022.0,110,0.9818181818181818,,H1,R,H,R74/H107,II,II
WJG58387.1,WJG,58387.0,IIb,IIb,2022-08-26,2022.0,110,0.9818181818181818,,H1,R,H,R74/H107,II,II
WJG58565.1,WJG,58565.0,IIb,IIb,2022-08-08,2022.0,110,0.9818181818181818,,H1,R,H,R74/H107,II,II
WJG58744.1,WJG,58744.0,IIb,IIb,2022-10-14,2022.0,110,0.9818181818181818,,H1,R,H,R74/H107,II,II
WJG58922.1,WJG,58922.0,IIb,IIb,2022-09-20,2022.0,110,0.9818181818181818,,H1,R,H,R74/H107,II,II
WJG59101.1,WJG,59101.0,IIb,IIb,2022-09-20,2022.0,110,0.9818181818181818,,H1,R,H,R74/H107,II,II
WJG59280.1,WJG,59280.0,IIb,IIb,2022-09-13,2022.0,110,0.9818181818181818,,H1,R,H,R74/H107,II,II
WJG59455.1,WJG,59455.0,IIb,IIb,2022-09-08,2022.0,110,0.9818181818181818,,H1,R,H,R74/H107,II,II
WJG59633.1,WJG,59633.0,IIb,IIb,2022-09-07,2022.0,110,0.9818181818181818,,H1,R,H,R74/H107,II,II
WJG59812.1,WJG,59812.0,IIb,IIb,2022-09-07,2022.0,110,0.9818181818181818,,H1,R,H,R74/H107,II,II
WJG59990.1,WJG,59990.0,IIb,IIb,2022-10-28,2022.0,110,0.9818181818181818,,H1,R,H,R74/H107,II,II
WJG60169.1,WJG,60169.0,IIb,IIb,2022-10-07,2022.0,110,0.9818181818181818,,H1,R,H,R74/H107,II,II
WJG60344.1,WJG,60344.0,IIb,IIb,2022-06-27,2022.0,110,0.9818181818181818,,H1,R,H,R74/H107,II,II
WJG60520.1,WJG,60520.0,IIb,IIb,2022-08-24,2022.0,110,0.9818181818181818,,H1,R,H,R74/H107,II,II
WJG60699.1,WJG,60699.0,IIb,IIb,2022-08-23,2022.0,110,0.9818181818181818,,H1,R,H,R74/H107,II,II
WJG60878.1,WJG,60878.0,IIb,IIb,2022-08-18,2022.0,110,0.9818181818181818,,H1,R,H,R74/H107,II,II
WJG61057.1,WJG,61057.0,IIb,IIb,2022-08-22,2022.0,110,0.9818181818181818,,H1,R,H,R74/H107,II,II
WJG61236.1,WJG,61236.0,IIb,IIb,2022-08-18,2022.0,110,0.9818181818181818,,H1,R,H,R74/H107,II,II
WJG61414.1,WJG,61414.0,IIb,IIb,2022-07-04,2022.0,110,0.9818181818181818,,H1,R,H,R74/H107,II,II
WJG61593.1,WJG,61593.0,IIb,IIb,2022-07-08,2022.0,110,0.9818181818181818,,H1,R,H,R74/H107,II,II
WJG61772.1,WJG,61772.0,IIb,IIb,2022-08-26,2022.0,110,0.9818181818181818,,H1,R,H,R74/H107,II,II
WJG61951.1,WJG,61951.0,IIb,IIb,2022-08-25,2022.0,110,0.9818181818181818,,H1,R,H,R74/H107,II,II
WJG62129.1,WJG,62129.0,IIb,IIb,2022-07-26,2022.0,110,0.9818181818181818,,H1,R,H,R74/H107,II,II
WJG62308.1,WJG,62308.0,IIb,IIb,2022-07-27,2022.0,110,0.9818181818181818,,H1,R,H,R74/H107,II,II
WJG62487.1,WJG,62487.0,IIb,IIb,2022-08-17,2022.0,110,0.9818181818181818,,H1,R,H,R74/H107,II,II
WJG62660.1,WJG,62660.0,IIb,IIb,2022-06-23,2022.0,110,0.9818181818181818,,H1,R,H,R74/H107,II,II
WJG62831.1,WJG,62831.0,IIb,IIb,2022-07-22,2022.0,110,0.9818181818181818,,H1,R,H,R74/H107,II,II
WJG63007.1,WJG,63007.0,IIb,IIb,2022-07-26,2022.0,110,0.9818181818181818,,H1,R,H,R74/H107,II,II
WJG63186.1,WJG,63186.0,IIb,IIb,2022-07-20,2022.0,110,0.9818181818181818,,H1,R,H,R74/H107,II,II
WJG63365.1,WJG,63365.0,IIb,IIb,2022-07-19,2022.0,110,0.9818181818181818,,H1,R,H,R74/H107,II,II
WJG63543.1,WJG,63543.0,IIb,IIb,2022-07-21,2022.0,110,0.9818181818181818,,H1,R,H,R74/H107,II,II
WJG63722.1,WJG,63722.0,IIb,IIb,2022-07-26,2022.0,110,0.9818181818181818,,H1,R,H,R74/H107,II,II
WJG63901.1,WJG,63901.0,IIb,IIb,2022-09-01,2022.0,110,0.9818181818181818,,H1,R,H,R74/H107,II,II
WJG64079.1,WJG,64079.0,IIb,IIb,2022-08-03,2022.0,110,0.9818181818181818,,H1,R,H,R74/H107,II,II
WJG64258.1,WJG,64258.0,IIb,IIb,2022-07-20,2022.0,110,0.9818181818181818,,H1,R,H,R74/H107,II,II
WJG64435.1,WJG,64435.0,IIb,IIb,2022-07-21,2022.0,110,0.9818181818181818,,H1,R,H,R74/H107,II,II
WJG64614.1,WJG,64614.0,IIb,IIb,2022-07-27,2022.0,110,0.9818181818181818,,H1,R,H,R74/H107,II,II
WJG64793.1,WJG,64793.0,IIb,IIb,2022-07-29,2022.0,110,0.9818181818181818,,H1,R,H,R74/H107,II,II
WJG64972.1,WJG,64972.0,IIb,IIb,2022-08-31,2022.0,110,0.9818181818181818,,H1,R,H,R74/H107,II,II
WJG65151.1,WJG,65151.0,IIb,IIb,2022-08-30,2022.0,110,0.9818181818181818,,H1,R,H,R74/H107,II,II
WJG65329.1,WJG,65329.0,IIb,IIb,2022-08-18,2022.0,110,0.9818181818181818,,H1,R,H,R74/H107,II,II
WJG65508.1,WJG,65508.0,IIb,IIb,2022-08-05,2022.0,110,0.9818181818181818,,H1,R,H,R74/H107,II,II
WJG65687.1,WJG,65687.0,IIb,IIb,2022-07-25,2022.0,110,0.9818181818181818,,H1,R,H,R74/H107,II,II
WJG65866.1,WJG,65866.0,IIb,IIb,2022-08-16,2022.0,110,0.9818181818181818,,H1,R,H,R74/H107,II,II
WJG66045.1,WJG,66045.0,IIb,IIb,2022-06-15,2022.0,110,0.9818181818181818,,H1,R,H,R74/H107,II,II
WJG66223.1,WJG,66223.0,IIb,IIb,2022-08-16,2022.0,110,0.9818181818181818,,H1,R,H,R74/H107,II,II
WJG66402.1,WJG,66402.0,IIb,IIb,2022-06-03,2022.0,110,0.9818181818181818,,H1,R,H,R74/H107,II,II
WJG66581.1,WJG,66581.0,IIb,IIb,2022-06-08,2022.0,110,0.9818181818181818,,H1,R,H,R74/H107,II,II
WJG66760.1,WJG,66760.0,IIb,IIb,2022-06-13,2022.0,110,0.9818181818181818,,H1,R,H,R74/H107,II,II
WJG66939.1,WJG,66939.0,IIb,IIb,2022-05-30,2022.0,110,0.9818181818181818,,H1,R,H,R74/H107,II,II
WJG67118.1,WJG,67118.0,IIb,IIb,2022-06-13,2022.0,110,0.9818181818181818,,H1,R,H,R74/H107,II,II
WJG67297.1,WJG,67297.0,IIb,IIb,2022-05-31,2022.0,110,0.9818181818181818,,H1,R,H,R74/H107,II,II
WJG67476.1,WJG,67476.0,IIb,IIb,2022-05-27,2022.0,110,0.9818181818181818,,H1,R,H,R74/H107,II,II
WJG67655.1,WJG,67655.0,IIb,IIb,2022-06-02,2022.0,110,0.9818181818181818,,H1,R,H,R74/H107,II,II
WJG67834.1,WJG,67834.0,IIb,IIb,2022-06-09,2022.0,110,0.9818181818181818,,H1,R,H,R74/H107,II,II
WJG68013.1,WJG,68013.0,IIb,IIb,2022-05-31,2022.0,110,0.9818181818181818,,H1,R,H,R74/H107,II,II
WJG68192.1,WJG,68192.0,IIb,IIb,2022-07-29,2022.0,110,0.9818181818181818,,H1,R,H,R74/H107,II,II
WJG68371.1,WJG,68371.0,IIb,IIb,2022-06-21,2022.0,110,0.9818181818181818,,H1,R,H,R74/H107,II,II
WJG68550.1,WJG,68550.0,IIb,IIb,2022-06-28,2022.0,110,0.9818181818181818,,H1,R,H,R74/H107,II,II
WJG68729.1,WJG,68729.0,IIb,IIb,2022-06-14,2022.0,110,0.9818181818181818,,H1,R,H,R74/H107,II,II
WJG68908.1,WJG,68908.0,IIb,IIb,2022-06-23,2022.0,110,0.9818181818181818,,H1,R,H,R74/H107,II,II
WJG69087.1,WJG,69087.0,IIb,IIb,2022-06-14,2022.0,110,0.9818181818181818,,H1,R,H,R74/H107,II,II
XDD73151.1,XDD,73151.0,IIb,IIb,2024-06,2024.0,110,0.9818181818181818,,H1,R,H,R74/H107,II,II
XDD73330.1,XDD,73330.0,IIb,IIb,2024-06,2024.0,110,0.9818181818181818,,H1,R,H,R74/H107,II,II
XDD73508.1,XDD,73508.0,IIb,IIb,2024-06,2024.0,110,0.9818181818181818,,H1,R,H,R74/H107,II,II
XDD73687.1,XDD,73687.0,IIb,IIb,2024-06,2024.0,110,0.9818181818181818,,H1,R,H,R74/H107,II,II
XDD73865.1,XDD,73865.0,IIb,IIb,2024-06,2024.0,110,0.9818181818181818,,H1,R,H,R74/H107,II,II
XDD74044.1,XDD,74044.0,IIb,IIb,2024-06,2024.0,110,0.9818181818181818,,H1,R,H,R74/H107,II,II
XDD74223.1,XDD,74223.0,IIb,IIb,2024-06,2024.0,110,0.9818181818181818,,H1,R,H,R74/H107,II,II
XDD74402.1,XDD,74402.0,IIb,IIb,2024-06,2024.0,110,0.9818181818181818,,H1,R,H,R74/H107,II,II
XDD74581.1,XDD,74581.0,IIb,IIb,2024-06,2024.0,110,0.9818181818181818,,H1,R,H,R74/H107,II,II
XDD74760.1,XDD,74760.0,IIb,IIb,2024-06,2024.0,110,0.9818181818181818,,H1,R,H,R74/H107,II,II
XDD74939.1,XDD,74939.0,IIb,IIb,2024-06,2024.0,110,0.9818181818181818,,H1,R,H,R74/H107,II,II
XDD75117.1,XDD,75117.0,IIb,IIb,2024-06,2024.0,110,0.9818181818181818,,H1,R,H,R74/H107,II,II
XDD75295.1,XDD,75295.0,IIb,IIb,2024-07,2024.0,110,0.9818181818181818,,H1,R,H,R74/H107,II,II
XDD75473.1,XDD,75473.0,IIb,IIb,2024-07,2024.0,110,0.9818181818181818,,H1,R,H,R74/H107,II,II
XDD75651.1,XDD,75651.0,IIb,IIb,2024-07,2024.0,110,0.9818181818181818,,H1,R,H,R74/H107,II,II
XDD75829.1,XDD,75829.0,IIb,IIb,2024-07,2024.0,110,0.9818181818181818,,H1,R,H,R74/H107,II,II
XDC01809.1,XDC,1809.0,IIb,IIb,2024-05-15,2024.0,110,0.9818181818181818,,H1,R,H,R74/H107,II,II
XDC01986.1,XDC,1986.0,IIb,IIb,2024-06-23,2024.0,110,0.9818181818181818,,H1,R,H,R74/H107,II,II
XDC02165.1,XDC,2165.0,IIb,IIb,2024-06-26,2024.0,110,0.9818181818181818,,H1,R,H,R74/H107,II,II
XDC02344.1,XDC,2344.0,IIb,IIb,2024-06-20,2024.0,110,0.9818181818181818,,H1,R,H,R74/H107,II,II
XDC02520.1,XDC,2520.0,IIb,IIb,2024-06-26,2024.0,110,0.9818181818181818,,H1,R,H,R74/H107,II,II
XDC02698.1,XDC,2698.0,IIb,IIb,2024-06-17,2024.0,110,0.9818181818181818,,H1,R,H,R74/H107,II,II
XDC02876.1,XDC,2876.0,IIb,IIb,2024-06-17,2024.0,110,0.9818181818181818,,H1,R,H,R74/H107,II,II
XDG14993.1,XDG,14993.0,IIb,IIb,2022-10-13,2022.0,110,0.9818181818181818,,H1,R,H,R74/H107,II,II
XDG15125.1,XDG,15125.0,IIb,IIb,2022-09-14,2022.0,110,0.9818181818181818,,H1,R,H,R74/H107,II,II
XDG15275.1,XDG,15275.0,IIb,IIb,2022-09-14,2022.0,110,0.9818181818181818,,H1,R,H,R74/H107,II,II
BFP03544.1,BFP,3544.0,IIb,IIb,2024-03-03,2024.0,110,0.9818181818181818,,H1,R,H,R74/H107,II,II
XCX12322.1,XCX,12322.0,IIb,IIb,2024-06-21,2024.0,110,0.9818181818181818,,H1,R,H,R74/H107,II,II
XCV99362.1,XCV,99362.0,IIb,IIb,2024-06-17,2024.0,110,0.9818181818181818,,H1,R,H,R74/H107,II,II
XCV99541.1,XCV,99541.0,IIb,IIb,2024-06-18,2024.0,110,0.9818181818181818,,H1,R,H,R74/H107,II,II
XCV99720.1,XCV,99720.0,IIb,IIb,2024-06-17,2024.0,110,0.9818181818181818,,H1,R,H,R74/H107,II,II
XCV99897.1,XCV,99897.0,IIb,IIb,2024-06-27,2024.0,110,0.9818181818181818,,H1,R,H,R74/H107,II,II
XCW00073.1,XCW,73.0,IIb,IIb,2024-06-13,2024.0,110,0.9818181818181818,,H1,R,H,R74/H107,II,II
XCW00251.1,XCW,251.0,IIb,IIb,2024-06-21,2024.0,110,0.9818181818181818,,H1,R,H,R74/H107,II,II
XCT40572.1,XCT,40572.0,IIb,IIb,2024-03,2024.0,110,0.9818181818181818,,H1,R,H,R74/H107,II,II
XCT40746.1,XCT,40746.0,IIb,IIb,2024-04,2024.0,110,0.9818181818181818,,H1,R,H,R74/H107,II,II
XCT40921.1,XCT,40921.0,IIb,IIb,2024-05,2024.0,110,0.9818181818181818,,H1,R,H,R74/H107,II,II
XCT41096.1,XCT,41096.0,IIb,IIb,2024-06,2024.0,110,0.9818181818181818,,H1,R,H,R74/H107,II,II
XCT41271.1,XCT,41271.0,IIb,IIb,2024-06,2024.0,110,0.9818181818181818,,H1,R,H,R74/H107,II,II
XCT41446.1,XCT,41446.0,IIb,IIb,2024-07,2024.0,110,0.9818181818181818,,H1,R,H,R74/H107,II,II
XCT41621.1,XCT,41621.0,IIb,IIb,2024-07,2024.0,110,0.9818181818181818,,H1,R,H,R74/H107,II,II
XCI55935.1,XCI,55935.0,IIb,IIb,2024-06-05,2024.0,110,0.9818181818181818,,H1,R,H,R74/H107,II,II
XCI56112.1,XCI,56112.0,IIb,IIb,2024-06-11,2024.0,110,0.9818181818181818,,H1,R,H,R74/H107,II,II
XCI56291.1,XCI,56291.0,IIb,IIb,2024-06-13,2024.0,110,0.9818181818181818,,H1,R,H,R74/H107,II,II
XCI56467.1,XCI,56467.0,IIb,IIb,2024-06-13,2024.0,110,0.9818181818181818,,H1,R,H,R74/H107,II,II
XBH25520.1,XBH,25520.0,IIb,IIb,2022,2022.0,110,0.9818181818181818,,H1,R,H,R74/H107,II,II
XBH25698.1,XBH,25698.0,IIb,IIb,2022-09-21,2022.0,110,0.9818181818181818,,H1,R,H,R74/H107,II,II
XBH26000.1,XBH,26000.0,IIb,IIb,2022-12-26,2022.0,110,0.9818181818181818,,H1,R,H,R74/H107,II,II
XBH26176.1,XBH,26176.0,IIb,IIb,2023-01-01,2023.0,110,0.9818181818181818,,H1,R,H,R74/H107,II,II
XBH26355.1,XBH,26355.0,IIb,IIb,2023-01-02,2023.0,110,0.9818181818181818,,H1,R,H,R74/H107,II,II
XBH26530.1,XBH,26530.0,IIb,IIb,2022-12-30,2022.0,110,0.9818181818181818,,H1,R,H,R74/H107,II,II
XBH26709.1,XBH,26709.0,IIb,IIb,2023-01-08,2023.0,110,0.9818181818181818,,H1,R,H,R74/H107,II,II
XBH26886.1,XBH,26886.0,IIb,IIb,2023-01-08,2023.0,110,0.9818181818181818,,H1,R,H,R74/H107,II,II
XBH27062.1,XBH,27062.0,IIb,IIb,2022-01-01,2022.0,110,0.9818181818181818,,H1,R,H,R74/H107,II,II
XBH27238.1,XBH,27238.0,IIb,IIb,2022,2022.0,110,0.9818181818181818,,H1,R,H,R74/H107,II,II
XBH27416.1,XBH,27416.0,IIb,IIb,2023-01-24,2023.0,110,0.9818181818181818,,H1,R,H,R74/H107,II,II
XBH27594.1,XBH,27594.0,IIb,IIb,2022,2022.0,110,0.9818181818181818,,H1,R,H,R74/H107,II,II
XBH27771.1,XBH,27771.0,IIb,IIb,2022,2022.0,110,0.9818181818181818,,H1,R,H,R74/H107,II,II
XBH27948.1,XBH,27948.0,IIb,IIb,2022-01-01,2022.0,110,0.9818181818181818,,H1,R,H,R74/H107,II,II
XBH28126.1,XBH,28126.0,IIb,IIb,2022,2022.0,110,0.9818181818181818,,H1,R,H,R74/H107,II,II
XBH28302.1,XBH,28302.0,IIb,IIb,2023-02-21,2023.0,110,0.9818181818181818,,H1,R,H,R74/H107,II,II
XBH28478.1,XBH,28478.0,IIb,IIb,2023-02-21,2023.0,110,0.9818181818181818,,H1,R,H,R74/H107,II,II
XBH28654.1,XBH,28654.0,IIb,IIb,2023-02-20,2023.0,110,0.9818181818181818,,H1,R,H,R74/H107,II,II
XBH28830.1,XBH,28830.0,IIb,IIb,2023-03-03,2023.0,110,0.9818181818181818,,H1,R,H,R74/H107,II,II
XBH29006.1,XBH,29006.0,IIb,IIb,2023-03-03,2023.0,110,0.9818181818181818,,H1,R,H,R74/H107,II,II
XBH29182.1,XBH,29182.0,IIb,IIb,2023-03-15,2023.0,110,0.9818181818181818,,H1,R,H,R74/H107,II,II
XBH29358.1,XBH,29358.0,IIb,IIb,2023-03-14,2023.0,110,0.9818181818181818,,H1,R,H,R74/H107,II,II
XBH29533.1,XBH,29533.0,IIb,IIb,2023-03-15,2023.0,110,0.9818181818181818,,H1,R,H,R74/H107,II,II
XBH29709.1,XBH,29709.0,IIb,IIb,2023-03-20,2023.0,110,0.9818181818181818,,H1,R,H,R74/H107,II,II
XBH29885.1,XBH,29885.0,IIb,IIb,2023-03-21,2023.0,110,0.9818181818181818,,H1,R,H,R74/H107,II,II
XBH30061.1,XBH,30061.0,IIb,IIb,2023-04-17,2023.0,110,0.9818181818181818,,H1,R,H,R74/H107,II,II
XBH30237.1,XBH,30237.0,IIb,IIb,2023-05-16,2023.0,110,0.9818181818181818,,H1,R,H,R74/H107,II,II
XBH30413.1,XBH,30413.0,IIb,IIb,2023-05-31,2023.0,110,0.9818181818181818,,H1,R,H,R74/H107,II,II
XBH30590.1,XBH,30590.0,IIb,IIb,2023-05-31,2023.0,110,0.9818181818181818,,H1,R,H,R74/H107,II,II
XBH30767.1,XBH,30767.0,IIb,IIb,2022-09-27,2022.0,110,0.9818181818181818,,H1,R,H,R74/H107,II,II
XBH30941.1,XBH,30941.0,IIb,IIb,2022-09-27,2022.0,110,0.9818181818181818,,H1,R,H,R74/H107,II,II
XBH31117.1,XBH,31117.0,IIb,IIb,2022-09-19,2022.0,110,0.9818181818181818,,H1,R,H,R74/H107,II,II
XBH31292.1,XBH,31292.0,IIb,IIb,2022-10-21,2022.0,110,0.9818181818181818,,H1,R,H,R74/H107,II,II
XBH31468.1,XBH,31468.0,IIb,IIb,2022-11-01,2022.0,110,0.9818181818181818,,H1,R,H,R74/H107,II,II
XBH31644.1,XBH,31644.0,IIb,IIb,2022-09-15,2022.0,110,0.9818181818181818,,H1,R,H,R74/H107,II,II
XBH31820.1,XBH,31820.0,IIb,IIb,2022-09-22,2022.0,110,0.9818181818181818,,H1,R,H,R74/H107,II,II
XBH31997.1,XBH,31997.0,IIb,IIb,2022-09-30,2022.0,110,0.9818181818181818,,H1,R,H,R74/H107,II,II
XBH32173.1,XBH,32173.0,IIb,IIb,2022-09-20,2022.0,110,0.9818181818181818,,H1,R,H,R74/H107,II,II
XBH32348.1,XBH,32348.0,IIb,IIb,2022-09-26,2022.0,110,0.9818181818181818,,H1,R,H,R74/H107,II,II
XBH32523.1,XBH,32523.0,IIb,IIb,2022-10-05,2022.0,110,0.9818181818181818,,H1,R,H,R74/H107,II,II
XBH32699.1,XBH,32699.0,IIb,IIb,2022-10-11,2022.0,110,0.9818181818181818,,H1,R,H,R74/H107,II,II
XBH32876.1,XBH,32876.0,IIb,IIb,2022,2022.0,110,0.9818181818181818,,H1,R,H,R74/H107,II,II
XBH33052.1,XBH,33052.0,IIb,IIb,2022-10-30,2022.0,110,0.9818181818181818,,H1,R,H,R74/H107,II,II
XBH33226.1,XBH,33226.0,IIb,IIb,2022-09-16,2022.0,110,0.9818181818181818,,H1,R,H,R74/H107,II,II
XBH33402.1,XBH,33402.0,IIb,IIb,2022-09-12,2022.0,110,0.9818181818181818,,H1,R,H,R74/H107,II,II
XBH33577.1,XBH,33577.0,IIb,IIb,2022-09-25,2022.0,110,0.9818181818181818,,H1,R,H,R74/H107,II,II
XBH33756.1,XBH,33756.0,IIb,IIb,2022-09-21,2022.0,110,0.9818181818181818,,H1,R,H,R74/H107,II,II
XBH33934.1,XBH,33934.0,IIb,IIb,2022-09-25,2022.0,110,0.9818181818181818,,H1,R,H,R74/H107,II,II
XBH34110.1,XBH,34110.0,IIb,IIb,2022-10-07,2022.0,110,0.9818181818181818,,H1,R,H,R74/H107,II,II
XBH34285.1,XBH,34285.0,IIb,IIb,2022,2022.0,110,0.9818181818181818,,H1,R,H,R74/H107,II,II
XBH34462.1,XBH,34462.0,IIb,IIb,2022-11-01,2022.0,110,0.9818181818181818,,H1,R,H,R74/H107,II,II
XBH34637.1,XBH,34637.0,IIb,IIb,2022-09-18,2022.0,110,0.9818181818181818,,H1,R,H,R74/H107,II,II
XBH34813.1,XBH,34813.0,IIb,IIb,2022-08-30,2022.0,110,0.9818181818181818,,H1,R,H,R74/H107,II,II
XBH34990.1,XBH,34990.0,IIb,IIb,2022-09-26,2022.0,110,0.9818181818181818,,H1,R,H,R74/H107,II,II
XBH35165.1,XBH,35165.0,IIb,IIb,2022-09-26,2022.0,110,0.9818181818181818,,H1,R,H,R74/H107,II,II
XBH35338.1,XBH,35338.0,IIb,IIb,2022-10-14,2022.0,110,0.9818181818181818,,H1,R,H,R74/H107,II,II
XBH35513.1,XBH,35513.0,IIb,IIb,2022-10-24,2022.0,110,0.9818181818181818,,H1,R,H,R74/H107,II,II
XBH35689.1,XBH,35689.0,IIb,IIb,2022-09-13,2022.0,110,0.9818181818181818,,H1,R,H,R74/H107,II,II
XBH35864.1,XBH,35864.0,IIb,IIb,2022-09-26,2022.0,110,0.9818181818181818,,H1,R,H,R74/H107,II,II
XBH36040.1,XBH,36040.0,IIb,IIb,2022-10-02,2022.0,110,0.9818181818181818,,H1,R,H,R74/H107,II,II
XBH36218.1,XBH,36218.0,IIb,IIb,2022-09-30,2022.0,110,0.9818181818181818,,H1,R,H,R74/H107,II,II
XBH36394.1,XBH,36394.0,IIb,IIb,2022-10-01,2022.0,110,0.9818181818181818,,H1,R,H,R74/H107,II,II
XBH36569.1,XBH,36569.0,IIb,IIb,2022-10-08,2022.0,110,0.9818181818181818,,H1,R,H,R74/H107,II,II
XBH36746.1,XBH,36746.0,IIb,IIb,2022-10-24,2022.0,110,0.9818181818181818,,H1,R,H,R74/H107,II,II
XBH36922.1,XBH,36922.0,IIb,IIb,2022-10-24,2022.0,110,0.9818181818181818,,H1,R,H,R74/H107,II,II
XBH37098.1,XBH,37098.0,IIb,IIb,2022-09-18,2022.0,110,0.9818181818181818,,H1,R,H,R74/H107,II,II
XBH37274.1,XBH,37274.0,IIb,IIb,2022-09-19,2022.0,110,0.9818181818181818,,H1,R,H,R74/H107,II,II
XBH37450.1,XBH,37450.0,IIb,IIb,2022-09-17,2022.0,110,0.9818181818181818,,H1,R,H,R74/H107,II,II
XBH37625.1,XBH,37625.0,IIb,IIb,2022-09-22,2022.0,110,0.9818181818181818,,H1,R,H,R74/H107,II,II
XBH37801.1,XBH,37801.0,IIb,IIb,2022-09-27,2022.0,110,0.9818181818181818,,H1,R,H,R74/H107,II,II
XBH37976.1,XBH,37976.0,IIb,IIb,2022-10-03,2022.0,110,0.9818181818181818,,H1,R,H,R74/H107,II,II
XBH38151.1,XBH,38151.0,IIb,IIb,2022-10-05,2022.0,110,0.9818181818181818,,H1,R,H,R74/H107,II,II
XBH38327.1,XBH,38327.0,IIb,IIb,2022-10-13,2022.0,110,0.9818181818181818,,H1,R,H,R74/H107,II,II
XBH38502.1,XBH,38502.0,IIb,IIb,2022-10-26,2022.0,110,0.9818181818181818,,H1,R,H,R74/H107,II,II
XBH38679.1,XBH,38679.0,IIb,IIb,2022-10-30,2022.0,110,0.9818181818181818,,H1,R,H,R74/H107,II,II
XBH38855.1,XBH,38855.0,IIb,IIb,2022-09-14,2022.0,110,0.9818181818181818,,H1,R,H,R74/H107,II,II
XBH39032.1,XBH,39032.0,IIb,IIb,2022-09-27,2022.0,110,0.9818181818181818,,H1,R,H,R74/H107,II,II
XBH39209.1,XBH,39209.0,IIb,IIb,2022-09-16,2022.0,110,0.9818181818181818,,H1,R,H,R74/H107,II,II
XBH39381.1,XBH,39381.0,IIb,IIb,2022-09-16,2022.0,110,0.9818181818181818,,H1,R,H,R74/H107,II,II
XBH39557.1,XBH,39557.0,IIb,IIb,2022-09-28,2022.0,110,0.9818181818181818,,H1,R,H,R74/H107,II,II
XBH39734.1,XBH,39734.0,IIb,IIb,2022,2022.0,110,0.9818181818181818,,H1,R,H,R74/H107,II,II
XBH39909.1,XBH,39909.0,IIb,IIb,2022-10-06,2022.0,110,0.9818181818181818,,H1,R,H,R74/H107,II,II
XBH40086.1,XBH,40086.0,IIb,IIb,2022-10-12,2022.0,110,0.9818181818181818,,H1,R,H,R74/H107,II,II
XBH40263.1,XBH,40263.0,IIb,IIb,2022-10-24,2022.0,110,0.9818181818181818,,H1,R,H,R74/H107,II,II
XBH40438.1,XBH,40438.0,IIb,IIb,2022-11-02,2022.0,110,0.9818181818181818,,H1,R,H,R74/H107,II,II
XBH40615.1,XBH,40615.0,IIb,IIb,2022-09-12,2022.0,110,0.9818181818181818,,H1,R,H,R74/H107,II,II
XBH40960.1,XBH,40960.0,IIb,IIb,2022-09-16,2022.0,110,0.9818181818181818,,H1,R,H,R74/H107,II,II
XBH41137.1,XBH,41137.0,IIb,IIb,2022-09-23,2022.0,110,0.9818181818181818,,H1,R,H,R74/H107,II,II
XBH41312.1,XBH,41312.0,IIb,IIb,2022-09-28,2022.0,110,0.9818181818181818,,H1,R,H,R74/H107,II,II
XBH41489.1,XBH,41489.0,IIb,IIb,2022-09-29,2022.0,110,0.9818181818181818,,H1,R,H,R74/H107,II,II
XBH41666.1,XBH,41666.0,IIb,IIb,2022-10-05,2022.0,110,0.9818181818181818,,H1,R,H,R74/H107,II,II
XBH41842.1,XBH,41842.0,IIb,IIb,2022-10-14,2022.0,110,0.9818181818181818,,H1,R,H,R74/H107,II,II
XBH42017.1,XBH,42017.0,IIb,IIb,2022-10-26,2022.0,110,0.9818181818181818,,H1,R,H,R74/H107,II,II
XBH42192.1,XBH,42192.0,IIb,IIb,2022-10-26,2022.0,110,0.9818181818181818,,H1,R,H,R74/H107,II,II
XBH42382.1,XBH,42382.0,IIb,IIb,2022-09-20,2022.0,110,0.9818181818181818,,H1,R,H,R74/H107,II,II
XBH42577.1,XBH,42577.0,IIb,IIb,2022-08-30,2022.0,110,0.9818181818181818,,H1,R,H,R74/H107,II,II
XBH42751.1,XBH,42751.0,IIb,IIb,2022-09-27,2022.0,110,0.9818181818181818,,H1,R,H,R74/H107,II,II
XBH42926.1,XBH,42926.0,IIb,IIb,2022-09-30,2022.0,110,0.9818181818181818,,H1,R,H,R74/H107,II,II
XBH43103.1,XBH,43103.0,IIb,IIb,2022-10-12,2022.0,110,0.9818181818181818,,H1,R,H,R74/H107,II,II
XBH43279.1,XBH,43279.0,IIb,IIb,2022-10-08,2022.0,110,0.9818181818181818,,H1,R,H,R74/H107,II,II
XBH43455.1,XBH,43455.0,IIb,IIb,2022-10-24,2022.0,110,0.9818181818181818,,H1,R,H,R74/H107,II,II
XBH43631.1,XBH,43631.0,IIb,IIb,2022-10-17,2022.0,110,0.9818181818181818,,H1,R,H,R74/H107,II,II
XBH43807.1,XBH,43807.0,IIb,IIb,2022-09-13,2022.0,110,0.9818181818181818,,H1,R,H,R74/H107,II,II
XBH43983.1,XBH,43983.0,IIb,IIb,2022-09-12,2022.0,110,0.9818181818181818,,H1,R,H,R74/H107,II,II
XBH44159.1,XBH,44159.0,IIb,IIb,2022-09-23,2022.0,110,0.9818181818181818,,H1,R,H,R74/H107,II,II
XBH44334.1,XBH,44334.0,IIb,IIb,2022-09-27,2022.0,110,0.9818181818181818,,H1,R,H,R74/H107,II,II
XBH44510.1,XBH,44510.0,IIb,IIb,2022-09-17,2022.0,110,0.9818181818181818,,H1,R,H,R74/H107,II,II
XBH44686.1,XBH,44686.0,IIb,IIb,2022-10-14,2022.0,110,0.9818181818181818,,H1,R,H,R74/H107,II,II
XBJ99120.1,XBJ,99120.0,IIb,IIb,2022-11-11,2022.0,110,0.9818181818181818,,H1,R,H,R74/H107,II,II
XBJ99295.1,XBJ,99295.0,IIb,IIb,2018-05-10,2018.0,110,0.9818181818181818,,H1,R,H,R74/H107,II,II
XBJ99472.1,XBJ,99472.0,IIb,IIb,2022-10-13,2022.0,110,0.9818181818181818,,H1,R,H,R74/H107,II,II
XBJ99649.1,XBJ,99649.0,IIb,IIb,2022-10-27,2022.0,110,0.9818181818181818,,H1,R,H,R74/H107,II,II
XBJ99826.1,XBJ,99826.0,IIb,IIb,2022-11-08,2022.0,110,0.9818181818181818,,H1,R,H,R74/H107,II,II
XBK00004.1,XBK,4.0,IIb,IIb,2022,2022.0,110,0.9818181818181818,,H1,R,H,R74/H107,II,II
XBK00181.1,XBK,181.0,IIb,IIb,2021-07-22,2021.0,110,0.9818181818181818,,H1,R,H,R74/H107,II,II
XBK00358.1,XBK,358.0,IIb,IIb,2022,2022.0,110,0.9818181818181818,,H1,R,H,R74/H107,II,II
XBK00534.1,XBK,534.0,IIb,IIb,2022,2022.0,110,0.9818181818181818,,H1,R,H,R74/H107,II,II
XCH37586.1,XCH,37586.0,IIb,IIb,2024-05-28,2024.0,110,0.9818181818181818,,H1,R,H,R74/H107,II,II
XCH37765.1,XCH,37765.0,IIb,IIb,2024-05-30,2024.0,110,0.9818181818181818,,H1,R,H,R74/H107,II,II
WQM77973.1,WQM,77973.0,IIb,IIb,2022-07-13,2022.0,110,0.9818181818181818,,H1,R,H,R74/H107,II,II
WQM78151.1,WQM,78151.0,IIb,IIb,2023,2023.0,110,0.9818181818181818,,H1,R,H,R74/H107,II,II
WQM78330.1,WQM,78330.0,IIb,IIb,2023,2023.0,110,0.9818181818181818,,H1,R,H,R74/H107,II,II
WQM78509.1,WQM,78509.0,IIb,IIb,2023,2023.0,110,0.9818181818181818,,H1,R,H,R74/H107,II,II
WQM78688.1,WQM,78688.0,IIb,IIb,2023,2023.0,110,0.9818181818181818,,H1,R,H,R74/H107,II,II
WQM78867.1,WQM,78867.0,IIb,IIb,2023,2023.0,110,0.9818181818181818,,H1,R,H,R74/H107,II,II
XBW66329.1,XBW,66329.0,IIb,IIb,2024-05-29,2024.0,110,0.9818181818181818,,H1,R,H,R74/H107,II,II
XBW66507.1,XBW,66507.0,IIb,IIb,2024-05-28,2024.0,110,0.9818181818181818,,H1,R,H,R74/H107,II,II
XBW66686.1,XBW,66686.0,IIb,IIb,2024-05-30,2024.0,110,0.9727272727272728,,H4,R,H,R74/H107,II,II
XBW66864.1,XBW,66864.0,IIb,IIb,2024-05-30,2024.0,110,0.9818181818181818,,H1,R,H,R74/H107,II,II
XBU13767.1,XBU,13767.0,IIb,IIb,2024-05-20,2024.0,110,0.9818181818181818,,H1,R,H,R74/H107,II,II
XBU13946.1,XBU,13946.0,IIb,IIb,2024-05-15,2024.0,110,0.9818181818181818,,H1,R,H,R74/H107,II,II
XBU14125.1,XBU,14125.0,IIb,IIb,2024-05-17,2024.0,110,0.9818181818181818,,H1,R,H,R74/H107,II,II
XBU14302.1,XBU,14302.0,IIb,IIb,2024-05-28,2024.0,110,0.9818181818181818,,H1,R,H,R74/H107,II,II
XBP43620.1,XBP,43620.0,IIb,IIb,2024,2024.0,110,0.9818181818181818,,H1,R,H,R74/H107,II,II
XBP43798.1,XBP,43798.0,IIb,IIb,2024,2024.0,110,0.9818181818181818,,H1,R,H,R74/H107,II,II
XBP44250.1,XBP,44250.0,IIb,IIb,2023-11-28,2023.0,110,0.9818181818181818,,H1,R,H,R74/H107,II,II
XBP44426.1,XBP,44426.0,IIb,IIb,2024-01-11,2024.0,110,0.9818181818181818,,H1,R,H,R74/H107,II,II
XBH45386.1,XBH,45386.0,IIb,IIb,2023-09-18,2023.0,110,0.9818181818181818,,H1,R,H,R74/H107,II,II
XBH45565.1,XBH,45565.0,IIb,IIb,2022-07-21,2022.0,110,0.9818181818181818,,H1,R,H,R74/H107,II,II
XBD95446.1,XBD,95446.0,IIb,IIb,2024-01-23,2024.0,110,0.9818181818181818,,H1,R,H,R74/H107,II,II
XBD95625.1,XBD,95625.0,IIb,IIb,2024-02-07,2024.0,110,0.9818181818181818,,H1,R,H,R74/H107,II,II
XBD95804.1,XBD,95804.0,IIb,IIb,2024-02-28,2024.0,110,0.9818181818181818,,H1,R,H,R74/H107,II,II
XBD95983.1,XBD,95983.0,IIb,IIb,2024-03-08,2024.0,110,0.9818181818181818,,H1,R,H,R74/H107,II,II
XBD96162.1,XBD,96162.0,IIb,IIb,2024-03-07,2024.0,110,0.9818181818181818,,H1,R,H,R74/H107,II,II
XBD96339.1,XBD,96339.0,IIb,IIb,2024-03-04,2024.0,110,0.9818181818181818,,H1,R,H,R74/H107,II,II
XBD96517.1,XBD,96517.0,IIb,IIb,2024-03-26,2024.0,110,0.9818181818181818,,H1,R,H,R74/H107,II,II
XBD96695.1,XBD,96695.0,IIb,IIb,2024-03-25,2024.0,110,0.9818181818181818,,H1,R,H,R74/H107,II,II
XBD96873.1,XBD,96873.0,IIb,IIb,2024-04,2024.0,110,0.9818181818181818,,H1,R,H,R74/H107,II,II
XBD97051.1,XBD,97051.0,IIb,IIb,2024-04,2024.0,110,0.9818181818181818,,H1,R,H,R74/H107,II,II
XBC16854.1,XBC,16854.0,IIb,IIb,2024-05-01,2024.0,110,0.9818181818181818,,H1,R,H,R74/H107,II,II
XBC17033.1,XBC,17033.0,IIb,IIb,2024-04-26,2024.0,110,0.9818181818181818,,H1,R,H,R74/H107,II,II
XBC17211.1,XBC,17211.0,IIb,IIb,2024-04-30,2024.0,110,0.9818181818181818,,H1,R,H,R74/H107,II,II
XAV28927.1,XAV,28927.0,IIb,IIb,2024-04-18,2024.0,110,0.9818181818181818,,H1,R,H,R74/H107,II,II
XAO44161.1,XAO,44161.0,IIb,IIb,2023,2023.0,110,0.9818181818181818,,H1,R,H,R74/H107,II,II
XAO18880.1,XAO,18880.0,IIb,IIb,2024-01,2024.0,110,0.9818181818181818,,H1,R,H,R74/H107,II,II
XAO19055.1,XAO,19055.0,IIb,IIb,2024-02,2024.0,110,0.9818181818181818,,H1,R,H,R74/H107,II,II
XAO19229.1,XAO,19229.0,IIb,IIb,2024-02,2024.0,110,0.9818181818181818,,H1,R,H,R74/H107,II,II
XAO19403.1,XAO,19403.0,IIb,IIb,2024-03,2024.0,110,0.9818181818181818,,H1,R,H,R74/H107,II,II
XAO19578.1,XAO,19578.0,IIb,IIb,2024-01,2024.0,110,0.9818181818181818,,H1,R,H,R74/H107,II,II
XAO19752.1,XAO,19752.0,IIb,IIb,2024-03,2024.0,110,0.9818181818181818,,H1,R,H,R74/H107,II,II
XAO19926.1,XAO,19926.0,IIb,IIb,2024-03,2024.0,110,0.9818181818181818,,H1,R,H,R74/H107,II,II
XAO20100.1,XAO,20100.0,IIb,IIb,2024-04,2024.0,110,0.9818181818181818,,H1,R,H,R74/H107,II,II
XAO20274.1,XAO,20274.0,IIb,IIb,2024-04,2024.0,110,0.9818181818181818,,H1,R,H,R74/H107,II,II
XAO20447.1,XAO,20447.0,IIb,IIb,2024-04,2024.0,110,0.9818181818181818,,H1,R,H,R74/H107,II,II
XAO20622.1,XAO,20622.0,IIb,IIb,2024-04,2024.0,110,0.9818181818181818,,H1,R,H,R74/H107,II,II
XAL72801.1,XAL,72801.0,IIb,IIb,2024-04-11,2024.0,110,0.9818181818181818,,H1,R,H,R74/H107,II,II
XAJ13397.1,XAJ,13397.0,IIb,IIb,2024-04,2024.0,110,0.9818181818181818,,H1,R,H,R74/H107,II,II
XAJ13573.1,XAJ,13573.0,IIb,IIb,2024-04,2024.0,110,0.9818181818181818,,H1,R,H,R74/H107,II,II
XAJ13751.1,XAJ,13751.0,IIb,IIb,2024-04,2024.0,110,0.9818181818181818,,H1,R,H,R74/H107,II,II
XAJ13929.1,XAJ,13929.0,IIb,IIb,2024-04,2024.0,110,0.9818181818181818,,H1,R,H,R74/H107,II,II
XAJ14106.1,XAJ,14106.0,IIb,IIb,2024-04,2024.0,110,0.9818181818181818,,H1,R,H,R74/H107,II,II
XAJ14280.1,XAJ,14280.0,IIb,IIb,2024-04,2024.0,110,0.9818181818181818,,H1,R,H,R74/H107,II,II
XAJ14458.1,XAJ,14458.0,IIb,IIb,2024-04,2024.0,110,0.9818181818181818,,H1,R,H,R74/H107,II,II
XAJ14637.1,XAJ,14637.0,IIb,IIb,2024-04,2024.0,110,0.9818181818181818,,H1,R,H,R74/H107,II,II
XAJ14816.1,XAJ,14816.0,IIb,IIb,2024-01,2024.0,110,0.9818181818181818,,H1,R,H,R74/H107,II,II
XAJ15172.1,XAJ,15172.0,IIb,IIb,2024-02,2024.0,110,0.9818181818181818,,H1,R,H,R74/H107,II,II
XAJ15351.1,XAJ,15351.0,IIb,IIb,2024-03,2024.0,110,0.9818181818181818,,H1,R,H,R74/H107,II,II
XAJ15530.1,XAJ,15530.0,IIb,IIb,2024-03,2024.0,110,0.9818181818181818,,H1,R,H,R74/H107,II,II
XAJ15709.1,XAJ,15709.0,IIb,IIb,2024-03,2024.0,110,0.9818181818181818,,H1,R,H,R74/H107,II,II
XAJ15888.1,XAJ,15888.0,IIb,IIb,2024-03,2024.0,110,0.9818181818181818,,H1,R,H,R74/H107,II,II
XAJ16066.1,XAJ,16066.0,IIb,IIb,2024-03,2024.0,110,0.9818181818181818,,H1,R,H,R74/H107,II,II
XAJ16242.1,XAJ,16242.0,IIb,IIb,2024-03,2024.0,110,0.9818181818181818,,H1,R,H,R74/H107,II,II
XAJ16420.1,XAJ,16420.0,IIb,IIb,2024-03,2024.0,110,0.9818181818181818,,H1,R,H,R74/H107,II,II
XAJ16599.1,XAJ,16599.0,IIb,IIb,2024-03,2024.0,110,0.9818181818181818,,H1,R,H,R74/H107,II,II
XAJ16775.1,XAJ,16775.0,IIb,IIb,2024-04,2024.0,110,0.9818181818181818,,H1,R,H,R74/H107,II,II
XAJ16952.1,XAJ,16952.0,IIb,IIb,2024-04,2024.0,110,0.9818181818181818,,H1,R,H,R74/H107,II,II
XAJ17130.1,XAJ,17130.0,IIb,IIb,2024-04,2024.0,110,0.9818181818181818,,H1,R,H,R74/H107,II,II
XAJ17308.1,XAJ,17308.0,IIb,IIb,2024-04,2024.0,110,0.9818181818181818,,H1,R,H,R74/H107,II,II
XAJ17485.1,XAJ,17485.0,IIb,IIb,2024-04,2024.0,110,0.9818181818181818,,H1,R,H,R74/H107,II,II
XAJ24819.1,XAJ,24819.0,IIb,IIb,2024-04-16,2024.0,110,0.9818181818181818,,H1,R,H,R74/H107,II,II
XAJ24998.1,XAJ,24998.0,IIb,IIb,2024-04-18,2024.0,110,0.9818181818181818,,H1,R,H,R74/H107,II,II
XAI81835.1,XAI,81835.0,IIb,IIb,2024,2024.0,110,0.9818181818181818,,H1,R,H,R74/H107,II,II
WNN25487.1,WNN,25487.0,IIb,IIb,2022-12-02,2022.0,110,0.9818181818181818,,H1,R,H,R74/H107,II,II
WNN25676.1,WNN,25676.0,IIb,IIb,2023-08-16,2023.0,110,0.9818181818181818,,H1,R,H,R74/H107,II,II
WNN25864.1,WNN,25864.0,IIb,IIb,2023-08-18,2023.0,110,0.9818181818181818,,H1,R,H,R74/H107,II,II
WNN26053.1,WNN,26053.0,IIb,IIb,2023-08-31,2023.0,110,0.9818181818181818,,H1,R,H,R74/H107,II,II
WNN26241.1,WNN,26241.0,IIb,IIb,2023-08-28,2023.0,110,0.9818181818181818,,H1,R,H,R74/H107,II,II
WQH82196.1,WQH,82196.0,IIb,IIb,2023-10-09,2023.0,110,0.9818181818181818,,H1,R,H,R74/H107,II,II
WQH82376.1,WQH,82376.0,IIb,IIb,2023-10-18,2023.0,110,0.9818181818181818,,H1,R,H,R74/H107,II,II
XAF83930.1,XAF,83930.0,IIb,IIb,2024-02-01,2024.0,110,0.9818181818181818,,H1,R,H,R74/H107,II,II
XAE45381.1,XAE,45381.0,IIb,IIb,2024-03-22,2024.0,110,0.9818181818181818,,H1,R,H,R74/H107,II,II
XAE45560.1,XAE,45560.0,IIb,IIb,2024-03-20,2024.0,110,0.9818181818181818,,H1,R,H,R74/H107,II,II
XAE45739.1,XAE,45739.0,IIb,IIb,2024-03-16,2024.0,110,0.9818181818181818,,H1,R,H,R74/H107,II,II
XAE45918.1,XAE,45918.0,IIb,IIb,2024-03-16,2024.0,110,0.9818181818181818,,H1,R,H,R74/H107,II,II
XAE46097.1,XAE,46097.0,IIb,IIb,2024-03-15,2024.0,110,0.9818181818181818,,H1,R,H,R74/H107,II,II
XAE46276.1,XAE,46276.0,IIb,IIb,2024-03-15,2024.0,110,0.9818181818181818,,H1,R,H,R74/H107,II,II
WZB41428.1,WZB,41428.0,Ia,Ia,2023-11-09,2023.0,110,1.0,,H2,H,R,H74/R107,I,I
WZB41598.1,WZB,41598.0,Ia,Ia,2023-11-21,2023.0,110,1.0,,H2,H,R,H74/R107,I,I
WZB41768.1,WZB,41768.0,Ia,Ia,2023-11-25,2023.0,110,1.0,,H2,H,R,H74/R107,I,I
WZB42111.1,WZB,42111.0,Ia,Ia,2023-12-16,2023.0,110,1.0,,H2,H,R,H74/R107,I,I
WZB42282.1,WZB,42282.0,Ia,Ia,2023-12-22,2023.0,110,1.0,,H2,H,R,H74/R107,I,I
WZB42454.1,WZB,42454.0,Ia,Ia,2023-12-16,2023.0,110,1.0,,H2,H,R,H74/R107,I,I
WZB42624.1,WZB,42624.0,Ia,Ia,2023-12-18,2023.0,110,1.0,,H2,H,R,H74/R107,I,I
WZB42794.1,WZB,42794.0,Ia,Ia,2023-12-23,2023.0,110,1.0,,H2,H,R,H74/R107,I,I
WZB42962.1,WZB,42962.0,Ia,Ia,2023-12-24,2023.0,110,1.0,,H2,H,R,H74/R107,I,I
WZB43136.1,WZB,43136.0,Ia,Ia,2024-01-02,2024.0,110,1.0,,H2,H,R,H74/R107,I,I
WZB43307.1,WZB,43307.0,Ia,Ia,2023-12-27,2023.0,110,1.0,,H2,H,R,H74/R107,I,I
WZB43473.1,WZB,43473.0,Ia,Ia,2023-12-30,2023.0,110,1.0,,H2,H,R,H74/R107,I,I
WZB43645.1,WZB,43645.0,Ia,Ia,2023-12-30,2023.0,110,1.0,,H2,H,R,H74/R107,I,I
WZB43977.1,WZB,43977.0,Ia,Ia,2024-01-07,2024.0,110,1.0,,H2,H,R,H74/R107,I,I
WZB44148.1,WZB,44148.0,Ia,Ia,2024-01-08,2024.0,110,1.0,,H2,H,R,H74/R107,I,I
WZB44318.1,WZB,44318.0,Ia,Ia,2024-01-13,2024.0,110,1.0,,H2,H,R,H74/R107,I,I
WZB44489.1,WZB,44489.0,Ia,Ia,2024-01-13,2024.0,110,1.0,,H2,H,R,H74/R107,I,I
WZB44832.1,WZB,44832.0,Ia,Ia,2024-01-08,2024.0,110,1.0,,H2,H,R,H74/R107,I,I
WZB45002.1,WZB,45002.0,Ia,Ia,2024-01-08,2024.0,110,1.0,,H2,H,R,H74/R107,I,I
WZB45173.1,WZB,45173.0,Ia,Ia,2024-01-08,2024.0,110,1.0,,H2,H,R,H74/R107,I,I
WZB45345.1,WZB,45345.0,Ia,Ia,2024-01-20,2024.0,110,1.0,,H2,H,R,H74/R107,I,I
WZB45515.1,WZB,45515.0,Ia,Ia,2024-01-20,2024.0,110,1.0,,H2,H,R,H74/R107,I,I
WZB45686.1,WZB,45686.0,Ib,Ib,2024-01-23,2024.0,110,1.0,,H2,H,R,H74/R107,I,I
WZB45856.1,WZB,45856.0,Ib,Ib,2024-01-23,2024.0,110,1.0,,H2,H,R,H74/R107,I,I
WZB46025.1,WZB,46025.0,Ib,Ib,2024-01-23,2024.0,110,1.0,,H2,H,R,H74/R107,I,I
WZB46196.1,WZB,46196.0,Ib,Ib,2024-01-28,2024.0,110,1.0,,H2,H,R,H74/R107,I,I
WZB46363.1,WZB,46363.0,Ib,Ib,2024-01-23,2024.0,110,1.0,,H2,H,R,H74/R107,I,I
WZB46534.1,WZB,46534.0,Ib,Ib,2024-01-23,2024.0,110,1.0,,H2,H,R,H74/R107,I,I
WZB46704.1,WZB,46704.0,Ib,Ib,2024-01-19,2024.0,110,1.0,,H2,H,R,H74/R107,I,I
WZB46869.1,WZB,46869.0,Ib,Ib,2024-01-23,2024.0,110,1.0,,H2,H,R,H74/R107,I,I
WZB47037.1,WZB,47037.0,Ib,Ib,2024-01-23,2024.0,110,1.0,,H2,H,R,H74/R107,I,I
WZB47205.1,WZB,47205.0,Ib,Ib,2024-01-26,2024.0,110,1.0,,H2,H,R,H74/R107,I,I
WZB47374.1,WZB,47374.0,Ib,Ib,2024-01-26,2024.0,110,1.0,,H2,H,R,H74/R107,I,I
WZB47544.1,WZB,47544.0,Ib,Ib,2023-12-26,2023.0,110,1.0,,H2,H,R,H74/R107,I,I
WZB47714.1,WZB,47714.0,Ib,Ib,2023-12-25,2023.0,110,1.0,,H2,H,R,H74/R107,I,I
WZB47885.1,WZB,47885.0,Ib,Ib,2023-12-26,2023.0,110,1.0,,H2,H,R,H74/R107,I,I
WZB48056.1,WZB,48056.0,Ib,Ib,2023-12-27,2023.0,110,1.0,,H2,H,R,H74/R107,I,I
WZB48227.1,WZB,48227.0,Ib,Ib,2023-12-31,2023.0,110,1.0,,H2,H,R,H74/R107,I,I
WZB48397.1,WZB,48397.0,Ib,Ib,2023-12-21,2023.0,110,1.0,,H2,H,R,H74/R107,I,I
WZB48567.1,WZB,48567.0,Ib,Ib,2024-01-10,2024.0,110,1.0,,H2,H,R,H74/R107,I,I
WZB48737.1,WZB,48737.0,Ib,Ib,2024-01-14,2024.0,110,1.0,,H2,H,R,H74/R107,I,I
WZB49246.1,WZB,49246.0,Ib,Ib,2023-10-13,2023.0,110,1.0,,H2,H,R,H74/R107,I,I
WZO74785.1,WZO,74785.0,IIb,IIb,2024-03-06,2024.0,110,0.9818181818181818,,H1,R,H,R74/H107,II,II
WZO74957.1,WZO,74957.0,IIb,IIb,2024-02-26,2024.0,110,0.9818181818181818,,H1,R,H,R74/H107,II,II
WZD83945.1,WZD,83945.0,IIb,IIb,2024,2024.0,110,0.9818181818181818,,H1,R,H,R74/H107,II,II
WZD84124.1,WZD,84124.0,IIb,IIb,2024,2024.0,110,0.9818181818181818,,H1,R,H,R74/H107,II,II
WZE61361.1,WZE,61361.0,MPXV,unassigned,2023-06-08,2023.0,110,0.9818181818181818,,H1,R,H,R74/H107,unassigned,II
WZE61538.1,WZE,61538.0,MPXV,unassigned,2023-06-07,2023.0,110,0.9818181818181818,,H1,R,H,R74/H107,unassigned,II
WZE61716.1,WZE,61716.0,MPXV,unassigned,2023-06-11,2023.0,110,0.9727272727272728,,H8,R,H,R74/H107,unassigned,II
WZE61894.1,WZE,61894.0,MPXV,unassigned,2023-06-11,2023.0,110,0.9727272727272728,,H8,R,H,R74/H107,unassigned,II
WZE62072.1,WZE,62072.0,MPXV,unassigned,2023-06-10,2023.0,110,0.9818181818181818,,H1,R,H,R74/H107,unassigned,II
WZE62249.1,WZE,62249.0,MPXV,unassigned,2023-06-11,2023.0,110,0.9818181818181818,,H1,R,H,R74/H107,unassigned,II
WZE62427.1,WZE,62427.0,MPXV,unassigned,2023-06-12,2023.0,110,0.9818181818181818,,H1,R,H,R74/H107,unassigned,II
WZE62605.1,WZE,62605.0,MPXV,unassigned,2023-06-13,2023.0,110,0.9727272727272728,,H8,R,H,R74/H107,unassigned,II
WZE62781.1,WZE,62781.0,MPXV,unassigned,2023-06-16,2023.0,110,0.9818181818181818,,H1,R,H,R74/H107,unassigned,II
WZE62959.1,WZE,62959.0,MPXV,unassigned,2023-06-22,2023.0,110,0.9818181818181818,,H1,R,H,R74/H107,unassigned,II
WZB49418.1,WZB,49418.0,IIb,IIb,2024-02-14,2024.0,110,0.9818181818181818,,H1,R,H,R74/H107,II,II
WYV93269.1,WYV,93269.0,IIb,IIb,2024-02-29,2024.0,110,0.9818181818181818,,H1,R,H,R74/H107,II,II
WYV93448.1,WYV,93448.0,IIb,IIb,2024-02-23,2024.0,110,0.9818181818181818,,H1,R,H,R74/H107,II,II
WYV93626.1,WYV,93626.0,IIb,IIb,2024-02-19,2024.0,110,0.9818181818181818,,H1,R,H,R74/H107,II,II
WYV93805.1,WYV,93805.0,IIb,IIb,2024-03-06,2024.0,110,0.9818181818181818,,H1,R,H,R74/H107,II,II
WYV93983.1,WYV,93983.0,IIb,IIb,2024-03-04,2024.0,110,0.9818181818181818,,H1,R,H,R74/H107,II,II
WYV94162.1,WYV,94162.0,IIb,IIb,2024-03-01,2024.0,110,0.9818181818181818,,H1,R,H,R74/H107,II,II
WYV94340.1,WYV,94340.0,IIb,IIb,2024-03-01,2024.0,110,0.9818181818181818,,H1,R,H,R74/H107,II,II
WYV94519.1,WYV,94519.0,IIb,IIb,2024-03-09,2024.0,110,0.9818181818181818,,H1,R,H,R74/H107,II,II
WYK27472.1,WYK,27472.0,IIb,IIb,2023-09-10,2023.0,110,0.9818181818181818,,H1,R,H,R74/H107,II,II
WYK27642.1,WYK,27642.0,IIb,IIb,2023-09-19,2023.0,110,0.9818181818181818,,H1,R,H,R74/H107,II,II
WYK27810.1,WYK,27810.0,IIb,IIb,2023-09-27,2023.0,110,0.9818181818181818,,H1,R,H,R74/H107,II,II
WYK27988.1,WYK,27988.0,IIb,IIb,2023-10-03,2023.0,110,0.9818181818181818,,H1,R,H,R74/H107,II,II
WYK28154.1,WYK,28154.0,IIb,IIb,2023-10-04,2023.0,110,0.9818181818181818,,H1,R,H,R74/H107,II,II
WYK28332.1,WYK,28332.0,IIb,IIb,2023-10-09,2023.0,110,0.9818181818181818,,H1,R,H,R74/H107,II,II
WYK28491.1,WYK,28491.0,IIb,IIb,2023-10-13,2023.0,110,0.9818181818181818,,H1,R,H,R74/H107,II,II
WYK28661.1,WYK,28661.0,IIb,IIb,2023-10-13,2023.0,110,0.9818181818181818,,H1,R,H,R74/H107,II,II
WYK28827.1,WYK,28827.0,IIb,IIb,2023-10-16,2023.0,110,0.9818181818181818,,H1,R,H,R74/H107,II,II
WYK28995.1,WYK,28995.0,IIb,IIb,2023-10-27,2023.0,110,0.9818181818181818,,H1,R,H,R74/H107,II,II
WYK29166.1,WYK,29166.0,IIb,IIb,2024-01-19,2024.0,110,0.9818181818181818,,H1,R,H,R74/H107,II,II
WYK29338.1,WYK,29338.0,IIb,IIb,2024-01-25,2024.0,110,0.9818181818181818,,H1,R,H,R74/H107,II,II
WYK29509.1,WYK,29509.0,IIb,IIb,2024-01-26,2024.0,110,0.9818181818181818,,H1,R,H,R74/H107,II,II
WYK29676.1,WYK,29676.0,IIb,IIb,2024-01-27,2024.0,110,0.9818181818181818,,H1,R,H,R74/H107,II,II
WYK29844.1,WYK,29844.0,IIb,IIb,2024-01-29,2024.0,110,0.9818181818181818,,H1,R,H,R74/H107,II,II
WYK30002.1,WYK,30002.0,IIb,IIb,2024-01-31,2024.0,110,0.9818181818181818,,H1,R,H,R74/H107,II,II
WYK30161.1,WYK,30161.0,IIb,IIb,2023-10-31,2023.0,110,0.9818181818181818,,H1,R,H,R74/H107,II,II
WYK30328.1,WYK,30328.0,IIb,IIb,2023-10-31,2023.0,110,0.9818181818181818,,H1,R,H,R74/H107,II,II
WYK30507.1,WYK,30507.0,IIb,IIb,2023-11-07,2023.0,110,0.9818181818181818,,H1,R,H,R74/H107,II,II
WYK30666.1,WYK,30666.0,IIb,IIb,2023-11-10,2023.0,110,0.9818181818181818,,H1,R,H,R74/H107,II,II
WYK30838.1,WYK,30838.0,IIb,IIb,2024-02-10,2024.0,110,0.9818181818181818,,H1,R,H,R74/H107,II,II
WYK31005.1,WYK,31005.0,IIb,IIb,2024-02-09,2024.0,110,0.9818181818181818,,H1,R,H,R74/H107,II,II
WYK31171.1,WYK,31171.0,IIb,IIb,2024-02-08,2024.0,110,0.9818181818181818,,H1,R,H,R74/H107,II,II
WYK31339.1,WYK,31339.0,IIb,IIb,2024-02-05,2024.0,110,0.9818181818181818,,H1,R,H,R74/H107,II,II
WYK31504.1,WYK,31504.0,IIb,IIb,2024-02-02,2024.0,110,0.9818181818181818,,H1,R,H,R74/H107,II,II
WYK31663.1,WYK,31663.0,IIb,IIb,2024-02-02,2024.0,110,0.9818181818181818,,H1,R,H,R74/H107,II,II
WYK31830.1,WYK,31830.0,IIb,IIb,2024-02-19,2024.0,110,0.9818181818181818,,H1,R,H,R74/H107,II,II
WYK32009.1,WYK,32009.0,IIb,IIb,2024-02-13,2024.0,110,0.9818181818181818,,H1,R,H,R74/H107,II,II
WYI95557.1,WYI,95557.0,IIb,IIb,2024-01-22,2024.0,110,0.9818181818181818,,H1,R,H,R74/H107,II,II
WXU38020.1,WXU,38020.0,IIb,IIb,2023-03,2023.0,110,0.9818181818181818,,H1,R,H,R74/H107,II,II
WXU38198.1,WXU,38198.0,IIb,IIb,2023-05,2023.0,110,0.9818181818181818,,H1,R,H,R74/H107,II,II
WXU38377.1,WXU,38377.0,IIb,IIb,2023-06,2023.0,110,0.9818181818181818,,H1,R,H,R74/H107,II,II
WXU38556.1,WXU,38556.0,IIb,IIb,2023-06,2023.0,110,0.9818181818181818,,H1,R,H,R74/H107,II,II
WXU38735.1,WXU,38735.0,IIb,IIb,2023-01,2023.0,110,0.9818181818181818,,H1,R,H,R74/H107,II,II
WXU38914.1,WXU,38914.0,IIb,IIb,2023-01,2023.0,110,0.9818181818181818,,H1,R,H,R74/H107,II,II
WXU39092.1,WXU,39092.0,IIb,IIb,2023-01,2023.0,110,0.9818181818181818,,H1,R,H,R74/H107,II,II
WXU39270.1,WXU,39270.0,IIb,IIb,2023-01,2023.0,110,0.9818181818181818,,H1,R,H,R74/H107,II,II
WXU39449.1,WXU,39449.0,IIb,IIb,2023-01,2023.0,110,0.9818181818181818,,H1,R,H,R74/H107,II,II
WXU39628.1,WXU,39628.0,IIb,IIb,2023-02,2023.0,110,0.9818181818181818,,H1,R,H,R74/H107,II,II
WXU39807.1,WXU,39807.0,IIb,IIb,2023-02,2023.0,110,0.9818181818181818,,H1,R,H,R74/H107,II,II
WXU39986.1,WXU,39986.0,IIb,IIb,2023-02,2023.0,110,0.9818181818181818,,H1,R,H,R74/H107,II,II
WXU40165.1,WXU,40165.0,IIb,IIb,2023-02,2023.0,110,0.9818181818181818,,H1,R,H,R74/H107,II,II
WXU40344.1,WXU,40344.0,IIb,IIb,2023-02,2023.0,110,0.9818181818181818,,H1,R,H,R74/H107,II,II
WXU40523.1,WXU,40523.0,IIb,IIb,2022-08,2022.0,110,0.9818181818181818,,H1,R,H,R74/H107,II,II
WXU40702.1,WXU,40702.0,IIb,IIb,2023-06,2023.0,110,0.9818181818181818,,H1,R,H,R74/H107,II,II
WXU40881.1,WXU,40881.0,IIb,IIb,2023-06,2023.0,110,0.9818181818181818,,H1,R,H,R74/H107,II,II
WXU41060.1,WXU,41060.0,IIb,IIb,2023-07,2023.0,110,0.9818181818181818,,H1,R,H,R74/H107,II,II
WXU41238.1,WXU,41238.0,IIb,IIb,2023-07,2023.0,110,0.9818181818181818,,H1,R,H,R74/H107,II,II
WXU41417.1,WXU,41417.0,IIb,IIb,2023-07,2023.0,110,0.9818181818181818,,H1,R,H,R74/H107,II,II
WXU41596.1,WXU,41596.0,IIb,IIb,2023-10,2023.0,110,0.9818181818181818,,H1,R,H,R74/H107,II,II
WXU41775.1,WXU,41775.0,IIb,IIb,2023-10,2023.0,110,0.9818181818181818,,H1,R,H,R74/H107,II,II
WXU41954.1,WXU,41954.0,IIb,IIb,2023-10,2023.0,110,0.9818181818181818,,H1,R,H,R74/H107,II,II
WXU42133.1,WXU,42133.0,IIb,IIb,2023-10,2023.0,110,0.9818181818181818,,H1,R,H,R74/H107,II,II
WXU42312.1,WXU,42312.0,IIb,IIb,2023-10,2023.0,110,0.9818181818181818,,H1,R,H,R74/H107,II,II
WXU42489.1,WXU,42489.0,IIb,IIb,2023-12,2023.0,110,0.9818181818181818,,H1,R,H,R74/H107,II,II
WXU42666.1,WXU,42666.0,IIb,IIb,2024-01,2024.0,110,0.9818181818181818,,H1,R,H,R74/H107,II,II
WXU42842.1,WXU,42842.0,IIb,IIb,2024-01,2024.0,110,0.9818181818181818,,H1,R,H,R74/H107,II,II
WXU43019.1,WXU,43019.0,IIb,IIb,2024-01,2024.0,110,0.9818181818181818,,H1,R,H,R74/H107,II,II
WXU43196.1,WXU,43196.0,IIb,IIb,2024-01,2024.0,110,0.9818181818181818,,H1,R,H,R74/H107,II,II
WXU43371.1,WXU,43371.0,IIb,IIb,2024-01,2024.0,110,0.9818181818181818,,H1,R,H,R74/H107,II,II
WXU43550.1,WXU,43550.0,IIb,IIb,2024-01,2024.0,110,0.9818181818181818,,H1,R,H,R74/H107,II,II
WXU43729.1,WXU,43729.0,IIb,IIb,2024-01,2024.0,110,0.9818181818181818,,H1,R,H,R74/H107,II,II
WXU43907.1,WXU,43907.0,IIb,IIb,2024-01,2024.0,110,0.9818181818181818,,H1,R,H,R74/H107,II,II
WXU44086.1,WXU,44086.0,IIb,IIb,2024-01,2024.0,110,0.9818181818181818,,H1,R,H,R74/H107,II,II
WXU44265.1,WXU,44265.0,IIb,IIb,2024-01,2024.0,110,0.9818181818181818,,H1,R,H,R74/H107,II,II
WXU44443.1,WXU,44443.0,IIb,IIb,2024-02,2024.0,110,0.9818181818181818,,H1,R,H,R74/H107,II,II
WXU44622.1,WXU,44622.0,IIb,IIb,2024-02,2024.0,110,0.9818181818181818,,H1,R,H,R74/H107,II,II
WXU44799.1,WXU,44799.0,IIb,IIb,2024-02,2024.0,110,0.9818181818181818,,H1,R,H,R74/H107,II,II
WXU44974.1,WXU,44974.0,IIb,IIb,2024-01,2024.0,110,0.9818181818181818,,H1,R,H,R74/H107,II,II
WXU45150.1,WXU,45150.0,IIb,IIb,2024-02,2024.0,110,0.9818181818181818,,H1,R,H,R74/H107,II,II
WXU45326.1,WXU,45326.0,IIb,IIb,2024-02,2024.0,110,0.9818181818181818,,H1,R,H,R74/H107,II,II
WXU45503.1,WXU,45503.0,IIb,IIb,2024-02,2024.0,110,0.9818181818181818,,H1,R,H,R74/H107,II,II
WXU45680.1,WXU,45680.0,IIb,IIb,2024-02,2024.0,110,0.9818181818181818,,H1,R,H,R74/H107,II,II
WXU45856.1,WXU,45856.0,IIb,IIb,2024-02,2024.0,110,0.9818181818181818,,H1,R,H,R74/H107,II,II
WXU46034.1,WXU,46034.0,IIb,IIb,2024-02,2024.0,110,0.9818181818181818,,H1,R,H,R74/H107,II,II
WXU46212.1,WXU,46212.0,IIb,IIb,2024-02,2024.0,110,0.9818181818181818,,H1,R,H,R74/H107,II,II
WXU46389.1,WXU,46389.0,IIb,IIb,2024-02,2024.0,110,0.9818181818181818,,H1,R,H,R74/H107,II,II
WXU46566.1,WXU,46566.0,IIb,IIb,2024-02,2024.0,110,0.9818181818181818,,H1,R,H,R74/H107,II,II
WXU46742.1,WXU,46742.0,IIb,IIb,2024-02,2024.0,110,0.9818181818181818,,H1,R,H,R74/H107,II,II
WXU46921.1,WXU,46921.0,IIb,IIb,2023-08,2023.0,110,0.9818181818181818,,H1,R,H,R74/H107,II,II
WXU47100.1,WXU,47100.0,IIb,IIb,2023-08,2023.0,110,0.9818181818181818,,H1,R,H,R74/H107,II,II
WXU47279.1,WXU,47279.0,IIb,IIb,2023-08,2023.0,110,0.9818181818181818,,H1,R,H,R74/H107,II,II
WXU47458.1,WXU,47458.0,IIb,IIb,2023-09,2023.0,110,0.9818181818181818,,H1,R,H,R74/H107,II,II
WXU47637.1,WXU,47637.0,IIb,IIb,2023-10,2023.0,110,0.9818181818181818,,H1,R,H,R74/H107,II,II
WXU47814.1,WXU,47814.0,IIb,IIb,2023-10,2023.0,110,0.9818181818181818,,H1,R,H,R74/H107,II,II
WXU47992.1,WXU,47992.0,IIb,IIb,2023-10,2023.0,110,0.9818181818181818,,H1,R,H,R74/H107,II,II
WXU48170.1,WXU,48170.0,IIb,IIb,2023-10,2023.0,110,0.9818181818181818,,H1,R,H,R74/H107,II,II
WXU48349.1,WXU,48349.0,IIb,IIb,2023-10,2023.0,110,0.9818181818181818,,H1,R,H,R74/H107,II,II
WXU48528.1,WXU,48528.0,IIb,IIb,2023-10,2023.0,110,0.9818181818181818,,H1,R,H,R74/H107,II,II
WXU48707.1,WXU,48707.0,IIb,IIb,2023-12,2023.0,110,0.9818181818181818,,H1,R,H,R74/H107,II,II
WXU48885.1,WXU,48885.0,IIb,IIb,2023-12,2023.0,110,0.9818181818181818,,H1,R,H,R74/H107,II,II
WXU49064.1,WXU,49064.0,IIb,IIb,2023-11,2023.0,110,0.9818181818181818,,H1,R,H,R74/H107,II,II
WXU49242.1,WXU,49242.0,IIb,IIb,2023-11,2023.0,110,0.9818181818181818,,H1,R,H,R74/H107,II,II
WXU49420.1,WXU,49420.0,IIb,IIb,2023-11,2023.0,110,0.9818181818181818,,H1,R,H,R74/H107,II,II
WXU49599.1,WXU,49599.0,IIb,IIb,2023-11,2023.0,110,0.9818181818181818,,H1,R,H,R74/H107,II,II
WXU49776.1,WXU,49776.0,IIb,IIb,2023-11,2023.0,110,0.9818181818181818,,H1,R,H,R74/H107,II,II
WXU49953.1,WXU,49953.0,IIb,IIb,2023-11,2023.0,110,0.9818181818181818,,H1,R,H,R74/H107,II,II
WXU50131.1,WXU,50131.0,IIb,IIb,2023-11,2023.0,110,0.9818181818181818,,H1,R,H,R74/H107,II,II
WXU50309.1,WXU,50309.0,IIb,IIb,2023-11,2023.0,110,0.9818181818181818,,H1,R,H,R74/H107,II,II
WXU50488.1,WXU,50488.0,IIb,IIb,2023-11,2023.0,110,0.9818181818181818,,H1,R,H,R74/H107,II,II
WXU50666.1,WXU,50666.0,IIb,IIb,2023-12,2023.0,110,0.9818181818181818,,H1,R,H,R74/H107,II,II
WXU50845.1,WXU,50845.0,IIb,IIb,2023-12,2023.0,110,0.9818181818181818,,H1,R,H,R74/H107,II,II
WXU51024.1,WXU,51024.0,IIb,IIb,2024-01,2024.0,110,0.9818181818181818,,H1,R,H,R74/H107,II,II
WXU51203.1,WXU,51203.0,IIb,IIb,2024-01,2024.0,110,0.9818181818181818,,H1,R,H,R74/H107,II,II
WXU51558.1,WXU,51558.0,IIb,IIb,2024-02,2024.0,110,0.9818181818181818,,H1,R,H,R74/H107,II,II
WXU51736.1,WXU,51736.0,IIb,IIb,2024-02,2024.0,110,0.9818181818181818,,H1,R,H,R74/H107,II,II
WXU51914.1,WXU,51914.0,IIb,IIb,2024-03,2024.0,110,0.9818181818181818,,H1,R,H,R74/H107,II,II
WXU52093.1,WXU,52093.0,IIb,IIb,2024-03,2024.0,110,0.9818181818181818,,H1,R,H,R74/H107,II,II
WXU52271.1,WXU,52271.0,IIb,IIb,2024-03,2024.0,110,0.9818181818181818,,H1,R,H,R74/H107,II,II
WXU52449.1,WXU,52449.0,IIb,IIb,2024-02,2024.0,110,0.9818181818181818,,H1,R,H,R74/H107,II,II
WXH60099.1,WXH,60099.0,IIb,IIb,2023-09-04,2023.0,110,0.9818181818181818,,H1,R,H,R74/H107,II,II
WXH60268.1,WXH,60268.0,IIb,IIb,2023-10-26,2023.0,110,0.9818181818181818,,H1,R,H,R74/H107,II,II
WXH60446.1,WXH,60446.0,IIb,IIb,2023-10-26,2023.0,110,0.9818181818181818,,H1,R,H,R74/H107,II,II
WXH60800.1,WXH,60800.0,IIb,IIb,2023-10-23,2023.0,110,0.9818181818181818,,H1,R,H,R74/H107,II,II
WXH60978.1,WXH,60978.0,IIb,IIb,2023-10-23,2023.0,110,0.9818181818181818,,H1,R,H,R74/H107,II,II
WXH61157.1,WXH,61157.0,IIb,IIb,2023-11-16,2023.0,110,0.9818181818181818,,H1,R,H,R74/H107,II,II
WXH61331.1,WXH,61331.0,IIb,IIb,2023-11-20,2023.0,110,0.9818181818181818,,H1,R,H,R74/H107,II,II
WXH61686.1,WXH,61686.0,IIb,IIb,2024-02-12,2024.0,110,0.9818181818181818,,H1,R,H,R74/H107,II,II
WXH62038.1,WXH,62038.0,IIb,IIb,2023-10-06,2023.0,110,0.9818181818181818,,H1,R,H,R74/H107,II,II
WXH62216.1,WXH,62216.0,IIb,IIb,2023-10-12,2023.0,110,0.9818181818181818,,H1,R,H,R74/H107,II,II
WXH62388.1,WXH,62388.0,IIb,IIb,2023-10-23,2023.0,110,0.9818181818181818,,H1,R,H,R74/H107,II,II
WXH62565.1,WXH,62565.0,IIb,IIb,2023-11-29,2023.0,110,0.9818181818181818,,H1,R,H,R74/H107,II,II
WXH62743.1,WXH,62743.0,IIb,IIb,2023-11-29,2023.0,110,0.9818181818181818,,H1,R,H,R74/H107,II,II
WXH62921.1,WXH,62921.0,IIb,IIb,2023-09-08,2023.0,110,0.9818181818181818,,H1,R,H,R74/H107,II,II
WXH63099.1,WXH,63099.0,IIb,IIb,2023-10-17,2023.0,110,0.9818181818181818,,H1,R,H,R74/H107,II,II
WXH63278.1,WXH,63278.0,IIb,IIb,2023-10-19,2023.0,110,0.9818181818181818,,H1,R,H,R74/H107,II,II
WXH63451.1,WXH,63451.0,IIb,IIb,2023-11-02,2023.0,110,0.9818181818181818,,H1,R,H,R74/H107,II,II
WXH63629.1,WXH,63629.0,IIb,IIb,2023-11-07,2023.0,110,0.9818181818181818,,H1,R,H,R74/H107,II,II
WXH63808.1,WXH,63808.0,IIb,IIb,2023-12-05,2023.0,110,0.9818181818181818,,H1,R,H,R74/H107,II,II
WXH63983.1,WXH,63983.0,IIb,IIb,2024-02-23,2024.0,110,0.9818181818181818,,H1,R,H,R74/H107,II,II
WXH64162.1,WXH,64162.0,IIb,IIb,2024-02-07,2024.0,110,0.9818181818181818,,H1,R,H,R74/H107,II,II
WXH64519.1,WXH,64519.0,IIb,IIb,2023-08-23,2023.0,110,0.9818181818181818,,H1,R,H,R74/H107,II,II
WXH64696.1,WXH,64696.0,IIb,IIb,2023-08-01,2023.0,110,0.9818181818181818,,H1,R,H,R74/H107,II,II
WXH64875.1,WXH,64875.0,IIb,IIb,2023-08-18,2023.0,110,0.9818181818181818,,H1,R,H,R74/H107,II,II
WXH65053.1,WXH,65053.0,IIb,IIb,2023-08-24,2023.0,110,0.9818181818181818,,H1,R,H,R74/H107,II,II
WXH65229.1,WXH,65229.0,IIb,IIb,2023-08-23,2023.0,110,0.9818181818181818,,H1,R,H,R74/H107,II,II
WXH65407.1,WXH,65407.0,IIb,IIb,2023-09-01,2023.0,110,0.9818181818181818,,H1,R,H,R74/H107,II,II
WXH65585.1,WXH,65585.0,IIb,IIb,2023-10-11,2023.0,110,0.9818181818181818,,H1,R,H,R74/H107,II,II
WXH65762.1,WXH,65762.0,IIb,IIb,2023-11-27,2023.0,110,0.9818181818181818,,H1,R,H,R74/H107,II,II
WXH00725.1,WXH,725.0,Clade,unassigned,2022-08-16,2022.0,110,0.9818181818181818,,H1,R,H,R74/H107,unassigned,II
WXB20783.1,WXB,20783.0,IIb,IIb,2023-11-30,2023.0,110,0.9818181818181818,,H1,R,H,R74/H107,II,II
WXB20957.1,WXB,20957.0,IIb,IIb,2023-12-13,2023.0,110,0.9818181818181818,,H1,R,H,R74/H107,II,II
WXB21132.1,WXB,21132.0,IIb,IIb,2023-11-30,2023.0,110,0.9818181818181818,,H1,R,H,R74/H107,II,II
WXB21307.1,WXB,21307.0,IIb,IIb,2023-12-27,2023.0,110,0.9818181818181818,,H1,R,H,R74/H107,II,II
WXB21485.1,WXB,21485.0,IIb,IIb,2023-12-21,2023.0,110,0.9818181818181818,,H1,R,H,R74/H107,II,II
WXB21662.1,WXB,21662.0,IIb,IIb,2023-12-21,2023.0,110,0.9818181818181818,,H1,R,H,R74/H107,II,II
WXB21841.1,WXB,21841.0,IIb,IIb,2023-12-21,2023.0,110,0.9818181818181818,,H1,R,H,R74/H107,II,II
WXB22017.1,WXB,22017.0,IIb,IIb,2024-01-06,2024.0,110,0.9818181818181818,,H1,R,H,R74/H107,II,II
WXB22194.1,WXB,22194.0,IIb,IIb,2024-01-12,2024.0,110,0.9818181818181818,,H1,R,H,R74/H107,II,II
WXB22371.1,WXB,22371.0,IIb,IIb,2024-01-15,2024.0,110,0.9818181818181818,,H1,R,H,R74/H107,II,II
WXB22549.1,WXB,22549.0,IIb,IIb,2024-01-13,2024.0,110,0.9818181818181818,,H1,R,H,R74/H107,II,II
WXB22728.1,WXB,22728.0,IIb,IIb,2024-01-18,2024.0,110,0.9818181818181818,,H1,R,H,R74/H107,II,II
WXB22899.1,WXB,22899.0,IIb,IIb,2024-01-30,2024.0,110,0.9818181818181818,,H1,R,H,R74/H107,II,II
WXB23077.1,WXB,23077.0,IIb,IIb,2024-02-15,2024.0,110,0.9818181818181818,,H1,R,H,R74/H107,II,II
WXB23255.1,WXB,23255.0,IIb,IIb,2024-02-15,2024.0,110,0.9818181818181818,,H1,R,H,R74/H107,II,II
WXB23432.1,WXB,23432.0,IIb,IIb,2024-02-15,2024.0,110,0.9818181818181818,,H1,R,H,R74/H107,II,II
WXB23609.1,WXB,23609.0,IIb,IIb,2024-02-19,2024.0,110,0.9818181818181818,,H1,R,H,R74/H107,II,II
WWS34902.1,WWS,34902.0,IIb,IIb,2024-01-22,2024.0,110,0.9818181818181818,,H1,R,H,R74/H107,II,II
WWS35081.1,WWS,35081.0,IIb,IIb,2024-01-29,2024.0,110,0.9818181818181818,,H1,R,H,R74/H107,II,II
WWS35259.1,WWS,35259.0,IIb,IIb,2024-01-22,2024.0,110,0.9818181818181818,,H1,R,H,R74/H107,II,II
WWS35437.1,WWS,35437.0,IIb,IIb,2024-02-07,2024.0,110,0.9818181818181818,,H1,R,H,R74/H107,II,II
WVX52860.1,WVX,52860.0,IIb,IIb,2024-01-24,2024.0,110,0.9818181818181818,,H1,R,H,R74/H107,II,II
WVX53038.1,WVX,53038.0,IIb,IIb,2024-01-25,2024.0,110,0.9818181818181818,,H1,R,H,R74/H107,II,II
WVX53216.1,WVX,53216.0,IIb,IIb,2024-01-31,2024.0,110,0.9818181818181818,,H1,R,H,R74/H107,II,II
WVX53384.1,WVX,53384.0,IIb,IIb,2024-01-27,2024.0,110,0.9818181818181818,,H1,R,H,R74/H107,II,II
WVX53556.1,WVX,53556.0,IIb,IIb,2024-01-19,2024.0,110,0.9818181818181818,,H1,R,H,R74/H107,II,II
WVX53726.1,WVX,53726.0,IIb,IIb,2024-01-12,2024.0,110,0.9818181818181818,,H1,R,H,R74/H107,II,II
WVX53905.1,WVX,53905.0,IIb,IIb,2024-01-11,2024.0,110,0.9818181818181818,,H1,R,H,R74/H107,II,II
WVX54251.1,WVX,54251.0,IIb,IIb,2024-01-22,2024.0,110,0.9818181818181818,,H1,R,H,R74/H107,II,II
WVX54430.1,WVX,54430.0,IIb,IIb,2024-01-22,2024.0,110,0.9818181818181818,,H1,R,H,R74/H107,II,II
WVX54607.1,WVX,54607.0,IIb,IIb,2024-01-04,2024.0,110,0.9818181818181818,,H1,R,H,R74/H107,II,II
WVX54786.1,WVX,54786.0,IIb,IIb,2024-01-02,2024.0,110,0.9818181818181818,,H1,R,H,R74/H107,II,II
WVX54964.1,WVX,54964.0,IIb,IIb,2024-01-04,2024.0,110,0.9818181818181818,,H1,R,H,R74/H107,II,II
WVX55137.1,WVX,55137.0,IIb,IIb,2024-01-13,2024.0,110,0.9818181818181818,,H1,R,H,R74/H107,II,II
WVX55313.1,WVX,55313.0,IIb,IIb,2024-01-13,2024.0,110,0.9818181818181818,,H1,R,H,R74/H107,II,II
WVD51290.1,WVD,51290.0,IIb,IIb,2023-12-22,2023.0,110,0.9818181818181818,,H1,R,H,R74/H107,II,II
WVD51468.1,WVD,51468.0,IIb,IIb,2023-12-19,2023.0,110,0.9818181818181818,,H1,R,H,R74/H107,II,II
WTM03442.1,WTM,3442.0,IIb,IIb,2023-12,2023.0,110,0.9818181818181818,,H1,R,H,R74/H107,II,II
WTM03617.1,WTM,3617.0,IIb,IIb,2023-12,2023.0,110,0.9818181818181818,,H1,R,H,R74/H107,II,II
WTM03792.1,WTM,3792.0,IIb,IIb,2023-12,2023.0,110,0.9818181818181818,,H1,R,H,R74/H107,II,II
WTM03967.1,WTM,3967.0,IIb,IIb,2023-12,2023.0,110,0.9818181818181818,,H1,R,H,R74/H107,II,II
WTM04142.1,WTM,4142.0,IIb,IIb,2023-12,2023.0,110,0.9818181818181818,,H1,R,H,R74/H107,II,II
WTM04316.1,WTM,4316.0,IIb,IIb,2023-12,2023.0,110,0.9818181818181818,,H1,R,H,R74/H107,II,II
WTM04491.1,WTM,4491.0,IIb,IIb,2023-12,2023.0,110,0.9818181818181818,,H1,R,H,R74/H107,II,II
WRW59017.1,WRW,59017.0,IIb,IIb,2023-12,2023.0,110,0.9818181818181818,,H1,R,H,R74/H107,II,II
WRW59196.1,WRW,59196.0,IIb,IIb,2023-12,2023.0,110,0.9818181818181818,,H1,R,H,R74/H107,II,II
WRW59375.1,WRW,59375.0,IIb,IIb,2023-12,2023.0,110,0.9818181818181818,,H1,R,H,R74/H107,II,II
WRN93344.1,WRN,93344.0,IIb,IIb,2023-11,2023.0,110,0.9818181818181818,,H1,R,H,R74/H107,II,II
WRN93519.1,WRN,93519.0,IIb,IIb,2023-11,2023.0,110,0.9818181818181818,,H1,R,H,R74/H107,II,II
WRN93694.1,WRN,93694.0,IIb,IIb,2023-11,2023.0,110,0.9818181818181818,,H1,R,H,R74/H107,II,II
WRN93869.1,WRN,93869.0,IIb,IIb,2023-11,2023.0,110,0.9818181818181818,,H1,R,H,R74/H107,II,II
WRN94044.1,WRN,94044.0,IIb,IIb,2023-11,2023.0,110,0.9818181818181818,,H1,R,H,R74/H107,II,II
WRN94219.1,WRN,94219.0,IIb,IIb,2023-11,2023.0,110,0.9818181818181818,,H1,R,H,R74/H107,II,II
WRN94394.1,WRN,94394.0,IIb,IIb,2023-11,2023.0,110,0.9818181818181818,,H1,R,H,R74/H107,II,II
WRN94568.1,WRN,94568.0,IIb,IIb,2023-11,2023.0,110,0.9818181818181818,,H1,R,H,R74/H107,II,II
WRN94743.1,WRN,94743.0,IIb,IIb,2023-11,2023.0,110,0.9818181818181818,,H1,R,H,R74/H107,II,II
WRN94918.1,WRN,94918.0,IIb,IIb,2023-11,2023.0,110,0.9818181818181818,,H1,R,H,R74/H107,II,II
WRN95093.1,WRN,95093.0,IIb,IIb,2023-11,2023.0,110,0.9818181818181818,,H1,R,H,R74/H107,II,II
WRN95268.1,WRN,95268.0,IIb,IIb,2023-11,2023.0,110,0.9818181818181818,,H1,R,H,R74/H107,II,II
WRN95443.1,WRN,95443.0,IIb,IIb,2023-11,2023.0,110,0.9818181818181818,,H1,R,H,R74/H107,II,II
WRN95618.1,WRN,95618.0,IIb,IIb,2023-11,2023.0,110,0.9818181818181818,,H1,R,H,R74/H107,II,II
WRN95793.1,WRN,95793.0,IIb,IIb,2023-11,2023.0,110,0.9818181818181818,,H1,R,H,R74/H107,II,II
WRN95968.1,WRN,95968.0,IIb,IIb,2023-11,2023.0,110,0.9818181818181818,,H1,R,H,R74/H107,II,II
WRN96142.1,WRN,96142.0,IIb,IIb,2023-11,2023.0,110,0.9818181818181818,,H1,R,H,R74/H107,II,II
WRN96317.1,WRN,96317.0,IIb,IIb,2023-11,2023.0,110,0.9818181818181818,,H1,R,H,R74/H107,II,II
WRN96492.1,WRN,96492.0,IIb,IIb,2023-11,2023.0,110,0.9818181818181818,,H1,R,H,R74/H107,II,II
WRN96667.1,WRN,96667.0,IIb,IIb,2023-11,2023.0,110,0.9818181818181818,,H1,R,H,R74/H107,II,II
WRN96842.1,WRN,96842.0,IIb,IIb,2023-11,2023.0,110,0.9818181818181818,,H1,R,H,R74/H107,II,II
WRN97016.1,WRN,97016.0,IIb,IIb,2023-11,2023.0,110,0.9818181818181818,,H1,R,H,R74/H107,II,II
WRN97191.1,WRN,97191.0,IIb,IIb,2023-11,2023.0,110,0.9818181818181818,,H1,R,H,R74/H107,II,II
WRN97366.1,WRN,97366.0,IIb,IIb,2023-11,2023.0,110,0.9818181818181818,,H1,R,H,R74/H107,II,II
WRN97541.1,WRN,97541.0,IIb,IIb,2023-11,2023.0,110,0.9818181818181818,,H1,R,H,R74/H107,II,II
WRN97716.1,WRN,97716.0,IIb,IIb,2023-11,2023.0,110,0.9818181818181818,,H1,R,H,R74/H107,II,II
WRN97891.1,WRN,97891.0,IIb,IIb,2023-12,2023.0,110,0.9818181818181818,,H1,R,H,R74/H107,II,II
WRN98066.1,WRN,98066.0,IIb,IIb,2023-12,2023.0,110,0.9818181818181818,,H1,R,H,R74/H107,II,II
WRN98241.1,WRN,98241.0,IIb,IIb,2023-12,2023.0,110,0.9818181818181818,,H1,R,H,R74/H107,II,II
WRN98414.1,WRN,98414.0,IIb,IIb,2023-12,2023.0,110,0.9818181818181818,,H1,R,H,R74/H107,II,II
WRN98589.1,WRN,98589.0,IIb,IIb,2023-12,2023.0,110,0.9818181818181818,,H1,R,H,R74/H107,II,II
WRN98762.1,WRN,98762.0,IIb,IIb,2023-05,2023.0,110,0.9818181818181818,,H1,R,H,R74/H107,II,II
WRN98939.1,WRN,98939.0,IIb,IIb,2023-05,2023.0,110,0.9818181818181818,,H1,R,H,R74/H107,II,II
WRN99116.1,WRN,99116.0,IIb,IIb,2023-05,2023.0,110,0.9818181818181818,,H1,R,H,R74/H107,II,II
WRN99293.1,WRN,99293.0,IIb,IIb,2023-05,2023.0,110,0.9818181818181818,,H1,R,H,R74/H107,II,II
WRN99470.1,WRN,99470.0,IIb,IIb,2023-05,2023.0,110,0.9818181818181818,,H1,R,H,R74/H107,II,II
WRN99647.1,WRN,99647.0,IIb,IIb,2023-05,2023.0,110,0.9818181818181818,,H1,R,H,R74/H107,II,II
WRN99824.1,WRN,99824.0,IIb,IIb,2023-05,2023.0,110,0.9818181818181818,,H1,R,H,R74/H107,II,II
WRO00002.1,WRO,2.0,IIb,IIb,2023-05,2023.0,110,0.9818181818181818,,H1,R,H,R74/H107,II,II
WRO00179.1,WRO,179.0,IIb,IIb,2023-05,2023.0,110,0.9818181818181818,,H1,R,H,R74/H107,II,II
WRO00356.1,WRO,356.0,IIb,IIb,2023-05,2023.0,110,0.9818181818181818,,H1,R,H,R74/H107,II,II
WRO00533.1,WRO,533.0,IIb,IIb,2023-05,2023.0,110,0.9818181818181818,,H1,R,H,R74/H107,II,II
WRO00710.1,WRO,710.0,IIb,IIb,2023-05,2023.0,110,0.9818181818181818,,H1,R,H,R74/H107,II,II
WRO00887.1,WRO,887.0,IIb,IIb,2023-05,2023.0,110,0.9818181818181818,,H1,R,H,R74/H107,II,II
WRO01064.1,WRO,1064.0,IIb,IIb,2023-05,2023.0,110,0.9818181818181818,,H1,R,H,R74/H107,II,II
WRO01241.1,WRO,1241.0,IIb,IIb,2023-05,2023.0,110,0.9818181818181818,,H1,R,H,R74/H107,II,II
WRO01418.1,WRO,1418.0,IIb,IIb,2023-05,2023.0,110,0.9818181818181818,,H1,R,H,R74/H107,II,II
WRO01595.1,WRO,1595.0,IIb,IIb,2023-05,2023.0,110,0.9818181818181818,,H1,R,H,R74/H107,II,II
WRO01772.1,WRO,1772.0,IIb,IIb,2023-05,2023.0,110,0.9818181818181818,,H1,R,H,R74/H107,II,II
WRO01949.1,WRO,1949.0,IIb,IIb,2023-05,2023.0,110,0.9818181818181818,,H1,R,H,R74/H107,II,II
WRO02126.1,WRO,2126.0,IIb,IIb,2023-05,2023.0,110,0.9818181818181818,,H1,R,H,R74/H107,II,II
WRO02303.1,WRO,2303.0,IIb,IIb,2023-05,2023.0,110,0.9818181818181818,,H1,R,H,R74/H107,II,II
WRO02657.1,WRO,2657.0,IIb,IIb,2023-05,2023.0,110,0.9818181818181818,,H1,R,H,R74/H107,II,II
WRO02834.1,WRO,2834.0,IIb,IIb,2023-05,2023.0,110,0.9818181818181818,,H1,R,H,R74/H107,II,II
WRO03011.1,WRO,3011.0,IIb,IIb,2023-05,2023.0,110,0.9818181818181818,,H1,R,H,R74/H107,II,II
WRO03188.1,WRO,3188.0,IIb,IIb,2023-05,2023.0,110,0.9818181818181818,,H1,R,H,R74/H107,II,II
WRO03365.1,WRO,3365.0,IIb,IIb,2023-05,2023.0,110,0.9818181818181818,,H1,R,H,R74/H107,II,II
WRO03719.1,WRO,3719.0,IIb,IIb,2023-05,2023.0,110,0.9818181818181818,,H1,R,H,R74/H107,II,II
WRO03896.1,WRO,3896.0,IIb,IIb,2023-05,2023.0,110,0.9818181818181818,,H1,R,H,R74/H107,II,II
WRO04073.1,WRO,4073.0,IIb,IIb,2023-05,2023.0,110,0.9818181818181818,,H1,R,H,R74/H107,II,II
WRO04250.1,WRO,4250.0,IIb,IIb,2023-05,2023.0,110,0.9818181818181818,,H1,R,H,R74/H107,II,II
WRO04604.1,WRO,4604.0,IIb,IIb,2023-05,2023.0,110,0.9818181818181818,,H1,R,H,R74/H107,II,II
WRO04781.1,WRO,4781.0,IIb,IIb,2023-05,2023.0,110,0.9818181818181818,,H1,R,H,R74/H107,II,II
WRO05312.1,WRO,5312.0,IIb,IIb,2023-05,2023.0,110,0.9818181818181818,,H1,R,H,R74/H107,II,II
WRO05489.1,WRO,5489.0,IIb,IIb,2023-05,2023.0,110,0.9818181818181818,,H1,R,H,R74/H107,II,II
WRO05666.1,WRO,5666.0,IIb,IIb,2023-05,2023.0,110,0.9818181818181818,,H1,R,H,R74/H107,II,II
UVT84997.1,UVT,84997.0,IIb,IIb,2022-06-18,2022.0,110,0.9818181818181818,,H1,R,H,R74/H107,II,II
WQM88744.1,WQM,88744.0,IIb,IIb,2023-09-19,2023.0,110,0.9818181818181818,,H1,R,H,R74/H107,II,II
WQM88916.1,WQM,88916.0,IIb,IIb,2023-09-21,2023.0,110,0.9818181818181818,,H1,R,H,R74/H107,II,II
WQM89093.1,WQM,89093.0,IIb,IIb,2023-09-22,2023.0,110,0.9818181818181818,,H1,R,H,R74/H107,II,II
WQM89270.1,WQM,89270.0,IIb,IIb,2023-09-24,2023.0,110,0.9818181818181818,,H1,R,H,R74/H107,II,II
WQM89447.1,WQM,89447.0,IIb,IIb,2023-09-22,2023.0,110,0.9818181818181818,,H1,R,H,R74/H107,II,II
WQM89620.1,WQM,89620.0,IIb,IIb,2023-09-25,2023.0,110,0.9818181818181818,,H1,R,H,R74/H107,II,II
WQM89790.1,WQM,89790.0,IIb,IIb,2023-09-25,2023.0,110,0.9818181818181818,,H1,R,H,R74/H107,II,II
WQM89966.1,WQM,89966.0,IIb,IIb,2023-09-26,2023.0,110,0.9818181818181818,,H1,R,H,R74/H107,II,II
WQM90138.1,WQM,90138.0,IIb,IIb,2023-09-27,2023.0,110,0.9818181818181818,,H1,R,H,R74/H107,II,II
WQM90311.1,WQM,90311.0,IIb,IIb,2023-09-26,2023.0,110,0.9818181818181818,,H1,R,H,R74/H107,II,II
WQM90488.1,WQM,90488.0,IIb,IIb,2023-09-29,2023.0,110,0.9818181818181818,,H1,R,H,R74/H107,II,II
WQM90664.1,WQM,90664.0,IIb,IIb,2023-10-02,2023.0,110,0.9818181818181818,,H1,R,H,R74/H107,II,II
WQM90840.1,WQM,90840.0,IIb,IIb,2023-10-03,2023.0,110,0.9818181818181818,,H1,R,H,R74/H107,II,II
WQM91015.1,WQM,91015.0,IIb,IIb,2023-10-03,2023.0,110,0.9818181818181818,,H1,R,H,R74/H107,II,II
WQM91192.1,WQM,91192.0,IIb,IIb,2023-10-03,2023.0,110,0.9818181818181818,,H1,R,H,R74/H107,II,II
WQM91366.1,WQM,91366.0,IIb,IIb,2023-10-04,2023.0,110,0.9818181818181818,,H1,R,H,R74/H107,II,II
WQM91541.1,WQM,91541.0,IIb,IIb,2023-10-06,2023.0,110,0.9818181818181818,,H1,R,H,R74/H107,II,II
WQM91714.1,WQM,91714.0,IIb,IIb,2023-10-04,2023.0,110,0.9818181818181818,,H1,R,H,R74/H107,II,II
WQM91891.1,WQM,91891.0,IIb,IIb,2023-10-10,2023.0,110,0.9818181818181818,,H1,R,H,R74/H107,II,II
WQM92065.1,WQM,92065.0,IIb,IIb,2023-10-10,2023.0,110,0.9818181818181818,,H1,R,H,R74/H107,II,II
WQM92238.1,WQM,92238.0,IIb,IIb,2023-10-13,2023.0,110,0.9818181818181818,,H1,R,H,R74/H107,II,II
WQM92411.1,WQM,92411.0,IIb,IIb,2023-09-29,2023.0,110,0.9818181818181818,,H1,R,H,R74/H107,II,II
WQM92585.1,WQM,92585.0,IIb,IIb,2023-10-13,2023.0,110,0.9818181818181818,,H1,R,H,R74/H107,II,II
WQM92759.1,WQM,92759.0,IIb,IIb,2023-10-12,2023.0,110,0.9818181818181818,,H1,R,H,R74/H107,II,II
WQM92931.1,WQM,92931.0,IIb,IIb,2023-10-12,2023.0,110,0.9818181818181818,,H1,R,H,R74/H107,II,II
WQM93105.1,WQM,93105.0,IIb,IIb,2023-10-12,2023.0,110,0.9818181818181818,,H1,R,H,R74/H107,II,II
WQM93282.1,WQM,93282.0,IIb,IIb,2023-10-12,2023.0,110,0.9818181818181818,,H1,R,H,R74/H107,II,II
WQM93458.1,WQM,93458.0,IIb,IIb,2023-10-12,2023.0,110,0.9818181818181818,,H1,R,H,R74/H107,II,II
WQM93634.1,WQM,93634.0,IIb,IIb,2023-10-17,2023.0,110,0.9818181818181818,,H1,R,H,R74/H107,II,II
WQM93809.1,WQM,93809.0,IIb,IIb,2023-10-18,2023.0,110,0.9818181818181818,,H1,R,H,R74/H107,II,II
WQM93986.1,WQM,93986.0,IIb,IIb,2023-10-19,2023.0,110,0.9818181818181818,,H1,R,H,R74/H107,II,II
WQM94160.1,WQM,94160.0,IIb,IIb,2023-10-20,2023.0,110,0.9818181818181818,,H1,R,H,R74/H107,II,II
WQM94338.1,WQM,94338.0,IIb,IIb,2023-10-27,2023.0,110,0.9818181818181818,,H1,R,H,R74/H107,II,II
WQM94514.1,WQM,94514.0,IIb,IIb,2023-10-28,2023.0,110,0.9818181818181818,,H1,R,H,R74/H107,II,II
WQM94690.1,WQM,94690.0,IIb,IIb,2023-10-29,2023.0,110,0.9818181818181818,,H1,R,H,R74/H107,II,II
WQM94867.1,WQM,94867.0,IIb,IIb,2023-10-26,2023.0,110,0.9818181818181818,,H1,R,H,R74/H107,II,II
WQM95045.1,WQM,95045.0,IIb,IIb,2023-10-29,2023.0,110,0.9818181818181818,,H1,R,H,R74/H107,II,II
WQM95222.1,WQM,95222.0,IIb,IIb,2023-10-29,2023.0,110,0.9818181818181818,,H1,R,H,R74/H107,II,II
WQM95400.1,WQM,95400.0,IIb,IIb,2023-11-01,2023.0,110,0.9818181818181818,,H1,R,H,R74/H107,II,II
WQM95578.1,WQM,95578.0,IIb,IIb,2023-10-31,2023.0,110,0.9818181818181818,,H1,R,H,R74/H107,II,II
WQM95754.1,WQM,95754.0,IIb,IIb,2023-11-02,2023.0,110,0.9818181818181818,,H1,R,H,R74/H107,II,II
WQM95929.1,WQM,95929.0,IIb,IIb,2023-11-08,2023.0,110,0.9818181818181818,,H1,R,H,R74/H107,II,II
WQM96100.1,WQM,96100.0,IIb,IIb,2023-11-08,2023.0,110,0.9818181818181818,,H1,R,H,R74/H107,II,II
WQM96277.1,WQM,96277.0,IIb,IIb,2023-11-07,2023.0,110,0.9818181818181818,,H1,R,H,R74/H107,II,II
WQM96454.1,WQM,96454.0,IIb,IIb,2023-11-09,2023.0,110,0.9818181818181818,,H1,R,H,R74/H107,II,II
WQM96632.1,WQM,96632.0,IIb,IIb,2023-11-16,2023.0,110,0.9818181818181818,,H1,R,H,R74/H107,II,II
WQM96808.1,WQM,96808.0,IIb,IIb,2023-11-20,2023.0,110,0.9818181818181818,,H1,R,H,R74/H107,II,II
WQM96986.1,WQM,96986.0,IIb,IIb,2023-11-18,2023.0,110,0.9818181818181818,,H1,R,H,R74/H107,II,II
WQM97164.1,WQM,97164.0,IIb,IIb,2023-11-23,2023.0,110,0.9818181818181818,,H1,R,H,R74/H107,II,II
WQM97338.1,WQM,97338.0,IIb,IIb,2023-11-28,2023.0,110,0.9818181818181818,,H1,R,H,R74/H107,II,II
WQK80723.1,WQK,80723.0,Ia,Ia,2016-08,2016.0,110,1.0,,H2,H,R,H74/R107,I,I
WQH82557.1,WQH,82557.0,IIb,IIb,2023-11-22,2023.0,110,0.9818181818181818,,H1,R,H,R74/H107,II,II
WQB54422.1,WQB,54422.0,IIb,IIb,2023-10,2023.0,110,0.9818181818181818,,H1,R,H,R74/H107,II,II
WPY89171.1,WPY,89171.0,IIb,IIb,2023-09,2023.0,110,0.9818181818181818,,H1,R,H,R74/H107,II,II
WPY89350.1,WPY,89350.0,IIb,IIb,2023-11,2023.0,110,0.9818181818181818,,H1,R,H,R74/H107,II,II
WPY89529.1,WPY,89529.0,IIb,IIb,2023-11,2023.0,110,0.9818181818181818,,H1,R,H,R74/H107,II,II
WPY89708.1,WPY,89708.0,IIb,IIb,2023-11,2023.0,110,0.9818181818181818,,H1,R,H,R74/H107,II,II
WPY89886.1,WPY,89886.0,IIb,IIb,2023-11,2023.0,110,0.9818181818181818,,H1,R,H,R74/H107,II,II
WPY90065.1,WPY,90065.0,IIb,IIb,2023-11,2023.0,110,0.9818181818181818,,H1,R,H,R74/H107,II,II
WPR10319.1,WPR,10319.0,IIb,IIb,2023-11,2023.0,110,0.9818181818181818,,H1,R,H,R74/H107,II,II
WPR10498.1,WPR,10498.0,IIb,IIb,2023-11,2023.0,110,0.9818181818181818,,H1,R,H,R74/H107,II,II
WPM53878.1,WPM,53878.0,IIb,IIb,2022-11-29,2022.0,110,0.9818181818181818,,H1,R,H,R74/H107,II,II
WPM54054.1,WPM,54054.0,IIb,IIb,2022-11-25,2022.0,110,0.9818181818181818,,H1,R,H,R74/H107,II,II
WPM54227.1,WPM,54227.0,IIb,IIb,2022-11-08,2022.0,110,0.9818181818181818,,H1,R,H,R74/H107,II,II
WPM54397.1,WPM,54397.0,IIb,IIb,2022-11-08,2022.0,110,0.9818181818181818,,H1,R,H,R74/H107,II,II
WPM54574.1,WPM,54574.0,IIb,IIb,2022-10-20,2022.0,110,0.9818181818181818,,H1,R,H,R74/H107,II,II
WPM54752.1,WPM,54752.0,IIb,IIb,2022-09-21,2022.0,110,0.9818181818181818,,H1,R,H,R74/H107,II,II
WPM54925.1,WPM,54925.0,IIb,IIb,2022-12-07,2022.0,110,0.9818181818181818,,H1,R,H,R74/H107,II,II
WPM55104.1,WPM,55104.0,IIb,IIb,2022-12-29,2022.0,110,0.9818181818181818,,H1,R,H,R74/H107,II,II
WPM55283.1,WPM,55283.0,IIb,IIb,2022-12-29,2022.0,110,0.9818181818181818,,H1,R,H,R74/H107,II,II
WPM55452.1,WPM,55452.0,IIb,IIb,2022-12-29,2022.0,110,0.9818181818181818,,H1,R,H,R74/H107,II,II
WPM55631.1,WPM,55631.0,IIb,IIb,2022-12-14,2022.0,110,0.9818181818181818,,H1,R,H,R74/H107,II,II
WPM55810.1,WPM,55810.0,IIb,IIb,2022-12-14,2022.0,110,0.9818181818181818,,H1,R,H,R74/H107,II,II
WPM55988.1,WPM,55988.0,IIb,IIb,2022-12-26,2022.0,110,0.9818181818181818,,H1,R,H,R74/H107,II,II
WPM56155.1,WPM,56155.0,IIb,IIb,2023-01-06,2023.0,110,0.9818181818181818,,H1,R,H,R74/H107,II,II
WPM56333.1,WPM,56333.0,IIb,IIb,2023-01-12,2023.0,110,0.9818181818181818,,H1,R,H,R74/H107,II,II
WPM56512.1,WPM,56512.0,IIb,IIb,2023-05-03,2023.0,110,0.9818181818181818,,H1,R,H,R74/H107,II,II
WPM56691.1,WPM,56691.0,IIb,IIb,2023-06-01,2023.0,110,0.9818181818181818,,H1,R,H,R74/H107,II,II
WPM56870.1,WPM,56870.0,IIb,IIb,2023-06-23,2023.0,110,0.9818181818181818,,H1,R,H,R74/H107,II,II
WPM57049.1,WPM,57049.0,IIb,IIb,2023-09-15,2023.0,110,0.9818181818181818,,H1,R,H,R74/H107,II,II
WPM57228.1,WPM,57228.0,IIb,IIb,2023-06-23,2023.0,110,0.9818181818181818,,H1,R,H,R74/H107,II,II
WPM57407.1,WPM,57407.0,IIb,IIb,2023-07-05,2023.0,110,0.9818181818181818,,H1,R,H,R74/H107,II,II
WPM57585.1,WPM,57585.0,IIb,IIb,2023-07-05,2023.0,110,0.9818181818181818,,H1,R,H,R74/H107,II,II
WPM57764.1,WPM,57764.0,IIb,IIb,2023-07-05,2023.0,110,0.9818181818181818,,H1,R,H,R74/H107,II,II
WPM57943.1,WPM,57943.0,IIb,IIb,2023-07-05,2023.0,110,0.9818181818181818,,H1,R,H,R74/H107,II,II
WPM58122.1,WPM,58122.0,IIb,IIb,2023-09-15,2023.0,110,0.9818181818181818,,H1,R,H,R74/H107,II,II
WPM58301.1,WPM,58301.0,IIb,IIb,2023-07-05,2023.0,110,0.9818181818181818,,H1,R,H,R74/H107,II,II
WPM58480.1,WPM,58480.0,IIb,IIb,2023-07-05,2023.0,110,0.9818181818181818,,H1,R,H,R74/H107,II,II
WPM58659.1,WPM,58659.0,IIb,IIb,2023-07-05,2023.0,110,0.9818181818181818,,H1,R,H,R74/H107,II,II
WPM58838.1,WPM,58838.0,IIb,IIb,2023-07-05,2023.0,110,0.9818181818181818,,H1,R,H,R74/H107,II,II
WPM59017.1,WPM,59017.0,IIb,IIb,2023-07-05,2023.0,110,0.9818181818181818,,H1,R,H,R74/H107,II,II
WPM59196.1,WPM,59196.0,IIb,IIb,2023-09-15,2023.0,110,0.9818181818181818,,H1,R,H,R74/H107,II,II
WPM59375.1,WPM,59375.0,IIb,IIb,2023-07-12,2023.0,110,0.9818181818181818,,H1,R,H,R74/H107,II,II
WPM59554.1,WPM,59554.0,IIb,IIb,2023-09-15,2023.0,110,0.9818181818181818,,H1,R,H,R74/H107,II,II
WPM59733.1,WPM,59733.0,IIb,IIb,2023-07-12,2023.0,110,0.9818181818181818,,H1,R,H,R74/H107,II,II
WPM59912.1,WPM,59912.0,IIb,IIb,2023-09-15,2023.0,110,0.9818181818181818,,H1,R,H,R74/H107,II,II
WPM60091.1,WPM,60091.0,IIb,IIb,2023-09-15,2023.0,110,0.9818181818181818,,H1,R,H,R74/H107,II,II
WPM60270.1,WPM,60270.0,IIb,IIb,2023-08-03,2023.0,110,0.9818181818181818,,H1,R,H,R74/H107,II,II
WPM60449.1,WPM,60449.0,IIb,IIb,2023-08-28,2023.0,110,0.9818181818181818,,H1,R,H,R74/H107,II,II
WPM60628.1,WPM,60628.0,IIb,IIb,2023-08-28,2023.0,110,0.9818181818181818,,H1,R,H,R74/H107,II,II
WPD83932.1,WPD,83932.0,IIb,IIb,2023-07-13,2023.0,110,0.9818181818181818,,H1,R,H,R74/H107,II,II
WPD84105.1,WPD,84105.0,IIb,IIb,2023-07-13,2023.0,110,0.9818181818181818,,H1,R,H,R74/H107,II,II
WPD84277.1,WPD,84277.0,IIb,IIb,2023-07-17,2023.0,110,0.9818181818181818,,H1,R,H,R74/H107,II,II
WPD84452.1,WPD,84452.0,IIb,IIb,2023-07-15,2023.0,110,0.9818181818181818,,H1,R,H,R74/H107,II,II
WPD84627.1,WPD,84627.0,IIb,IIb,2023-07-18,2023.0,110,0.9818181818181818,,H1,R,H,R74/H107,II,II
WPD84799.1,WPD,84799.0,IIb,IIb,2023-07-24,2023.0,110,0.9818181818181818,,H1,R,H,R74/H107,II,II
WPD84971.1,WPD,84971.0,IIb,IIb,2023-08-07,2023.0,110,0.9818181818181818,,H1,R,H,R74/H107,II,II
WPD85149.1,WPD,85149.0,IIb,IIb,2023-08-08,2023.0,110,0.9818181818181818,,H1,R,H,R74/H107,II,II
WPD85325.1,WPD,85325.0,IIb,IIb,2023-08-07,2023.0,110,0.9818181818181818,,H1,R,H,R74/H107,II,II
WPD85500.1,WPD,85500.0,IIb,IIb,2023-08-08,2023.0,110,0.9818181818181818,,H1,R,H,R74/H107,II,II
WPD85676.1,WPD,85676.0,IIb,IIb,2023-08-10,2023.0,110,0.9818181818181818,,H1,R,H,R74/H107,II,II
WPD85851.1,WPD,85851.0,IIb,IIb,2023-08-11,2023.0,110,0.9818181818181818,,H1,R,H,R74/H107,II,II
WPD86021.1,WPD,86021.0,IIb,IIb,2023-08-10,2023.0,110,0.9818181818181818,,H1,R,H,R74/H107,II,II
WPD86197.1,WPD,86197.0,IIb,IIb,2023-08-11,2023.0,110,0.9818181818181818,,H1,R,H,R74/H107,II,II
WPD86374.1,WPD,86374.0,IIb,IIb,2023-08-11,2023.0,110,0.9818181818181818,,H1,R,H,R74/H107,II,II
WPD86548.1,WPD,86548.0,IIb,IIb,2023-08-10,2023.0,110,0.9818181818181818,,H1,R,H,R74/H107,II,II
WPD86725.1,WPD,86725.0,IIb,IIb,2023-08-13,2023.0,110,0.9818181818181818,,H1,R,H,R74/H107,II,II
WPD86900.1,WPD,86900.0,IIb,IIb,2023-08-17,2023.0,110,0.9818181818181818,,H1,R,H,R74/H107,II,II
WPD87076.1,WPD,87076.0,IIb,IIb,2023-08-21,2023.0,110,0.9818181818181818,,H1,R,H,R74/H107,II,II
WPD87251.1,WPD,87251.0,IIb,IIb,2023-08-21,2023.0,110,0.9818181818181818,,H1,R,H,R74/H107,II,II
WPD87422.1,WPD,87422.0,IIb,IIb,2023-08-22,2023.0,110,0.9818181818181818,,H1,R,H,R74/H107,II,II
WPD87600.1,WPD,87600.0,IIb,IIb,2023-08-22,2023.0,110,0.9818181818181818,,H1,R,H,R74/H107,II,II
WPD87774.1,WPD,87774.0,IIb,IIb,2023-08-31,2023.0,110,0.9818181818181818,,H1,R,H,R74/H107,II,II
WPD87943.1,WPD,87943.0,IIb,IIb,2023-09-01,2023.0,110,0.9818181818181818,,H1,R,H,R74/H107,II,II
WPD88117.1,WPD,88117.0,IIb,IIb,2023-09-05,2023.0,110,0.9818181818181818,,H1,R,H,R74/H107,II,II
WPD88295.1,WPD,88295.0,IIb,IIb,2023-09-05,2023.0,110,0.9818181818181818,,H1,R,H,R74/H107,II,II
WPD88472.1,WPD,88472.0,IIb,IIb,2023-09-07,2023.0,110,0.9818181818181818,,H1,R,H,R74/H107,II,II
WPD88649.1,WPD,88649.0,IIb,IIb,2023-09-07,2023.0,110,0.9818181818181818,,H1,R,H,R74/H107,II,II
WPD88824.1,WPD,88824.0,IIb,IIb,2023-09-07,2023.0,110,0.9818181818181818,,H1,R,H,R74/H107,II,II
WPD89001.1,WPD,89001.0,IIb,IIb,2023-09-08,2023.0,110,0.9818181818181818,,H1,R,H,R74/H107,II,II
WPD89179.1,WPD,89179.0,IIb,IIb,2023-09-12,2023.0,110,0.9818181818181818,,H1,R,H,R74/H107,II,II
WPD89355.1,WPD,89355.0,IIb,IIb,2023-09-14,2023.0,110,0.9818181818181818,,H1,R,H,R74/H107,II,II
WPD89530.1,WPD,89530.0,IIb,IIb,2023-09-12,2023.0,110,0.9818181818181818,,H1,R,H,R74/H107,II,II
WPD89703.1,WPD,89703.0,IIb,IIb,2023-09-15,2023.0,110,0.9818181818181818,,H1,R,H,R74/H107,II,II
WPD89880.1,WPD,89880.0,IIb,IIb,2023-09-18,2023.0,110,0.9818181818181818,,H1,R,H,R74/H107,II,II
WPD90057.1,WPD,90057.0,IIb,IIb,2023-09-19,2023.0,110,0.9818181818181818,,H1,R,H,R74/H107,II,II
WPD90235.1,WPD,90235.0,IIb,IIb,2023-09-19,2023.0,110,0.9818181818181818,,H1,R,H,R74/H107,II,II
WPD90410.1,WPD,90410.0,IIb,IIb,2023-09-19,2023.0,110,0.9818181818181818,,H1,R,H,R74/H107,II,II
WPD90586.1,WPD,90586.0,IIb,IIb,2023-09-19,2023.0,110,0.9818181818181818,,H1,R,H,R74/H107,II,II
WPD90761.1,WPD,90761.0,IIb,IIb,2022-06-02,2022.0,110,0.9818181818181818,,H1,R,H,R74/H107,II,II
UVB73505.1,UVB,73505.0,West,unassigned,2022,2022.0,110,0.9818181818181818,,H1,R,H,R74/H107,unassigned,II
WOZ25288.1,WOZ,25288.0,IIb,IIb,2023-10,2023.0,110,0.9818181818181818,,H1,R,H,R74/H107,II,II
WOZ25467.1,WOZ,25467.0,IIb,IIb,2023-10,2023.0,110,0.9818181818181818,,H1,R,H,R74/H107,II,II
WOZ25646.1,WOZ,25646.0,IIb,IIb,2023-10,2023.0,110,0.9818181818181818,,H1,R,H,R74/H107,II,II
WOZ25825.1,WOZ,25825.0,IIb,IIb,2023-10,2023.0,110,0.9818181818181818,,H1,R,H,R74/H107,II,II
WOZ26004.1,WOZ,26004.0,IIb,IIb,2023-10,2023.0,110,0.9818181818181818,,H1,R,H,R74/H107,II,II
WOZ26183.1,WOZ,26183.0,IIb,IIb,2023-10,2023.0,110,0.9818181818181818,,H1,R,H,R74/H107,II,II
WOZ26362.1,WOZ,26362.0,IIb,IIb,2023-10,2023.0,110,0.9818181818181818,,H1,R,H,R74/H107,II,II
WOZ26541.1,WOZ,26541.0,IIb,IIb,2023-10,2023.0,110,0.9818181818181818,,H1,R,H,R74/H107,II,II
WOZ26720.1,WOZ,26720.0,IIb,IIb,2023-10,2023.0,110,0.9818181818181818,,H1,R,H,R74/H107,II,II
WOZ26899.1,WOZ,26899.0,IIb,IIb,2023-10,2023.0,110,0.9818181818181818,,H1,R,H,R74/H107,II,II
WOZ27078.1,WOZ,27078.0,IIb,IIb,2023-10,2023.0,110,0.9818181818181818,,H1,R,H,R74/H107,II,II
WOZ27467.1,WOZ,27467.0,IIb,IIb,2023-10,2023.0,110,0.9818181818181818,,H1,R,H,R74/H107,II,II
WOZ27642.1,WOZ,27642.0,IIb,IIb,2023-10,2023.0,110,0.9818181818181818,,H1,R,H,R74/H107,II,II
WOZ27817.1,WOZ,27817.0,IIb,IIb,2023-10,2023.0,110,0.9818181818181818,,H1,R,H,R74/H107,II,II
WOZ27992.1,WOZ,27992.0,IIb,IIb,2023-10,2023.0,110,0.9818181818181818,,H1,R,H,R74/H107,II,II
WOZ28166.1,WOZ,28166.0,IIb,IIb,2023-10,2023.0,110,0.9818181818181818,,H1,R,H,R74/H107,II,II
WOZ28341.1,WOZ,28341.0,IIb,IIb,2023-10,2023.0,110,0.9818181818181818,,H1,R,H,R74/H107,II,II
WOZ28516.1,WOZ,28516.0,IIb,IIb,2023-10,2023.0,110,0.9818181818181818,,H1,R,H,R74/H107,II,II
WOZ28690.1,WOZ,28690.0,IIb,IIb,2023-10,2023.0,110,0.9818181818181818,,H1,R,H,R74/H107,II,II
WOZ28865.1,WOZ,28865.0,IIb,IIb,2023-10,2023.0,110,0.9818181818181818,,H1,R,H,R74/H107,II,II
WOZ29039.1,WOZ,29039.0,IIb,IIb,2023-10,2023.0,110,0.9818181818181818,,H1,R,H,R74/H107,II,II
WOZ29213.1,WOZ,29213.0,IIb,IIb,2023-10,2023.0,110,0.9818181818181818,,H1,R,H,R74/H107,II,II
WOZ29388.1,WOZ,29388.0,IIb,IIb,2023-10,2023.0,110,0.9818181818181818,,H1,R,H,R74/H107,II,II
WOW72818.1,WOW,72818.0,IIb,IIb,2022-08-01,2022.0,110,0.9818181818181818,,H1,R,H,R74/H107,II,II
WOW72997.1,WOW,72997.0,IIb,IIb,2022-08-01,2022.0,110,0.9818181818181818,,H1,R,H,R74/H107,II,II
WOW73176.1,WOW,73176.0,IIb,IIb,2022-08-01,2022.0,110,0.9818181818181818,,H1,R,H,R74/H107,II,II
WOW73355.1,WOW,73355.0,IIb,IIb,2022-08-01,2022.0,110,0.9818181818181818,,H1,R,H,R74/H107,II,II
WOW73533.1,WOW,73533.0,IIb,IIb,2022-08-01,2022.0,110,0.9818181818181818,,H1,R,H,R74/H107,II,II
WOW73711.1,WOW,73711.0,IIb,IIb,2022-08-01,2022.0,110,0.9818181818181818,,H1,R,H,R74/H107,II,II
WOW73890.1,WOW,73890.0,IIb,IIb,2022-08-01,2022.0,110,0.9818181818181818,,H1,R,H,R74/H107,II,II
WOW74069.1,WOW,74069.0,IIb,IIb,2022-08-01,2022.0,110,0.9818181818181818,,H1,R,H,R74/H107,II,II
WOW74248.1,WOW,74248.0,IIb,IIb,2022-08-01,2022.0,110,0.9818181818181818,,H1,R,H,R74/H107,II,II
WOW74427.1,WOW,74427.0,IIb,IIb,2022-08-01,2022.0,110,0.9818181818181818,,H1,R,H,R74/H107,II,II
WOW74606.1,WOW,74606.0,IIb,IIb,2022-08-01,2022.0,110,0.9818181818181818,,H1,R,H,R74/H107,II,II
WOW74785.1,WOW,74785.0,IIb,IIb,2022-08-01,2022.0,110,0.9818181818181818,,H1,R,H,R74/H107,II,II
WOW74964.1,WOW,74964.0,IIb,IIb,2022-08-01,2022.0,110,0.9818181818181818,,H1,R,H,R74/H107,II,II
WOW75143.1,WOW,75143.0,IIb,IIb,2022-08-01,2022.0,110,0.9818181818181818,,H1,R,H,R74/H107,II,II
WOW75322.1,WOW,75322.0,IIb,IIb,2022-08-01,2022.0,110,0.9818181818181818,,H1,R,H,R74/H107,II,II
WOW75501.1,WOW,75501.0,IIb,IIb,2022-08-01,2022.0,110,0.9818181818181818,,H1,R,H,R74/H107,II,II
WOW75680.1,WOW,75680.0,IIb,IIb,2022-08-01,2022.0,110,0.9818181818181818,,H1,R,H,R74/H107,II,II
WOW75859.1,WOW,75859.0,IIb,IIb,2022-08-01,2022.0,110,0.9818181818181818,,H1,R,H,R74/H107,II,II
WOW76038.1,WOW,76038.0,IIb,IIb,2022-08-01,2022.0,110,0.9818181818181818,,H1,R,H,R74/H107,II,II
WOW76217.1,WOW,76217.0,IIb,IIb,2022-08-01,2022.0,110,0.9818181818181818,,H1,R,H,R74/H107,II,II
WOW76393.1,WOW,76393.0,IIb,IIb,2022-08-01,2022.0,110,0.9818181818181818,,H1,R,H,R74/H107,II,II
WOW76539.1,WOW,76539.0,IIb,IIb,2022-08-01,2022.0,110,0.9818181818181818,,H1,R,H,R74/H107,II,II
WOW76711.1,WOW,76711.0,IIb,IIb,2022-08-01,2022.0,110,0.9818181818181818,,H1,R,H,R74/H107,II,II
WOW76890.1,WOW,76890.0,IIb,IIb,2022-08-01,2022.0,110,0.9818181818181818,,H1,R,H,R74/H107,II,II
WOW77068.1,WOW,77068.0,IIb,IIb,2022-08-01,2022.0,110,0.9818181818181818,,H1,R,H,R74/H107,II,II
WOW77247.1,WOW,77247.0,IIb,IIb,2022-08-01,2022.0,110,0.9818181818181818,,H1,R,H,R74/H107,II,II
WOW77426.1,WOW,77426.0,IIb,IIb,2022-08-01,2022.0,110,0.9818181818181818,,H1,R,H,R74/H107,II,II
WOW77605.1,WOW,77605.0,IIb,IIb,2022-09-01,2022.0,110,0.9818181818181818,,H1,R,H,R74/H107,II,II
WOW77773.1,WOW,77773.0,IIb,IIb,2022-09-01,2022.0,110,0.9818181818181818,,H1,R,H,R74/H107,II,II
WOW77948.1,WOW,77948.0,IIb,IIb,2022-09-01,2022.0,110,0.9818181818181818,,H1,R,H,R74/H107,II,II
WOW78127.1,WOW,78127.0,IIb,IIb,2022-09-01,2022.0,110,0.9818181818181818,,H1,R,H,R74/H107,II,II
WOW78306.1,WOW,78306.0,IIb,IIb,2022-09-01,2022.0,110,0.9818181818181818,,H1,R,H,R74/H107,II,II
WOW78484.1,WOW,78484.0,IIb,IIb,2022-09-01,2022.0,110,0.9818181818181818,,H1,R,H,R74/H107,II,II
WOW78663.1,WOW,78663.0,IIb,IIb,2022-09-01,2022.0,110,0.9818181818181818,,H1,R,H,R74/H107,II,II
WOW78842.1,WOW,78842.0,IIb,IIb,2022-09-01,2022.0,110,0.9818181818181818,,H1,R,H,R74/H107,II,II
WOW79021.1,WOW,79021.0,IIb,IIb,2022-09-01,2022.0,110,0.9818181818181818,,H1,R,H,R74/H107,II,II
WOW79200.1,WOW,79200.0,IIb,IIb,2022-09-01,2022.0,110,0.9818181818181818,,H1,R,H,R74/H107,II,II
WOW79379.1,WOW,79379.0,IIb,IIb,2022-09-01,2022.0,110,0.9818181818181818,,H1,R,H,R74/H107,II,II
WOW79558.1,WOW,79558.0,IIb,IIb,2022-09-01,2022.0,110,0.9818181818181818,,H1,R,H,R74/H107,II,II
WOW79737.1,WOW,79737.0,IIb,IIb,2022-09-01,2022.0,110,0.9818181818181818,,H1,R,H,R74/H107,II,II
WOW79916.1,WOW,79916.0,IIb,IIb,2022-09-01,2022.0,110,0.9818181818181818,,H1,R,H,R74/H107,II,II
WOW80095.1,WOW,80095.0,IIb,IIb,2022-09-01,2022.0,110,0.9818181818181818,,H1,R,H,R74/H107,II,II
WOW80274.1,WOW,80274.0,IIb,IIb,2022-08-01,2022.0,110,0.9818181818181818,,H1,R,H,R74/H107,II,II
WOW80453.1,WOW,80453.0,IIb,IIb,2022-08-01,2022.0,110,0.9818181818181818,,H1,R,H,R74/H107,II,II
WOW80632.1,WOW,80632.0,IIb,IIb,2022-07-01,2022.0,110,0.9818181818181818,,H1,R,H,R74/H107,II,II
WOW80811.1,WOW,80811.0,IIb,IIb,2022-07-01,2022.0,110,0.9818181818181818,,H1,R,H,R74/H107,II,II
WOW80990.1,WOW,80990.0,IIb,IIb,2022-07-01,2022.0,110,0.9818181818181818,,H1,R,H,R74/H107,II,II
WOW81169.1,WOW,81169.0,IIb,IIb,2022-07-01,2022.0,110,0.9818181818181818,,H1,R,H,R74/H107,II,II
WOW81348.1,WOW,81348.0,IIb,IIb,2022-07-01,2022.0,110,0.9818181818181818,,H1,R,H,R74/H107,II,II
WOW81527.1,WOW,81527.0,IIb,IIb,2022-07-01,2022.0,110,0.9818181818181818,,H1,R,H,R74/H107,II,II
WOW81706.1,WOW,81706.0,IIb,IIb,2022-06-01,2022.0,110,0.9818181818181818,,H1,R,H,R74/H107,II,II
WOW81885.1,WOW,81885.0,IIb,IIb,2022-07-01,2022.0,110,0.9818181818181818,,H1,R,H,R74/H107,II,II
WOW82064.1,WOW,82064.0,IIb,IIb,2022-07-01,2022.0,110,0.9818181818181818,,H1,R,H,R74/H107,II,II
WOW82243.1,WOW,82243.0,IIb,IIb,2022-07-01,2022.0,110,0.9818181818181818,,H1,R,H,R74/H107,II,II
WOW82422.1,WOW,82422.0,IIb,IIb,2022-08-01,2022.0,110,0.9818181818181818,,H1,R,H,R74/H107,II,II
WOW82601.1,WOW,82601.0,IIb,IIb,2022-07-01,2022.0,110,0.9818181818181818,,H1,R,H,R74/H107,II,II
WOW82780.1,WOW,82780.0,IIb,IIb,2022-07-01,2022.0,110,0.9818181818181818,,H1,R,H,R74/H107,II,II
WOW82959.1,WOW,82959.0,IIb,IIb,2022-07-01,2022.0,110,0.9818181818181818,,H1,R,H,R74/H107,II,II
WOW83138.1,WOW,83138.0,IIb,IIb,2022-06-01,2022.0,110,0.9818181818181818,,H1,R,H,R74/H107,II,II
WOW83317.1,WOW,83317.0,IIb,IIb,2022-08-01,2022.0,110,0.9818181818181818,,H1,R,H,R74/H107,II,II
WOW83496.1,WOW,83496.0,IIb,IIb,2022-07-01,2022.0,110,0.9818181818181818,,H1,R,H,R74/H107,II,II
WOW83675.1,WOW,83675.0,IIb,IIb,2022-07-01,2022.0,110,0.9818181818181818,,H1,R,H,R74/H107,II,II
WOW83854.1,WOW,83854.0,IIb,IIb,2022-06-01,2022.0,110,0.9818181818181818,,H1,R,H,R74/H107,II,II
WOW84030.1,WOW,84030.0,IIb,IIb,2022-07-01,2022.0,110,0.9818181818181818,,H1,R,H,R74/H107,II,II
WOW84209.1,WOW,84209.0,IIb,IIb,2022-07-01,2022.0,110,0.9818181818181818,,H1,R,H,R74/H107,II,II
WOW84388.1,WOW,84388.0,IIb,IIb,2022-07-01,2022.0,110,0.9818181818181818,,H1,R,H,R74/H107,II,II
WOW84567.1,WOW,84567.0,IIb,IIb,2022-06-01,2022.0,110,0.9818181818181818,,H1,R,H,R74/H107,II,II
WOW84746.1,WOW,84746.0,IIb,IIb,2022-08-01,2022.0,110,0.9818181818181818,,H1,R,H,R74/H107,II,II
WOW84925.1,WOW,84925.0,IIb,IIb,2022-08-01,2022.0,110,0.9818181818181818,,H1,R,H,R74/H107,II,II
WOW85104.1,WOW,85104.0,IIb,IIb,2022-07-01,2022.0,110,0.9818181818181818,,H1,R,H,R74/H107,II,II
WOW85283.1,WOW,85283.0,IIb,IIb,2022-07-01,2022.0,110,0.9818181818181818,,H1,R,H,R74/H107,II,II
WOW85462.1,WOW,85462.0,IIb,IIb,2022-06-01,2022.0,110,0.9818181818181818,,H1,R,H,R74/H107,II,II
WOW85641.1,WOW,85641.0,IIb,IIb,2022-07-01,2022.0,110,0.9818181818181818,,H1,R,H,R74/H107,II,II
WOW85820.1,WOW,85820.0,IIb,IIb,2022-08-01,2022.0,110,0.9818181818181818,,H1,R,H,R74/H107,II,II
WOW85999.1,WOW,85999.0,IIb,IIb,2022-08-01,2022.0,110,0.9818181818181818,,H1,R,H,R74/H107,II,II
WOW86178.1,WOW,86178.0,IIb,IIb,2022-08-01,2022.0,110,0.9818181818181818,,H1,R,H,R74/H107,II,II
WOW86357.1,WOW,86357.0,IIb,IIb,2022-07-01,2022.0,110,0.9818181818181818,,H1,R,H,R74/H107,II,II
WOW86536.1,WOW,86536.0,IIb,IIb,2022-07-01,2022.0,110,0.9818181818181818,,H1,R,H,R74/H107,II,II
WOW86713.1,WOW,86713.0,IIb,IIb,2022-08-01,2022.0,110,0.9818181818181818,,H1,R,H,R74/H107,II,II
WOW86892.1,WOW,86892.0,IIb,IIb,2022-07-01,2022.0,110,0.9818181818181818,,H1,R,H,R74/H107,II,II
WOW87066.1,WOW,87066.0,IIb,IIb,2022-07-01,2022.0,110,0.9818181818181818,,H1,R,H,R74/H107,II,II
WOW87243.1,WOW,87243.0,IIb,IIb,2022-07-01,2022.0,110,0.9818181818181818,,H1,R,H,R74/H107,II,II
WOW87422.1,WOW,87422.0,IIb,IIb,2022-07-01,2022.0,110,0.9818181818181818,,H1,R,H,R74/H107,II,II
WOW87601.1,WOW,87601.0,IIb,IIb,2022-08-01,2022.0,110,0.9818181818181818,,H1,R,H,R74/H107,II,II
WOW87780.1,WOW,87780.0,IIb,IIb,2022-07-01,2022.0,110,0.9818181818181818,,H1,R,H,R74/H107,II,II
WOW87959.1,WOW,87959.0,IIb,IIb,2022-07-01,2022.0,110,0.9818181818181818,,H1,R,H,R74/H107,II,II
WOW88133.1,WOW,88133.0,IIb,IIb,2022-07-01,2022.0,110,0.9818181818181818,,H1,R,H,R74/H107,II,II
WOW88312.1,WOW,88312.0,IIb,IIb,2022-07-01,2022.0,110,0.9818181818181818,,H1,R,H,R74/H107,II,II
WOW88456.1,WOW,88456.0,IIb,IIb,2022-08-01,2022.0,110,0.9818181818181818,,H1,R,H,R74/H107,II,II
WOW88627.1,WOW,88627.0,IIb,IIb,2022-07-01,2022.0,110,0.9818181818181818,,H1,R,H,R74/H107,II,II
WOW88806.1,WOW,88806.0,IIb,IIb,2022-06-01,2022.0,110,0.9818181818181818,,H1,R,H,R74/H107,II,II
WOR77636.1,WOR,77636.0,IIb,IIb,2023-08,2023.0,110,0.9818181818181818,,H1,R,H,R74/H107,II,II
WOR77811.1,WOR,77811.0,IIb,IIb,2023-09,2023.0,110,0.9818181818181818,,H1,R,H,R74/H107,II,II
WOR77986.1,WOR,77986.0,IIb,IIb,2023-09,2023.0,110,0.9818181818181818,,H1,R,H,R74/H107,II,II
WOR78160.1,WOR,78160.0,IIb,IIb,2023-10,2023.0,110,0.9818181818181818,,H1,R,H,R74/H107,II,II
WOR78335.1,WOR,78335.0,IIb,IIb,2023-10,2023.0,110,0.9818181818181818,,H1,R,H,R74/H107,II,II
WOR78510.1,WOR,78510.0,IIb,IIb,2023-10,2023.0,110,0.9818181818181818,,H1,R,H,R74/H107,II,II
WOR78684.1,WOR,78684.0,IIb,IIb,2023-10,2023.0,110,0.9818181818181818,,H1,R,H,R74/H107,II,II
WOR78858.1,WOR,78858.0,IIb,IIb,2023-10,2023.0,110,0.9818181818181818,,H1,R,H,R74/H107,II,II
WOK40277.1,WOK,40277.0,IIb,IIb,2023-08-19,2023.0,110,0.9818181818181818,,H1,R,H,R74/H107,II,II
WOK40449.1,WOK,40449.0,IIb,IIb,2023-08-18,2023.0,110,0.9818181818181818,,H1,R,H,R74/H107,II,II
WOK40627.1,WOK,40627.0,IIb,IIb,2023-08-23,2023.0,110,0.9818181818181818,,H1,R,H,R74/H107,II,II
WOK40799.1,WOK,40799.0,IIb,IIb,2023-08-28,2023.0,110,0.9818181818181818,,H1,R,H,R74/H107,II,II
WOK40970.1,WOK,40970.0,IIb,IIb,2023-09-05,2023.0,110,0.9818181818181818,,H1,R,H,R74/H107,II,II
WOK41141.1,WOK,41141.0,IIb,IIb,2023-09-06,2023.0,110,0.9818181818181818,,H1,R,H,R74/H107,II,II
WOK41311.1,WOK,41311.0,IIb,IIb,2023-08-22,2023.0,110,0.9818181818181818,,H1,R,H,R74/H107,II,II
WNZ98859.1,WNZ,98859.0,IIb,IIb,2023-09,2023.0,110,0.9818181818181818,,H1,R,H,R74/H107,II,II
WNZ99038.1,WNZ,99038.0,IIb,IIb,2023-09,2023.0,110,0.9818181818181818,,H1,R,H,R74/H107,II,II
WNZ99208.1,WNZ,99208.0,IIb,IIb,2023-09,2023.0,110,0.9818181818181818,,H1,R,H,R74/H107,II,II
WNZ99387.1,WNZ,99387.0,IIb,IIb,2023-09,2023.0,110,0.9818181818181818,,H1,R,H,R74/H107,II,II
WNZ99566.1,WNZ,99566.0,IIb,IIb,2023-09,2023.0,110,0.9818181818181818,,H1,R,H,R74/H107,II,II
UWT52449.1,UWT,52449.0,IIb,IIb,2022-06,2022.0,110,0.9818181818181818,,H1,R,H,R74/H107,II,II
UWT52620.1,UWT,52620.0,IIb,IIb,2022-06,2022.0,110,0.9818181818181818,,H1,R,H,R74/H107,II,II
UWT52784.1,UWT,52784.0,IIb,IIb,2022-06,2022.0,110,0.9818181818181818,,H1,R,H,R74/H107,II,II
WNV51756.1,WNV,51756.0,IIb,IIb,2023-07-28,2023.0,110,0.9818181818181818,,H1,R,H,R74/H107,II,II
WNV51935.1,WNV,51935.0,IIb,IIb,2023-08-24,2023.0,110,0.9818181818181818,,H1,R,H,R74/H107,II,II
WNV52114.1,WNV,52114.0,IIb,IIb,2023-08-07,2023.0,110,0.9818181818181818,,H1,R,H,R74/H107,II,II
WNV52293.1,WNV,52293.0,IIb,IIb,2023-08-08,2023.0,110,0.9818181818181818,,H1,R,H,R74/H107,II,II
WNV52472.1,WNV,52472.0,IIb,IIb,2023-08-09,2023.0,110,0.9818181818181818,,H1,R,H,R74/H107,II,II
WNV52651.1,WNV,52651.0,IIb,IIb,2023-08-07,2023.0,110,0.9818181818181818,,H1,R,H,R74/H107,II,II
WNV52829.1,WNV,52829.0,IIb,IIb,2023-08-16,2023.0,110,0.9818181818181818,,H1,R,H,R74/H107,II,II
WNV53008.1,WNV,53008.0,IIb,IIb,2023-06-27,2023.0,110,0.9818181818181818,,H1,R,H,R74/H107,II,II
WNV53187.1,WNV,53187.0,IIb,IIb,2023-07-27,2023.0,110,0.9818181818181818,,H1,R,H,R74/H107,II,II
WNV53365.1,WNV,53365.0,IIb,IIb,2023-07-28,2023.0,110,0.9727272727272728,,H10,R,H,R74/H107,II,II
WNV53543.1,WNV,53543.0,IIb,IIb,2023-07-30,2023.0,110,0.9818181818181818,,H1,R,H,R74/H107,II,II
WNV53722.1,WNV,53722.0,IIb,IIb,2023-08-14,2023.0,110,0.9818181818181818,,H1,R,H,R74/H107,II,II
WNV53900.1,WNV,53900.0,IIb,IIb,2023-08-02,2023.0,110,0.9727272727272728,,H10,R,H,R74/H107,II,II
WNV54078.1,WNV,54078.0,IIb,IIb,2023-07-31,2023.0,110,0.9818181818181818,,H1,R,H,R74/H107,II,II
WNV54257.1,WNV,54257.0,IIb,IIb,2023-06-29,2023.0,110,0.9818181818181818,,H1,R,H,R74/H107,II,II
WNN26434.1,WNN,26434.0,IIb,IIb,2022-11,2022.0,110,0.9818181818181818,,H1,R,H,R74/H107,II,II
WNH25864.1,WNH,25864.0,IIb,IIb,2023-05-08,2023.0,110,0.9818181818181818,,H1,R,H,R74/H107,II,II
WNH26023.1,WNH,26023.0,IIb,IIb,2023-05-12,2023.0,110,0.9818181818181818,,H1,R,H,R74/H107,II,II
WNH26191.1,WNH,26191.0,IIb,IIb,2023-05-13,2023.0,110,0.9818181818181818,,H1,R,H,R74/H107,II,II
WNH26362.1,WNH,26362.0,IIb,IIb,2023-05-15,2023.0,110,0.9818181818181818,,H1,R,H,R74/H107,II,II
WNH26521.1,WNH,26521.0,IIb,IIb,2023-05-16,2023.0,110,0.9818181818181818,,H1,R,H,R74/H107,II,II
WNH26687.1,WNH,26687.0,IIb,IIb,2023-05-16,2023.0,110,0.9818181818181818,,H1,R,H,R74/H107,II,II
WNH26859.1,WNH,26859.0,IIb,IIb,2023-06-01,2023.0,110,0.9818181818181818,,H1,R,H,R74/H107,II,II
WNH27026.1,WNH,27026.0,IIb,IIb,2023-06-07,2023.0,110,0.9818181818181818,,H1,R,H,R74/H107,II,II
WNH27197.1,WNH,27197.0,IIb,IIb,2023-06-15,2023.0,110,0.9818181818181818,,H1,R,H,R74/H107,II,II
WNH27365.1,WNH,27365.0,IIb,IIb,2023-06-14,2023.0,110,0.9818181818181818,,H1,R,H,R74/H107,II,II
WNH27532.1,WNH,27532.0,IIb,IIb,2023-06-12,2023.0,110,0.9818181818181818,,H1,R,H,R74/H107,II,II
WNH27703.1,WNH,27703.0,IIb,IIb,2023-08-03,2023.0,110,0.9818181818181818,,H1,R,H,R74/H107,II,II
WNH27882.1,WNH,27882.0,IIb,IIb,2023-08-10,2023.0,110,0.9818181818181818,,H1,R,H,R74/H107,II,II
WNH28050.1,WNH,28050.0,IIb,IIb,2023-08-15,2023.0,110,0.9818181818181818,,H1,R,H,R74/H107,II,II
WNH28217.1,WNH,28217.0,IIb,IIb,2023-07-05,2023.0,110,0.9818181818181818,,H1,R,H,R74/H107,II,II
WMY82515.1,WMY,82515.0,IIb,IIb,2022-07,2022.0,110,0.9818181818181818,,H1,R,H,R74/H107,II,II
WMY82677.1,WMY,82677.0,IIb,IIb,2022-08,2022.0,110,0.9818181818181818,,H1,R,H,R74/H107,II,II
WMV69647.1,WMV,69647.0,IIb,IIb,2023-08,2023.0,110,0.9818181818181818,,H1,R,H,R74/H107,II,II
WMV69821.1,WMV,69821.0,IIb,IIb,2023-08,2023.0,110,0.9818181818181818,,H1,R,H,R74/H107,II,II
WLO36421.1,WLO,36421.0,IIb,IIb,2023-04-20,2023.0,110,0.9818181818181818,,H1,R,H,R74/H107,II,II
WLO36600.1,WLO,36600.0,IIb,IIb,2023-04-27,2023.0,110,0.9818181818181818,,H1,R,H,R74/H107,II,II
WLO36779.1,WLO,36779.0,IIb,IIb,2023-05-04,2023.0,110,0.9818181818181818,,H1,R,H,R74/H107,II,II
WLO36958.1,WLO,36958.0,IIb,IIb,2023-05-07,2023.0,110,0.9818181818181818,,H1,R,H,R74/H107,II,II
WLO37134.1,WLO,37134.0,IIb,IIb,2023-06-08,2023.0,110,0.9818181818181818,,H1,R,H,R74/H107,II,II
WLO37312.1,WLO,37312.0,IIb,IIb,2023-05-10,2023.0,110,0.9818181818181818,,H1,R,H,R74/H107,II,II
WLO37490.1,WLO,37490.0,IIb,IIb,2023-05-16,2023.0,110,0.9818181818181818,,H1,R,H,R74/H107,II,II
WMQ56947.1,WMQ,56947.0,IIb,IIb,2023-07-21,2023.0,110,0.9818181818181818,,H1,R,H,R74/H107,II,II
WMQ57126.1,WMQ,57126.0,IIb,IIb,2023-07-23,2023.0,110,0.9818181818181818,,H1,R,H,R74/H107,II,II
WMQ57304.1,WMQ,57304.0,IIb,IIb,2023-07-26,2023.0,110,0.9818181818181818,,H1,R,H,R74/H107,II,II
WMQ57482.1,WMQ,57482.0,IIb,IIb,2023-07-23,2023.0,110,0.9818181818181818,,H1,R,H,R74/H107,II,II
WMP25744.1,WMP,25744.0,IIb,IIb,2023-04-10,2023.0,110,0.9818181818181818,,H1,R,H,R74/H107,II,II
WMP25919.1,WMP,25919.0,IIb,IIb,2023-03-30,2023.0,110,0.9818181818181818,,H1,R,H,R74/H107,II,II
WMP26096.1,WMP,26096.0,IIb,IIb,2023-04-24,2023.0,110,0.9727272727272728,,H14,R,H,R74/H107,II,II
WMP26274.1,WMP,26274.0,IIb,IIb,2023-04-30,2023.0,110,0.9818181818181818,,H1,R,H,R74/H107,II,II
WMP26453.1,WMP,26453.0,IIb,IIb,2023-04-26,2023.0,110,0.9818181818181818,,H1,R,H,R74/H107,II,II
WMP26631.1,WMP,26631.0,IIb,IIb,2023-04-26,2023.0,110,0.9818181818181818,,H1,R,H,R74/H107,II,II
WMP26810.1,WMP,26810.0,IIb,IIb,2023-04-28,2023.0,110,0.9818181818181818,,H1,R,H,R74/H107,II,II
WMP26987.1,WMP,26987.0,IIb,IIb,2023-04-24,2023.0,110,0.9818181818181818,,H1,R,H,R74/H107,II,II
WMP27165.1,WMP,27165.0,IIb,IIb,2023-04-30,2023.0,110,0.9818181818181818,,H1,R,H,R74/H107,II,II
WMP27344.1,WMP,27344.0,IIb,IIb,2023-05-01,2023.0,110,0.9818181818181818,,H1,R,H,R74/H107,II,II
WMP27693.1,WMP,27693.0,IIb,IIb,2023-05-02,2023.0,110,0.9818181818181818,,H1,R,H,R74/H107,II,II
WMP27872.1,WMP,27872.0,IIb,IIb,2023-03-15,2023.0,110,0.9818181818181818,,H1,R,H,R74/H107,II,II
WMP28049.1,WMP,28049.0,IIb,IIb,2023-04-12,2023.0,110,0.9818181818181818,,H1,R,H,R74/H107,II,II
WMP28228.1,WMP,28228.0,IIb,IIb,2023-04-12,2023.0,110,0.9818181818181818,,H1,R,H,R74/H107,II,II
WMP28404.1,WMP,28404.0,IIb,IIb,2023-04-12,2023.0,110,0.9818181818181818,,H1,R,H,R74/H107,II,II
WMP28581.1,WMP,28581.0,IIb,IIb,2023-04-10,2023.0,110,0.9818181818181818,,H1,R,H,R74/H107,II,II
WMP28758.1,WMP,28758.0,IIb,IIb,2023-04-10,2023.0,110,0.9818181818181818,,H1,R,H,R74/H107,II,II
WMP28936.1,WMP,28936.0,IIb,IIb,2023-03-31,2023.0,110,0.9818181818181818,,H1,R,H,R74/H107,II,II
WMP29113.1,WMP,29113.0,IIb,IIb,2023-05-04,2023.0,110,0.9818181818181818,,H1,R,H,R74/H107,II,II
WMP29289.1,WMP,29289.0,IIb,IIb,2023-05-04,2023.0,110,0.9818181818181818,,H1,R,H,R74/H107,II,II
WMP29463.1,WMP,29463.0,IIb,IIb,2023-05-04,2023.0,110,0.9818181818181818,,H1,R,H,R74/H107,II,II
WMP29641.1,WMP,29641.0,IIb,IIb,2023-05-04,2023.0,110,0.9818181818181818,,H1,R,H,R74/H107,II,II
WMP29819.1,WMP,29819.0,IIb,IIb,2023-05-04,2023.0,110,0.9818181818181818,,H1,R,H,R74/H107,II,II
WMP29995.1,WMP,29995.0,IIb,IIb,2023-04-25,2023.0,110,0.9818181818181818,,H1,R,H,R74/H107,II,II
WMP30174.1,WMP,30174.0,IIb,IIb,2023-06-15,2023.0,110,0.9818181818181818,,H1,R,H,R74/H107,II,II
WMP30353.1,WMP,30353.0,IIb,IIb,2023-06-20,2023.0,110,0.9818181818181818,,H1,R,H,R74/H107,II,II
WMP30532.1,WMP,30532.0,IIb,IIb,2023-06-21,2023.0,110,0.9818181818181818,,H1,R,H,R74/H107,II,II
WMP30710.1,WMP,30710.0,IIb,IIb,2023-06-21,2023.0,110,0.9818181818181818,,H1,R,H,R74/H107,II,II
WMP30888.1,WMP,30888.0,IIb,IIb,2023-05-23,2023.0,110,0.9818181818181818,,H1,R,H,R74/H107,II,II
WMP31067.1,WMP,31067.0,IIb,IIb,2023-05-09,2023.0,110,0.9818181818181818,,H1,R,H,R74/H107,II,II
WMP31246.1,WMP,31246.0,IIb,IIb,2023-05-08,2023.0,110,0.9818181818181818,,H1,R,H,R74/H107,II,II
WMP31424.1,WMP,31424.0,IIb,IIb,2023-05-09,2023.0,110,0.9818181818181818,,H1,R,H,R74/H107,II,II
WMP31602.1,WMP,31602.0,IIb,IIb,2023-06-16,2023.0,110,0.9818181818181818,,H1,R,H,R74/H107,II,II
WMP31781.1,WMP,31781.0,IIb,IIb,2023-06-14,2023.0,110,0.9818181818181818,,H1,R,H,R74/H107,II,II
WMP31960.1,WMP,31960.0,IIb,IIb,2023-06-09,2023.0,110,0.9818181818181818,,H1,R,H,R74/H107,II,II
WMP32139.1,WMP,32139.0,IIb,IIb,2023-06-07,2023.0,110,0.9818181818181818,,H1,R,H,R74/H107,II,II
WMP32317.1,WMP,32317.0,IIb,IIb,2023-06-09,2023.0,110,0.9818181818181818,,H1,R,H,R74/H107,II,II
WMP32495.1,WMP,32495.0,IIb,IIb,2023-07-03,2023.0,110,0.9818181818181818,,H1,R,H,R74/H107,II,II
WMP32673.1,WMP,32673.0,IIb,IIb,2023-06-30,2023.0,110,0.9818181818181818,,H1,R,H,R74/H107,II,II
WMP32851.1,WMP,32851.0,IIb,IIb,2023-06-24,2023.0,110,0.9818181818181818,,H1,R,H,R74/H107,II,II
WMP33030.1,WMP,33030.0,IIb,IIb,2023-06-26,2023.0,110,0.9818181818181818,,H1,R,H,R74/H107,II,II
WMP33206.1,WMP,33206.0,IIb,IIb,2023-06-28,2023.0,110,0.9818181818181818,,H1,R,H,R74/H107,II,II
WMP33382.1,WMP,33382.0,IIb,IIb,2023-06-28,2023.0,110,0.9818181818181818,,H1,R,H,R74/H107,II,II
WMP33558.1,WMP,33558.0,IIb,IIb,2023-06-28,2023.0,110,0.9818181818181818,,H1,R,H,R74/H107,II,II
WMP33731.1,WMP,33731.0,IIb,IIb,2023-07-06,2023.0,110,0.9818181818181818,,H1,R,H,R74/H107,II,II
WMP33908.1,WMP,33908.0,IIb,IIb,2023-07-21,2023.0,110,0.9818181818181818,,H1,R,H,R74/H107,II,II
WMP34086.1,WMP,34086.0,IIb,IIb,2023-07-23,2023.0,110,0.9818181818181818,,H1,R,H,R74/H107,II,II
WMP34263.1,WMP,34263.0,IIb,IIb,2023-07-01,2023.0,110,0.9818181818181818,,H1,R,H,R74/H107,II,II
WMP34440.1,WMP,34440.0,IIb,IIb,2023-06-28,2023.0,110,0.9818181818181818,,H1,R,H,R74/H107,II,II
WMP34616.1,WMP,34616.0,IIb,IIb,2023-06-22,2023.0,110,0.9818181818181818,,H1,R,H,R74/H107,II,II
WMP34794.1,WMP,34794.0,IIb,IIb,2023-06-24,2023.0,110,0.9818181818181818,,H1,R,H,R74/H107,II,II
WMP34972.1,WMP,34972.0,IIb,IIb,2023-06-28,2023.0,110,0.9818181818181818,,H1,R,H,R74/H107,II,II
WMP35148.1,WMP,35148.0,IIb,IIb,2023-06-10,2023.0,110,0.9818181818181818,,H1,R,H,R74/H107,II,II
WMP35323.1,WMP,35323.0,IIb,IIb,2023-06-12,2023.0,110,0.9818181818181818,,H1,R,H,R74/H107,II,II
WMP35495.1,WMP,35495.0,IIb,IIb,2023-06-12,2023.0,110,0.9818181818181818,,H1,R,H,R74/H107,II,II
WMP35670.1,WMP,35670.0,IIb,IIb,2023-06-12,2023.0,110,0.9818181818181818,,H1,R,H,R74/H107,II,II
WMP35849.1,WMP,35849.0,IIb,IIb,2023-07-26,2023.0,110,0.9818181818181818,,H1,R,H,R74/H107,II,II
WMP36026.1,WMP,36026.0,IIb,IIb,2023-03-24,2023.0,110,0.9818181818181818,,H1,R,H,R74/H107,II,II
WMP36301.1,WMP,36301.0,IIb,IIb,2022-06-21,2022.0,110,0.9818181818181818,,H1,R,H,R74/H107,II,II
WMP36469.1,WMP,36469.0,IIb,IIb,2022-06-27,2022.0,110,0.9818181818181818,,H1,R,H,R74/H107,II,II
WMP36638.1,WMP,36638.0,IIb,IIb,2022-06-28,2022.0,110,0.9818181818181818,,H1,R,H,R74/H107,II,II
WMP36948.1,WMP,36948.0,IIb,IIb,2022-07-04,2022.0,110,0.9818181818181818,,H1,R,H,R74/H107,II,II
WMP37121.1,WMP,37121.0,IIb,IIb,2022-07-11,2022.0,110,0.9818181818181818,,H1,R,H,R74/H107,II,II
WMP37249.1,WMP,37249.0,IIb,IIb,2022-07-28,2022.0,110,0.9818181818181818,,H1,R,H,R74/H107,II,II
WMP37422.1,WMP,37422.0,IIb,IIb,2022-08-01,2022.0,110,0.9818181818181818,,H1,R,H,R74/H107,II,II
WMP37735.1,WMP,37735.0,IIb,IIb,2022-08-16,2022.0,110,0.9818181818181818,,H1,R,H,R74/H107,II,II
WMP37906.1,WMP,37906.0,IIb,IIb,2022-08-22,2022.0,110,0.9818181818181818,,H1,R,H,R74/H107,II,II
WMP38073.1,WMP,38073.0,IIb,IIb,2022-06-29,2022.0,110,0.9818181818181818,,H1,R,H,R74/H107,II,II
WMP38241.1,WMP,38241.0,IIb,IIb,2022-08-04,2022.0,110,0.9818181818181818,,H1,R,H,R74/H107,II,II
WMP38410.1,WMP,38410.0,IIb,IIb,2022-08-16,2022.0,110,0.9818181818181818,,H1,R,H,R74/H107,II,II
WMP38581.1,WMP,38581.0,IIb,IIb,2023-01-05,2023.0,110,0.9818181818181818,,H1,R,H,R74/H107,II,II
WMP38752.1,WMP,38752.0,IIb,IIb,2023-01-26,2023.0,110,0.9818181818181818,,H1,R,H,R74/H107,II,II
WMP38923.1,WMP,38923.0,IIb,IIb,2023-02-15,2023.0,110,0.9818181818181818,,H1,R,H,R74/H107,II,II
WMP39094.1,WMP,39094.0,IIb,IIb,2023-01-05,2023.0,110,0.9818181818181818,,H1,R,H,R74/H107,II,II
WMP39265.1,WMP,39265.0,IIb,IIb,2023-01-26,2023.0,110,0.9818181818181818,,H1,R,H,R74/H107,II,II
WMP39436.1,WMP,39436.0,IIb,IIb,2023-02-15,2023.0,110,0.9818181818181818,,H1,R,H,R74/H107,II,II
WMM96262.1,WMM,96262.0,IIb,IIb,2023-07-19,2023.0,110,0.9818181818181818,,H1,R,H,R74/H107,II,II
WMM96439.1,WMM,96439.0,IIb,IIb,2023-07-21,2023.0,110,0.9818181818181818,,H1,R,H,R74/H107,II,II
WMM96612.1,WMM,96612.0,IIb,IIb,2023-07-21,2023.0,110,0.9818181818181818,,H1,R,H,R74/H107,II,II
WMM96788.1,WMM,96788.0,IIb,IIb,2023-07-21,2023.0,110,0.9818181818181818,,H1,R,H,R74/H107,II,II
WMM96965.1,WMM,96965.0,IIb,IIb,2023-07-21,2023.0,110,0.9818181818181818,,H1,R,H,R74/H107,II,II
WMM97138.1,WMM,97138.0,IIb,IIb,2023-07-21,2023.0,110,0.9818181818181818,,H1,R,H,R74/H107,II,II
WMM97313.1,WMM,97313.0,IIb,IIb,2023-07-26,2023.0,110,0.9818181818181818,,H1,R,H,R74/H107,II,II
WMM97490.1,WMM,97490.0,IIb,IIb,2023-07-26,2023.0,110,0.9818181818181818,,H1,R,H,R74/H107,II,II
WMM97661.1,WMM,97661.0,IIb,IIb,2023-07-28,2023.0,110,0.9818181818181818,,H1,R,H,R74/H107,II,II
WMM97839.1,WMM,97839.0,IIb,IIb,2023-08-01,2023.0,110,0.9818181818181818,,H1,R,H,R74/H107,II,II
WMM98016.1,WMM,98016.0,IIb,IIb,2023-08-01,2023.0,110,0.9818181818181818,,H1,R,H,R74/H107,II,II
WMM98192.1,WMM,98192.0,IIb,IIb,2023-08-01,2023.0,110,0.9818181818181818,,H1,R,H,R74/H107,II,II
WMM98363.1,WMM,98363.0,IIb,IIb,2023-08-01,2023.0,110,0.9818181818181818,,H1,R,H,R74/H107,II,II
WMM98541.1,WMM,98541.0,IIb,IIb,2023-08-01,2023.0,110,0.9818181818181818,,H1,R,H,R74/H107,II,II
WMM98718.1,WMM,98718.0,IIb,IIb,2023-08-01,2023.0,110,0.9818181818181818,,H1,R,H,R74/H107,II,II
WMM98894.1,WMM,98894.0,IIb,IIb,2023-08-02,2023.0,110,0.9818181818181818,,H1,R,H,R74/H107,II,II
WMM99068.1,WMM,99068.0,IIb,IIb,2023-08-02,2023.0,110,0.9818181818181818,,H1,R,H,R74/H107,II,II
WMM99246.1,WMM,99246.0,IIb,IIb,2023-08-03,2023.0,110,0.9818181818181818,,H1,R,H,R74/H107,II,II
WMM99423.1,WMM,99423.0,IIb,IIb,2023-08-03,2023.0,110,0.9818181818181818,,H1,R,H,R74/H107,II,II
WMM99601.1,WMM,99601.0,IIb,IIb,2023-08-03,2023.0,110,0.9818181818181818,,H1,R,H,R74/H107,II,II
WMM99773.1,WMM,99773.0,IIb,IIb,2023-08-07,2023.0,110,0.9818181818181818,,H1,R,H,R74/H107,II,II
WMM99950.1,WMM,99950.0,IIb,IIb,2023-08-08,2023.0,110,0.9818181818181818,,H1,R,H,R74/H107,II,II
WMN00124.1,WMN,124.0,IIb,IIb,2023-08-08,2023.0,110,0.9818181818181818,,H1,R,H,R74/H107,II,II
WMN00297.1,WMN,297.0,IIb,IIb,2023-08-08,2023.0,110,0.9818181818181818,,H1,R,H,R74/H107,II,II
WMN00471.1,WMN,471.0,IIb,IIb,2023-08-07,2023.0,110,0.9818181818181818,,H1,R,H,R74/H107,II,II
WMN00649.1,WMN,649.0,IIb,IIb,2022-05-31,2022.0,110,0.9818181818181818,,H1,R,H,R74/H107,II,II
WMN00827.1,WMN,827.0,IIb,IIb,2022-05-31,2022.0,110,0.9818181818181818,,H1,R,H,R74/H107,II,II
WME85327.1,WME,85327.0,IIb,IIb,2023-07-03,2023.0,110,0.9818181818181818,,H1,R,H,R74/H107,II,II
WME85505.1,WME,85505.0,IIb,IIb,2023-07-21,2023.0,110,0.9818181818181818,,H1,R,H,R74/H107,II,II
WME85683.1,WME,85683.0,IIb,IIb,2023-06-27,2023.0,110,0.9818181818181818,,H1,R,H,R74/H107,II,II
WME85861.1,WME,85861.0,IIb,IIb,2023-07-10,2023.0,110,0.9818181818181818,,H1,R,H,R74/H107,II,II
WME86040.1,WME,86040.0,IIb,IIb,2023-07-12,2023.0,110,0.9818181818181818,,H1,R,H,R74/H107,II,II
WME86219.1,WME,86219.0,IIb,IIb,2023-07-11,2023.0,110,0.9818181818181818,,H1,R,H,R74/H107,II,II
WME86397.1,WME,86397.0,IIb,IIb,2023-07-12,2023.0,110,0.9818181818181818,,H1,R,H,R74/H107,II,II
WME86575.1,WME,86575.0,IIb,IIb,2023-07-17,2023.0,110,0.9818181818181818,,H1,R,H,R74/H107,II,II
WME86754.1,WME,86754.0,IIb,IIb,2023-06-22,2023.0,110,0.9818181818181818,,H1,R,H,R74/H107,II,II
WME86933.1,WME,86933.0,IIb,IIb,2023-06-22,2023.0,110,0.9818181818181818,,H1,R,H,R74/H107,II,II
WME87111.1,WME,87111.0,IIb,IIb,2023-06-27,2023.0,110,0.9818181818181818,,H1,R,H,R74/H107,II,II
WME87290.1,WME,87290.0,IIb,IIb,2023-07-06,2023.0,110,0.9818181818181818,,H1,R,H,R74/H107,II,II
WME87466.1,WME,87466.0,IIb,IIb,2023-07-02,2023.0,110,0.9818181818181818,,H1,R,H,R74/H107,II,II
WME87645.1,WME,87645.0,IIb,IIb,2022-06-03,2022.0,110,0.9818181818181818,,H1,R,H,R74/H107,II,II
WMB81111.1,WMB,81111.0,IIb,IIb,2022-06,2022.0,110,0.9818181818181818,,H1,R,H,R74/H107,II,II
WMB81286.1,WMB,81286.0,IIb,IIb,2022-06,2022.0,110,0.9818181818181818,,H1,R,H,R74/H107,II,II
WMB81461.1,WMB,81461.0,IIb,IIb,2022-06,2022.0,110,0.9818181818181818,,H1,R,H,R74/H107,II,II
WMB81636.1,WMB,81636.0,IIb,IIb,2022-06,2022.0,110,0.9818181818181818,,H1,R,H,R74/H107,II,II
WMB81811.1,WMB,81811.0,IIb,IIb,2022-07,2022.0,110,0.9818181818181818,,H1,R,H,R74/H107,II,II
WMB81986.1,WMB,81986.0,IIb,IIb,2022-07,2022.0,110,0.9818181818181818,,H1,R,H,R74/H107,II,II
WMB82161.1,WMB,82161.0,IIb,IIb,2022-07,2022.0,110,0.9818181818181818,,H1,R,H,R74/H107,II,II
WMB82336.1,WMB,82336.0,IIb,IIb,2022-07,2022.0,110,0.9818181818181818,,H1,R,H,R74/H107,II,II
WMB82511.1,WMB,82511.0,IIb,IIb,2022-07,2022.0,110,0.9818181818181818,,H1,R,H,R74/H107,II,II
WMB82686.1,WMB,82686.0,IIb,IIb,2022-07,2022.0,110,0.9818181818181818,,H1,R,H,R74/H107,II,II
WMB82861.1,WMB,82861.0,IIb,IIb,2022-07,2022.0,110,0.9818181818181818,,H1,R,H,R74/H107,II,II
WMB83036.1,WMB,83036.0,IIb,IIb,2022-07,2022.0,110,0.9818181818181818,,H1,R,H,R74/H107,II,II
WMB83211.1,WMB,83211.0,IIb,IIb,2022-07,2022.0,110,0.9818181818181818,,H1,R,H,R74/H107,II,II
WMB83386.1,WMB,83386.0,IIb,IIb,2022-07,2022.0,110,0.9818181818181818,,H1,R,H,R74/H107,II,II
WMB83561.1,WMB,83561.0,IIb,IIb,2022-07,2022.0,110,0.9818181818181818,,H1,R,H,R74/H107,II,II
WMB83736.1,WMB,83736.0,IIb,IIb,2022-07,2022.0,110,0.9818181818181818,,H1,R,H,R74/H107,II,II
WMB83911.1,WMB,83911.0,IIb,IIb,2022-07,2022.0,110,0.9818181818181818,,H1,R,H,R74/H107,II,II
WMB84086.1,WMB,84086.0,IIb,IIb,2022-07,2022.0,110,0.9818181818181818,,H1,R,H,R74/H107,II,II
WMB84261.1,WMB,84261.0,IIb,IIb,2022-07,2022.0,110,0.9818181818181818,,H1,R,H,R74/H107,II,II
WMB84436.1,WMB,84436.0,IIb,IIb,2022-07,2022.0,110,0.9818181818181818,,H1,R,H,R74/H107,II,II
WMB84611.1,WMB,84611.0,IIb,IIb,2022-07,2022.0,110,0.9818181818181818,,H1,R,H,R74/H107,II,II
WMB84786.1,WMB,84786.0,IIb,IIb,2022-07,2022.0,110,0.9818181818181818,,H1,R,H,R74/H107,II,II
WMB84961.1,WMB,84961.0,IIb,IIb,2022-07,2022.0,110,0.9818181818181818,,H1,R,H,R74/H107,II,II
WMB85136.1,WMB,85136.0,IIb,IIb,2022-07,2022.0,110,0.9818181818181818,,H1,R,H,R74/H107,II,II
WMB85311.1,WMB,85311.0,IIb,IIb,2022-07,2022.0,110,0.9818181818181818,,H1,R,H,R74/H107,II,II
WMB85486.1,WMB,85486.0,IIb,IIb,2022-07,2022.0,110,0.9818181818181818,,H1,R,H,R74/H107,II,II
WMB85661.1,WMB,85661.0,IIb,IIb,2022-07,2022.0,110,0.9818181818181818,,H1,R,H,R74/H107,II,II
WMB85835.1,WMB,85835.0,IIb,IIb,2022-07,2022.0,110,0.9818181818181818,,H1,R,H,R74/H107,II,II
WMB86010.1,WMB,86010.0,IIb,IIb,2022-07,2022.0,110,0.9818181818181818,,H1,R,H,R74/H107,II,II
WMB86185.1,WMB,86185.0,IIb,IIb,2022-07,2022.0,110,0.9818181818181818,,H1,R,H,R74/H107,II,II
WMB86360.1,WMB,86360.0,IIb,IIb,2022-07,2022.0,110,0.9818181818181818,,H1,R,H,R74/H107,II,II
WMB86535.1,WMB,86535.0,IIb,IIb,2022-07,2022.0,110,0.9818181818181818,,H1,R,H,R74/H107,II,II
WMB86710.1,WMB,86710.0,IIb,IIb,2022-07,2022.0,110,0.9818181818181818,,H1,R,H,R74/H107,II,II
WMB86884.1,WMB,86884.0,IIb,IIb,2022-07,2022.0,110,0.9818181818181818,,H1,R,H,R74/H107,II,II
WMB87059.1,WMB,87059.0,IIb,IIb,2022-07,2022.0,110,0.9818181818181818,,H1,R,H,R74/H107,II,II
WMB87234.1,WMB,87234.0,IIb,IIb,2022-07,2022.0,110,0.9818181818181818,,H1,R,H,R74/H107,II,II
WMB87409.1,WMB,87409.0,IIb,IIb,2022-07,2022.0,110,0.9818181818181818,,H1,R,H,R74/H107,II,II
WMB87584.1,WMB,87584.0,IIb,IIb,2022-07,2022.0,110,0.9818181818181818,,H1,R,H,R74/H107,II,II
WMB87759.1,WMB,87759.0,IIb,IIb,2022-07,2022.0,110,0.9818181818181818,,H1,R,H,R74/H107,II,II
WMB87934.1,WMB,87934.0,IIb,IIb,2022-07,2022.0,110,0.9818181818181818,,H1,R,H,R74/H107,II,II
WMB88109.1,WMB,88109.0,IIb,IIb,2022-07,2022.0,110,0.9818181818181818,,H1,R,H,R74/H107,II,II
WMB88284.1,WMB,88284.0,IIb,IIb,2022-07,2022.0,110,0.9818181818181818,,H1,R,H,R74/H107,II,II
WMB88459.1,WMB,88459.0,IIb,IIb,2022-07,2022.0,110,0.9818181818181818,,H1,R,H,R74/H107,II,II
WMB88634.1,WMB,88634.0,IIb,IIb,2022-07,2022.0,110,0.9818181818181818,,H1,R,H,R74/H107,II,II
WMB88809.1,WMB,88809.0,IIb,IIb,2022-07,2022.0,110,0.9818181818181818,,H1,R,H,R74/H107,II,II
WMB88983.1,WMB,88983.0,IIb,IIb,2022-07,2022.0,110,0.9818181818181818,,H1,R,H,R74/H107,II,II
WMB89157.1,WMB,89157.0,IIb,IIb,2022-07,2022.0,110,0.9818181818181818,,H1,R,H,R74/H107,II,II
WMB89332.1,WMB,89332.0,IIb,IIb,2022-07,2022.0,110,0.9818181818181818,,H1,R,H,R74/H107,II,II
WMB89507.1,WMB,89507.0,IIb,IIb,2022-07,2022.0,110,0.9818181818181818,,H1,R,H,R74/H107,II,II
WMB89682.1,WMB,89682.0,IIb,IIb,2022-07,2022.0,110,0.9818181818181818,,H1,R,H,R74/H107,II,II
WMB89857.1,WMB,89857.0,IIb,IIb,2022-07,2022.0,110,0.9818181818181818,,H1,R,H,R74/H107,II,II
WMB90032.1,WMB,90032.0,IIb,IIb,2022-07,2022.0,110,0.9818181818181818,,H1,R,H,R74/H107,II,II
WMB90207.1,WMB,90207.0,IIb,IIb,2022-07,2022.0,110,0.9818181818181818,,H1,R,H,R74/H107,II,II
WMB90382.1,WMB,90382.0,IIb,IIb,2022-07,2022.0,110,0.9818181818181818,,H1,R,H,R74/H107,II,II
WMB90556.1,WMB,90556.0,IIb,IIb,2022-07,2022.0,110,0.9818181818181818,,H1,R,H,R74/H107,II,II
WMB90731.1,WMB,90731.0,IIb,IIb,2022-07,2022.0,110,0.9818181818181818,,H1,R,H,R74/H107,II,II
WMB90906.1,WMB,90906.0,IIb,IIb,2022-07,2022.0,110,0.9818181818181818,,H1,R,H,R74/H107,II,II
WMB91100.1,WMB,91100.0,IIb,IIb,2022-11,2022.0,110,0.9818181818181818,,H1,R,H,R74/H107,II,II
WMB91278.1,WMB,91278.0,IIb,IIb,2022-12,2022.0,110,0.9818181818181818,,H1,R,H,R74/H107,II,II
WMB91456.1,WMB,91456.0,IIb,IIb,2022-08,2022.0,110,0.9818181818181818,,H1,R,H,R74/H107,II,II
WMB91634.1,WMB,91634.0,IIb,IIb,2022-08,2022.0,110,0.9818181818181818,,H1,R,H,R74/H107,II,II
WMB91812.1,WMB,91812.0,IIb,IIb,2022-08,2022.0,110,0.9818181818181818,,H1,R,H,R74/H107,II,II
WMB91990.1,WMB,91990.0,IIb,IIb,2022-08,2022.0,110,0.9818181818181818,,H1,R,H,R74/H107,II,II
WMB92168.1,WMB,92168.0,IIb,IIb,2022-08,2022.0,110,0.9818181818181818,,H1,R,H,R74/H107,II,II
WMB92346.1,WMB,92346.0,IIb,IIb,2022-08,2022.0,110,0.9818181818181818,,H1,R,H,R74/H107,II,II
WMB92524.1,WMB,92524.0,IIb,IIb,2022-08,2022.0,110,0.9818181818181818,,H1,R,H,R74/H107,II,II
WMB92702.1,WMB,92702.0,IIb,IIb,2022-08,2022.0,110,0.9818181818181818,,H1,R,H,R74/H107,II,II
WMB92880.1,WMB,92880.0,IIb,IIb,2022-08,2022.0,110,0.9818181818181818,,H1,R,H,R74/H107,II,II
WMB93058.1,WMB,93058.0,IIb,IIb,2022-08,2022.0,110,0.9818181818181818,,H1,R,H,R74/H107,II,II
WMB93236.1,WMB,93236.0,IIb,IIb,2022-08,2022.0,110,0.9818181818181818,,H1,R,H,R74/H107,II,II
WMB93414.1,WMB,93414.0,IIb,IIb,2022-11,2022.0,110,0.9818181818181818,,H1,R,H,R74/H107,II,II
WMB93592.1,WMB,93592.0,IIb,IIb,2022-08,2022.0,110,0.9818181818181818,,H1,R,H,R74/H107,II,II
WMB93770.1,WMB,93770.0,IIb,IIb,2022-12,2022.0,110,0.9818181818181818,,H1,R,H,R74/H107,II,II
WMB93948.1,WMB,93948.0,IIb,IIb,2022-12,2022.0,110,0.9818181818181818,,H1,R,H,R74/H107,II,II
WMB94126.1,WMB,94126.0,IIb,IIb,2022-12,2022.0,110,0.9818181818181818,,H1,R,H,R74/H107,II,II
WMB94304.1,WMB,94304.0,IIb,IIb,2022-12,2022.0,110,0.9818181818181818,,H1,R,H,R74/H107,II,II
WMB94482.1,WMB,94482.0,IIb,IIb,2022-12,2022.0,110,0.9818181818181818,,H1,R,H,R74/H107,II,II
WMB94660.1,WMB,94660.0,IIb,IIb,2022-12,2022.0,110,0.9818181818181818,,H1,R,H,R74/H107,II,II
WMB94838.1,WMB,94838.0,IIb,IIb,2022-12,2022.0,110,0.9818181818181818,,H1,R,H,R74/H107,II,II
WMB95015.1,WMB,95015.0,IIb,IIb,2022-08,2022.0,110,0.9818181818181818,,H1,R,H,R74/H107,II,II
WMB95193.1,WMB,95193.0,IIb,IIb,2022-08,2022.0,110,0.9818181818181818,,H1,R,H,R74/H107,II,II
WMB95371.1,WMB,95371.0,IIb,IIb,2022-08,2022.0,110,0.9818181818181818,,H1,R,H,R74/H107,II,II
WMB95549.1,WMB,95549.0,IIb,IIb,2022-11,2022.0,110,0.9818181818181818,,H1,R,H,R74/H107,II,II
WMB95727.1,WMB,95727.0,IIb,IIb,2022-08,2022.0,110,0.9818181818181818,,H1,R,H,R74/H107,II,II
WMB95905.1,WMB,95905.0,IIb,IIb,2022-10,2022.0,110,0.9818181818181818,,H1,R,H,R74/H107,II,II
WMB96083.1,WMB,96083.0,IIb,IIb,2022-11,2022.0,110,0.9818181818181818,,H1,R,H,R74/H107,II,II
WLY68238.1,WLY,68238.0,IIb,IIb,2022-09-02,2022.0,110,0.9818181818181818,,H1,R,H,R74/H107,II,II
WLY68417.1,WLY,68417.0,IIb,IIb,2022-11-15,2022.0,110,0.9818181818181818,,H1,R,H,R74/H107,II,II
WLY68594.1,WLY,68594.0,IIb,IIb,2022-11-22,2022.0,110,0.9818181818181818,,H1,R,H,R74/H107,II,II
WLY68771.1,WLY,68771.0,IIb,IIb,2023-03-13,2023.0,110,0.9818181818181818,,H1,R,H,R74/H107,II,II
WLY68950.1,WLY,68950.0,IIb,IIb,2023-04-06,2023.0,110,0.9818181818181818,,H1,R,H,R74/H107,II,II
WLY69129.1,WLY,69129.0,IIb,IIb,2023-04-10,2023.0,110,0.9818181818181818,,H1,R,H,R74/H107,II,II
WLY69308.1,WLY,69308.0,IIb,IIb,2023-04-11,2023.0,110,0.9818181818181818,,H1,R,H,R74/H107,II,II
WLY69487.1,WLY,69487.0,IIb,IIb,2023-04-12,2023.0,110,0.9818181818181818,,H1,R,H,R74/H107,II,II
WLY69666.1,WLY,69666.0,IIb,IIb,2023-04-13,2023.0,110,0.9818181818181818,,H1,R,H,R74/H107,II,II
WLY69845.1,WLY,69845.0,IIb,IIb,2023-04-14,2023.0,110,0.9818181818181818,,H1,R,H,R74/H107,II,II
WLY70024.1,WLY,70024.0,IIb,IIb,2023-04-15,2023.0,110,0.9818181818181818,,H1,R,H,R74/H107,II,II
WLY70203.1,WLY,70203.0,IIb,IIb,2023-04-15,2023.0,110,0.9818181818181818,,H1,R,H,R74/H107,II,II
WLY70379.1,WLY,70379.0,IIb,IIb,2023-04-17,2023.0,110,0.9818181818181818,,H1,R,H,R74/H107,II,II
WLY70557.1,WLY,70557.0,IIb,IIb,2023-04-18,2023.0,110,0.9818181818181818,,H1,R,H,R74/H107,II,II
WLY70736.1,WLY,70736.0,IIb,IIb,2023-04-18,2023.0,110,0.9818181818181818,,H1,R,H,R74/H107,II,II
WLY70914.1,WLY,70914.0,IIb,IIb,2023-04-18,2023.0,110,0.9818181818181818,,H1,R,H,R74/H107,II,II
WLY71092.1,WLY,71092.0,IIb,IIb,2023-04-18,2023.0,110,0.9818181818181818,,H1,R,H,R74/H107,II,II
WLY71271.1,WLY,71271.0,IIb,IIb,2023-04-19,2023.0,110,0.9818181818181818,,H1,R,H,R74/H107,II,II
WLY71450.1,WLY,71450.0,IIb,IIb,2023-04-19,2023.0,110,0.9818181818181818,,H1,R,H,R74/H107,II,II
WLY71629.1,WLY,71629.0,IIb,IIb,2023-04-21,2023.0,110,0.9818181818181818,,H1,R,H,R74/H107,II,II
WLY71808.1,WLY,71808.0,IIb,IIb,2023-04-21,2023.0,110,0.9818181818181818,,H1,R,H,R74/H107,II,II
WLY71987.1,WLY,71987.0,IIb,IIb,2023-04-21,2023.0,110,0.9818181818181818,,H1,R,H,R74/H107,II,II
WLY72165.1,WLY,72165.0,IIb,IIb,2023-04-22,2023.0,110,0.9818181818181818,,H1,R,H,R74/H107,II,II
WLY72344.1,WLY,72344.0,IIb,IIb,2023-04-22,2023.0,110,0.9818181818181818,,H1,R,H,R74/H107,II,II
WLY72523.1,WLY,72523.0,IIb,IIb,2023-04-22,2023.0,110,0.9818181818181818,,H1,R,H,R74/H107,II,II
WLY72702.1,WLY,72702.0,IIb,IIb,2023-04-23,2023.0,110,0.9818181818181818,,H1,R,H,R74/H107,II,II
WLY72881.1,WLY,72881.0,IIb,IIb,2023-04-23,2023.0,110,0.9818181818181818,,H1,R,H,R74/H107,II,II
WLY73060.1,WLY,73060.0,IIb,IIb,2023-04-25,2023.0,110,0.9818181818181818,,H1,R,H,R74/H107,II,II
WLY73236.1,WLY,73236.0,IIb,IIb,2023-04-25,2023.0,110,0.9818181818181818,,H1,R,H,R74/H107,II,II
WLY73415.1,WLY,73415.0,IIb,IIb,2023-04-25,2023.0,110,0.9818181818181818,,H1,R,H,R74/H107,II,II
WLW36546.1,WLW,36546.0,IIb,IIb,2023-08,2023.0,110,0.9818181818181818,,H1,R,H,R74/H107,II,II
WLV90481.1,WLV,90481.0,IIb,IIb,2022-06,2022.0,110,0.9818181818181818,,H1,R,H,R74/H107,II,II
WLV90659.1,WLV,90659.0,IIb,IIb,2022-06,2022.0,110,0.9818181818181818,,H1,R,H,R74/H107,II,II
WLV90838.1,WLV,90838.0,IIb,IIb,2023-07,2023.0,110,0.9818181818181818,,H1,R,H,R74/H107,II,II
WLV91016.1,WLV,91016.0,IIb,IIb,2023-08,2023.0,110,0.9818181818181818,,H1,R,H,R74/H107,II,II
WLV91191.1,WLV,91191.0,IIb,IIb,2022-06,2022.0,110,0.9818181818181818,,H1,R,H,R74/H107,II,II
WLV91365.1,WLV,91365.0,IIb,IIb,2022-06,2022.0,110,0.9818181818181818,,H1,R,H,R74/H107,II,II
WLV91539.1,WLV,91539.0,IIb,IIb,2022-06,2022.0,110,0.9818181818181818,,H1,R,H,R74/H107,II,II
WLV91713.1,WLV,91713.0,IIb,IIb,2022-06,2022.0,110,0.9818181818181818,,H1,R,H,R74/H107,II,II
WLV91887.1,WLV,91887.0,IIb,IIb,2022-06,2022.0,110,0.9818181818181818,,H1,R,H,R74/H107,II,II
WLV92061.1,WLV,92061.0,IIb,IIb,2022-06,2022.0,110,0.9818181818181818,,H1,R,H,R74/H107,II,II
WLV92235.1,WLV,92235.0,IIb,IIb,2022-06,2022.0,110,0.9818181818181818,,H1,R,H,R74/H107,II,II
WLV92408.1,WLV,92408.0,IIb,IIb,2022-06,2022.0,110,0.9818181818181818,,H1,R,H,R74/H107,II,II
WLV92582.1,WLV,92582.0,IIb,IIb,2022-06,2022.0,110,0.9818181818181818,,H1,R,H,R74/H107,II,II
WLV92756.1,WLV,92756.0,IIb,IIb,2022-06,2022.0,110,0.9818181818181818,,H1,R,H,R74/H107,II,II
WLV92930.1,WLV,92930.0,IIb,IIb,2022-06,2022.0,110,0.9818181818181818,,H1,R,H,R74/H107,II,II
WLV93104.1,WLV,93104.0,IIb,IIb,2022-07,2022.0,110,0.9818181818181818,,H1,R,H,R74/H107,II,II
WLV93278.1,WLV,93278.0,IIb,IIb,2022-06,2022.0,110,0.9818181818181818,,H1,R,H,R74/H107,II,II
WLV93452.1,WLV,93452.0,IIb,IIb,2022-06,2022.0,110,0.9818181818181818,,H1,R,H,R74/H107,II,II
WLV93626.1,WLV,93626.0,IIb,IIb,2022-06,2022.0,110,0.9818181818181818,,H1,R,H,R74/H107,II,II
WLV93800.1,WLV,93800.0,IIb,IIb,2022-06,2022.0,110,0.9818181818181818,,H1,R,H,R74/H107,II,II
WLV93974.1,WLV,93974.0,IIb,IIb,2022-06,2022.0,110,0.9818181818181818,,H1,R,H,R74/H107,II,II
WLV94148.1,WLV,94148.0,IIb,IIb,2022-06,2022.0,110,0.9818181818181818,,H1,R,H,R74/H107,II,II
WLV94322.1,WLV,94322.0,IIb,IIb,2022-06,2022.0,110,0.9818181818181818,,H1,R,H,R74/H107,II,II
WLV94496.1,WLV,94496.0,IIb,IIb,2022-06,2022.0,110,0.9818181818181818,,H1,R,H,R74/H107,II,II
WLV94670.1,WLV,94670.0,IIb,IIb,2022-06,2022.0,110,0.9818181818181818,,H1,R,H,R74/H107,II,II
WLV94844.1,WLV,94844.0,IIb,IIb,2022-06,2022.0,110,0.9818181818181818,,H1,R,H,R74/H107,II,II
WLV95018.1,WLV,95018.0,IIb,IIb,2022-06,2022.0,110,0.9818181818181818,,H1,R,H,R74/H107,II,II
WLV95192.1,WLV,95192.0,IIb,IIb,2022-06,2022.0,110,0.9818181818181818,,H1,R,H,R74/H107,II,II
WLV95366.1,WLV,95366.0,IIb,IIb,2022-06,2022.0,110,0.9818181818181818,,H1,R,H,R74/H107,II,II
WLV95540.1,WLV,95540.0,IIb,IIb,2022-06,2022.0,110,0.9818181818181818,,H1,R,H,R74/H107,II,II
WLV95714.1,WLV,95714.0,IIb,IIb,2022-06,2022.0,110,0.9818181818181818,,H1,R,H,R74/H107,II,II
WLV95888.1,WLV,95888.0,IIb,IIb,2022-06,2022.0,110,0.9818181818181818,,H1,R,H,R74/H107,II,II
WLV96062.1,WLV,96062.0,IIb,IIb,2022-06,2022.0,110,0.9818181818181818,,H1,R,H,R74/H107,II,II
WLV96236.1,WLV,96236.0,IIb,IIb,2022-06,2022.0,110,0.9818181818181818,,H1,R,H,R74/H107,II,II
WLV96410.1,WLV,96410.0,IIb,IIb,2022-06,2022.0,110,0.9818181818181818,,H1,R,H,R74/H107,II,II
WLV96584.1,WLV,96584.0,IIb,IIb,2022-06,2022.0,110,0.9818181818181818,,H1,R,H,R74/H107,II,II
WLV96758.1,WLV,96758.0,IIb,IIb,2022-06,2022.0,110,0.9818181818181818,,H1,R,H,R74/H107,II,II
WLV96932.1,WLV,96932.0,IIb,IIb,2022-06,2022.0,110,0.9818181818181818,,H1,R,H,R74/H107,II,II
WLV97106.1,WLV,97106.0,IIb,IIb,2022-06,2022.0,110,0.9818181818181818,,H1,R,H,R74/H107,II,II
WLV97280.1,WLV,97280.0,IIb,IIb,2022-06,2022.0,110,0.9818181818181818,,H1,R,H,R74/H107,II,II
WLV97454.1,WLV,97454.0,IIb,IIb,2022-06,2022.0,110,0.9818181818181818,,H1,R,H,R74/H107,II,II
WLV97628.1,WLV,97628.0,IIb,IIb,2022-06,2022.0,110,0.9818181818181818,,H1,R,H,R74/H107,II,II
WLV97802.1,WLV,97802.0,IIb,IIb,2022-06,2022.0,110,0.9818181818181818,,H1,R,H,R74/H107,II,II
WLV97976.1,WLV,97976.0,IIb,IIb,2022-06,2022.0,110,0.9818181818181818,,H1,R,H,R74/H107,II,II
WLV98150.1,WLV,98150.0,IIb,IIb,2022-06,2022.0,110,0.9818181818181818,,H1,R,H,R74/H107,II,II
WLV98324.1,WLV,98324.0,IIb,IIb,2022-06,2022.0,110,0.9818181818181818,,H1,R,H,R74/H107,II,II
WLV98498.1,WLV,98498.0,IIb,IIb,2022-06,2022.0,110,0.9818181818181818,,H1,R,H,R74/H107,II,II
WLV98672.1,WLV,98672.0,IIb,IIb,2022-06,2022.0,110,0.9818181818181818,,H1,R,H,R74/H107,II,II
WLV98846.1,WLV,98846.0,IIb,IIb,2022-06,2022.0,110,0.9818181818181818,,H1,R,H,R74/H107,II,II
WLV99020.1,WLV,99020.0,IIb,IIb,2022-06,2022.0,110,0.9818181818181818,,H1,R,H,R74/H107,II,II
WLV99194.1,WLV,99194.0,IIb,IIb,2022-06,2022.0,110,0.9818181818181818,,H1,R,H,R74/H107,II,II
WLV99368.1,WLV,99368.0,IIb,IIb,2022-06,2022.0,110,0.9818181818181818,,H1,R,H,R74/H107,II,II
WLV99542.1,WLV,99542.0,IIb,IIb,2022-06,2022.0,110,0.9818181818181818,,H1,R,H,R74/H107,II,II
WLV99716.1,WLV,99716.0,IIb,IIb,2022-06,2022.0,110,0.9818181818181818,,H1,R,H,R74/H107,II,II
WLV99890.1,WLV,99890.0,IIb,IIb,2022-06,2022.0,110,0.9818181818181818,,H1,R,H,R74/H107,II,II
WLW00065.1,WLW,65.0,IIb,IIb,2022-06,2022.0,110,0.9818181818181818,,H1,R,H,R74/H107,II,II
WLW00239.1,WLW,239.0,IIb,IIb,2022-06,2022.0,110,0.9818181818181818,,H1,R,H,R74/H107,II,II
WLW00413.1,WLW,413.0,IIb,IIb,2022-06,2022.0,110,0.9818181818181818,,H1,R,H,R74/H107,II,II
WLW00587.1,WLW,587.0,IIb,IIb,2022-06,2022.0,110,0.9818181818181818,,H1,R,H,R74/H107,II,II
WLW00761.1,WLW,761.0,IIb,IIb,2022-06,2022.0,110,0.9818181818181818,,H1,R,H,R74/H107,II,II
WLW00935.1,WLW,935.0,IIb,IIb,2022-06,2022.0,110,0.9818181818181818,,H1,R,H,R74/H107,II,II
WLW01109.1,WLW,1109.0,IIb,IIb,2022-06,2022.0,110,0.9818181818181818,,H1,R,H,R74/H107,II,II
WLW01283.1,WLW,1283.0,IIb,IIb,2022-06,2022.0,110,0.9818181818181818,,H1,R,H,R74/H107,II,II
WLW01457.1,WLW,1457.0,IIb,IIb,2022-06,2022.0,110,0.9818181818181818,,H1,R,H,R74/H107,II,II
WLW01631.1,WLW,1631.0,IIb,IIb,2022-06,2022.0,110,0.9818181818181818,,H1,R,H,R74/H107,II,II
WLW01805.1,WLW,1805.0,IIb,IIb,2022-06,2022.0,110,0.9818181818181818,,H1,R,H,R74/H107,II,II
WLW01979.1,WLW,1979.0,IIb,IIb,2022-06,2022.0,110,0.9818181818181818,,H1,R,H,R74/H107,II,II
WLW02153.1,WLW,2153.0,IIb,IIb,2022-06,2022.0,110,0.9818181818181818,,H1,R,H,R74/H107,II,II
WLW02326.1,WLW,2326.0,IIb,IIb,2022-06,2022.0,110,0.9818181818181818,,H1,R,H,R74/H107,II,II
WLW02500.1,WLW,2500.0,IIb,IIb,2022-06,2022.0,110,0.9818181818181818,,H1,R,H,R74/H107,II,II
WLW02674.1,WLW,2674.0,IIb,IIb,2022-06,2022.0,110,0.9818181818181818,,H1,R,H,R74/H107,II,II
WLW02848.1,WLW,2848.0,IIb,IIb,2022-06,2022.0,110,0.9818181818181818,,H1,R,H,R74/H107,II,II
WLW03022.1,WLW,3022.0,IIb,IIb,2022-06,2022.0,110,0.9818181818181818,,H1,R,H,R74/H107,II,II
WLW03196.1,WLW,3196.0,IIb,IIb,2022-06,2022.0,110,0.9818181818181818,,H1,R,H,R74/H107,II,II
WLW03370.1,WLW,3370.0,IIb,IIb,2022-06,2022.0,110,0.9818181818181818,,H1,R,H,R74/H107,II,II
WLW03544.1,WLW,3544.0,IIb,IIb,2022-06,2022.0,110,0.9818181818181818,,H1,R,H,R74/H107,II,II
WLW03718.1,WLW,3718.0,IIb,IIb,2022-06,2022.0,110,0.9818181818181818,,H1,R,H,R74/H107,II,II
WLW03892.1,WLW,3892.0,IIb,IIb,2022-06,2022.0,110,0.9818181818181818,,H1,R,H,R74/H107,II,II
WLW04066.1,WLW,4066.0,IIb,IIb,2022-06,2022.0,110,0.9818181818181818,,H1,R,H,R74/H107,II,II
WLW04240.1,WLW,4240.0,IIb,IIb,2022-06,2022.0,110,0.9818181818181818,,H1,R,H,R74/H107,II,II
WLW04414.1,WLW,4414.0,IIb,IIb,2022-06,2022.0,110,0.9818181818181818,,H1,R,H,R74/H107,II,II
WLW04588.1,WLW,4588.0,IIb,IIb,2022-06,2022.0,110,0.9818181818181818,,H1,R,H,R74/H107,II,II
WLW04762.1,WLW,4762.0,IIb,IIb,2022-06,2022.0,110,0.9818181818181818,,H1,R,H,R74/H107,II,II
WLW04936.1,WLW,4936.0,IIb,IIb,2022-06,2022.0,110,0.9818181818181818,,H1,R,H,R74/H107,II,II
WLW05110.1,WLW,5110.0,IIb,IIb,2022-06,2022.0,110,0.9818181818181818,,H1,R,H,R74/H107,II,II
WLW05284.1,WLW,5284.0,IIb,IIb,2022-06,2022.0,110,0.9818181818181818,,H1,R,H,R74/H107,II,II
WLW05458.1,WLW,5458.0,IIb,IIb,2022-06,2022.0,110,0.9818181818181818,,H1,R,H,R74/H107,II,II
WLW05632.1,WLW,5632.0,IIb,IIb,2022-06,2022.0,110,0.9818181818181818,,H1,R,H,R74/H107,II,II
WLW05806.1,WLW,5806.0,IIb,IIb,2022-06,2022.0,110,0.9818181818181818,,H1,R,H,R74/H107,II,II
WLW05980.1,WLW,5980.0,IIb,IIb,2022-06,2022.0,110,0.9818181818181818,,H1,R,H,R74/H107,II,II
WLW06154.1,WLW,6154.0,IIb,IIb,2022-06,2022.0,110,0.9818181818181818,,H1,R,H,R74/H107,II,II
WLW06328.1,WLW,6328.0,IIb,IIb,2022-06,2022.0,110,0.9818181818181818,,H1,R,H,R74/H107,II,II
WLW06502.1,WLW,6502.0,IIb,IIb,2022-06,2022.0,110,0.9818181818181818,,H1,R,H,R74/H107,II,II
WLW06676.1,WLW,6676.0,IIb,IIb,2022-06,2022.0,110,0.9818181818181818,,H1,R,H,R74/H107,II,II
WLW06850.1,WLW,6850.0,IIb,IIb,2022-06,2022.0,110,0.9818181818181818,,H1,R,H,R74/H107,II,II
WLW07024.1,WLW,7024.0,IIb,IIb,2022-06,2022.0,110,0.9818181818181818,,H1,R,H,R74/H107,II,II
WLW07198.1,WLW,7198.0,IIb,IIb,2022-07,2022.0,110,0.9818181818181818,,H1,R,H,R74/H107,II,II
WLW07372.1,WLW,7372.0,IIb,IIb,2022-07,2022.0,110,0.9818181818181818,,H1,R,H,R74/H107,II,II
WLW07546.1,WLW,7546.0,IIb,IIb,2022-07,2022.0,110,0.9818181818181818,,H1,R,H,R74/H107,II,II
WLW07719.1,WLW,7719.0,IIb,IIb,2022-07,2022.0,110,0.9818181818181818,,H1,R,H,R74/H107,II,II
WLW07893.1,WLW,7893.0,IIb,IIb,2022-07,2022.0,110,0.9818181818181818,,H1,R,H,R74/H107,II,II
WLW08067.1,WLW,8067.0,IIb,IIb,2022-07,2022.0,110,0.9818181818181818,,H1,R,H,R74/H107,II,II
WLW08241.1,WLW,8241.0,IIb,IIb,2022-07,2022.0,110,0.9818181818181818,,H1,R,H,R74/H107,II,II
WLW08415.1,WLW,8415.0,IIb,IIb,2022-07,2022.0,110,0.9818181818181818,,H1,R,H,R74/H107,II,II
WLW08589.1,WLW,8589.0,IIb,IIb,2022-07,2022.0,110,0.9818181818181818,,H1,R,H,R74/H107,II,II
WLW08763.1,WLW,8763.0,IIb,IIb,2022-07,2022.0,110,0.9818181818181818,,H1,R,H,R74/H107,II,II
WLW08937.1,WLW,8937.0,IIb,IIb,2022-07,2022.0,110,0.9818181818181818,,H1,R,H,R74/H107,II,II
WLW09111.1,WLW,9111.0,IIb,IIb,2022-07,2022.0,110,0.9818181818181818,,H1,R,H,R74/H107,II,II
WLW09285.1,WLW,9285.0,IIb,IIb,2022-07,2022.0,110,0.9818181818181818,,H1,R,H,R74/H107,II,II
WLW09459.1,WLW,9459.0,IIb,IIb,2022-07,2022.0,110,0.9818181818181818,,H1,R,H,R74/H107,II,II
WLW09633.1,WLW,9633.0,IIb,IIb,2022-07,2022.0,110,0.9818181818181818,,H1,R,H,R74/H107,II,II
WLW09807.1,WLW,9807.0,IIb,IIb,2022-07,2022.0,110,0.9818181818181818,,H1,R,H,R74/H107,II,II
WLW09981.1,WLW,9981.0,IIb,IIb,2022-07,2022.0,110,0.9818181818181818,,H1,R,H,R74/H107,II,II
WLW10154.1,WLW,10154.0,IIb,IIb,2022-07,2022.0,110,0.9818181818181818,,H1,R,H,R74/H107,II,II
WLW10328.1,WLW,10328.0,IIb,IIb,2022-07,2022.0,110,0.9818181818181818,,H1,R,H,R74/H107,II,II
WLW10502.1,WLW,10502.0,IIb,IIb,2022-07,2022.0,110,0.9818181818181818,,H1,R,H,R74/H107,II,II
WLW10676.1,WLW,10676.0,IIb,IIb,2022-07,2022.0,110,0.9818181818181818,,H1,R,H,R74/H107,II,II
WLS31545.1,WLS,31545.0,IIb,IIb,2022-09,2022.0,110,0.9818181818181818,,H1,R,H,R74/H107,II,II
WLS31724.1,WLS,31724.0,IIb,IIb,2022-08,2022.0,110,0.9818181818181818,,H1,R,H,R74/H107,II,II
WLQ18150.1,WLQ,18150.0,IIb,IIb,2022-09,2022.0,110,0.9818181818181818,,H1,R,H,R74/H107,II,II
WLQ18329.1,WLQ,18329.0,IIb,IIb,2022-12,2022.0,110,0.9818181818181818,,H1,R,H,R74/H107,II,II
WLQ18681.1,WLQ,18681.0,IIb,IIb,2023-04,2023.0,110,0.9818181818181818,,H1,R,H,R74/H107,II,II
WLQ18860.1,WLQ,18860.0,IIb,IIb,2023-01,2023.0,110,0.9818181818181818,,H1,R,H,R74/H107,II,II
WLQ19039.1,WLQ,19039.0,IIb,IIb,2023-01,2023.0,110,0.9818181818181818,,H1,R,H,R74/H107,II,II
WLQ19218.1,WLQ,19218.0,IIb,IIb,2023-01,2023.0,110,0.9818181818181818,,H1,R,H,R74/H107,II,II
WLQ19397.1,WLQ,19397.0,IIb,IIb,2023-01,2023.0,110,0.9818181818181818,,H1,R,H,R74/H107,II,II
WLQ19576.1,WLQ,19576.0,IIb,IIb,2023-02,2023.0,110,0.9818181818181818,,H1,R,H,R74/H107,II,II
WLQ19755.1,WLQ,19755.0,IIb,IIb,2023-03,2023.0,110,0.9818181818181818,,H1,R,H,R74/H107,II,II
WLQ19933.1,WLQ,19933.0,IIb,IIb,2023-01,2023.0,110,0.9818181818181818,,H1,R,H,R74/H107,II,II
WLQ20112.1,WLQ,20112.0,IIb,IIb,2023-03,2023.0,110,0.9818181818181818,,H1,R,H,R74/H107,II,II
WLQ20291.1,WLQ,20291.0,IIb,IIb,2023-01,2023.0,110,0.9818181818181818,,H1,R,H,R74/H107,II,II
WLQ20470.1,WLQ,20470.0,IIb,IIb,2023-03,2023.0,110,0.9818181818181818,,H1,R,H,R74/H107,II,II
WLQ20649.1,WLQ,20649.0,IIb,IIb,2023-04,2023.0,110,0.9818181818181818,,H1,R,H,R74/H107,II,II
WLQ20828.1,WLQ,20828.0,IIb,IIb,2023-02,2023.0,110,0.9818181818181818,,H1,R,H,R74/H107,II,II
WLQ21007.1,WLQ,21007.0,IIb,IIb,2023-06,2023.0,110,0.9818181818181818,,H1,R,H,R74/H107,II,II
WKF26108.1,WKF,26108.0,IIb,IIb,2022-08-01,2022.0,110,0.9818181818181818,,H1,R,H,R74/H107,II,II
WKF26287.1,WKF,26287.0,IIb,IIb,2022-07-18,2022.0,110,0.9818181818181818,,H1,R,H,R74/H107,II,II
WKF26465.1,WKF,26465.0,IIb,IIb,2022-08-16,2022.0,110,0.9818181818181818,,H1,R,H,R74/H107,II,II
WKF26640.1,WKF,26640.0,IIb,IIb,2022-08-22,2022.0,110,0.9818181818181818,,H1,R,H,R74/H107,II,II
WKF26814.1,WKF,26814.0,IIb,IIb,2022-08-22,2022.0,110,0.9818181818181818,,H1,R,H,R74/H107,II,II
WKF26990.1,WKF,26990.0,IIb,IIb,2022-08-08,2022.0,110,0.9818181818181818,,H1,R,H,R74/H107,II,II
WKF27168.1,WKF,27168.0,IIb,IIb,2022-07-11,2022.0,110,0.9818181818181818,,H1,R,H,R74/H107,II,II
WKF27346.1,WKF,27346.0,IIb,IIb,2022-08-24,2022.0,110,0.9818181818181818,,H1,R,H,R74/H107,II,II
WKF27520.1,WKF,27520.0,IIb,IIb,2022-08-24,2022.0,110,0.9818181818181818,,H1,R,H,R74/H107,II,II
WKF27693.1,WKF,27693.0,IIb,IIb,2022-08-08,2022.0,110,0.9818181818181818,,H1,R,H,R74/H107,II,II
WKF27867.1,WKF,27867.0,IIb,IIb,2022-08-08,2022.0,110,0.9818181818181818,,H1,R,H,R74/H107,II,II
WKF28042.1,WKF,28042.0,IIb,IIb,2022-08-10,2022.0,110,0.9818181818181818,,H1,R,H,R74/H107,II,II
WKF28214.1,WKF,28214.0,IIb,IIb,2022-08-18,2022.0,110,0.9818181818181818,,H1,R,H,R74/H107,II,II
WKF28390.1,WKF,28390.0,IIb,IIb,2022-08-04,2022.0,110,0.9818181818181818,,H1,R,H,R74/H107,II,II
WKF28568.1,WKF,28568.0,IIb,IIb,2022-08-22,2022.0,110,0.9818181818181818,,H1,R,H,R74/H107,II,II
WKF28743.1,WKF,28743.0,IIb,IIb,2022-08-22,2022.0,110,0.9818181818181818,,H1,R,H,R74/H107,II,II
WKF28918.1,WKF,28918.0,IIb,IIb,2022-08-22,2022.0,110,0.9818181818181818,,H1,R,H,R74/H107,II,II
WKF29095.1,WKF,29095.0,IIb,IIb,2022-07-19,2022.0,110,0.9818181818181818,,H1,R,H,R74/H107,II,II
WKF29274.1,WKF,29274.0,IIb,IIb,2022-07-19,2022.0,110,0.9818181818181818,,H1,R,H,R74/H107,II,II
WKF29451.1,WKF,29451.0,IIb,IIb,2022-08-14,2022.0,110,0.9818181818181818,,H1,R,H,R74/H107,II,II
WKF29621.1,WKF,29621.0,IIb,IIb,2022-08-14,2022.0,110,0.9818181818181818,,H1,R,H,R74/H107,II,II
WKF29794.1,WKF,29794.0,IIb,IIb,2022-08-14,2022.0,110,0.9818181818181818,,H1,R,H,R74/H107,II,II
WKF29965.1,WKF,29965.0,IIb,IIb,2022-08-16,2022.0,110,0.9818181818181818,,H1,R,H,R74/H107,II,II
WKF30141.1,WKF,30141.0,IIb,IIb,2022-06-23,2022.0,110,0.9818181818181818,,H1,R,H,R74/H107,II,II
WKF30320.1,WKF,30320.0,IIb,IIb,2022-08-18,2022.0,110,0.9818181818181818,,H1,R,H,R74/H107,II,II
WKF30492.1,WKF,30492.0,IIb,IIb,2022-08-24,2022.0,110,0.9818181818181818,,H1,R,H,R74/H107,II,II
WKF30667.1,WKF,30667.0,IIb,IIb,2022-08-24,2022.0,110,0.9818181818181818,,H1,R,H,R74/H107,II,II
WKF30830.1,WKF,30830.0,IIb,IIb,2022-08-10,2022.0,110,0.9818181818181818,,H1,R,H,R74/H107,II,II
WKF31000.1,WKF,31000.0,IIb,IIb,2022-08-10,2022.0,110,0.9818181818181818,,H1,R,H,R74/H107,II,II
WKF31168.1,WKF,31168.0,IIb,IIb,2022-08-24,2022.0,110,0.9818181818181818,,H1,R,H,R74/H107,II,II
WKF31347.1,WKF,31347.0,IIb,IIb,2022-08-24,2022.0,110,0.9818181818181818,,H1,R,H,R74/H107,II,II
WKF31525.1,WKF,31525.0,IIb,IIb,2022-08-24,2022.0,110,0.9818181818181818,,H1,R,H,R74/H107,II,II
WKF31702.1,WKF,31702.0,IIb,IIb,2022-09-07,2022.0,110,0.9818181818181818,,H1,R,H,R74/H107,II,II
WKF31879.1,WKF,31879.0,IIb,IIb,2022-08-16,2022.0,110,0.9818181818181818,,H1,R,H,R74/H107,II,II
WKF32056.1,WKF,32056.0,IIb,IIb,2022-06-30,2022.0,110,0.9818181818181818,,H1,R,H,R74/H107,II,II
WKF32224.1,WKF,32224.0,IIb,IIb,2022-06-30,2022.0,110,0.9818181818181818,,H1,R,H,R74/H107,II,II
WKF32397.1,WKF,32397.0,IIb,IIb,2022-08-15,2022.0,110,0.9818181818181818,,H1,R,H,R74/H107,II,II
WKF32572.1,WKF,32572.0,IIb,IIb,2022-08-16,2022.0,110,0.9818181818181818,,H1,R,H,R74/H107,II,II
WKF32750.1,WKF,32750.0,IIb,IIb,2022-08-22,2022.0,110,0.9818181818181818,,H1,R,H,R74/H107,II,II
WKF32929.1,WKF,32929.0,IIb,IIb,2022-08-30,2022.0,110,0.9818181818181818,,H1,R,H,R74/H107,II,II
WKF33108.1,WKF,33108.0,IIb,IIb,2022-05-19,2022.0,110,0.9818181818181818,,H1,R,H,R74/H107,II,II
WKF33287.1,WKF,33287.0,IIb,IIb,2022-05-19,2022.0,110,0.9818181818181818,,H1,R,H,R74/H107,II,II
WKF33465.1,WKF,33465.0,IIb,IIb,2022-05-19,2022.0,110,0.9818181818181818,,H1,R,H,R74/H107,II,II
WKF33644.1,WKF,33644.0,IIb,IIb,2022-05-19,2022.0,110,0.9818181818181818,,H1,R,H,R74/H107,II,II
WKF33823.1,WKF,33823.0,IIb,IIb,2022-05-19,2022.0,110,0.9818181818181818,,H1,R,H,R74/H107,II,II
WKF34002.1,WKF,34002.0,IIb,IIb,2022-05-19,2022.0,110,0.9818181818181818,,H1,R,H,R74/H107,II,II
WKF34181.1,WKF,34181.0,IIb,IIb,2022-07-29,2022.0,110,0.9818181818181818,,H1,R,H,R74/H107,II,II
WKF34360.1,WKF,34360.0,IIb,IIb,2022-08-31,2022.0,110,0.9818181818181818,,H1,R,H,R74/H107,II,II
WKF34539.1,WKF,34539.0,IIb,IIb,2022-06-08,2022.0,110,0.9818181818181818,,H1,R,H,R74/H107,II,II
WKF34718.1,WKF,34718.0,IIb,IIb,2022-06-22,2022.0,110,0.9818181818181818,,H1,R,H,R74/H107,II,II
WKF34897.1,WKF,34897.0,IIb,IIb,2022-06-22,2022.0,110,0.9818181818181818,,H1,R,H,R74/H107,II,II
WKF35076.1,WKF,35076.0,IIb,IIb,2022-06-22,2022.0,110,0.9818181818181818,,H1,R,H,R74/H107,II,II
WKF35255.1,WKF,35255.0,IIb,IIb,2022-06-22,2022.0,110,0.9818181818181818,,H1,R,H,R74/H107,II,II
WKF35434.1,WKF,35434.0,IIb,IIb,2022-06-22,2022.0,110,0.9818181818181818,,H1,R,H,R74/H107,II,II
WKF35613.1,WKF,35613.0,IIb,IIb,2022-07-05,2022.0,110,0.9818181818181818,,H1,R,H,R74/H107,II,II
WKF35792.1,WKF,35792.0,IIb,IIb,2022-07-10,2022.0,110,0.9818181818181818,,H1,R,H,R74/H107,II,II
WKF35971.1,WKF,35971.0,IIb,IIb,2022-07-10,2022.0,110,0.9818181818181818,,H1,R,H,R74/H107,II,II
WKF36149.1,WKF,36149.0,IIb,IIb,2022-07-13,2022.0,110,0.9818181818181818,,H1,R,H,R74/H107,II,II
WKF36327.1,WKF,36327.0,IIb,IIb,2022-07-13,2022.0,110,0.9818181818181818,,H1,R,H,R74/H107,II,II
WKF36506.1,WKF,36506.0,IIb,IIb,2022-07-13,2022.0,110,0.9818181818181818,,H1,R,H,R74/H107,II,II
WKF36685.1,WKF,36685.0,IIb,IIb,2022-07-13,2022.0,110,0.9818181818181818,,H1,R,H,R74/H107,II,II
WKF36860.1,WKF,36860.0,IIb,IIb,2022-08-31,2022.0,110,0.9818181818181818,,H1,R,H,R74/H107,II,II
WKF37035.1,WKF,37035.0,IIb,IIb,2022-08-01,2022.0,110,0.9818181818181818,,H1,R,H,R74/H107,II,II
WKF37214.1,WKF,37214.0,IIb,IIb,2022-05-19,2022.0,110,0.9818181818181818,,H1,R,H,R74/H107,II,II
WKF37392.1,WKF,37392.0,IIb,IIb,2022-08-31,2022.0,110,0.9818181818181818,,H1,R,H,R74/H107,II,II
WKF37570.1,WKF,37570.0,IIb,IIb,2022-08-31,2022.0,110,0.9818181818181818,,H1,R,H,R74/H107,II,II
WKF37749.1,WKF,37749.0,IIb,IIb,2022-09-05,2022.0,110,0.9818181818181818,,H1,R,H,R74/H107,II,II
WKF37928.1,WKF,37928.0,IIb,IIb,2022-08-02,2022.0,110,0.9818181818181818,,H1,R,H,R74/H107,II,II
WKF38107.1,WKF,38107.0,IIb,IIb,2022-08-03,2022.0,110,0.9818181818181818,,H1,R,H,R74/H107,II,II
WKF38286.1,WKF,38286.0,IIb,IIb,2022-08-03,2022.0,110,0.9818181818181818,,H1,R,H,R74/H107,II,II
WKF38465.1,WKF,38465.0,IIb,IIb,2022-08-05,2022.0,110,0.9818181818181818,,H1,R,H,R74/H107,II,II
WKF38644.1,WKF,38644.0,IIb,IIb,2022-08-05,2022.0,110,0.9818181818181818,,H1,R,H,R74/H107,II,II
WKF38822.1,WKF,38822.0,IIb,IIb,2022-08-09,2022.0,110,0.9818181818181818,,H1,R,H,R74/H107,II,II
WKF38999.1,WKF,38999.0,IIb,IIb,2022-09-06,2022.0,110,0.9818181818181818,,H1,R,H,R74/H107,II,II
WKF39174.1,WKF,39174.0,IIb,IIb,2022-09-06,2022.0,110,0.9818181818181818,,H1,R,H,R74/H107,II,II
WKF39350.1,WKF,39350.0,IIb,IIb,2022-09-06,2022.0,110,0.9818181818181818,,H1,R,H,R74/H107,II,II
WKF39521.1,WKF,39521.0,IIb,IIb,2022-08-17,2022.0,110,0.9818181818181818,,H1,R,H,R74/H107,II,II
WKF39695.1,WKF,39695.0,IIb,IIb,2022-08-01,2022.0,110,0.9818181818181818,,H1,R,H,R74/H107,II,II
WKF39871.1,WKF,39871.0,IIb,IIb,2022-08-22,2022.0,110,0.9818181818181818,,H1,R,H,R74/H107,II,II
WKF40050.1,WKF,40050.0,IIb,IIb,2022-08-22,2022.0,110,0.9818181818181818,,H1,R,H,R74/H107,II,II
WKF40227.1,WKF,40227.0,IIb,IIb,2022-08-19,2022.0,110,0.9818181818181818,,H1,R,H,R74/H107,II,II
WKF40396.1,WKF,40396.0,IIb,IIb,2022-08-22,2022.0,110,0.9818181818181818,,H1,R,H,R74/H107,II,II
WKF40567.1,WKF,40567.0,IIb,IIb,2022-08-22,2022.0,110,0.9818181818181818,,H1,R,H,R74/H107,II,II
WKF40738.1,WKF,40738.0,IIb,IIb,2022-08-22,2022.0,110,0.9818181818181818,,H1,R,H,R74/H107,II,II
WKF40914.1,WKF,40914.0,IIb,IIb,2022-08-23,2022.0,110,0.9818181818181818,,H1,R,H,R74/H107,II,II
WKF41086.1,WKF,41086.0,IIb,IIb,2022-08-25,2022.0,110,0.9818181818181818,,H1,R,H,R74/H107,II,II
WKF41255.1,WKF,41255.0,IIb,IIb,2022-08-25,2022.0,110,0.9818181818181818,,H1,R,H,R74/H107,II,II
WKF41433.1,WKF,41433.0,IIb,IIb,2022-08-25,2022.0,110,0.9818181818181818,,H1,R,H,R74/H107,II,II
WKF41602.1,WKF,41602.0,IIb,IIb,2022-08-25,2022.0,110,0.9818181818181818,,H1,R,H,R74/H107,II,II
WKF41776.1,WKF,41776.0,IIb,IIb,2022-08-25,2022.0,110,0.9818181818181818,,H1,R,H,R74/H107,II,II
WKF41949.1,WKF,41949.0,IIb,IIb,2022-08-25,2022.0,110,0.9818181818181818,,H1,R,H,R74/H107,II,II
WKF42117.1,WKF,42117.0,IIb,IIb,2022-08-25,2022.0,110,0.9818181818181818,,H1,R,H,R74/H107,II,II
WKF42285.1,WKF,42285.0,IIb,IIb,2022-08-25,2022.0,110,0.9818181818181818,,H1,R,H,R74/H107,II,II
WKF42453.1,WKF,42453.0,IIb,IIb,2022-08-26,2022.0,110,0.9818181818181818,,H1,R,H,R74/H107,II,II
WKF42631.1,WKF,42631.0,IIb,IIb,2022-08-26,2022.0,110,0.9818181818181818,,H1,R,H,R74/H107,II,II
WKF42809.1,WKF,42809.0,IIb,IIb,2022-07-11,2022.0,110,0.9818181818181818,,H1,R,H,R74/H107,II,II
WKF42988.1,WKF,42988.0,IIb,IIb,2022-07-11,2022.0,110,0.9818181818181818,,H1,R,H,R74/H107,II,II
WKF43167.1,WKF,43167.0,IIb,IIb,2022-07-13,2022.0,110,0.9818181818181818,,H1,R,H,R74/H107,II,II
WKF43346.1,WKF,43346.0,IIb,IIb,2022-07-13,2022.0,110,0.9818181818181818,,H1,R,H,R74/H107,II,II
WKF43522.1,WKF,43522.0,IIb,IIb,2022-08-19,2022.0,110,0.9818181818181818,,H1,R,H,R74/H107,II,II
WKF43697.1,WKF,43697.0,IIb,IIb,2022-08-19,2022.0,110,0.9818181818181818,,H1,R,H,R74/H107,II,II
WKF43872.1,WKF,43872.0,IIb,IIb,2022-08-19,2022.0,110,0.9818181818181818,,H1,R,H,R74/H107,II,II
WLC98913.1,WLC,98913.0,IIb,IIb,2023-07-03,2023.0,110,0.9818181818181818,,H1,R,H,R74/H107,II,II
WLC99090.1,WLC,99090.0,IIb,IIb,2023-06-29,2023.0,110,0.9818181818181818,,H1,R,H,R74/H107,II,II
WLC99268.1,WLC,99268.0,IIb,IIb,2023-06-27,2023.0,110,0.9818181818181818,,H1,R,H,R74/H107,II,II
WLC99446.1,WLC,99446.0,IIb,IIb,2023-06-27,2023.0,110,0.9818181818181818,,H1,R,H,R74/H107,II,II
WLC99623.1,WLC,99623.0,IIb,IIb,2023-06-27,2023.0,110,0.9818181818181818,,H1,R,H,R74/H107,II,II
WLC99798.1,WLC,99798.0,IIb,IIb,2023-07-04,2023.0,110,0.9818181818181818,,H1,R,H,R74/H107,II,II
WLC99975.1,WLC,99975.0,IIb,IIb,2023-07-04,2023.0,110,0.9818181818181818,,H1,R,H,R74/H107,II,II
WLD00154.1,WLD,154.0,IIb,IIb,2023-07-07,2023.0,110,0.9818181818181818,,H1,R,H,R74/H107,II,II
WLD00328.1,WLD,328.0,IIb,IIb,2023-07-07,2023.0,110,0.9818181818181818,,H1,R,H,R74/H107,II,II
WLD00503.1,WLD,503.0,IIb,IIb,2023-07-07,2023.0,110,0.9818181818181818,,H1,R,H,R74/H107,II,II
WLD00679.1,WLD,679.0,IIb,IIb,2023-07-10,2023.0,110,0.9818181818181818,,H1,R,H,R74/H107,II,II
WLD00855.1,WLD,855.0,IIb,IIb,2023-07-18,2023.0,110,0.9818181818181818,,H1,R,H,R74/H107,II,II
WKW62553.1,WKW,62553.0,IIb,IIb,2022-08-01,2022.0,110,0.9818181818181818,,H1,R,H,R74/H107,II,II
WKW63891.1,WKW,63891.0,IIb,IIb,2022-07-26,2022.0,110,0.9818181818181818,,H1,R,H,R74/H107,II,II
WKW64061.1,WKW,64061.0,IIb,IIb,2022-08-05,2022.0,110,0.9818181818181818,,H1,R,H,R74/H107,II,II
WKW64238.1,WKW,64238.0,IIb,IIb,2022-07-26,2022.0,110,0.9818181818181818,,H1,R,H,R74/H107,II,II
WKW64406.1,WKW,64406.0,IIb,IIb,2022-08-01,2022.0,110,0.9818181818181818,,H1,R,H,R74/H107,II,II
WKW64580.1,WKW,64580.0,IIb,IIb,2022-08-04,2022.0,110,0.9818181818181818,,H1,R,H,R74/H107,II,II
WKW64751.1,WKW,64751.0,IIb,IIb,2022-07-28,2022.0,110,0.9818181818181818,,H1,R,H,R74/H107,II,II
WKW64923.1,WKW,64923.0,IIb,IIb,2022-07-25,2022.0,110,0.9818181818181818,,H1,R,H,R74/H107,II,II
WKW65094.1,WKW,65094.0,IIb,IIb,2022-08-02,2022.0,110,0.9818181818181818,,H1,R,H,R74/H107,II,II
WKW65259.1,WKW,65259.0,IIb,IIb,2022-08-05,2022.0,110,0.9818181818181818,,H1,R,H,R74/H107,II,II
WKW65428.1,WKW,65428.0,IIb,IIb,2022-07-30,2022.0,110,0.9818181818181818,,H1,R,H,R74/H107,II,II
WKW65596.1,WKW,65596.0,IIb,IIb,2022-08-02,2022.0,110,0.9818181818181818,,H1,R,H,R74/H107,II,II
WKW65765.1,WKW,65765.0,IIb,IIb,2022-08-03,2022.0,110,0.9818181818181818,,H1,R,H,R74/H107,II,II
WKW65934.1,WKW,65934.0,IIb,IIb,2022-08-08,2022.0,110,0.9818181818181818,,H1,R,H,R74/H107,II,II
WKW66103.1,WKW,66103.0,IIb,IIb,2022-07-27,2022.0,110,0.9818181818181818,,H1,R,H,R74/H107,II,II
WKW66265.1,WKW,66265.0,IIb,IIb,2022-08-02,2022.0,110,0.9818181818181818,,H1,R,H,R74/H107,II,II
WKW66434.1,WKW,66434.0,IIb,IIb,2022-08-05,2022.0,110,0.9818181818181818,,H1,R,H,R74/H107,II,II
WKW66573.1,WKW,66573.0,IIb,IIb,2022-08-01,2022.0,110,0.9818181818181818,,H1,R,H,R74/H107,II,II
WKW66746.1,WKW,66746.0,IIb,IIb,2022-08-02,2022.0,110,0.9818181818181818,,H1,R,H,R74/H107,II,II
WKW66915.1,WKW,66915.0,IIb,IIb,2022-08-25,2022.0,110,0.9818181818181818,,H1,R,H,R74/H107,II,II
WKW67087.1,WKW,67087.0,IIb,IIb,2022-08-24,2022.0,110,0.9818181818181818,,H1,R,H,R74/H107,II,II
WKW67262.1,WKW,67262.0,IIb,IIb,2022-08-24,2022.0,110,0.9818181818181818,,H1,R,H,R74/H107,II,II
WKW67432.1,WKW,67432.0,IIb,IIb,2022-08-24,2022.0,110,0.9818181818181818,,H1,R,H,R74/H107,II,II
WKW67600.1,WKW,67600.0,IIb,IIb,2022-08-18,2022.0,110,0.9818181818181818,,H1,R,H,R74/H107,II,II
WKW67772.1,WKW,67772.0,IIb,IIb,2022-08-18,2022.0,110,0.9818181818181818,,H1,R,H,R74/H107,II,II
WKW67946.1,WKW,67946.0,IIb,IIb,2022-08-23,2022.0,110,0.9818181818181818,,H1,R,H,R74/H107,II,II
WKW68117.1,WKW,68117.0,IIb,IIb,2022-08-16,2022.0,110,0.9818181818181818,,H1,R,H,R74/H107,II,II
WKW68289.1,WKW,68289.0,IIb,IIb,2022-08-16,2022.0,110,0.9818181818181818,,H1,R,H,R74/H107,II,II
WKW68463.1,WKW,68463.0,IIb,IIb,2022-08-15,2022.0,110,0.9818181818181818,,H1,R,H,R74/H107,II,II
WKW68632.1,WKW,68632.0,IIb,IIb,2022-08-12,2022.0,110,0.9818181818181818,,H1,R,H,R74/H107,II,II
WKW68802.1,WKW,68802.0,IIb,IIb,2022-08-12,2022.0,110,0.9818181818181818,,H1,R,H,R74/H107,II,II
WKW68973.1,WKW,68973.0,IIb,IIb,2022-08-12,2022.0,110,0.9818181818181818,,H1,R,H,R74/H107,II,II
WKW69144.1,WKW,69144.0,IIb,IIb,2022-08-10,2022.0,110,0.9818181818181818,,H1,R,H,R74/H107,II,II
WKW69316.1,WKW,69316.0,IIb,IIb,2022-08-10,2022.0,110,0.9818181818181818,,H1,R,H,R74/H107,II,II
WKW69487.1,WKW,69487.0,IIb,IIb,2022-08-10,2022.0,110,0.9818181818181818,,H1,R,H,R74/H107,II,II
WKW69659.1,WKW,69659.0,IIb,IIb,2022-08-11,2022.0,110,0.9818181818181818,,H1,R,H,R74/H107,II,II
WKW69827.1,WKW,69827.0,IIb,IIb,2022-08-09,2022.0,110,0.9818181818181818,,H1,R,H,R74/H107,II,II
WKW69999.1,WKW,69999.0,IIb,IIb,2022-08-08,2022.0,110,0.9818181818181818,,H1,R,H,R74/H107,II,II
WKW70176.1,WKW,70176.0,IIb,IIb,2022-08-29,2022.0,110,0.9818181818181818,,H1,R,H,R74/H107,II,II
WKW70350.1,WKW,70350.0,IIb,IIb,2022-08-30,2022.0,110,0.9818181818181818,,H1,R,H,R74/H107,II,II
WKW70525.1,WKW,70525.0,IIb,IIb,2022-08-30,2022.0,110,0.9818181818181818,,H1,R,H,R74/H107,II,II
WKW70701.1,WKW,70701.0,IIb,IIb,2022-08-31,2022.0,110,0.9818181818181818,,H1,R,H,R74/H107,II,II
WKW70876.1,WKW,70876.0,IIb,IIb,2022-09-01,2022.0,110,0.9818181818181818,,H1,R,H,R74/H107,II,II
WKW71051.1,WKW,71051.0,IIb,IIb,2022-08-31,2022.0,110,0.9818181818181818,,H1,R,H,R74/H107,II,II
WKW71220.1,WKW,71220.0,IIb,IIb,2022-09-02,2022.0,110,0.9818181818181818,,H1,R,H,R74/H107,II,II
WKW71397.1,WKW,71397.0,IIb,IIb,2022-09-07,2022.0,110,0.9818181818181818,,H1,R,H,R74/H107,II,II
WKW71571.1,WKW,71571.0,IIb,IIb,2022-09-07,2022.0,110,0.9818181818181818,,H1,R,H,R74/H107,II,II
WKW71744.1,WKW,71744.0,IIb,IIb,2022-09-07,2022.0,110,0.9818181818181818,,H1,R,H,R74/H107,II,II
WKW71920.1,WKW,71920.0,IIb,IIb,2022-09-07,2022.0,110,0.9818181818181818,,H1,R,H,R74/H107,II,II
WKW72089.1,WKW,72089.0,IIb,IIb,2022-09-15,2022.0,110,0.9818181818181818,,H1,R,H,R74/H107,II,II
WKW72262.1,WKW,72262.0,IIb,IIb,2022-09-14,2022.0,110,0.9818181818181818,,H1,R,H,R74/H107,II,II
WKW72435.1,WKW,72435.0,IIb,IIb,2022-09-19,2022.0,110,0.9818181818181818,,H1,R,H,R74/H107,II,II
WKW72612.1,WKW,72612.0,IIb,IIb,2022-09-12,2022.0,110,0.9818181818181818,,H1,R,H,R74/H107,II,II
WKW72787.1,WKW,72787.0,IIb,IIb,2022-09-19,2022.0,110,0.9818181818181818,,H1,R,H,R74/H107,II,II
WKW72958.1,WKW,72958.0,IIb,IIb,2022-09-12,2022.0,110,0.9818181818181818,,H1,R,H,R74/H107,II,II
WKW73136.1,WKW,73136.0,IIb,IIb,2023-06-05,2023.0,110,0.9818181818181818,,H1,R,H,R74/H107,II,II
WKW73313.1,WKW,73313.0,IIb,IIb,2023-06-07,2023.0,110,0.9818181818181818,,H1,R,H,R74/H107,II,II
WKS01540.1,WKS,1540.0,IIb,IIb,2023-06-15,2023.0,110,0.9818181818181818,,H1,R,H,R74/H107,II,II
WKS01715.1,WKS,1715.0,IIb,IIb,2023-06-16,2023.0,110,0.9818181818181818,,H1,R,H,R74/H107,II,II
WKS01890.1,WKS,1890.0,IIb,IIb,2023-06-20,2023.0,110,0.9818181818181818,,H1,R,H,R74/H107,II,II
WKS02064.1,WKS,2064.0,IIb,IIb,2023-06-22,2023.0,110,0.9818181818181818,,H1,R,H,R74/H107,II,II
WKS02237.1,WKS,2237.0,IIb,IIb,2023-06-22,2023.0,110,0.9818181818181818,,H1,R,H,R74/H107,II,II
WKS02410.1,WKS,2410.0,IIb,IIb,2023-06-25,2023.0,110,0.9818181818181818,,H1,R,H,R74/H107,II,II
WKS02585.1,WKS,2585.0,IIb,IIb,2023-06-25,2023.0,110,0.9818181818181818,,H1,R,H,R74/H107,II,II
WKC56710.1,WKC,56710.0,IIb,IIb,2023-05-31,2023.0,110,0.9818181818181818,,H1,R,H,R74/H107,II,II
WKC56888.1,WKC,56888.0,IIb,IIb,2023-06-14,2023.0,110,0.9818181818181818,,H1,R,H,R74/H107,II,II
WKC57065.1,WKC,57065.0,IIb,IIb,2023-05-31,2023.0,110,0.9818181818181818,,H1,R,H,R74/H107,II,II
WIV42130.1,WIV,42130.0,IIb,IIb,2022-09-21,2022.0,110,0.9818181818181818,,H1,R,H,R74/H107,II,II
WIV42308.1,WIV,42308.0,IIb,IIb,2023-03-23,2023.0,110,0.9818181818181818,,H1,R,H,R74/H107,II,II
WJR88416.1,WJR,88416.0,IIb,IIb,2022-07,2022.0,110,0.9818181818181818,,H1,R,H,R74/H107,II,II
WJR88594.1,WJR,88594.0,IIb,IIb,2022-07,2022.0,110,0.9818181818181818,,H1,R,H,R74/H107,II,II
WJR88772.1,WJR,88772.0,IIb,IIb,2022-12,2022.0,110,0.9818181818181818,,H1,R,H,R74/H107,II,II
WJR88950.1,WJR,88950.0,IIb,IIb,2022-12,2022.0,110,0.9818181818181818,,H1,R,H,R74/H107,II,II
WJR89128.1,WJR,89128.0,IIb,IIb,2023-01,2023.0,110,0.9818181818181818,,H1,R,H,R74/H107,II,II
WJR89306.1,WJR,89306.0,IIb,IIb,2022-08,2022.0,110,0.9818181818181818,,H1,R,H,R74/H107,II,II
WJR89484.1,WJR,89484.0,IIb,IIb,2022-07,2022.0,110,0.9818181818181818,,H1,R,H,R74/H107,II,II
WJR89662.1,WJR,89662.0,IIb,IIb,2022-11,2022.0,110,0.9818181818181818,,H1,R,H,R74/H107,II,II
WJR89840.1,WJR,89840.0,IIb,IIb,2022-08,2022.0,110,0.9818181818181818,,H1,R,H,R74/H107,II,II
WJR90018.1,WJR,90018.0,IIb,IIb,2022-07,2022.0,110,0.9818181818181818,,H1,R,H,R74/H107,II,II
WJR90195.1,WJR,90195.0,IIb,IIb,2022-08,2022.0,110,0.9818181818181818,,H1,R,H,R74/H107,II,II
WJR90372.1,WJR,90372.0,IIb,IIb,2022-08,2022.0,110,0.9818181818181818,,H1,R,H,R74/H107,II,II
WJR90550.1,WJR,90550.0,IIb,IIb,2022-07,2022.0,110,0.9818181818181818,,H1,R,H,R74/H107,II,II
WJR90728.1,WJR,90728.0,IIb,IIb,2022-07,2022.0,110,0.9818181818181818,,H1,R,H,R74/H107,II,II
WJR90906.1,WJR,90906.0,IIb,IIb,2022-07,2022.0,110,0.9818181818181818,,H1,R,H,R74/H107,II,II
WJR91084.1,WJR,91084.0,IIb,IIb,2022-07,2022.0,110,0.9818181818181818,,H1,R,H,R74/H107,II,II
WJR91262.1,WJR,91262.0,IIb,IIb,2022-12,2022.0,110,0.9818181818181818,,H1,R,H,R74/H107,II,II
WJR91440.1,WJR,91440.0,IIb,IIb,2022-07,2022.0,110,0.9818181818181818,,H1,R,H,R74/H107,II,II
WJR91618.1,WJR,91618.0,IIb,IIb,2022-08,2022.0,110,0.9818181818181818,,H1,R,H,R74/H107,II,II
WJR91796.1,WJR,91796.0,IIb,IIb,2022-08,2022.0,110,0.9818181818181818,,H1,R,H,R74/H107,II,II
WJR91974.1,WJR,91974.0,IIb,IIb,2022-08,2022.0,110,0.9818181818181818,,H1,R,H,R74/H107,II,II
WJR92151.1,WJR,92151.0,IIb,IIb,2022-07,2022.0,110,0.9818181818181818,,H1,R,H,R74/H107,II,II
WJN00467.1,WJN,467.0,IIb,IIb,2023-01-12,2023.0,110,0.9818181818181818,,H1,R,H,R74/H107,II,II
WJN00646.1,WJN,646.0,IIb,IIb,2023-01-12,2023.0,110,0.9818181818181818,,H1,R,H,R74/H107,II,II
WJN00825.1,WJN,825.0,IIb,IIb,2023-02-14,2023.0,110,0.9818181818181818,,H1,R,H,R74/H107,II,II
WJN01003.1,WJN,1003.0,IIb,IIb,2023-02-14,2023.0,110,0.9818181818181818,,H1,R,H,R74/H107,II,II
WJJ43308.1,WJJ,43308.0,IIb,IIb,2023-05-18,2023.0,110,0.9818181818181818,,H1,R,H,R74/H107,II,II
WJJ43487.1,WJJ,43487.0,IIb,IIb,2023-05-17,2023.0,110,0.9818181818181818,,H1,R,H,R74/H107,II,II
WJJ43666.1,WJJ,43666.0,IIb,IIb,2023-05-23,2023.0,110,0.9818181818181818,,H1,R,H,R74/H107,II,II
WJJ43845.1,WJJ,43845.0,IIb,IIb,2023-05-10,2023.0,110,0.9818181818181818,,H1,R,H,R74/H107,II,II
WJJ44024.1,WJJ,44024.0,IIb,IIb,2023-05-11,2023.0,110,0.9818181818181818,,H1,R,H,R74/H107,II,II
WJJ44203.1,WJJ,44203.0,IIb,IIb,2023-05-15,2023.0,110,0.9818181818181818,,H1,R,H,R74/H107,II,II
WIW39367.1,WIW,39367.0,IIb,IIb,2023-03-13,2023.0,110,0.9818181818181818,,H1,R,H,R74/H107,II,II
WIM33972.1,WIM,33972.0,IIb,IIb,2023-04-05,2023.0,110,0.9818181818181818,,H1,R,H,R74/H107,II,II
WIL60700.1,WIL,60700.0,IIb,IIb,2022-08-08,2022.0,110,0.9818181818181818,,H1,R,H,R74/H107,II,II
WIL60878.1,WIL,60878.0,IIb,IIb,2022-08-08,2022.0,110,0.9818181818181818,,H1,R,H,R74/H107,II,II
WIL61057.1,WIL,61057.0,IIb,IIb,2022-08-08,2022.0,110,0.9818181818181818,,H1,R,H,R74/H107,II,II
WIL61236.1,WIL,61236.0,IIb,IIb,2022-08-08,2022.0,110,0.9818181818181818,,H1,R,H,R74/H107,II,II
WIL61413.1,WIL,61413.0,IIb,IIb,2022-08-08,2022.0,110,0.9818181818181818,,H1,R,H,R74/H107,II,II
WIL61592.1,WIL,61592.0,IIb,IIb,2022-08-08,2022.0,110,0.9818181818181818,,H1,R,H,R74/H107,II,II
WIL61771.1,WIL,61771.0,IIb,IIb,2022-08-08,2022.0,110,0.9818181818181818,,H1,R,H,R74/H107,II,II
WIL61950.1,WIL,61950.0,IIb,IIb,2022-08-08,2022.0,110,0.9818181818181818,,H1,R,H,R74/H107,II,II
WIL62129.1,WIL,62129.0,IIb,IIb,2022-08-08,2022.0,110,0.9818181818181818,,H1,R,H,R74/H107,II,II
WIL62307.1,WIL,62307.0,IIb,IIb,2022-08-08,2022.0,110,0.9818181818181818,,H1,R,H,R74/H107,II,II
WIL62486.1,WIL,62486.0,IIb,IIb,2022-08-08,2022.0,110,0.9818181818181818,,H1,R,H,R74/H107,II,II
WIL62665.1,WIL,62665.0,IIb,IIb,2022-08-08,2022.0,110,0.9818181818181818,,H1,R,H,R74/H107,II,II
WIL62843.1,WIL,62843.0,IIb,IIb,2022-08-08,2022.0,110,0.9818181818181818,,H1,R,H,R74/H107,II,II
WIL63020.1,WIL,63020.0,IIb,IIb,2022-08-08,2022.0,110,0.9818181818181818,,H1,R,H,R74/H107,II,II
WIL63199.1,WIL,63199.0,IIb,IIb,2022-08-08,2022.0,110,0.9818181818181818,,H1,R,H,R74/H107,II,II
WIL63377.1,WIL,63377.0,IIb,IIb,2022-08-08,2022.0,110,0.9818181818181818,,H1,R,H,R74/H107,II,II
WIL63555.1,WIL,63555.0,IIb,IIb,2022-08-08,2022.0,110,0.9818181818181818,,H1,R,H,R74/H107,II,II
WIL63733.1,WIL,63733.0,IIb,IIb,2022-08-08,2022.0,110,0.9818181818181818,,H1,R,H,R74/H107,II,II
WIL63909.1,WIL,63909.0,IIb,IIb,2022-08-08,2022.0,110,0.9818181818181818,,H1,R,H,R74/H107,II,II
WIL64085.1,WIL,64085.0,IIb,IIb,2022-08-12,2022.0,110,0.9818181818181818,,H1,R,H,R74/H107,II,II
WIL64263.1,WIL,64263.0,IIb,IIb,2022-08-12,2022.0,110,0.9818181818181818,,H1,R,H,R74/H107,II,II
WIL64441.1,WIL,64441.0,IIb,IIb,2022-08-12,2022.0,110,0.9818181818181818,,H1,R,H,R74/H107,II,II
WIL64619.1,WIL,64619.0,IIb,IIb,2022-08-12,2022.0,110,0.9818181818181818,,H1,R,H,R74/H107,II,II
WIL64798.1,WIL,64798.0,IIb,IIb,2022-08-12,2022.0,110,0.9818181818181818,,H1,R,H,R74/H107,II,II
WIL64976.1,WIL,64976.0,IIb,IIb,2022-08-12,2022.0,110,0.9818181818181818,,H1,R,H,R74/H107,II,II
WIL65154.1,WIL,65154.0,IIb,IIb,2022-08-12,2022.0,110,0.9818181818181818,,H1,R,H,R74/H107,II,II
WIL65331.1,WIL,65331.0,IIb,IIb,2022-08-12,2022.0,110,0.9818181818181818,,H1,R,H,R74/H107,II,II
WIL65507.1,WIL,65507.0,IIb,IIb,2022-08-12,2022.0,110,0.9818181818181818,,H1,R,H,R74/H107,II,II
WIL65684.1,WIL,65684.0,IIb,IIb,2022-08-12,2022.0,110,0.9818181818181818,,H1,R,H,R74/H107,II,II
WIL65858.1,WIL,65858.0,IIb,IIb,2022-08-12,2022.0,110,0.9818181818181818,,H1,R,H,R74/H107,II,II
WIL66034.1,WIL,66034.0,IIb,IIb,2022-08-12,2022.0,110,0.9818181818181818,,H1,R,H,R74/H107,II,II
WIL66212.1,WIL,66212.0,IIb,IIb,2022-08-12,2022.0,110,0.9818181818181818,,H1,R,H,R74/H107,II,II
WIL66389.1,WIL,66389.0,IIb,IIb,2022-08-12,2022.0,110,0.9818181818181818,,H1,R,H,R74/H107,II,II
WIL66565.1,WIL,66565.0,IIb,IIb,2022-08-12,2022.0,110,0.9818181818181818,,H1,R,H,R74/H107,II,II
WIL66743.1,WIL,66743.0,IIb,IIb,2022-08-12,2022.0,110,0.9818181818181818,,H1,R,H,R74/H107,II,II
WIL66920.1,WIL,66920.0,IIb,IIb,2022-08-12,2022.0,110,0.9818181818181818,,H1,R,H,R74/H107,II,II
WIL67098.1,WIL,67098.0,IIb,IIb,2022-08-12,2022.0,110,0.9818181818181818,,H1,R,H,R74/H107,II,II
WIL67275.1,WIL,67275.0,IIb,IIb,2022-08-12,2022.0,110,0.9818181818181818,,H1,R,H,R74/H107,II,II
WIL67453.1,WIL,67453.0,IIb,IIb,2022-08-16,2022.0,110,0.9818181818181818,,H1,R,H,R74/H107,II,II
WIL67629.1,WIL,67629.0,IIb,IIb,2022-08-16,2022.0,110,0.9818181818181818,,H1,R,H,R74/H107,II,II
WIL67804.1,WIL,67804.0,IIb,IIb,2022-08-16,2022.0,110,0.9818181818181818,,H1,R,H,R74/H107,II,II
WIL67981.1,WIL,67981.0,IIb,IIb,2022-08-16,2022.0,110,0.9818181818181818,,H1,R,H,R74/H107,II,II
WIL68158.1,WIL,68158.0,IIb,IIb,2022-08-16,2022.0,110,0.9818181818181818,,H1,R,H,R74/H107,II,II
WIL68337.1,WIL,68337.0,IIb,IIb,2022-08-16,2022.0,110,0.9818181818181818,,H1,R,H,R74/H107,II,II
WIK67764.1,WIK,67764.0,IIb,IIb,2022-06-29,2022.0,110,0.9818181818181818,,H1,R,H,R74/H107,II,II
WIK67942.1,WIK,67942.0,IIb,IIb,2022-07-05,2022.0,110,0.9818181818181818,,H1,R,H,R74/H107,II,II
WIK68119.1,WIK,68119.0,IIb,IIb,2022-07-05,2022.0,110,0.9818181818181818,,H1,R,H,R74/H107,II,II
WIK68296.1,WIK,68296.0,IIb,IIb,2022-07-05,2022.0,110,0.9818181818181818,,H1,R,H,R74/H107,II,II
WIK68474.1,WIK,68474.0,IIb,IIb,2022-07-05,2022.0,110,0.9818181818181818,,H1,R,H,R74/H107,II,II
WIK68651.1,WIK,68651.0,IIb,IIb,2022-07-05,2022.0,110,0.9818181818181818,,H1,R,H,R74/H107,II,II
WIK68830.1,WIK,68830.0,IIb,IIb,2022-07-05,2022.0,110,0.9818181818181818,,H1,R,H,R74/H107,II,II
WIK69007.1,WIK,69007.0,IIb,IIb,2022-07-05,2022.0,110,0.9818181818181818,,H1,R,H,R74/H107,II,II
WIK69184.1,WIK,69184.0,IIb,IIb,2022-07-05,2022.0,110,0.9818181818181818,,H1,R,H,R74/H107,II,II
WIK69360.1,WIK,69360.0,IIb,IIb,2022-07-05,2022.0,110,0.9818181818181818,,H1,R,H,R74/H107,II,II
WIK69537.1,WIK,69537.0,IIb,IIb,2022-07-05,2022.0,110,0.9818181818181818,,H1,R,H,R74/H107,II,II
WIK69715.1,WIK,69715.0,IIb,IIb,2022-07-05,2022.0,110,0.9818181818181818,,H1,R,H,R74/H107,II,II
WIK69891.1,WIK,69891.0,IIb,IIb,2022-07-05,2022.0,110,0.9818181818181818,,H1,R,H,R74/H107,II,II
WIK70068.1,WIK,70068.0,IIb,IIb,2022-07-05,2022.0,110,0.9818181818181818,,H1,R,H,R74/H107,II,II
WIK70246.1,WIK,70246.0,IIb,IIb,2022-07-05,2022.0,110,0.9818181818181818,,H1,R,H,R74/H107,II,II
WIK70424.1,WIK,70424.0,IIb,IIb,2022-07-05,2022.0,110,0.9818181818181818,,H1,R,H,R74/H107,II,II
WIK70602.1,WIK,70602.0,IIb,IIb,2022-07-05,2022.0,110,0.9818181818181818,,H1,R,H,R74/H107,II,II
WIK70779.1,WIK,70779.0,IIb,IIb,2022-07-05,2022.0,110,0.9818181818181818,,H1,R,H,R74/H107,II,II
WIK70956.1,WIK,70956.0,IIb,IIb,2022-07-05,2022.0,110,0.9818181818181818,,H1,R,H,R74/H107,II,II
WIK71133.1,WIK,71133.0,IIb,IIb,2022-07-05,2022.0,110,0.9818181818181818,,H1,R,H,R74/H107,II,II
WIK71311.1,WIK,71311.0,IIb,IIb,2022-07-05,2022.0,110,0.9818181818181818,,H1,R,H,R74/H107,II,II
WIK71489.1,WIK,71489.0,IIb,IIb,2022-07-05,2022.0,110,0.9818181818181818,,H1,R,H,R74/H107,II,II
WIK71667.1,WIK,71667.0,IIb,IIb,2022-07-05,2022.0,110,0.9818181818181818,,H1,R,H,R74/H107,II,II
WIK71840.1,WIK,71840.0,IIb,IIb,2022-07-15,2022.0,110,0.9818181818181818,,H1,R,H,R74/H107,II,II
WIK72019.1,WIK,72019.0,IIb,IIb,2022-07-15,2022.0,110,0.9818181818181818,,H1,R,H,R74/H107,II,II
WIK72198.1,WIK,72198.0,IIb,IIb,2022-07-15,2022.0,110,0.9818181818181818,,H1,R,H,R74/H107,II,II
WIK72375.1,WIK,72375.0,IIb,IIb,2022-07-27,2022.0,110,0.9818181818181818,,H1,R,H,R74/H107,II,II
WIK72547.1,WIK,72547.0,IIb,IIb,2022-07-27,2022.0,110,0.9818181818181818,,H1,R,H,R74/H107,II,II
WIK72725.1,WIK,72725.0,IIb,IIb,2022-07-27,2022.0,110,0.9818181818181818,,H1,R,H,R74/H107,II,II
WIK72903.1,WIK,72903.0,IIb,IIb,2022-07-27,2022.0,110,0.9818181818181818,,H1,R,H,R74/H107,II,II
WIK73082.1,WIK,73082.0,IIb,IIb,2022-07-27,2022.0,110,0.9818181818181818,,H1,R,H,R74/H107,II,II
WIK73261.1,WIK,73261.0,IIb,IIb,2022-07-27,2022.0,110,0.9818181818181818,,H1,R,H,R74/H107,II,II
WIK73439.1,WIK,73439.0,IIb,IIb,2022-07-27,2022.0,110,0.9818181818181818,,H1,R,H,R74/H107,II,II
WIK73617.1,WIK,73617.0,IIb,IIb,2022-07-27,2022.0,110,0.9818181818181818,,H1,R,H,R74/H107,II,II
WIK73794.1,WIK,73794.0,IIb,IIb,2022-07-27,2022.0,110,0.9818181818181818,,H1,R,H,R74/H107,II,II
WIK73972.1,WIK,73972.0,IIb,IIb,2022-07-27,2022.0,110,0.9818181818181818,,H1,R,H,R74/H107,II,II
WIK74151.1,WIK,74151.0,IIb,IIb,2022-07-27,2022.0,110,0.9818181818181818,,H1,R,H,R74/H107,II,II
WIK74330.1,WIK,74330.0,IIb,IIb,2022-07-27,2022.0,110,0.9818181818181818,,H1,R,H,R74/H107,II,II
WIK74508.1,WIK,74508.0,IIb,IIb,2022-07-27,2022.0,110,0.9818181818181818,,H1,R,H,R74/H107,II,II
WIK74686.1,WIK,74686.0,IIb,IIb,2022-07-27,2022.0,110,0.9818181818181818,,H1,R,H,R74/H107,II,II
WIK74865.1,WIK,74865.0,IIb,IIb,2022-07-27,2022.0,110,0.9818181818181818,,H1,R,H,R74/H107,II,II
WIK75044.1,WIK,75044.0,IIb,IIb,2022-07-27,2022.0,110,0.9818181818181818,,H1,R,H,R74/H107,II,II
WIK75222.1,WIK,75222.0,IIb,IIb,2022-07-27,2022.0,110,0.9818181818181818,,H1,R,H,R74/H107,II,II
WIK75401.1,WIK,75401.0,IIb,IIb,2022-07-27,2022.0,110,0.9818181818181818,,H1,R,H,R74/H107,II,II
WIK75580.1,WIK,75580.0,IIb,IIb,2022-07-27,2022.0,110,0.9818181818181818,,H1,R,H,R74/H107,II,II
WIK75758.1,WIK,75758.0,IIb,IIb,2022-07-27,2022.0,110,0.9818181818181818,,H1,R,H,R74/H107,II,II
WIK75937.1,WIK,75937.0,IIb,IIb,2022-07-27,2022.0,110,0.9818181818181818,,H1,R,H,R74/H107,II,II
WIK76115.1,WIK,76115.0,IIb,IIb,2022-07-27,2022.0,110,0.9818181818181818,,H1,R,H,R74/H107,II,II
WIK76293.1,WIK,76293.0,IIb,IIb,2022-07-27,2022.0,110,0.9818181818181818,,H1,R,H,R74/H107,II,II
WIK76471.1,WIK,76471.0,IIb,IIb,2022-07-27,2022.0,110,0.9818181818181818,,H1,R,H,R74/H107,II,II
WIK76648.1,WIK,76648.0,IIb,IIb,2022-07-27,2022.0,110,0.9818181818181818,,H1,R,H,R74/H107,II,II
WIK76826.1,WIK,76826.0,IIb,IIb,2022-07-27,2022.0,110,0.9818181818181818,,H1,R,H,R74/H107,II,II
WIK77005.1,WIK,77005.0,IIb,IIb,2022-08-03,2022.0,110,0.9818181818181818,,H1,R,H,R74/H107,II,II
WIK77184.1,WIK,77184.0,IIb,IIb,2022-08-03,2022.0,110,0.9818181818181818,,H1,R,H,R74/H107,II,II
WIK77362.1,WIK,77362.0,IIb,IIb,2022-08-03,2022.0,110,0.9818181818181818,,H1,R,H,R74/H107,II,II
WIK77540.1,WIK,77540.0,IIb,IIb,2022-08-03,2022.0,110,0.9818181818181818,,H1,R,H,R74/H107,II,II
WIK77717.1,WIK,77717.0,IIb,IIb,2022-08-03,2022.0,110,0.9818181818181818,,H1,R,H,R74/H107,II,II
WIK77895.1,WIK,77895.0,IIb,IIb,2022-08-03,2022.0,110,0.9818181818181818,,H1,R,H,R74/H107,II,II
WIK78072.1,WIK,78072.0,IIb,IIb,2022-08-03,2022.0,110,0.9818181818181818,,H1,R,H,R74/H107,II,II
WIK78249.1,WIK,78249.0,IIb,IIb,2022-08-03,2022.0,110,0.9818181818181818,,H1,R,H,R74/H107,II,II
WIK78427.1,WIK,78427.0,IIb,IIb,2022-08-03,2022.0,110,0.9818181818181818,,H1,R,H,R74/H107,II,II
WIK78606.1,WIK,78606.0,IIb,IIb,2022-08-03,2022.0,110,0.9818181818181818,,H1,R,H,R74/H107,II,II
WIK78785.1,WIK,78785.0,IIb,IIb,2022-08-03,2022.0,110,0.9818181818181818,,H1,R,H,R74/H107,II,II
WIK78963.1,WIK,78963.0,IIb,IIb,2022-08-03,2022.0,110,0.9818181818181818,,H1,R,H,R74/H107,II,II
WIK79141.1,WIK,79141.0,IIb,IIb,2022-08-03,2022.0,110,0.9818181818181818,,H1,R,H,R74/H107,II,II
WIK79319.1,WIK,79319.0,IIb,IIb,2022-08-03,2022.0,110,0.9818181818181818,,H1,R,H,R74/H107,II,II
WIK79496.1,WIK,79496.0,IIb,IIb,2022-08-03,2022.0,110,0.9818181818181818,,H1,R,H,R74/H107,II,II
WIK79675.1,WIK,79675.0,IIb,IIb,2022-08-03,2022.0,110,0.9818181818181818,,H1,R,H,R74/H107,II,II
WIK79853.1,WIK,79853.0,IIb,IIb,2022-08-03,2022.0,110,0.9818181818181818,,H1,R,H,R74/H107,II,II
WIK80032.1,WIK,80032.0,IIb,IIb,2022-08-03,2022.0,110,0.9818181818181818,,H1,R,H,R74/H107,II,II
WIK80211.1,WIK,80211.0,IIb,IIb,2022-08-03,2022.0,110,0.9818181818181818,,H1,R,H,R74/H107,II,II
WIK80389.1,WIK,80389.0,IIb,IIb,2022-08-03,2022.0,110,0.9818181818181818,,H1,R,H,R74/H107,II,II
WIK80567.1,WIK,80567.0,IIb,IIb,2022-08-03,2022.0,110,0.9818181818181818,,H1,R,H,R74/H107,II,II
WIK80746.1,WIK,80746.0,IIb,IIb,2022-08-08,2022.0,110,0.9818181818181818,,H1,R,H,R74/H107,II,II
WIK80925.1,WIK,80925.0,IIb,IIb,2022-08-08,2022.0,110,0.9818181818181818,,H1,R,H,R74/H107,II,II
WIK81104.1,WIK,81104.0,IIb,IIb,2022-08-08,2022.0,110,0.9818181818181818,,H1,R,H,R74/H107,II,II
WIE95572.1,WIE,95572.0,IIb,IIb,2022-06-30,2022.0,110,0.9818181818181818,,H1,R,H,R74/H107,II,II
WHT50572.1,WHT,50572.0,IIb,IIb,2022-06-07,2022.0,110,0.9818181818181818,,H1,R,H,R74/H107,II,II
WHT50747.1,WHT,50747.0,IIb,IIb,2022-06-24,2022.0,110,0.9818181818181818,,H1,R,H,R74/H107,II,II
WHT50921.1,WHT,50921.0,IIb,IIb,2022-06-29,2022.0,110,0.9818181818181818,,H1,R,H,R74/H107,II,II
WHT51096.1,WHT,51096.0,IIb,IIb,2022-06-29,2022.0,110,0.9818181818181818,,H1,R,H,R74/H107,II,II
WHT51271.1,WHT,51271.0,IIb,IIb,2022-06-29,2022.0,110,0.9818181818181818,,H1,R,H,R74/H107,II,II
WHT51446.1,WHT,51446.0,IIb,IIb,2022-06-29,2022.0,110,0.9818181818181818,,H1,R,H,R74/H107,II,II
WHT51622.1,WHT,51622.0,IIb,IIb,2022-06-09,2022.0,110,0.9818181818181818,,H1,R,H,R74/H107,II,II
WHT51800.1,WHT,51800.0,IIb,IIb,2022-07-15,2022.0,110,0.9818181818181818,,H1,R,H,R74/H107,II,II
WHT51979.1,WHT,51979.0,IIb,IIb,2022-07-19,2022.0,110,0.9818181818181818,,H1,R,H,R74/H107,II,II
WHT52157.1,WHT,52157.0,IIb,IIb,2022-07-19,2022.0,110,0.9818181818181818,,H1,R,H,R74/H107,II,II
WHT52335.1,WHT,52335.0,IIb,IIb,2022-07-19,2022.0,110,0.9818181818181818,,H1,R,H,R74/H107,II,II
WHT52514.1,WHT,52514.0,IIb,IIb,2022-07-19,2022.0,110,0.9818181818181818,,H1,R,H,R74/H107,II,II
WHT52693.1,WHT,52693.0,IIb,IIb,2022-07-15,2022.0,110,0.9818181818181818,,H1,R,H,R74/H107,II,II
WHT52872.1,WHT,52872.0,IIb,IIb,2022-07-15,2022.0,110,0.9818181818181818,,H1,R,H,R74/H107,II,II
WHT53050.1,WHT,53050.0,IIb,IIb,2022-07-19,2022.0,110,0.9818181818181818,,H1,R,H,R74/H107,II,II
WHT53229.1,WHT,53229.0,IIb,IIb,2022-07-19,2022.0,110,0.9818181818181818,,H1,R,H,R74/H107,II,II
WHT53408.1,WHT,53408.0,IIb,IIb,2022-07-19,2022.0,110,0.9818181818181818,,H1,R,H,R74/H107,II,II
WHT53587.1,WHT,53587.0,IIb,IIb,2022-07-15,2022.0,110,0.9818181818181818,,H1,R,H,R74/H107,II,II
WHT53766.1,WHT,53766.0,IIb,IIb,2022-07-19,2022.0,110,0.9818181818181818,,H1,R,H,R74/H107,II,II
WHT53945.1,WHT,53945.0,IIb,IIb,2022-07-15,2022.0,110,0.9818181818181818,,H1,R,H,R74/H107,II,II
WHT54124.1,WHT,54124.0,IIb,IIb,2022-07-15,2022.0,110,0.9818181818181818,,H1,R,H,R74/H107,II,II
WHT54303.1,WHT,54303.0,IIb,IIb,2022-07-15,2022.0,110,0.9818181818181818,,H1,R,H,R74/H107,II,II
WHT54482.1,WHT,54482.0,IIb,IIb,2022-07-19,2022.0,110,0.9818181818181818,,H1,R,H,R74/H107,II,II
WHT54661.1,WHT,54661.0,IIb,IIb,2022-07-19,2022.0,110,0.9818181818181818,,H1,R,H,R74/H107,II,II
WHT54840.1,WHT,54840.0,IIb,IIb,2022-07-15,2022.0,110,0.9818181818181818,,H1,R,H,R74/H107,II,II
WHT55019.1,WHT,55019.0,IIb,IIb,2022-07-19,2022.0,110,0.9818181818181818,,H1,R,H,R74/H107,II,II
WHT55198.1,WHT,55198.0,IIb,IIb,2022-07-19,2022.0,110,0.9818181818181818,,H1,R,H,R74/H107,II,II
WHT55377.1,WHT,55377.0,IIb,IIb,2022-07-19,2022.0,110,0.9818181818181818,,H1,R,H,R74/H107,II,II
WHT55556.1,WHT,55556.0,IIb,IIb,2022-07-15,2022.0,110,0.9818181818181818,,H1,R,H,R74/H107,II,II
WHT55735.1,WHT,55735.0,IIb,IIb,2022-06-30,2022.0,110,0.9818181818181818,,H1,R,H,R74/H107,II,II
WHT55914.1,WHT,55914.0,IIb,IIb,2022-07-27,2022.0,110,0.9818181818181818,,H1,R,H,R74/H107,II,II
WHT56093.1,WHT,56093.0,IIb,IIb,2022-06-07,2022.0,110,0.9818181818181818,,H1,R,H,R74/H107,II,II
WHT56272.1,WHT,56272.0,IIb,IIb,2022-07-27,2022.0,110,0.9818181818181818,,H1,R,H,R74/H107,II,II
WHT56451.1,WHT,56451.0,IIb,IIb,2022-08-02,2022.0,110,0.9818181818181818,,H1,R,H,R74/H107,II,II
WHT56630.1,WHT,56630.0,IIb,IIb,2022-08-02,2022.0,110,0.9818181818181818,,H1,R,H,R74/H107,II,II
WHT56809.1,WHT,56809.0,IIb,IIb,2022-08-02,2022.0,110,0.9818181818181818,,H1,R,H,R74/H107,II,II
WHT56987.1,WHT,56987.0,IIb,IIb,2022-08-02,2022.0,110,0.9818181818181818,,H1,R,H,R74/H107,II,II
WHT57165.1,WHT,57165.0,IIb,IIb,2022-08-02,2022.0,110,0.9818181818181818,,H1,R,H,R74/H107,II,II
WHT57344.1,WHT,57344.0,IIb,IIb,2022-08-02,2022.0,110,0.9818181818181818,,H1,R,H,R74/H107,II,II
WHT57523.1,WHT,57523.0,IIb,IIb,2022-08-02,2022.0,110,0.9818181818181818,,H1,R,H,R74/H107,II,II
WHT57702.1,WHT,57702.0,IIb,IIb,2022-05-30,2022.0,110,0.9818181818181818,,H1,R,H,R74/H107,II,II
WHT57881.1,WHT,57881.0,IIb,IIb,2022-05-30,2022.0,110,0.9818181818181818,,H1,R,H,R74/H107,II,II
WHT58060.1,WHT,58060.0,IIb,IIb,2022-05-31,2022.0,110,0.9818181818181818,,H1,R,H,R74/H107,II,II
WHT58239.1,WHT,58239.0,IIb,IIb,2022-06-02,2022.0,110,0.9818181818181818,,H1,R,H,R74/H107,II,II
WHT58418.1,WHT,58418.0,IIb,IIb,2022-06-02,2022.0,110,0.9818181818181818,,H1,R,H,R74/H107,II,II
WHT58597.1,WHT,58597.0,IIb,IIb,2022-06-07,2022.0,110,0.9818181818181818,,H1,R,H,R74/H107,II,II
WHT58776.1,WHT,58776.0,IIb,IIb,2022-06-07,2022.0,110,0.9818181818181818,,H1,R,H,R74/H107,II,II
WHT58955.1,WHT,58955.0,IIb,IIb,2022-06-08,2022.0,110,0.9818181818181818,,H1,R,H,R74/H107,II,II
WHT59134.1,WHT,59134.0,IIb,IIb,2022-06-24,2022.0,110,0.9818181818181818,,H1,R,H,R74/H107,II,II
WHT59313.1,WHT,59313.0,IIb,IIb,2022-06-09,2022.0,110,0.9818181818181818,,H1,R,H,R74/H107,II,II
WHT59492.1,WHT,59492.0,IIb,IIb,2022-06-13,2022.0,110,0.9818181818181818,,H1,R,H,R74/H107,II,II
WHT59671.1,WHT,59671.0,IIb,IIb,2022-06-13,2022.0,110,0.9818181818181818,,H1,R,H,R74/H107,II,II
WHT59850.1,WHT,59850.0,IIb,IIb,2022-06-15,2022.0,110,0.9818181818181818,,H1,R,H,R74/H107,II,II
WHT60029.1,WHT,60029.0,IIb,IIb,2022-06-24,2022.0,110,0.9818181818181818,,H1,R,H,R74/H107,II,II
WHT60208.1,WHT,60208.0,IIb,IIb,2022-06-24,2022.0,110,0.9818181818181818,,H1,R,H,R74/H107,II,II
WHT60387.1,WHT,60387.0,IIb,IIb,2022-06-09,2022.0,110,0.9818181818181818,,H1,R,H,R74/H107,II,II
WHT60566.1,WHT,60566.0,IIb,IIb,2022-06-24,2022.0,110,0.9818181818181818,,H1,R,H,R74/H107,II,II
WHT60745.1,WHT,60745.0,IIb,IIb,2022-06-29,2022.0,110,0.9818181818181818,,H1,R,H,R74/H107,II,II
WHT60924.1,WHT,60924.0,IIb,IIb,2022-06-29,2022.0,110,0.9818181818181818,,H1,R,H,R74/H107,II,II
WHT61103.1,WHT,61103.0,IIb,IIb,2022-06-30,2022.0,110,0.9818181818181818,,H1,R,H,R74/H107,II,II
WHT61282.1,WHT,61282.0,IIb,IIb,2022-06-30,2022.0,110,0.9818181818181818,,H1,R,H,R74/H107,II,II
WHT61461.1,WHT,61461.0,IIb,IIb,2022-06-30,2022.0,110,0.9818181818181818,,H1,R,H,R74/H107,II,II
WHT61640.1,WHT,61640.0,IIb,IIb,2022-06-30,2022.0,110,0.9818181818181818,,H1,R,H,R74/H107,II,II
WHT61819.1,WHT,61819.0,IIb,IIb,2022-06-30,2022.0,110,0.9818181818181818,,H1,R,H,R74/H107,II,II
WHT61998.1,WHT,61998.0,IIb,IIb,2022-06-30,2022.0,110,0.9818181818181818,,H1,R,H,R74/H107,II,II
WHT62174.1,WHT,62174.0,IIb,IIb,2022-06-02,2022.0,110,0.9818181818181818,,H1,R,H,R74/H107,II,II
WHT62346.1,WHT,62346.0,IIb,IIb,2022-06-03,2022.0,110,0.9818181818181818,,H1,R,H,R74/H107,II,II
WHT62519.1,WHT,62519.0,IIb,IIb,2022-06-03,2022.0,110,0.9818181818181818,,H1,R,H,R74/H107,II,II
WHT62686.1,WHT,62686.0,IIb,IIb,2022-06-07,2022.0,110,0.9818181818181818,,H1,R,H,R74/H107,II,II
WHT62850.1,WHT,62850.0,IIb,IIb,2022-06-13,2022.0,110,0.9818181818181818,,H1,R,H,R74/H107,II,II
WHT63019.1,WHT,63019.0,IIb,IIb,2022-06-29,2022.0,110,0.9818181818181818,,H1,R,H,R74/H107,II,II
WHT63182.1,WHT,63182.0,IIb,IIb,2022-06-30,2022.0,110,0.9818181818181818,,H1,R,H,R74/H107,II,II
WHT63351.1,WHT,63351.0,IIb,IIb,2022-08-09,2022.0,110,0.9818181818181818,,H1,R,H,R74/H107,II,II
WHT63528.1,WHT,63528.0,IIb,IIb,2022-08-09,2022.0,110,0.9818181818181818,,H1,R,H,R74/H107,II,II
WHT63705.1,WHT,63705.0,IIb,IIb,2022-08-09,2022.0,110,0.9818181818181818,,H1,R,H,R74/H107,II,II
WHT63880.1,WHT,63880.0,IIb,IIb,2022-08-09,2022.0,110,0.9818181818181818,,H1,R,H,R74/H107,II,II
WHT64046.1,WHT,64046.0,IIb,IIb,2022-08-09,2022.0,110,0.9818181818181818,,H1,R,H,R74/H107,II,II
WHT64220.1,WHT,64220.0,IIb,IIb,2022-08-09,2022.0,110,0.9818181818181818,,H1,R,H,R74/H107,II,II
WHT64395.1,WHT,64395.0,IIb,IIb,2022-08-09,2022.0,110,0.9818181818181818,,H1,R,H,R74/H107,II,II
WHT64562.1,WHT,64562.0,IIb,IIb,2022-08-09,2022.0,110,0.9818181818181818,,H1,R,H,R74/H107,II,II
WHT64739.1,WHT,64739.0,IIb,IIb,2022-08-09,2022.0,110,0.9818181818181818,,H1,R,H,R74/H107,II,II
WHT64912.1,WHT,64912.0,IIb,IIb,2022-08-09,2022.0,110,0.9818181818181818,,H1,R,H,R74/H107,II,II
WHT65082.1,WHT,65082.0,IIb,IIb,2022-08-09,2022.0,110,0.9818181818181818,,H1,R,H,R74/H107,II,II
WHT65247.1,WHT,65247.0,IIb,IIb,2022-07-15,2022.0,110,0.9818181818181818,,H1,R,H,R74/H107,II,II
WHT65417.1,WHT,65417.0,IIb,IIb,2022-07-27,2022.0,110,0.9818181818181818,,H1,R,H,R74/H107,II,II
WHT65584.1,WHT,65584.0,IIb,IIb,2022-06-30,2022.0,110,0.9818181818181818,,H1,R,H,R74/H107,II,II
WHT65756.1,WHT,65756.0,IIb,IIb,2022-07-27,2022.0,110,0.9818181818181818,,H1,R,H,R74/H107,II,II
WHT65919.1,WHT,65919.0,IIb,IIb,2022-07-27,2022.0,110,0.9818181818181818,,H1,R,H,R74/H107,II,II
WHT66090.1,WHT,66090.0,IIb,IIb,2022-05-30,2022.0,110,0.9818181818181818,,H1,R,H,R74/H107,II,II
WHT66269.1,WHT,66269.0,IIb,IIb,2022-05-30,2022.0,110,0.9818181818181818,,H1,R,H,R74/H107,II,II
WHT66448.1,WHT,66448.0,IIb,IIb,2022-05-31,2022.0,110,0.9818181818181818,,H1,R,H,R74/H107,II,II
WHT66627.1,WHT,66627.0,IIb,IIb,2022-06-02,2022.0,110,0.9818181818181818,,H1,R,H,R74/H107,II,II
WHT66806.1,WHT,66806.0,IIb,IIb,2022-06-02,2022.0,110,0.9818181818181818,,H1,R,H,R74/H107,II,II
WHT66985.1,WHT,66985.0,IIb,IIb,2022-06-07,2022.0,110,0.9818181818181818,,H1,R,H,R74/H107,II,II
WHT67164.1,WHT,67164.0,IIb,IIb,2022-10-28,2022.0,110,0.9818181818181818,,H1,R,H,R74/H107,II,II
WHT67342.1,WHT,67342.0,IIb,IIb,2022-10-28,2022.0,110,0.9818181818181818,,H1,R,H,R74/H107,II,II
WHT67521.1,WHT,67521.0,IIb,IIb,2022-10-28,2022.0,110,0.9818181818181818,,H1,R,H,R74/H107,II,II
WHT67699.1,WHT,67699.0,IIb,IIb,2022-10-28,2022.0,110,0.9818181818181818,,H1,R,H,R74/H107,II,II
WHT67878.1,WHT,67878.0,IIb,IIb,2022-10-28,2022.0,110,0.9818181818181818,,H1,R,H,R74/H107,II,II
WHT68057.1,WHT,68057.0,IIb,IIb,2022-10-28,2022.0,110,0.9818181818181818,,H1,R,H,R74/H107,II,II
WHT68232.1,WHT,68232.0,IIb,IIb,2022-10-28,2022.0,110,0.9818181818181818,,H1,R,H,R74/H107,II,II
WHT68408.1,WHT,68408.0,IIb,IIb,2022-10-28,2022.0,110,0.9818181818181818,,H1,R,H,R74/H107,II,II
WHT68584.1,WHT,68584.0,IIb,IIb,2022-10-28,2022.0,110,0.9818181818181818,,H1,R,H,R74/H107,II,II
WHT68760.1,WHT,68760.0,IIb,IIb,2022-10-28,2022.0,110,0.9818181818181818,,H1,R,H,R74/H107,II,II
WHT68938.1,WHT,68938.0,IIb,IIb,2022-10-28,2022.0,110,0.9818181818181818,,H1,R,H,R74/H107,II,II
WHT69117.1,WHT,69117.0,IIb,IIb,2022-10-28,2022.0,110,0.9818181818181818,,H1,R,H,R74/H107,II,II
WHT69296.1,WHT,69296.0,IIb,IIb,2022-10-28,2022.0,110,0.9818181818181818,,H1,R,H,R74/H107,II,II
WHT69475.1,WHT,69475.0,IIb,IIb,2022-10-28,2022.0,110,0.9818181818181818,,H1,R,H,R74/H107,II,II
WHT69649.1,WHT,69649.0,IIb,IIb,2022-10-28,2022.0,110,0.9818181818181818,,H1,R,H,R74/H107,II,II
WHT69826.1,WHT,69826.0,IIb,IIb,2022-10-28,2022.0,110,0.9818181818181818,,H1,R,H,R74/H107,II,II
WHT70004.1,WHT,70004.0,IIb,IIb,2022-10-28,2022.0,110,0.9818181818181818,,H1,R,H,R74/H107,II,II
WHT70181.1,WHT,70181.0,IIb,IIb,2022-10-28,2022.0,110,0.9727272727272728,,H9,R,H,R74/H107,II,II
WHT70358.1,WHT,70358.0,IIb,IIb,2022-10-28,2022.0,110,0.9818181818181818,,H1,R,H,R74/H107,II,II
WHT70537.1,WHT,70537.0,IIb,IIb,2022-10-28,2022.0,110,0.9818181818181818,,H1,R,H,R74/H107,II,II
WHT70714.1,WHT,70714.0,IIb,IIb,2022-10-28,2022.0,110,0.9818181818181818,,H1,R,H,R74/H107,II,II
WHT70892.1,WHT,70892.0,IIb,IIb,2022-09-20,2022.0,110,0.9818181818181818,,H1,R,H,R74/H107,II,II
WHT71070.1,WHT,71070.0,IIb,IIb,2022-09-20,2022.0,110,0.9818181818181818,,H1,R,H,R74/H107,II,II
WHT71248.1,WHT,71248.0,IIb,IIb,2022-09-20,2022.0,110,0.9818181818181818,,H1,R,H,R74/H107,II,II
WHT71427.1,WHT,71427.0,IIb,IIb,2022-10-03,2022.0,110,0.9818181818181818,,H1,R,H,R74/H107,II,II
WHT71606.1,WHT,71606.0,IIb,IIb,2022-10-03,2022.0,110,0.9818181818181818,,H1,R,H,R74/H107,II,II
WHT71785.1,WHT,71785.0,IIb,IIb,2022-10-10,2022.0,110,0.9818181818181818,,H1,R,H,R74/H107,II,II
WHS83632.1,WHS,83632.0,IIb,IIb,2022-09-26,2022.0,110,0.9818181818181818,,H1,R,H,R74/H107,II,II
WHS83803.1,WHS,83803.0,IIb,IIb,2022-09-10,2022.0,110,0.9818181818181818,,H1,R,H,R74/H107,II,II
WHS83974.1,WHS,83974.0,IIb,IIb,2022-09-09,2022.0,110,0.9818181818181818,,H1,R,H,R74/H107,II,II
WHS84144.1,WHS,84144.0,IIb,IIb,2022-09-15,2022.0,110,0.9818181818181818,,H1,R,H,R74/H107,II,II
WHS84314.1,WHS,84314.0,IIb,IIb,2022-09-06,2022.0,110,0.9818181818181818,,H1,R,H,R74/H107,II,II
WHS84485.1,WHS,84485.0,IIb,IIb,2022-09-19,2022.0,110,0.9818181818181818,,H1,R,H,R74/H107,II,II
WHP54729.1,WHP,54729.0,IIb,IIb,2022-10-17,2022.0,110,0.9818181818181818,,H1,R,H,R74/H107,II,II
WHP54900.1,WHP,54900.0,IIb,IIb,2022-09-07,2022.0,110,0.9818181818181818,,H1,R,H,R74/H107,II,II
WHP55071.1,WHP,55071.0,IIb,IIb,2022-08-09,2022.0,110,0.9818181818181818,,H1,R,H,R74/H107,II,II
WHP55244.1,WHP,55244.0,IIb,IIb,2022,2022.0,110,0.9818181818181818,,H1,R,H,R74/H107,II,II
WHP55420.1,WHP,55420.0,IIb,IIb,2022,2022.0,110,0.9818181818181818,,H1,R,H,R74/H107,II,II
WHP55596.1,WHP,55596.0,IIb,IIb,2022,2022.0,110,0.9818181818181818,,H1,R,H,R74/H107,II,II
WHP55771.1,WHP,55771.0,IIb,IIb,2022,2022.0,110,0.9818181818181818,,H1,R,H,R74/H107,II,II
WHP55943.1,WHP,55943.0,IIb,IIb,2022,2022.0,110,0.9818181818181818,,H1,R,H,R74/H107,II,II
WHP56108.1,WHP,56108.0,IIb,IIb,2022,2022.0,110,0.9818181818181818,,H1,R,H,R74/H107,II,II
WHP56285.1,WHP,56285.0,IIb,IIb,2022,2022.0,110,0.9818181818181818,,H1,R,H,R74/H107,II,II
WHP56460.1,WHP,56460.0,IIb,IIb,2022,2022.0,110,0.9818181818181818,,H1,R,H,R74/H107,II,II
WHP56629.1,WHP,56629.0,IIb,IIb,2022,2022.0,110,0.9818181818181818,,H1,R,H,R74/H107,II,II
WHP56973.1,WHP,56973.0,IIb,IIb,2022,2022.0,110,0.9818181818181818,,H1,R,H,R74/H107,II,II
WHP57141.1,WHP,57141.0,IIb,IIb,2022,2022.0,110,0.9818181818181818,,H1,R,H,R74/H107,II,II
WHP57302.1,WHP,57302.0,IIb,IIb,,,110,0.9818181818181818,,H1,R,H,R74/H107,II,II
WEM03603.1,WEM,3603.0,IIb,IIb,2022-08-11,2022.0,110,0.9818181818181818,,H1,R,H,R74/H107,II,II
WEM03782.1,WEM,3782.0,IIb,IIb,2022-08-22,2022.0,110,0.9818181818181818,,H1,R,H,R74/H107,II,II
WEN67837.1,WEN,67837.0,IIb,IIb,2022-05-19,2022.0,110,0.9818181818181818,,H1,R,H,R74/H107,II,II
WEN68015.1,WEN,68015.0,IIb,IIb,2022-08-16,2022.0,110,0.9818181818181818,,H1,R,H,R74/H107,II,II
WEN68193.1,WEN,68193.0,IIb,IIb,2022-09-14,2022.0,110,0.9818181818181818,,H1,R,H,R74/H107,II,II
WHN38046.1,WHN,38046.0,IIb,IIb,2023-01-13,2023.0,110,0.9818181818181818,,H1,R,H,R74/H107,II,II
WHL31148.1,WHL,31148.0,IIb,IIb,2023-04,2023.0,110,0.9818181818181818,,H1,R,H,R74/H107,II,II
WHL31327.1,WHL,31327.0,IIb,IIb,2023-04,2023.0,110,0.9818181818181818,,H1,R,H,R74/H107,II,II
WHL31506.1,WHL,31506.0,IIb,IIb,2023-04,2023.0,110,0.9818181818181818,,H1,R,H,R74/H107,II,II
WHL31685.1,WHL,31685.0,IIb,IIb,2023-02,2023.0,110,0.9818181818181818,,H1,R,H,R74/H107,II,II
WHL31864.1,WHL,31864.0,IIb,IIb,2023-01,2023.0,110,0.9818181818181818,,H1,R,H,R74/H107,II,II
WHI93872.1,WHI,93872.0,IIb,IIb,2022-09-01,2022.0,110,0.9818181818181818,,H1,R,H,R74/H107,II,II
WHI94050.1,WHI,94050.0,IIb,IIb,2022-09-06,2022.0,110,0.9818181818181818,,H1,R,H,R74/H107,II,II
WHI94225.1,WHI,94225.0,IIb,IIb,2022-09-01,2022.0,110,0.9818181818181818,,H1,R,H,R74/H107,II,II
WHI94403.1,WHI,94403.0,IIb,IIb,2022-09-01,2022.0,110,0.9818181818181818,,H1,R,H,R74/H107,II,II
WHE10779.1,WHE,10779.0,IIb,IIb,,,110,0.9818181818181818,,H1,R,H,R74/H107,II,II
WHE10942.1,WHE,10942.0,IIb,IIb,,,110,0.9818181818181818,,H1,R,H,R74/H107,II,II
WHE11113.1,WHE,11113.0,IIb,IIb,2023-02-16,2023.0,110,0.9818181818181818,,H1,R,H,R74/H107,II,II
WHE11278.1,WHE,11278.0,IIb,IIb,,,110,0.9818181818181818,,H1,R,H,R74/H107,II,II
WHE11450.1,WHE,11450.0,IIb,IIb,,,110,0.9818181818181818,,H1,R,H,R74/H107,II,II
WHE11626.1,WHE,11626.0,IIb,IIb,,,110,0.9818181818181818,,H1,R,H,R74/H107,II,II
WHE11802.1,WHE,11802.0,IIb,IIb,,,110,0.9818181818181818,,H1,R,H,R74/H107,II,II
WGU13801.1,WGU,13801.0,IIb,IIb,2023-02-07,2023.0,110,0.9818181818181818,,H1,R,H,R74/H107,II,II
WGU13979.1,WGU,13979.0,IIb,IIb,2023-03-11,2023.0,110,0.9818181818181818,,H1,R,H,R74/H107,II,II
WGU14157.1,WGU,14157.0,IIb,IIb,2023-02-18,2023.0,110,0.9818181818181818,,H1,R,H,R74/H107,II,II
WGU14336.1,WGU,14336.0,IIb,IIb,2023-02-20,2023.0,110,0.9818181818181818,,H1,R,H,R74/H107,II,II
WGU14514.1,WGU,14514.0,IIb,IIb,2023-02-20,2023.0,110,0.9818181818181818,,H1,R,H,R74/H107,II,II
WGU14692.1,WGU,14692.0,IIb,IIb,2023-02-20,2023.0,110,0.9818181818181818,,H1,R,H,R74/H107,II,II
WGU14871.1,WGU,14871.0,IIb,IIb,2023-02-10,2023.0,110,0.9818181818181818,,H1,R,H,R74/H107,II,II
WGS99889.1,WGS,99889.0,IIb,IIb,2022-10-13,2022.0,110,0.9818181818181818,,H1,R,H,R74/H107,II,II
WGT00066.1,WGT,66.0,IIb,IIb,2023-01-10,2023.0,110,0.9818181818181818,,H1,R,H,R74/H107,II,II
WFJ61799.1,WFJ,61799.0,IIb,IIb,2022-07,2022.0,110,0.9818181818181818,,H1,R,H,R74/H107,II,II
WFJ61974.1,WFJ,61974.0,IIb,IIb,2022-07,2022.0,110,0.9818181818181818,,H1,R,H,R74/H107,II,II
WFJ62149.1,WFJ,62149.0,IIb,IIb,2022-07,2022.0,110,0.9818181818181818,,H1,R,H,R74/H107,II,II
WFJ62324.1,WFJ,62324.0,IIb,IIb,2022-07,2022.0,110,0.9818181818181818,,H1,R,H,R74/H107,II,II
WFJ62499.1,WFJ,62499.0,IIb,IIb,2022-07,2022.0,110,0.9818181818181818,,H1,R,H,R74/H107,II,II
WFJ62674.1,WFJ,62674.0,IIb,IIb,2022-07,2022.0,110,0.9818181818181818,,H1,R,H,R74/H107,II,II
WFJ62849.1,WFJ,62849.0,IIb,IIb,2022-07,2022.0,110,0.9818181818181818,,H1,R,H,R74/H107,II,II
WFJ63024.1,WFJ,63024.0,IIb,IIb,2022-07,2022.0,110,0.9818181818181818,,H1,R,H,R74/H107,II,II
WFJ63199.1,WFJ,63199.0,IIb,IIb,2022-07,2022.0,110,0.9818181818181818,,H1,R,H,R74/H107,II,II
WFJ63374.1,WFJ,63374.0,IIb,IIb,2022-07,2022.0,110,0.9818181818181818,,H1,R,H,R74/H107,II,II
WFJ63549.1,WFJ,63549.0,IIb,IIb,2022-07,2022.0,110,0.9818181818181818,,H1,R,H,R74/H107,II,II
WFJ63724.1,WFJ,63724.0,IIb,IIb,2022-07,2022.0,110,0.9818181818181818,,H1,R,H,R74/H107,II,II
WFJ63899.1,WFJ,63899.0,IIb,IIb,2022-07,2022.0,110,0.9818181818181818,,H1,R,H,R74/H107,II,II
WFJ64074.1,WFJ,64074.0,IIb,IIb,2022-07,2022.0,110,0.9818181818181818,,H1,R,H,R74/H107,II,II
WFJ64249.1,WFJ,64249.0,IIb,IIb,2022-07,2022.0,110,0.9818181818181818,,H1,R,H,R74/H107,II,II
WFJ64424.1,WFJ,64424.0,IIb,IIb,2022-07,2022.0,110,0.9818181818181818,,H1,R,H,R74/H107,II,II
WFJ64599.1,WFJ,64599.0,IIb,IIb,2022-07,2022.0,110,0.9818181818181818,,H1,R,H,R74/H107,II,II
WFJ64774.1,WFJ,64774.0,IIb,IIb,2022-07,2022.0,110,0.9818181818181818,,H1,R,H,R74/H107,II,II
WFJ64949.1,WFJ,64949.0,IIb,IIb,2022-07,2022.0,110,0.9818181818181818,,H1,R,H,R74/H107,II,II
WFJ65124.1,WFJ,65124.0,IIb,IIb,2022-07,2022.0,110,0.9818181818181818,,H1,R,H,R74/H107,II,II
WFJ65299.1,WFJ,65299.0,IIb,IIb,2022-07,2022.0,110,0.9818181818181818,,H1,R,H,R74/H107,II,II
WFJ65474.1,WFJ,65474.0,IIb,IIb,2022-07,2022.0,110,0.9818181818181818,,H1,R,H,R74/H107,II,II
WFJ65649.1,WFJ,65649.0,IIb,IIb,2022-07,2022.0,110,0.9818181818181818,,H1,R,H,R74/H107,II,II
WFJ65824.1,WFJ,65824.0,IIb,IIb,2022-07,2022.0,110,0.9818181818181818,,H1,R,H,R74/H107,II,II
WFJ65999.1,WFJ,65999.0,IIb,IIb,2022-07,2022.0,110,0.9818181818181818,,H1,R,H,R74/H107,II,II
WFJ66174.1,WFJ,66174.0,IIb,IIb,2022-07,2022.0,110,0.9818181818181818,,H1,R,H,R74/H107,II,II
WFJ66349.1,WFJ,66349.0,IIb,IIb,2022-07,2022.0,110,0.9818181818181818,,H1,R,H,R74/H107,II,II
WFJ66524.1,WFJ,66524.0,IIb,IIb,2022-07,2022.0,110,0.9818181818181818,,H1,R,H,R74/H107,II,II
WFJ66698.1,WFJ,66698.0,IIb,IIb,2022-07,2022.0,110,0.9818181818181818,,H1,R,H,R74/H107,II,II
WFJ66873.1,WFJ,66873.0,IIb,IIb,2022-07,2022.0,110,0.9818181818181818,,H1,R,H,R74/H107,II,II
WFJ67048.1,WFJ,67048.0,IIb,IIb,2022-07,2022.0,110,0.9818181818181818,,H1,R,H,R74/H107,II,II
WFJ67223.1,WFJ,67223.0,IIb,IIb,2022-07,2022.0,110,0.9818181818181818,,H1,R,H,R74/H107,II,II
WFJ67398.1,WFJ,67398.0,IIb,IIb,2022-07,2022.0,110,0.9818181818181818,,H1,R,H,R74/H107,II,II
WFJ67573.1,WFJ,67573.0,IIb,IIb,2022-07,2022.0,110,0.9818181818181818,,H1,R,H,R74/H107,II,II
WFJ67748.1,WFJ,67748.0,IIb,IIb,2022-07,2022.0,110,0.9818181818181818,,H1,R,H,R74/H107,II,II
WFJ67923.1,WFJ,67923.0,IIb,IIb,2022-07,2022.0,110,0.9818181818181818,,H1,R,H,R74/H107,II,II
WFJ68098.1,WFJ,68098.0,IIb,IIb,2022-07,2022.0,110,0.9818181818181818,,H1,R,H,R74/H107,II,II
WFJ68273.1,WFJ,68273.0,IIb,IIb,2022-07,2022.0,110,0.9818181818181818,,H1,R,H,R74/H107,II,II
WFJ68448.1,WFJ,68448.0,IIb,IIb,2022-07,2022.0,110,0.9818181818181818,,H1,R,H,R74/H107,II,II
WFJ68623.1,WFJ,68623.0,IIb,IIb,2022-07,2022.0,110,0.9818181818181818,,H1,R,H,R74/H107,II,II
WFJ68798.1,WFJ,68798.0,IIb,IIb,2022-07,2022.0,110,0.9818181818181818,,H1,R,H,R74/H107,II,II
WFJ68973.1,WFJ,68973.0,IIb,IIb,2022-07,2022.0,110,0.9818181818181818,,H1,R,H,R74/H107,II,II
WFJ69148.1,WFJ,69148.0,IIb,IIb,2022-07,2022.0,110,0.9818181818181818,,H1,R,H,R74/H107,II,II
WFJ69322.1,WFJ,69322.0,IIb,IIb,2022-07,2022.0,110,0.9818181818181818,,H1,R,H,R74/H107,II,II
WFJ69497.1,WFJ,69497.0,IIb,IIb,2022-07,2022.0,110,0.9818181818181818,,H1,R,H,R74/H107,II,II
WFJ69672.1,WFJ,69672.0,IIb,IIb,2022-07,2022.0,110,0.9818181818181818,,H1,R,H,R74/H107,II,II
WFJ69847.1,WFJ,69847.0,IIb,IIb,2022-07,2022.0,110,0.9818181818181818,,H1,R,H,R74/H107,II,II
WFJ70022.1,WFJ,70022.0,IIb,IIb,2022-07,2022.0,110,0.9818181818181818,,H1,R,H,R74/H107,II,II
WFJ70197.1,WFJ,70197.0,IIb,IIb,2022-07,2022.0,110,0.9818181818181818,,H1,R,H,R74/H107,II,II
WFJ70372.1,WFJ,70372.0,IIb,IIb,2022-07,2022.0,110,0.9818181818181818,,H1,R,H,R74/H107,II,II
WFJ70547.1,WFJ,70547.0,IIb,IIb,2022-07,2022.0,110,0.9818181818181818,,H1,R,H,R74/H107,II,II
WFJ70721.1,WFJ,70721.0,IIb,IIb,2022-07,2022.0,110,0.9818181818181818,,H1,R,H,R74/H107,II,II
WFJ70896.1,WFJ,70896.0,IIb,IIb,2022-07,2022.0,110,0.9818181818181818,,H1,R,H,R74/H107,II,II
WFJ71071.1,WFJ,71071.0,IIb,IIb,2022-07,2022.0,110,0.9818181818181818,,H1,R,H,R74/H107,II,II
WFJ71246.1,WFJ,71246.0,IIb,IIb,2022-07,2022.0,110,0.9818181818181818,,H1,R,H,R74/H107,II,II
WFJ71421.1,WFJ,71421.0,IIb,IIb,2022-07,2022.0,110,0.9818181818181818,,H1,R,H,R74/H107,II,II
WFJ71596.1,WFJ,71596.0,IIb,IIb,2022-07,2022.0,110,0.9818181818181818,,H1,R,H,R74/H107,II,II
WFJ71771.1,WFJ,71771.0,IIb,IIb,2022-07,2022.0,110,0.9818181818181818,,H1,R,H,R74/H107,II,II
WFJ71946.1,WFJ,71946.0,IIb,IIb,2022-07,2022.0,110,0.9818181818181818,,H1,R,H,R74/H107,II,II
WFJ72121.1,WFJ,72121.0,IIb,IIb,2022-07,2022.0,110,0.9818181818181818,,H1,R,H,R74/H107,II,II
WFJ72296.1,WFJ,72296.0,IIb,IIb,2022-07,2022.0,110,0.9818181818181818,,H1,R,H,R74/H107,II,II
WFJ72471.1,WFJ,72471.0,IIb,IIb,2022-07,2022.0,110,0.9818181818181818,,H1,R,H,R74/H107,II,II
WFJ72646.1,WFJ,72646.0,IIb,IIb,2022-07,2022.0,110,0.9818181818181818,,H1,R,H,R74/H107,II,II
WFJ72821.1,WFJ,72821.0,IIb,IIb,2022-07,2022.0,110,0.9818181818181818,,H1,R,H,R74/H107,II,II
WFJ72996.1,WFJ,72996.0,IIb,IIb,2022-07,2022.0,110,0.9818181818181818,,H1,R,H,R74/H107,II,II
WFJ73171.1,WFJ,73171.0,IIb,IIb,2022-07,2022.0,110,0.9818181818181818,,H1,R,H,R74/H107,II,II
WFJ73346.1,WFJ,73346.0,IIb,IIb,2022-07,2022.0,110,0.9818181818181818,,H1,R,H,R74/H107,II,II
WFJ73521.1,WFJ,73521.0,IIb,IIb,2022-07,2022.0,110,0.9818181818181818,,H1,R,H,R74/H107,II,II
WFJ73696.1,WFJ,73696.0,IIb,IIb,2022-07,2022.0,110,0.9818181818181818,,H1,R,H,R74/H107,II,II
WFJ73870.1,WFJ,73870.0,IIb,IIb,2022-07,2022.0,110,0.9818181818181818,,H1,R,H,R74/H107,II,II
WFJ74044.1,WFJ,74044.0,IIb,IIb,2022-07,2022.0,110,0.9818181818181818,,H1,R,H,R74/H107,II,II
WFJ74219.1,WFJ,74219.0,IIb,IIb,2022-07,2022.0,110,0.9818181818181818,,H1,R,H,R74/H107,II,II
WFJ74394.1,WFJ,74394.0,IIb,IIb,2022-07,2022.0,110,0.9818181818181818,,H1,R,H,R74/H107,II,II
WFJ74569.1,WFJ,74569.0,IIb,IIb,2022-07,2022.0,110,0.9818181818181818,,H1,R,H,R74/H107,II,II
WFJ74744.1,WFJ,74744.0,IIb,IIb,2022-07,2022.0,110,0.9818181818181818,,H1,R,H,R74/H107,II,II
WFJ74919.1,WFJ,74919.0,IIb,IIb,2022-07,2022.0,110,0.9818181818181818,,H1,R,H,R74/H107,II,II
WFJ75094.1,WFJ,75094.0,IIb,IIb,2022-07,2022.0,110,0.9818181818181818,,H1,R,H,R74/H107,II,II
WFJ75269.1,WFJ,75269.0,IIb,IIb,2022-07,2022.0,110,0.9818181818181818,,H1,R,H,R74/H107,II,II
WFJ75444.1,WFJ,75444.0,IIb,IIb,2022-07,2022.0,110,0.9818181818181818,,H1,R,H,R74/H107,II,II
WFJ75619.1,WFJ,75619.0,IIb,IIb,2022-07,2022.0,110,0.9818181818181818,,H1,R,H,R74/H107,II,II
WFJ75794.1,WFJ,75794.0,IIb,IIb,2022-07,2022.0,110,0.9818181818181818,,H1,R,H,R74/H107,II,II
WFJ75968.1,WFJ,75968.0,IIb,IIb,2022-07,2022.0,110,0.9818181818181818,,H1,R,H,R74/H107,II,II
WFJ76142.1,WFJ,76142.0,IIb,IIb,2022-07,2022.0,110,0.9818181818181818,,H1,R,H,R74/H107,II,II
WFJ76317.1,WFJ,76317.0,IIb,IIb,2022-07,2022.0,110,0.9818181818181818,,H1,R,H,R74/H107,II,II
WFJ76492.1,WFJ,76492.0,IIb,IIb,2022-07,2022.0,110,0.9818181818181818,,H1,R,H,R74/H107,II,II
WFJ76667.1,WFJ,76667.0,IIb,IIb,2022-07,2022.0,110,0.9818181818181818,,H1,R,H,R74/H107,II,II
WFJ76842.1,WFJ,76842.0,IIb,IIb,2022-07,2022.0,110,0.9818181818181818,,H1,R,H,R74/H107,II,II
WFJ77017.1,WFJ,77017.0,IIb,IIb,2022-07,2022.0,110,0.9818181818181818,,H1,R,H,R74/H107,II,II
WFJ77192.1,WFJ,77192.0,IIb,IIb,2022-07,2022.0,110,0.9818181818181818,,H1,R,H,R74/H107,II,II
WFJ77366.1,WFJ,77366.0,IIb,IIb,2022-07,2022.0,110,0.9818181818181818,,H1,R,H,R74/H107,II,II
WFJ77540.1,WFJ,77540.0,IIb,IIb,2022-07,2022.0,110,0.9818181818181818,,H1,R,H,R74/H107,II,II
WFJ77715.1,WFJ,77715.0,IIb,IIb,2022-07,2022.0,110,0.9818181818181818,,H1,R,H,R74/H107,II,II
WFJ77890.1,WFJ,77890.0,IIb,IIb,2022-07,2022.0,110,0.9818181818181818,,H1,R,H,R74/H107,II,II
WFJ78064.1,WFJ,78064.0,IIb,IIb,2022-07,2022.0,110,0.9818181818181818,,H1,R,H,R74/H107,II,II
WFJ78237.1,WFJ,78237.0,IIb,IIb,2022-07,2022.0,110,0.9818181818181818,,H1,R,H,R74/H107,II,II
WFJ78411.1,WFJ,78411.0,IIb,IIb,2022-07,2022.0,110,0.9818181818181818,,H1,R,H,R74/H107,II,II
WFJ78586.1,WFJ,78586.0,IIb,IIb,2022-07,2022.0,110,0.9818181818181818,,H1,R,H,R74/H107,II,II
WFJ78761.1,WFJ,78761.0,IIb,IIb,2022-07,2022.0,110,0.9818181818181818,,H1,R,H,R74/H107,II,II
WFJ78936.1,WFJ,78936.0,IIb,IIb,2022-07,2022.0,110,0.9818181818181818,,H1,R,H,R74/H107,II,II
WFJ79111.1,WFJ,79111.0,IIb,IIb,2022-07,2022.0,110,0.9818181818181818,,H1,R,H,R74/H107,II,II
WFJ79286.1,WFJ,79286.0,IIb,IIb,2022-07,2022.0,110,0.9818181818181818,,H1,R,H,R74/H107,II,II
WFJ79461.1,WFJ,79461.0,IIb,IIb,2022-07,2022.0,110,0.9818181818181818,,H1,R,H,R74/H107,II,II
WFJ79636.1,WFJ,79636.0,IIb,IIb,2022-07,2022.0,110,0.9818181818181818,,H1,R,H,R74/H107,II,II
WFG06120.1,WFG,6120.0,IIb,IIb,2023-03-21,2023.0,110,0.9818181818181818,,H1,R,H,R74/H107,II,II
WFD73256.1,WFD,73256.0,Ia,Ia,2022,2022.0,110,1.0,,H2,H,R,H74/R107,I,I
WFD73419.1,WFD,73419.0,IIb,IIb,2022,2022.0,110,0.9818181818181818,,H1,R,H,R74/H107,II,II
WFD73588.1,WFD,73588.0,IIb,IIb,2022,2022.0,110,0.9818181818181818,,H1,R,H,R74/H107,II,II
WFD73759.1,WFD,73759.0,IIb,IIb,2022,2022.0,110,0.9818181818181818,,H1,R,H,R74/H107,II,II
WFD73937.1,WFD,73937.0,IIb,IIb,2022,2022.0,110,0.9818181818181818,,H1,R,H,R74/H107,II,II
WFD74115.1,WFD,74115.0,IIb,IIb,2022,2022.0,110,0.9818181818181818,,H1,R,H,R74/H107,II,II
WFD74292.1,WFD,74292.0,IIb,IIb,2022,2022.0,110,0.9727272727272728,,H6,R,H,R74/H107,II,II
WFD74469.1,WFD,74469.0,IIb,IIb,2023,2023.0,110,0.9818181818181818,,H1,R,H,R74/H107,II,II
WFD74647.1,WFD,74647.0,IIb,IIb,2023,2023.0,110,0.9818181818181818,,H1,R,H,R74/H107,II,II
WFD74825.1,WFD,74825.0,IIb,IIb,2023,2023.0,110,0.9818181818181818,,H1,R,H,R74/H107,II,II
WFD75001.1,WFD,75001.0,IIb,IIb,2023,2023.0,110,0.9818181818181818,,H1,R,H,R74/H107,II,II
WEY18889.1,WEY,18889.0,IIb,IIb,2023-03,2023.0,110,0.9818181818181818,,H1,R,H,R74/H107,II,II
WEY19068.1,WEY,19068.0,IIb,IIb,2023-03,2023.0,110,0.9818181818181818,,H1,R,H,R74/H107,II,II
WEY19247.1,WEY,19247.0,IIb,IIb,2023-03,2023.0,110,0.9818181818181818,,H1,R,H,R74/H107,II,II
WEY19426.1,WEY,19426.0,IIb,IIb,2023-03,2023.0,110,0.9818181818181818,,H1,R,H,R74/H107,II,II
WEY19660.1,WEY,19660.0,IIb,IIb,2022-09,2022.0,110,0.9818181818181818,,H1,R,H,R74/H107,II,II
WEY19838.1,WEY,19838.0,IIb,IIb,2022-09,2022.0,110,0.9818181818181818,,H1,R,H,R74/H107,II,II
WEY20016.1,WEY,20016.0,IIb,IIb,2022-09,2022.0,110,0.9818181818181818,,H1,R,H,R74/H107,II,II
WEY20194.1,WEY,20194.0,IIb,IIb,2022-09,2022.0,110,0.9818181818181818,,H1,R,H,R74/H107,II,II
WEY20550.1,WEY,20550.0,IIb,IIb,2022-09,2022.0,110,0.9818181818181818,,H1,R,H,R74/H107,II,II
WEY20728.1,WEY,20728.0,IIb,IIb,2022-09,2022.0,110,0.9818181818181818,,H1,R,H,R74/H107,II,II
WEY20906.1,WEY,20906.0,IIb,IIb,2022-09,2022.0,110,0.9818181818181818,,H1,R,H,R74/H107,II,II
WEY21084.1,WEY,21084.0,IIb,IIb,2022-09,2022.0,110,0.9818181818181818,,H1,R,H,R74/H107,II,II
WEY21261.1,WEY,21261.0,IIb,IIb,2022-09,2022.0,110,0.9818181818181818,,H1,R,H,R74/H107,II,II
WEY21439.1,WEY,21439.0,IIb,IIb,2022-09,2022.0,110,0.9818181818181818,,H1,R,H,R74/H107,II,II
WEY21617.1,WEY,21617.0,IIb,IIb,2022-09,2022.0,110,0.9818181818181818,,H1,R,H,R74/H107,II,II
WEY21794.1,WEY,21794.0,IIb,IIb,2022-09,2022.0,110,0.9818181818181818,,H1,R,H,R74/H107,II,II
WEY21972.1,WEY,21972.0,IIb,IIb,2022-09,2022.0,110,0.9818181818181818,,H1,R,H,R74/H107,II,II
WEY22150.1,WEY,22150.0,IIb,IIb,2022-09,2022.0,110,0.9818181818181818,,H1,R,H,R74/H107,II,II
WEY22328.1,WEY,22328.0,IIb,IIb,2022-09,2022.0,110,0.9818181818181818,,H1,R,H,R74/H107,II,II
WEY22506.1,WEY,22506.0,IIb,IIb,2022-09,2022.0,110,0.9818181818181818,,H1,R,H,R74/H107,II,II
WEY22684.1,WEY,22684.0,IIb,IIb,2022-09,2022.0,110,0.9818181818181818,,H1,R,H,R74/H107,II,II
WEY22861.1,WEY,22861.0,IIb,IIb,2022-09,2022.0,110,0.9818181818181818,,H1,R,H,R74/H107,II,II
WEY23038.1,WEY,23038.0,IIb,IIb,2022-09,2022.0,110,0.9818181818181818,,H1,R,H,R74/H107,II,II
WEY23216.1,WEY,23216.0,IIb,IIb,2022-09,2022.0,110,0.9818181818181818,,H1,R,H,R74/H107,II,II
WEY23394.1,WEY,23394.0,IIb,IIb,2022-09,2022.0,110,0.9818181818181818,,H1,R,H,R74/H107,II,II
WEY23572.1,WEY,23572.0,IIb,IIb,2022-09,2022.0,110,0.9818181818181818,,H1,R,H,R74/H107,II,II
WEY23749.1,WEY,23749.0,IIb,IIb,2022-09,2022.0,110,0.9818181818181818,,H1,R,H,R74/H107,II,II
WEY23925.1,WEY,23925.0,IIb,IIb,2022-09,2022.0,110,0.9818181818181818,,H1,R,H,R74/H107,II,II
WEY24103.1,WEY,24103.0,IIb,IIb,2022-09,2022.0,110,0.9818181818181818,,H1,R,H,R74/H107,II,II
WEY24281.1,WEY,24281.0,IIb,IIb,2022-08,2022.0,110,0.9818181818181818,,H1,R,H,R74/H107,II,II
WEY24459.1,WEY,24459.0,IIb,IIb,2022-09,2022.0,110,0.9818181818181818,,H1,R,H,R74/H107,II,II
WEY24637.1,WEY,24637.0,IIb,IIb,2022-09,2022.0,110,0.9818181818181818,,H1,R,H,R74/H107,II,II
WEX98350.1,WEX,98350.0,IIb,IIb,2022-07-14,2022.0,110,0.9818181818181818,,H1,R,H,R74/H107,II,II
WEX98541.1,WEX,98541.0,IIb,IIb,2022-07-14,2022.0,110,0.9818181818181818,,H1,R,H,R74/H107,II,II
WEX98731.1,WEX,98731.0,IIb,IIb,2022-07-18,2022.0,110,0.9818181818181818,,H1,R,H,R74/H107,II,II
WEX98921.1,WEX,98921.0,IIb,IIb,2022-07-18,2022.0,110,0.9818181818181818,,H1,R,H,R74/H107,II,II
WEX99111.1,WEX,99111.0,IIb,IIb,2022-07-19,2022.0,110,0.9818181818181818,,H1,R,H,R74/H107,II,II
WEX99300.1,WEX,99300.0,IIb,IIb,2022-07-26,2022.0,110,0.9818181818181818,,H1,R,H,R74/H107,II,II
WEX99490.1,WEX,99490.0,IIb,IIb,2022-08-01,2022.0,110,0.9818181818181818,,H1,R,H,R74/H107,II,II
WEX99680.1,WEX,99680.0,IIb,IIb,2022-08-09,2022.0,110,0.9818181818181818,,H1,R,H,R74/H107,II,II
WEX99870.1,WEX,99870.0,IIb,IIb,2022-08-25,2022.0,110,0.9818181818181818,,H1,R,H,R74/H107,II,II
WEY00061.1,WEY,61.0,IIb,IIb,2022-08-31,2022.0,110,0.9818181818181818,,H1,R,H,R74/H107,II,II
WEY00251.1,WEY,251.0,IIb,IIb,2022-09-01,2022.0,110,0.9818181818181818,,H1,R,H,R74/H107,II,II
WEY00441.1,WEY,441.0,IIb,IIb,2022-09-12,2022.0,110,0.9818181818181818,,H1,R,H,R74/H107,II,II
WEX25777.1,WEX,25777.0,IIb,IIb,2022-07,2022.0,110,0.9818181818181818,,H1,R,H,R74/H107,II,II
WEX25954.1,WEX,25954.0,IIb,IIb,2022-07,2022.0,110,0.9818181818181818,,H1,R,H,R74/H107,II,II
WEX26131.1,WEX,26131.0,IIb,IIb,2022-07,2022.0,110,0.9818181818181818,,H1,R,H,R74/H107,II,II
WEX26308.1,WEX,26308.0,IIb,IIb,2022-07,2022.0,110,0.9818181818181818,,H1,R,H,R74/H107,II,II
WEX26486.1,WEX,26486.0,IIb,IIb,2022-09,2022.0,110,0.9818181818181818,,H1,R,H,R74/H107,II,II
WEX26664.1,WEX,26664.0,IIb,IIb,2022-07,2022.0,110,0.9818181818181818,,H1,R,H,R74/H107,II,II
WEX26841.1,WEX,26841.0,IIb,IIb,2022-07,2022.0,110,0.9818181818181818,,H1,R,H,R74/H107,II,II
WEX27019.1,WEX,27019.0,IIb,IIb,2022-07,2022.0,110,0.9818181818181818,,H1,R,H,R74/H107,II,II
WEX27197.1,WEX,27197.0,IIb,IIb,2022-07,2022.0,110,0.9818181818181818,,H1,R,H,R74/H107,II,II
WEX27375.1,WEX,27375.0,IIb,IIb,2022-07,2022.0,110,0.9818181818181818,,H1,R,H,R74/H107,II,II
WEX27553.1,WEX,27553.0,IIb,IIb,2022-08,2022.0,110,0.9818181818181818,,H1,R,H,R74/H107,II,II
WEX27731.1,WEX,27731.0,IIb,IIb,2022-07,2022.0,110,0.9818181818181818,,H1,R,H,R74/H107,II,II
WEX27909.1,WEX,27909.0,IIb,IIb,2022-08,2022.0,110,0.9818181818181818,,H1,R,H,R74/H107,II,II
WEX28087.1,WEX,28087.0,IIb,IIb,2022-08,2022.0,110,0.9818181818181818,,H1,R,H,R74/H107,II,II
WEX28265.1,WEX,28265.0,IIb,IIb,2022-08,2022.0,110,0.9818181818181818,,H1,R,H,R74/H107,II,II
WEX28443.1,WEX,28443.0,IIb,IIb,2022-07,2022.0,110,0.9818181818181818,,H1,R,H,R74/H107,II,II
WEX28621.1,WEX,28621.0,IIb,IIb,2022-07,2022.0,110,0.9818181818181818,,H1,R,H,R74/H107,II,II
WEW73878.1,WEW,73878.0,IIb,IIb,2022-10-21,2022.0,110,0.9818181818181818,,H1,R,H,R74/H107,II,II
WEW74053.1,WEW,74053.0,IIb,IIb,2022-10-27,2022.0,110,0.9818181818181818,,H1,R,H,R74/H107,II,II
WEW74227.1,WEW,74227.0,IIb,IIb,,,110,0.9818181818181818,,H1,R,H,R74/H107,II,II
WEW74404.1,WEW,74404.0,IIb,IIb,,,110,0.9818181818181818,,H1,R,H,R74/H107,II,II
WEW74582.1,WEW,74582.0,IIb,IIb,,,110,0.9818181818181818,,H1,R,H,R74/H107,II,II
WEW74757.1,WEW,74757.0,IIb,IIb,,,110,0.9818181818181818,,H1,R,H,R74/H107,II,II
WEW74933.1,WEW,74933.0,IIb,IIb,,,110,0.9818181818181818,,H1,R,H,R74/H107,II,II
WEW75107.1,WEW,75107.0,IIb,IIb,,,110,0.9818181818181818,,H1,R,H,R74/H107,II,II
WEW75284.1,WEW,75284.0,IIb,IIb,,,110,0.9818181818181818,,H1,R,H,R74/H107,II,II
WEW75460.1,WEW,75460.0,IIb,IIb,,,110,0.9818181818181818,,H1,R,H,R74/H107,II,II
WEW75639.1,WEW,75639.0,IIb,IIb,,,110,0.9818181818181818,,H1,R,H,R74/H107,II,II
WEW76123.1,WEW,76123.0,IIb,IIb,,,110,0.9818181818181818,,H1,R,H,R74/H107,II,II
WEW76459.1,WEW,76459.0,IIb,IIb,,,110,0.9818181818181818,,H1,R,H,R74/H107,II,II
WEW76636.1,WEW,76636.0,IIb,IIb,2022-11-03,2022.0,110,0.9818181818181818,,H1,R,H,R74/H107,II,II
WEW76814.1,WEW,76814.0,IIb,IIb,2022-11-03,2022.0,110,0.9818181818181818,,H1,R,H,R74/H107,II,II
WEW76991.1,WEW,76991.0,IIb,IIb,2022-11-08,2022.0,110,0.9818181818181818,,H1,R,H,R74/H107,II,II
WEW77168.1,WEW,77168.0,IIb,IIb,2022-11-08,2022.0,110,0.9818181818181818,,H1,R,H,R74/H107,II,II
WEW77346.1,WEW,77346.0,IIb,IIb,2022-11-08,2022.0,110,0.9818181818181818,,H1,R,H,R74/H107,II,II
WEW77524.1,WEW,77524.0,IIb,IIb,2022-11-10,2022.0,110,0.9818181818181818,,H1,R,H,R74/H107,II,II
WEW77697.1,WEW,77697.0,IIb,IIb,2022-11-10,2022.0,110,0.9818181818181818,,H1,R,H,R74/H107,II,II
WEW77872.1,WEW,77872.0,IIb,IIb,2022-11-09,2022.0,110,0.9818181818181818,,H1,R,H,R74/H107,II,II
WEW78038.1,WEW,78038.0,IIb,IIb,2022-11-11,2022.0,110,0.9818181818181818,,H1,R,H,R74/H107,II,II
WEW78207.1,WEW,78207.0,IIb,IIb,2022-11-11,2022.0,110,0.9818181818181818,,H1,R,H,R74/H107,II,II
WEW78376.1,WEW,78376.0,IIb,IIb,2022-11-11,2022.0,110,0.9818181818181818,,H1,R,H,R74/H107,II,II
WEW78546.1,WEW,78546.0,IIb,IIb,2022-11-22,2022.0,110,0.9818181818181818,,H1,R,H,R74/H107,II,II
WEW78686.1,WEW,78686.0,IIb,IIb,2022-11-22,2022.0,110,0.9818181818181818,,H1,R,H,R74/H107,II,II
WEW78852.1,WEW,78852.0,IIb,IIb,2022-11-24,2022.0,110,0.9818181818181818,,H1,R,H,R74/H107,II,II
WET53273.1,WET,53273.0,IIb,IIb,2022-11-02,2022.0,110,0.9818181818181818,,H1,R,H,R74/H107,II,II
WET53450.1,WET,53450.0,IIb,IIb,2023-01-19,2023.0,110,0.9818181818181818,,H1,R,H,R74/H107,II,II
WET53625.1,WET,53625.0,IIb,IIb,2023-01-26,2023.0,110,0.9818181818181818,,H1,R,H,R74/H107,II,II
WET53798.1,WET,53798.0,IIb,IIb,2023-01-26,2023.0,110,0.9818181818181818,,H1,R,H,R74/H107,II,II
WET53974.1,WET,53974.0,IIb,IIb,2023-02-02,2023.0,110,0.9818181818181818,,H1,R,H,R74/H107,II,II
WET54150.1,WET,54150.0,IIb,IIb,2023-02-02,2023.0,110,0.9818181818181818,,H1,R,H,R74/H107,II,II
WET54323.1,WET,54323.0,IIb,IIb,2023-02-08,2023.0,110,0.9818181818181818,,H1,R,H,R74/H107,II,II
WET54492.1,WET,54492.0,IIb,IIb,2023-02-13,2023.0,110,0.9818181818181818,,H1,R,H,R74/H107,II,II
WET54663.1,WET,54663.0,IIb,IIb,2023-02-23,2023.0,110,0.9818181818181818,,H1,R,H,R74/H107,II,II
WET54833.1,WET,54833.0,IIb,IIb,2023-02-28,2023.0,110,0.9818181818181818,,H1,R,H,R74/H107,II,II
WET55112.1,WET,55112.0,IIb,IIb,2023-03,2023.0,110,0.9818181818181818,,H1,R,H,R74/H107,II,II
WEQ90169.1,WEQ,90169.0,IIb,IIb,2022-11-18,2022.0,110,0.9818181818181818,,H1,R,H,R74/H107,II,II
WEQ90347.1,WEQ,90347.0,IIb,IIb,2023-02-13,2023.0,110,0.9818181818181818,,H1,R,H,R74/H107,II,II
WEQ90525.1,WEQ,90525.0,IIb,IIb,2023-02-13,2023.0,110,0.9818181818181818,,H1,R,H,R74/H107,II,II
WEQ90704.1,WEQ,90704.0,IIb,IIb,2022-11-10,2022.0,110,0.9818181818181818,,H1,R,H,R74/H107,II,II
WEQ90883.1,WEQ,90883.0,IIb,IIb,2022-11-10,2022.0,110,0.9818181818181818,,H1,R,H,R74/H107,II,II
WEQ91062.1,WEQ,91062.0,IIb,IIb,2022-11-18,2022.0,110,0.9818181818181818,,H1,R,H,R74/H107,II,II
WEQ91240.1,WEQ,91240.0,IIb,IIb,2022-11-22,2022.0,110,0.9818181818181818,,H1,R,H,R74/H107,II,II
WEQ91418.1,WEQ,91418.0,IIb,IIb,2023-01-10,2023.0,110,0.9818181818181818,,H1,R,H,R74/H107,II,II
WEQ91597.1,WEQ,91597.0,IIb,IIb,2023-01-17,2023.0,110,0.9818181818181818,,H1,R,H,R74/H107,II,II
WEQ91775.1,WEQ,91775.0,IIb,IIb,2023-01-08,2023.0,110,0.9818181818181818,,H1,R,H,R74/H107,II,II
WEQ91951.1,WEQ,91951.0,IIb,IIb,2022-12-01,2022.0,110,0.9818181818181818,,H1,R,H,R74/H107,II,II
WEQ92296.1,WEQ,92296.0,IIb,IIb,2023-01-18,2023.0,110,0.9818181818181818,,H1,R,H,R74/H107,II,II
WEN66585.1,WEN,66585.0,IIb,IIb,2022-08-22,2022.0,110,0.9818181818181818,,H1,R,H,R74/H107,II,II
WEN66764.1,WEN,66764.0,IIb,IIb,2022-08-29,2022.0,110,0.9818181818181818,,H1,R,H,R74/H107,II,II
WEN66943.1,WEN,66943.0,IIb,IIb,2022-09-01,2022.0,110,0.9818181818181818,,H1,R,H,R74/H107,II,II
WEN67122.1,WEN,67122.0,IIb,IIb,2022-09-29,2022.0,110,0.9818181818181818,,H1,R,H,R74/H107,II,II
WEN67301.1,WEN,67301.0,IIb,IIb,2022-10-04,2022.0,110,0.9818181818181818,,H1,R,H,R74/H107,II,II
WEN67480.1,WEN,67480.0,IIb,IIb,2022-10-11,2022.0,110,0.9818181818181818,,H1,R,H,R74/H107,II,II
WEN67658.1,WEN,67658.0,IIb,IIb,2022-12-28,2022.0,110,0.9818181818181818,,H1,R,H,R74/H107,II,II
WEM04523.1,WEM,4523.0,Ia,Ia,2022-10,2022.0,110,1.0,,H2,H,R,H74/R107,I,I
BDY34348.1,BDY,34348.0,IIb,IIb,2023-01-23,2023.0,110,0.9818181818181818,,H1,R,H,R74/H107,II,II
BDY34537.1,BDY,34537.0,IIb,IIb,2023-02-13,2023.0,110,0.9818181818181818,,H1,R,H,R74/H107,II,II
WEG81642.1,WEG,81642.0,IIb,IIb,2022-06-30,2022.0,110,0.9818181818181818,,H1,R,H,R74/H107,II,II
WEG81821.1,WEG,81821.0,IIb,IIb,2022-06-29,2022.0,110,0.9818181818181818,,H1,R,H,R74/H107,II,II
WEG82000.1,WEG,82000.0,IIb,IIb,2022-06-29,2022.0,110,0.9818181818181818,,H1,R,H,R74/H107,II,II
WEG82178.1,WEG,82178.0,IIb,IIb,2022-07-05,2022.0,110,0.9818181818181818,,H1,R,H,R74/H107,II,II
WEG82356.1,WEG,82356.0,IIb,IIb,2022-07-06,2022.0,110,0.9818181818181818,,H1,R,H,R74/H107,II,II
WEG82535.1,WEG,82535.0,IIb,IIb,2022-07-01,2022.0,110,0.9818181818181818,,H1,R,H,R74/H107,II,II
WEG82713.1,WEG,82713.0,IIb,IIb,2022-07-02,2022.0,110,0.9818181818181818,,H1,R,H,R74/H107,II,II
WEG82892.1,WEG,82892.0,IIb,IIb,2022-07-01,2022.0,110,0.9818181818181818,,H1,R,H,R74/H107,II,II
WEG83071.1,WEG,83071.0,IIb,IIb,2022-07-02,2022.0,110,0.9818181818181818,,H1,R,H,R74/H107,II,II
WEG83250.1,WEG,83250.0,IIb,IIb,2022-07-08,2022.0,110,0.9818181818181818,,H1,R,H,R74/H107,II,II
WEG83429.1,WEG,83429.0,IIb,IIb,2022-07-07,2022.0,110,0.9818181818181818,,H1,R,H,R74/H107,II,II
WEG83608.1,WEG,83608.0,IIb,IIb,2022-07-09,2022.0,110,0.9818181818181818,,H1,R,H,R74/H107,II,II
WEG83787.1,WEG,83787.0,IIb,IIb,2022-07-09,2022.0,110,0.9818181818181818,,H1,R,H,R74/H107,II,II
WEG83964.1,WEG,83964.0,IIb,IIb,2023-01-31,2023.0,110,0.9818181818181818,,H1,R,H,R74/H107,II,II
WEG84140.1,WEG,84140.0,IIb,IIb,2023-01-31,2023.0,110,0.9818181818181818,,H1,R,H,R74/H107,II,II
WEG84316.1,WEG,84316.0,IIb,IIb,2023-01-31,2023.0,110,0.9818181818181818,,H1,R,H,R74/H107,II,II
WEF39448.1,WEF,39448.0,IIb,IIb,2022-07-01,2022.0,110,0.9818181818181818,,H1,R,H,R74/H107,II,II
WEF39626.1,WEF,39626.0,IIb,IIb,2022-07-05,2022.0,110,0.9818181818181818,,H1,R,H,R74/H107,II,II
WEF39796.1,WEF,39796.0,IIb,IIb,2022-07-01,2022.0,110,0.9818181818181818,,H1,R,H,R74/H107,II,II
WEF39967.1,WEF,39967.0,IIb,IIb,2022-07-01,2022.0,110,0.9818181818181818,,H1,R,H,R74/H107,II,II
WEF40141.1,WEF,40141.0,IIb,IIb,2022-07-05,2022.0,110,0.9818181818181818,,H1,R,H,R74/H107,II,II
WEF40412.1,WEF,40412.0,IIb,IIb,2023-02,2023.0,110,0.9818181818181818,,H1,R,H,R74/H107,II,II
WEF40591.1,WEF,40591.0,IIb,IIb,2023-02,2023.0,110,0.9818181818181818,,H1,R,H,R74/H107,II,II
WEF40770.1,WEF,40770.0,IIb,IIb,2023-03,2023.0,110,0.9818181818181818,,H1,R,H,R74/H107,II,II
WDZ24982.1,WDZ,24982.0,IIb,IIb,2022-08,2022.0,110,0.9818181818181818,,H1,R,H,R74/H107,II,II
WDZ25159.1,WDZ,25159.0,IIb,IIb,2022-07,2022.0,110,0.9818181818181818,,H1,R,H,R74/H107,II,II
WDZ25337.1,WDZ,25337.0,IIb,IIb,2022-11,2022.0,110,0.9818181818181818,,H1,R,H,R74/H107,II,II
WDZ25515.1,WDZ,25515.0,IIb,IIb,2022-08,2022.0,110,0.9818181818181818,,H1,R,H,R74/H107,II,II
WDZ25693.1,WDZ,25693.0,IIb,IIb,2022-08,2022.0,110,0.9818181818181818,,H1,R,H,R74/H107,II,II
WDZ25871.1,WDZ,25871.0,IIb,IIb,2022-09,2022.0,110,0.9818181818181818,,H1,R,H,R74/H107,II,II
WDZ26049.1,WDZ,26049.0,IIb,IIb,2022-09,2022.0,110,0.9818181818181818,,H1,R,H,R74/H107,II,II
WDZ26227.1,WDZ,26227.0,IIb,IIb,2022-07,2022.0,110,0.9818181818181818,,H1,R,H,R74/H107,II,II
WDZ26405.1,WDZ,26405.0,IIb,IIb,2022-07,2022.0,110,0.9818181818181818,,H1,R,H,R74/H107,II,II
WDZ26583.1,WDZ,26583.0,IIb,IIb,2022-07,2022.0,110,0.9818181818181818,,H1,R,H,R74/H107,II,II
WDZ26761.1,WDZ,26761.0,IIb,IIb,2022-10,2022.0,110,0.9818181818181818,,H1,R,H,R74/H107,II,II
WDZ26939.1,WDZ,26939.0,IIb,IIb,2022-10,2022.0,110,0.9818181818181818,,H1,R,H,R74/H107,II,II
WDZ27117.1,WDZ,27117.0,IIb,IIb,2022-10,2022.0,110,0.9818181818181818,,H1,R,H,R74/H107,II,II
WDZ27295.1,WDZ,27295.0,IIb,IIb,2022-09,2022.0,110,0.9818181818181818,,H1,R,H,R74/H107,II,II
WDZ27473.1,WDZ,27473.0,IIb,IIb,2022-09,2022.0,110,0.9818181818181818,,H1,R,H,R74/H107,II,II
WDZ27651.1,WDZ,27651.0,IIb,IIb,2022-09,2022.0,110,0.9818181818181818,,H1,R,H,R74/H107,II,II
WDZ27829.1,WDZ,27829.0,IIb,IIb,2022-09,2022.0,110,0.9818181818181818,,H1,R,H,R74/H107,II,II
WDZ28006.1,WDZ,28006.0,IIb,IIb,2022-08,2022.0,110,0.9818181818181818,,H1,R,H,R74/H107,II,II
WDZ28259.1,WDZ,28259.0,IIb,IIb,2022-07,2022.0,110,0.9818181818181818,,H1,R,H,R74/H107,II,II
WDZ28438.1,WDZ,28438.0,IIb,IIb,2022-07,2022.0,110,0.9818181818181818,,H1,R,H,R74/H107,II,II
WDZ28616.1,WDZ,28616.0,IIb,IIb,2022-07,2022.0,110,0.9818181818181818,,H1,R,H,R74/H107,II,II
WDZ28790.1,WDZ,28790.0,IIb,IIb,2022-07,2022.0,110,0.9818181818181818,,H1,R,H,R74/H107,II,II
WDZ28969.1,WDZ,28969.0,IIb,IIb,2022-07,2022.0,110,0.9818181818181818,,H1,R,H,R74/H107,II,II
WDZ29147.1,WDZ,29147.0,IIb,IIb,2022-07,2022.0,110,0.9818181818181818,,H1,R,H,R74/H107,II,II
WDZ29326.1,WDZ,29326.0,IIb,IIb,2022-07,2022.0,110,0.9818181818181818,,H1,R,H,R74/H107,II,II
WDZ29504.1,WDZ,29504.0,IIb,IIb,2022-07,2022.0,110,0.9818181818181818,,H1,R,H,R74/H107,II,II
WDZ29683.1,WDZ,29683.0,IIb,IIb,2022-07,2022.0,110,0.9818181818181818,,H1,R,H,R74/H107,II,II
WDZ29861.1,WDZ,29861.0,IIb,IIb,2022-07,2022.0,110,0.9818181818181818,,H1,R,H,R74/H107,II,II
WDZ30039.1,WDZ,30039.0,IIb,IIb,2022-07,2022.0,110,0.9818181818181818,,H1,R,H,R74/H107,II,II
WDZ30214.1,WDZ,30214.0,IIb,IIb,2022-07,2022.0,110,0.9818181818181818,,H1,R,H,R74/H107,II,II
WDZ30392.1,WDZ,30392.0,IIb,IIb,2022-07,2022.0,110,0.9818181818181818,,H1,R,H,R74/H107,II,II
WDZ30570.1,WDZ,30570.0,IIb,IIb,2022-07,2022.0,110,0.9818181818181818,,H1,R,H,R74/H107,II,II
WDZ30749.1,WDZ,30749.0,IIb,IIb,2022-07,2022.0,110,0.9818181818181818,,H1,R,H,R74/H107,II,II
WDZ30928.1,WDZ,30928.0,IIb,IIb,2022-07,2022.0,110,0.9818181818181818,,H1,R,H,R74/H107,II,II
WDZ31107.1,WDZ,31107.0,IIb,IIb,2022-07,2022.0,110,0.9818181818181818,,H1,R,H,R74/H107,II,II
WDZ31286.1,WDZ,31286.0,IIb,IIb,2022-07,2022.0,110,0.9818181818181818,,H1,R,H,R74/H107,II,II
WDZ31464.1,WDZ,31464.0,IIb,IIb,2022-10,2022.0,110,0.9818181818181818,,H1,R,H,R74/H107,II,II
WDZ31643.1,WDZ,31643.0,IIb,IIb,2022-07,2022.0,110,0.9818181818181818,,H1,R,H,R74/H107,II,II
WDZ31822.1,WDZ,31822.0,IIb,IIb,2022-07,2022.0,110,0.9818181818181818,,H1,R,H,R74/H107,II,II
WDZ32001.1,WDZ,32001.0,IIb,IIb,2022-07,2022.0,110,0.9818181818181818,,H1,R,H,R74/H107,II,II
WDZ32180.1,WDZ,32180.0,IIb,IIb,2022-07,2022.0,110,0.9818181818181818,,H1,R,H,R74/H107,II,II
WDZ32359.1,WDZ,32359.0,IIb,IIb,2022-07,2022.0,110,0.9818181818181818,,H1,R,H,R74/H107,II,II
WDZ32536.1,WDZ,32536.0,IIb,IIb,2022-07,2022.0,110,0.9818181818181818,,H1,R,H,R74/H107,II,II
WDZ32715.1,WDZ,32715.0,IIb,IIb,2022-07,2022.0,110,0.9818181818181818,,H1,R,H,R74/H107,II,II
WDZ32893.1,WDZ,32893.0,IIb,IIb,2022-07,2022.0,110,0.9818181818181818,,H1,R,H,R74/H107,II,II
WDZ33066.1,WDZ,33066.0,IIb,IIb,2022-07,2022.0,110,0.9818181818181818,,H1,R,H,R74/H107,II,II
WDZ33243.1,WDZ,33243.0,IIb,IIb,2022-07,2022.0,110,0.9818181818181818,,H1,R,H,R74/H107,II,II
WDZ33422.1,WDZ,33422.0,IIb,IIb,2022-07,2022.0,110,0.9818181818181818,,H1,R,H,R74/H107,II,II
WDZ33601.1,WDZ,33601.0,IIb,IIb,2022-07,2022.0,110,0.9818181818181818,,H1,R,H,R74/H107,II,II
WDZ33779.1,WDZ,33779.0,IIb,IIb,2022-07,2022.0,110,0.9818181818181818,,H1,R,H,R74/H107,II,II
WDZ33957.1,WDZ,33957.0,IIb,IIb,2022-07,2022.0,110,0.9818181818181818,,H1,R,H,R74/H107,II,II
WDZ34136.1,WDZ,34136.0,IIb,IIb,2022-07,2022.0,110,0.9818181818181818,,H1,R,H,R74/H107,II,II
WDZ34314.1,WDZ,34314.0,IIb,IIb,2022-07,2022.0,110,0.9818181818181818,,H1,R,H,R74/H107,II,II
WDZ34493.1,WDZ,34493.0,IIb,IIb,2022-07,2022.0,110,0.9818181818181818,,H1,R,H,R74/H107,II,II
WDZ34672.1,WDZ,34672.0,IIb,IIb,2022-07,2022.0,110,0.9818181818181818,,H1,R,H,R74/H107,II,II
WDZ34851.1,WDZ,34851.0,IIb,IIb,2022-07,2022.0,110,0.9818181818181818,,H1,R,H,R74/H107,II,II
WDZ35029.1,WDZ,35029.0,IIb,IIb,2022-07,2022.0,110,0.9818181818181818,,H1,R,H,R74/H107,II,II
WDZ35207.1,WDZ,35207.0,IIb,IIb,2022-07,2022.0,110,0.9818181818181818,,H1,R,H,R74/H107,II,II
WDZ35386.1,WDZ,35386.0,IIb,IIb,2022-07,2022.0,110,0.9818181818181818,,H1,R,H,R74/H107,II,II
WDZ35564.1,WDZ,35564.0,IIb,IIb,2022-07,2022.0,110,0.9818181818181818,,H1,R,H,R74/H107,II,II
WDZ35743.1,WDZ,35743.0,IIb,IIb,2022-07,2022.0,110,0.9818181818181818,,H1,R,H,R74/H107,II,II
WDZ35922.1,WDZ,35922.0,IIb,IIb,2022-07,2022.0,110,0.9818181818181818,,H1,R,H,R74/H107,II,II
WDZ36100.1,WDZ,36100.0,IIb,IIb,2022-07,2022.0,110,0.9818181818181818,,H1,R,H,R74/H107,II,II
WDZ36277.1,WDZ,36277.0,IIb,IIb,2022-07,2022.0,110,0.9818181818181818,,H1,R,H,R74/H107,II,II
WDZ36455.1,WDZ,36455.0,IIb,IIb,2022-07,2022.0,110,0.9818181818181818,,H1,R,H,R74/H107,II,II
WDZ36632.1,WDZ,36632.0,IIb,IIb,2022-07,2022.0,110,0.9818181818181818,,H1,R,H,R74/H107,II,II
WDZ36811.1,WDZ,36811.0,IIb,IIb,2022-07,2022.0,110,0.9818181818181818,,H1,R,H,R74/H107,II,II
WDZ36990.1,WDZ,36990.0,IIb,IIb,2022-07,2022.0,110,0.9818181818181818,,H1,R,H,R74/H107,II,II
WDZ37169.1,WDZ,37169.0,IIb,IIb,2022-07,2022.0,110,0.9818181818181818,,H1,R,H,R74/H107,II,II
WDZ37348.1,WDZ,37348.0,IIb,IIb,2022-07,2022.0,110,0.9818181818181818,,H1,R,H,R74/H107,II,II
WDZ37526.1,WDZ,37526.0,IIb,IIb,2022-07,2022.0,110,0.9818181818181818,,H1,R,H,R74/H107,II,II
WDZ37705.1,WDZ,37705.0,IIb,IIb,2022-07,2022.0,110,0.9818181818181818,,H1,R,H,R74/H107,II,II
WDZ37883.1,WDZ,37883.0,IIb,IIb,2022-07,2022.0,110,0.9818181818181818,,H1,R,H,R74/H107,II,II
WDZ38062.1,WDZ,38062.0,IIb,IIb,2022-07,2022.0,110,0.9818181818181818,,H1,R,H,R74/H107,II,II
WDZ38241.1,WDZ,38241.0,IIb,IIb,2022-07,2022.0,110,0.9818181818181818,,H1,R,H,R74/H107,II,II
WDZ38419.1,WDZ,38419.0,IIb,IIb,2022-07,2022.0,110,0.9818181818181818,,H1,R,H,R74/H107,II,II
WDZ38597.1,WDZ,38597.0,IIb,IIb,2022-07,2022.0,110,0.9818181818181818,,H1,R,H,R74/H107,II,II
WDZ38775.1,WDZ,38775.0,IIb,IIb,2022-07,2022.0,110,0.9818181818181818,,H1,R,H,R74/H107,II,II
WDZ38952.1,WDZ,38952.0,IIb,IIb,2022-07,2022.0,110,0.9818181818181818,,H1,R,H,R74/H107,II,II
WDZ39131.1,WDZ,39131.0,IIb,IIb,2022-07,2022.0,110,0.9818181818181818,,H1,R,H,R74/H107,II,II
WDZ39309.1,WDZ,39309.0,IIb,IIb,2022-07,2022.0,110,0.9818181818181818,,H1,R,H,R74/H107,II,II
WDZ39488.1,WDZ,39488.0,IIb,IIb,2022-07,2022.0,110,0.9818181818181818,,H1,R,H,R74/H107,II,II
WDZ39667.1,WDZ,39667.0,IIb,IIb,2022-07,2022.0,110,0.9818181818181818,,H1,R,H,R74/H107,II,II
WDZ39846.1,WDZ,39846.0,IIb,IIb,2022-07,2022.0,110,0.9818181818181818,,H1,R,H,R74/H107,II,II
WDZ40024.1,WDZ,40024.0,IIb,IIb,2022-07,2022.0,110,0.9818181818181818,,H1,R,H,R74/H107,II,II
WDZ40202.1,WDZ,40202.0,IIb,IIb,2022-07,2022.0,110,0.9818181818181818,,H1,R,H,R74/H107,II,II
WDZ40381.1,WDZ,40381.0,IIb,IIb,2022-07,2022.0,110,0.9818181818181818,,H1,R,H,R74/H107,II,II
WDZ40559.1,WDZ,40559.0,IIb,IIb,2022-07,2022.0,110,0.9818181818181818,,H1,R,H,R74/H107,II,II
WDZ40738.1,WDZ,40738.0,IIb,IIb,2022-07,2022.0,110,0.9818181818181818,,H1,R,H,R74/H107,II,II
WDZ40916.1,WDZ,40916.0,IIb,IIb,2022-07,2022.0,110,0.9818181818181818,,H1,R,H,R74/H107,II,II
WDZ41095.1,WDZ,41095.0,IIb,IIb,2022-07,2022.0,110,0.9818181818181818,,H1,R,H,R74/H107,II,II
WDZ41274.1,WDZ,41274.0,IIb,IIb,2022-07,2022.0,110,0.9818181818181818,,H1,R,H,R74/H107,II,II
WDZ41451.1,WDZ,41451.0,IIb,IIb,2022-07,2022.0,110,0.9818181818181818,,H1,R,H,R74/H107,II,II
WDZ41629.1,WDZ,41629.0,IIb,IIb,2022-07,2022.0,110,0.9818181818181818,,H1,R,H,R74/H107,II,II
WDZ41808.1,WDZ,41808.0,IIb,IIb,2022-07,2022.0,110,0.9818181818181818,,H1,R,H,R74/H107,II,II
WDZ41987.1,WDZ,41987.0,IIb,IIb,2022-07,2022.0,110,0.9818181818181818,,H1,R,H,R74/H107,II,II
WDZ42165.1,WDZ,42165.0,IIb,IIb,2022-07,2022.0,110,0.9818181818181818,,H1,R,H,R74/H107,II,II
WDZ42342.1,WDZ,42342.0,IIb,IIb,2022-07,2022.0,110,0.9818181818181818,,H1,R,H,R74/H107,II,II
WDZ42521.1,WDZ,42521.0,IIb,IIb,2022-07,2022.0,110,0.9818181818181818,,H1,R,H,R74/H107,II,II
WDZ42699.1,WDZ,42699.0,IIb,IIb,2022-07,2022.0,110,0.9818181818181818,,H1,R,H,R74/H107,II,II
WDZ42878.1,WDZ,42878.0,IIb,IIb,2022-07,2022.0,110,0.9818181818181818,,H1,R,H,R74/H107,II,II
WDZ43057.1,WDZ,43057.0,IIb,IIb,2022-07,2022.0,110,0.9818181818181818,,H1,R,H,R74/H107,II,II
WDZ43234.1,WDZ,43234.0,IIb,IIb,2022-07,2022.0,110,0.9818181818181818,,H1,R,H,R74/H107,II,II
WDZ43412.1,WDZ,43412.0,IIb,IIb,2022-07,2022.0,110,0.9818181818181818,,H1,R,H,R74/H107,II,II
WDZ43589.1,WDZ,43589.0,IIb,IIb,2022-07,2022.0,110,0.9818181818181818,,H1,R,H,R74/H107,II,II
WDZ43763.1,WDZ,43763.0,IIb,IIb,2022-07,2022.0,110,0.9818181818181818,,H1,R,H,R74/H107,II,II
WDZ43942.1,WDZ,43942.0,IIb,IIb,2022-07,2022.0,110,0.9818181818181818,,H1,R,H,R74/H107,II,II
WDZ44121.1,WDZ,44121.0,IIb,IIb,2022-07,2022.0,110,0.9818181818181818,,H1,R,H,R74/H107,II,II
WDZ44299.1,WDZ,44299.0,IIb,IIb,2022-07,2022.0,110,0.9818181818181818,,H1,R,H,R74/H107,II,II
WDZ44477.1,WDZ,44477.0,IIb,IIb,2022-07,2022.0,110,0.9818181818181818,,H1,R,H,R74/H107,II,II
WDZ44656.1,WDZ,44656.0,IIb,IIb,2022-07,2022.0,110,0.9818181818181818,,H1,R,H,R74/H107,II,II
WDZ44834.1,WDZ,44834.0,IIb,IIb,2022-07,2022.0,110,0.9818181818181818,,H1,R,H,R74/H107,II,II
WDZ45012.1,WDZ,45012.0,IIb,IIb,2022-07,2022.0,110,0.9818181818181818,,H1,R,H,R74/H107,II,II
WDZ45190.1,WDZ,45190.0,IIb,IIb,2022-06,2022.0,110,0.9818181818181818,,H1,R,H,R74/H107,II,II
WDZ45369.1,WDZ,45369.0,IIb,IIb,2022-07,2022.0,110,0.9818181818181818,,H1,R,H,R74/H107,II,II
WDZ45547.1,WDZ,45547.0,IIb,IIb,2022-07,2022.0,110,0.9818181818181818,,H1,R,H,R74/H107,II,II
WDZ45724.1,WDZ,45724.0,IIb,IIb,2022-07,2022.0,110,0.9818181818181818,,H1,R,H,R74/H107,II,II
WDZ45903.1,WDZ,45903.0,IIb,IIb,2022-07,2022.0,110,0.9818181818181818,,H1,R,H,R74/H107,II,II
WDY68378.1,WDY,68378.0,IIb,IIb,2022-05,2022.0,110,0.9818181818181818,,H1,R,H,R74/H107,II,II
WDY68553.1,WDY,68553.0,IIb,IIb,2022-05,2022.0,110,0.9818181818181818,,H1,R,H,R74/H107,II,II
WDY68727.1,WDY,68727.0,IIb,IIb,2022-05,2022.0,110,0.9818181818181818,,H1,R,H,R74/H107,II,II
WDY68902.1,WDY,68902.0,IIb,IIb,2022-05,2022.0,110,0.9818181818181818,,H1,R,H,R74/H107,II,II
WDY69077.1,WDY,69077.0,IIb,IIb,2022-05,2022.0,110,0.9818181818181818,,H1,R,H,R74/H107,II,II
WDY69252.1,WDY,69252.0,IIb,IIb,2022-05,2022.0,110,0.9818181818181818,,H1,R,H,R74/H107,II,II
WDY69426.1,WDY,69426.0,IIb,IIb,2022-05,2022.0,110,0.9818181818181818,,H1,R,H,R74/H107,II,II
WDY69601.1,WDY,69601.0,IIb,IIb,2022-05,2022.0,110,0.9818181818181818,,H1,R,H,R74/H107,II,II
WDY69776.1,WDY,69776.0,IIb,IIb,2022-05,2022.0,110,0.9818181818181818,,H1,R,H,R74/H107,II,II
WDY69950.1,WDY,69950.0,IIb,IIb,2022-07,2022.0,110,0.9818181818181818,,H1,R,H,R74/H107,II,II
WDY70125.1,WDY,70125.0,IIb,IIb,2022-07,2022.0,110,0.9818181818181818,,H1,R,H,R74/H107,II,II
WDY70300.1,WDY,70300.0,IIb,IIb,2022-07,2022.0,110,0.9818181818181818,,H1,R,H,R74/H107,II,II
WDY70475.1,WDY,70475.0,IIb,IIb,2022-07,2022.0,110,0.9818181818181818,,H1,R,H,R74/H107,II,II
WDY70650.1,WDY,70650.0,IIb,IIb,2022-07,2022.0,110,0.9818181818181818,,H1,R,H,R74/H107,II,II
WDY70825.1,WDY,70825.0,IIb,IIb,2022-07,2022.0,110,0.9818181818181818,,H1,R,H,R74/H107,II,II
WDY71000.1,WDY,71000.0,IIb,IIb,2022-07,2022.0,110,0.9818181818181818,,H1,R,H,R74/H107,II,II
WDY71174.1,WDY,71174.0,IIb,IIb,2022-07,2022.0,110,0.9818181818181818,,H1,R,H,R74/H107,II,II
WDY71349.1,WDY,71349.0,IIb,IIb,2022-08,2022.0,110,0.9818181818181818,,H1,R,H,R74/H107,II,II
WDY71524.1,WDY,71524.0,IIb,IIb,2022-08,2022.0,110,0.9818181818181818,,H1,R,H,R74/H107,II,II
WDY71699.1,WDY,71699.0,IIb,IIb,2022-08,2022.0,110,0.9818181818181818,,H1,R,H,R74/H107,II,II
WDY71874.1,WDY,71874.0,IIb,IIb,2022-08,2022.0,110,0.9818181818181818,,H1,R,H,R74/H107,II,II
WDY72049.1,WDY,72049.0,IIb,IIb,2022-08,2022.0,110,0.9818181818181818,,H1,R,H,R74/H107,II,II
WDY72223.1,WDY,72223.0,IIb,IIb,2022-08,2022.0,110,0.9818181818181818,,H1,R,H,R74/H107,II,II
WDY72398.1,WDY,72398.0,IIb,IIb,2022-08,2022.0,110,0.9818181818181818,,H1,R,H,R74/H107,II,II
WDY72573.1,WDY,72573.0,IIb,IIb,2022-08,2022.0,110,0.9818181818181818,,H1,R,H,R74/H107,II,II
WDY72747.1,WDY,72747.0,IIb,IIb,2022-08,2022.0,110,0.9818181818181818,,H1,R,H,R74/H107,II,II
WDY72922.1,WDY,72922.0,IIb,IIb,2022-08,2022.0,110,0.9818181818181818,,H1,R,H,R74/H107,II,II
WDY73097.1,WDY,73097.0,IIb,IIb,2022-08,2022.0,110,0.9818181818181818,,H1,R,H,R74/H107,II,II
WDY73272.1,WDY,73272.0,IIb,IIb,2022-08,2022.0,110,0.9818181818181818,,H1,R,H,R74/H107,II,II
WDY73447.1,WDY,73447.0,IIb,IIb,2022-10,2022.0,110,0.9818181818181818,,H1,R,H,R74/H107,II,II
WDY74041.1,WDY,74041.0,IIb,IIb,2022-12-15,2022.0,110,0.9818181818181818,,H1,R,H,R74/H107,II,II
WDY74219.1,WDY,74219.0,IIb,IIb,2022-06-17,2022.0,110,0.9818181818181818,,H1,R,H,R74/H107,II,II
WDY74398.1,WDY,74398.0,IIb,IIb,2022-06-22,2022.0,110,0.9818181818181818,,H1,R,H,R74/H107,II,II
WDY74577.1,WDY,74577.0,IIb,IIb,2022-06-28,2022.0,110,0.9818181818181818,,H1,R,H,R74/H107,II,II
WDY74756.1,WDY,74756.0,IIb,IIb,2022-06-27,2022.0,110,0.9818181818181818,,H1,R,H,R74/H107,II,II
WDY74911.1,WDY,74911.0,IIb,IIb,2022-12-14,2022.0,110,0.9818181818181818,,H1,R,H,R74/H107,II,II
WDY75077.1,WDY,75077.0,IIb,IIb,2022-06-10,2022.0,110,0.9818181818181818,,H1,R,H,R74/H107,II,II
WDY75256.1,WDY,75256.0,IIb,IIb,2023-01-12,2023.0,110,0.9818181818181818,,H1,R,H,R74/H107,II,II
WDY75435.1,WDY,75435.0,IIb,IIb,2023-01-09,2023.0,110,0.9818181818181818,,H1,R,H,R74/H107,II,II
WDY75614.1,WDY,75614.0,IIb,IIb,2022-12-23,2022.0,110,0.9818181818181818,,H1,R,H,R74/H107,II,II
WDY75792.1,WDY,75792.0,IIb,IIb,2023-01-02,2023.0,110,0.9818181818181818,,H1,R,H,R74/H107,II,II
WDY75971.1,WDY,75971.0,IIb,IIb,2023-01-06,2023.0,110,0.9818181818181818,,H1,R,H,R74/H107,II,II
WDY76150.1,WDY,76150.0,IIb,IIb,2023-01-10,2023.0,110,0.9818181818181818,,H1,R,H,R74/H107,II,II
WDY76329.1,WDY,76329.0,IIb,IIb,2022-06-21,2022.0,110,0.9818181818181818,,H1,R,H,R74/H107,II,II
WDY76507.1,WDY,76507.0,IIb,IIb,2022-06-24,2022.0,110,0.9818181818181818,,H1,R,H,R74/H107,II,II
WDY76686.1,WDY,76686.0,IIb,IIb,2022-06-25,2022.0,110,0.9818181818181818,,H1,R,H,R74/H107,II,II
WDY76865.1,WDY,76865.0,IIb,IIb,2022-06-23,2022.0,110,0.9818181818181818,,H1,R,H,R74/H107,II,II
WDY77043.1,WDY,77043.0,IIb,IIb,2022-06-27,2022.0,110,0.9818181818181818,,H1,R,H,R74/H107,II,II
WDY77222.1,WDY,77222.0,IIb,IIb,2022-06-27,2022.0,110,0.9818181818181818,,H1,R,H,R74/H107,II,II
WDY77401.1,WDY,77401.0,IIb,IIb,2022-06-28,2022.0,110,0.9818181818181818,,H1,R,H,R74/H107,II,II
WDY77580.1,WDY,77580.0,IIb,IIb,2022-06-28,2022.0,110,0.9818181818181818,,H1,R,H,R74/H107,II,II
WDY77759.1,WDY,77759.0,IIb,IIb,2023-01-09,2023.0,110,0.9818181818181818,,H1,R,H,R74/H107,II,II
WDY77938.1,WDY,77938.0,IIb,IIb,2022-06-14,2022.0,110,0.9818181818181818,,H1,R,H,R74/H107,II,II
WDY78117.1,WDY,78117.0,IIb,IIb,2022-06-17,2022.0,110,0.9818181818181818,,H1,R,H,R74/H107,II,II
WDY78296.1,WDY,78296.0,IIb,IIb,2022-06-17,2022.0,110,0.9818181818181818,,H1,R,H,R74/H107,II,II
WDY78475.1,WDY,78475.0,IIb,IIb,2022-06-22,2022.0,110,0.9818181818181818,,H1,R,H,R74/H107,II,II
WDY78651.1,WDY,78651.0,IIb,IIb,2023-01-10,2023.0,110,0.9818181818181818,,H1,R,H,R74/H107,II,II
WDY78830.1,WDY,78830.0,IIb,IIb,2022-12-21,2022.0,110,0.9818181818181818,,H1,R,H,R74/H107,II,II
WDS84595.1,WDS,84595.0,IIb,IIb,2022-08-15,2022.0,110,0.9818181818181818,,H1,R,H,R74/H107,II,II
WDS84774.1,WDS,84774.0,IIb,IIb,2022-08-26,2022.0,110,0.9818181818181818,,H1,R,H,R74/H107,II,II
WDS84953.1,WDS,84953.0,IIb,IIb,2022-06,2022.0,110,0.9818181818181818,,H1,R,H,R74/H107,II,II
WDS85131.1,WDS,85131.0,IIb,IIb,2022-10,2022.0,110,0.9818181818181818,,H1,R,H,R74/H107,II,II
WDS85309.1,WDS,85309.0,IIb,IIb,2022-10,2022.0,110,0.9818181818181818,,H1,R,H,R74/H107,II,II
WDS85487.1,WDS,85487.0,IIb,IIb,2022-10,2022.0,110,0.9818181818181818,,H1,R,H,R74/H107,II,II
WDQ79807.1,WDQ,79807.0,IIb,IIb,2022-06,2022.0,110,0.9818181818181818,,H1,R,H,R74/H107,II,II
WDQ79986.1,WDQ,79986.0,IIb,IIb,2022-07,2022.0,110,0.9818181818181818,,H1,R,H,R74/H107,II,II
WDQ80163.1,WDQ,80163.0,IIb,IIb,2022-07,2022.0,110,0.9818181818181818,,H1,R,H,R74/H107,II,II
WDQ80342.1,WDQ,80342.0,IIb,IIb,2022-07,2022.0,110,0.9818181818181818,,H1,R,H,R74/H107,II,II
WDQ80521.1,WDQ,80521.0,IIb,IIb,2022-07,2022.0,110,0.9818181818181818,,H1,R,H,R74/H107,II,II
WDQ80700.1,WDQ,80700.0,IIb,IIb,2022-08,2022.0,110,0.9818181818181818,,H1,R,H,R74/H107,II,II
WDQ80879.1,WDQ,80879.0,IIb,IIb,2022-06,2022.0,110,0.9818181818181818,,H1,R,H,R74/H107,II,II
WDQ81058.1,WDQ,81058.0,IIb,IIb,2022-07,2022.0,110,0.9818181818181818,,H1,R,H,R74/H107,II,II
WDQ81237.1,WDQ,81237.0,IIb,IIb,2022-05,2022.0,110,0.9818181818181818,,H1,R,H,R74/H107,II,II
WDQ81416.1,WDQ,81416.0,IIb,IIb,2022-05,2022.0,110,0.9818181818181818,,H1,R,H,R74/H107,II,II
WDQ81595.1,WDQ,81595.0,IIb,IIb,2022-05,2022.0,110,0.9818181818181818,,H1,R,H,R74/H107,II,II
WDQ81774.1,WDQ,81774.0,IIb,IIb,2022-06,2022.0,110,0.9818181818181818,,H1,R,H,R74/H107,II,II
WDQ81953.1,WDQ,81953.0,IIb,IIb,2022-06,2022.0,110,0.9818181818181818,,H1,R,H,R74/H107,II,II
WDQ82132.1,WDQ,82132.0,IIb,IIb,2022-06,2022.0,110,0.9818181818181818,,H1,R,H,R74/H107,II,II
WDQ82311.1,WDQ,82311.0,IIb,IIb,2022-06,2022.0,110,0.9818181818181818,,H1,R,H,R74/H107,II,II
WDQ82490.1,WDQ,82490.0,IIb,IIb,2022-06,2022.0,110,0.9818181818181818,,H1,R,H,R74/H107,II,II
WDQ82669.1,WDQ,82669.0,IIb,IIb,2022-06,2022.0,110,0.9818181818181818,,H1,R,H,R74/H107,II,II
WDQ82848.1,WDQ,82848.0,IIb,IIb,2022-06,2022.0,110,0.9818181818181818,,H1,R,H,R74/H107,II,II
WDQ83027.1,WDQ,83027.0,IIb,IIb,2022-06,2022.0,110,0.9818181818181818,,H1,R,H,R74/H107,II,II
WDQ83206.1,WDQ,83206.0,IIb,IIb,2022-06,2022.0,110,0.9818181818181818,,H1,R,H,R74/H107,II,II
WDQ83385.1,WDQ,83385.0,IIb,IIb,2022-06,2022.0,110,0.9818181818181818,,H1,R,H,R74/H107,II,II
WDQ83564.1,WDQ,83564.0,IIb,IIb,2022-06,2022.0,110,0.9818181818181818,,H1,R,H,R74/H107,II,II
WDQ83743.1,WDQ,83743.0,IIb,IIb,2022-06,2022.0,110,0.9818181818181818,,H1,R,H,R74/H107,II,II
WDQ83922.1,WDQ,83922.0,IIb,IIb,2022-06,2022.0,110,0.9818181818181818,,H1,R,H,R74/H107,II,II
WDQ84100.1,WDQ,84100.0,IIb,IIb,2022-06,2022.0,110,0.9818181818181818,,H1,R,H,R74/H107,II,II
WDQ84279.1,WDQ,84279.0,IIb,IIb,2022-06,2022.0,110,0.9818181818181818,,H1,R,H,R74/H107,II,II
WDQ84458.1,WDQ,84458.0,IIb,IIb,2022-06,2022.0,110,0.9818181818181818,,H1,R,H,R74/H107,II,II
WDQ84635.1,WDQ,84635.0,IIb,IIb,2022-06,2022.0,110,0.9818181818181818,,H1,R,H,R74/H107,II,II
WDQ84814.1,WDQ,84814.0,IIb,IIb,2022-06,2022.0,110,0.9818181818181818,,H1,R,H,R74/H107,II,II
WDQ84993.1,WDQ,84993.0,IIb,IIb,2022-06,2022.0,110,0.9818181818181818,,H1,R,H,R74/H107,II,II
WDQ85172.1,WDQ,85172.0,IIb,IIb,2022-06,2022.0,110,0.9818181818181818,,H1,R,H,R74/H107,II,II
WDQ85351.1,WDQ,85351.0,IIb,IIb,2022-06,2022.0,110,0.9818181818181818,,H1,R,H,R74/H107,II,II
WDQ85530.1,WDQ,85530.0,IIb,IIb,2022-06,2022.0,110,0.9818181818181818,,H1,R,H,R74/H107,II,II
WDQ85709.1,WDQ,85709.0,IIb,IIb,2022-06,2022.0,110,0.9818181818181818,,H1,R,H,R74/H107,II,II
WDQ85888.1,WDQ,85888.0,IIb,IIb,2022-06,2022.0,110,0.9818181818181818,,H1,R,H,R74/H107,II,II
WDQ86067.1,WDQ,86067.0,IIb,IIb,2022-06,2022.0,110,0.9818181818181818,,H1,R,H,R74/H107,II,II
WDQ86246.1,WDQ,86246.0,IIb,IIb,2022-06,2022.0,110,0.9818181818181818,,H1,R,H,R74/H107,II,II
WDQ86425.1,WDQ,86425.0,IIb,IIb,2022-07,2022.0,110,0.9818181818181818,,H1,R,H,R74/H107,II,II
WDQ86604.1,WDQ,86604.0,IIb,IIb,2022-06,2022.0,110,0.9818181818181818,,H1,R,H,R74/H107,II,II
WDQ86783.1,WDQ,86783.0,IIb,IIb,2022-08,2022.0,110,0.9818181818181818,,H1,R,H,R74/H107,II,II
WDQ86962.1,WDQ,86962.0,IIb,IIb,2022-08,2022.0,110,0.9818181818181818,,H1,R,H,R74/H107,II,II
WDQ87141.1,WDQ,87141.0,IIb,IIb,2022-08,2022.0,110,0.9818181818181818,,H1,R,H,R74/H107,II,II
WDQ87320.1,WDQ,87320.0,IIb,IIb,2022-08,2022.0,110,0.9818181818181818,,H1,R,H,R74/H107,II,II
WDQ87499.1,WDQ,87499.0,IIb,IIb,2022-08,2022.0,110,0.9818181818181818,,H1,R,H,R74/H107,II,II
WDQ87677.1,WDQ,87677.0,IIb,IIb,2022-08,2022.0,110,0.9818181818181818,,H1,R,H,R74/H107,II,II
WDQ87856.1,WDQ,87856.0,IIb,IIb,2022-08,2022.0,110,0.9818181818181818,,H1,R,H,R74/H107,II,II
WDQ88035.1,WDQ,88035.0,IIb,IIb,2022-08,2022.0,110,0.9818181818181818,,H1,R,H,R74/H107,II,II
WDQ88213.1,WDQ,88213.0,IIb,IIb,2022-08,2022.0,110,0.9818181818181818,,H1,R,H,R74/H107,II,II
WDQ88392.1,WDQ,88392.0,IIb,IIb,2022-08,2022.0,110,0.9818181818181818,,H1,R,H,R74/H107,II,II
WDQ88570.1,WDQ,88570.0,IIb,IIb,2022-08,2022.0,110,0.9818181818181818,,H1,R,H,R74/H107,II,II
WDQ88749.1,WDQ,88749.0,IIb,IIb,2022-08,2022.0,110,0.9818181818181818,,H1,R,H,R74/H107,II,II
WDQ88927.1,WDQ,88927.0,IIb,IIb,2022-08,2022.0,110,0.9818181818181818,,H1,R,H,R74/H107,II,II
WDQ89106.1,WDQ,89106.0,IIb,IIb,2022-08,2022.0,110,0.9818181818181818,,H1,R,H,R74/H107,II,II
WDQ89284.1,WDQ,89284.0,IIb,IIb,2022-08,2022.0,110,0.9818181818181818,,H1,R,H,R74/H107,II,II
WDQ89461.1,WDQ,89461.0,IIb,IIb,2022-08,2022.0,110,0.9818181818181818,,H1,R,H,R74/H107,II,II
WDQ89640.1,WDQ,89640.0,IIb,IIb,2022-08,2022.0,110,0.9818181818181818,,H1,R,H,R74/H107,II,II
WDQ89818.1,WDQ,89818.0,IIb,IIb,2022-08,2022.0,110,0.9818181818181818,,H1,R,H,R74/H107,II,II
WDQ89995.1,WDQ,89995.0,IIb,IIb,2022-08,2022.0,110,0.9818181818181818,,H1,R,H,R74/H107,II,II
WDQ90172.1,WDQ,90172.0,IIb,IIb,2022-09,2022.0,110,0.9818181818181818,,H1,R,H,R74/H107,II,II
WDQ90351.1,WDQ,90351.0,IIb,IIb,2022-09,2022.0,110,0.9818181818181818,,H1,R,H,R74/H107,II,II
WDQ90530.1,WDQ,90530.0,IIb,IIb,2022-09,2022.0,110,0.9818181818181818,,H1,R,H,R74/H107,II,II
WDQ90709.1,WDQ,90709.0,IIb,IIb,2022-09,2022.0,110,0.9818181818181818,,H1,R,H,R74/H107,II,II
WDQ90887.1,WDQ,90887.0,IIb,IIb,2022-09,2022.0,110,0.9818181818181818,,H1,R,H,R74/H107,II,II
WDQ91066.1,WDQ,91066.0,IIb,IIb,2022-07,2022.0,110,0.9818181818181818,,H1,R,H,R74/H107,II,II
WDQ91245.1,WDQ,91245.0,IIb,IIb,2022-07,2022.0,110,0.9818181818181818,,H1,R,H,R74/H107,II,II
WDQ91423.1,WDQ,91423.0,IIb,IIb,2022-07,2022.0,110,0.9818181818181818,,H1,R,H,R74/H107,II,II
WDQ91602.1,WDQ,91602.0,IIb,IIb,2022-07,2022.0,110,0.9818181818181818,,H1,R,H,R74/H107,II,II
WDQ91780.1,WDQ,91780.0,IIb,IIb,2022-07,2022.0,110,0.9818181818181818,,H1,R,H,R74/H107,II,II
WDQ91959.1,WDQ,91959.0,IIb,IIb,2022-07,2022.0,110,0.9818181818181818,,H1,R,H,R74/H107,II,II
WDQ92138.1,WDQ,92138.0,IIb,IIb,2022-07,2022.0,110,0.9818181818181818,,H1,R,H,R74/H107,II,II
WDQ92317.1,WDQ,92317.0,IIb,IIb,2022-07,2022.0,110,0.9818181818181818,,H1,R,H,R74/H107,II,II
WDQ92496.1,WDQ,92496.0,IIb,IIb,2022-07,2022.0,110,0.9818181818181818,,H1,R,H,R74/H107,II,II
WDQ92670.1,WDQ,92670.0,IIb,IIb,2022-07,2022.0,110,0.9818181818181818,,H1,R,H,R74/H107,II,II
WDQ92849.1,WDQ,92849.0,IIb,IIb,2022-07,2022.0,110,0.9818181818181818,,H1,R,H,R74/H107,II,II
WDQ93028.1,WDQ,93028.0,IIb,IIb,2022-07,2022.0,110,0.9818181818181818,,H1,R,H,R74/H107,II,II
WDQ93206.1,WDQ,93206.0,IIb,IIb,2022-07,2022.0,110,0.9818181818181818,,H1,R,H,R74/H107,II,II
WDQ93384.1,WDQ,93384.0,IIb,IIb,2022-07,2022.0,110,0.9818181818181818,,H1,R,H,R74/H107,II,II
WDQ93561.1,WDQ,93561.0,IIb,IIb,2022-07,2022.0,110,0.9818181818181818,,H1,R,H,R74/H107,II,II
WDQ93740.1,WDQ,93740.0,IIb,IIb,2022-07,2022.0,110,0.9818181818181818,,H1,R,H,R74/H107,II,II
WDQ93919.1,WDQ,93919.0,IIb,IIb,2022-07,2022.0,110,0.9818181818181818,,H1,R,H,R74/H107,II,II
WDQ94098.1,WDQ,94098.0,IIb,IIb,2022-07,2022.0,110,0.9818181818181818,,H1,R,H,R74/H107,II,II
WDQ94277.1,WDQ,94277.0,IIb,IIb,2022-07,2022.0,110,0.9818181818181818,,H1,R,H,R74/H107,II,II
WDQ94456.1,WDQ,94456.0,IIb,IIb,2022-07,2022.0,110,0.9818181818181818,,H1,R,H,R74/H107,II,II
WDQ94635.1,WDQ,94635.0,IIb,IIb,2022-07,2022.0,110,0.9818181818181818,,H1,R,H,R74/H107,II,II
WDQ94814.1,WDQ,94814.0,IIb,IIb,2022-07,2022.0,110,0.9818181818181818,,H1,R,H,R74/H107,II,II
WDQ94993.1,WDQ,94993.0,IIb,IIb,2022-07,2022.0,110,0.9818181818181818,,H1,R,H,R74/H107,II,II
WDQ95172.1,WDQ,95172.0,IIb,IIb,2022-07,2022.0,110,0.9818181818181818,,H1,R,H,R74/H107,II,II
WDQ95351.1,WDQ,95351.0,IIb,IIb,2022-07,2022.0,110,0.9818181818181818,,H1,R,H,R74/H107,II,II
WDQ95530.1,WDQ,95530.0,IIb,IIb,2022-07,2022.0,110,0.9818181818181818,,H1,R,H,R74/H107,II,II
WDQ95708.1,WDQ,95708.0,IIb,IIb,2022-07,2022.0,110,0.9818181818181818,,H1,R,H,R74/H107,II,II
WDQ95887.1,WDQ,95887.0,IIb,IIb,2022-07,2022.0,110,0.9818181818181818,,H1,R,H,R74/H107,II,II
WDQ96065.1,WDQ,96065.0,IIb,IIb,2022-07,2022.0,110,0.9818181818181818,,H1,R,H,R74/H107,II,II
WDQ96244.1,WDQ,96244.0,IIb,IIb,2022-07,2022.0,110,0.9818181818181818,,H1,R,H,R74/H107,II,II
WDQ96423.1,WDQ,96423.0,IIb,IIb,2022-07,2022.0,110,0.9818181818181818,,H1,R,H,R74/H107,II,II
WDQ96602.1,WDQ,96602.0,IIb,IIb,2022-07,2022.0,110,0.9818181818181818,,H1,R,H,R74/H107,II,II
WDQ96781.1,WDQ,96781.0,IIb,IIb,2022-07,2022.0,110,0.9818181818181818,,H1,R,H,R74/H107,II,II
WDQ96960.1,WDQ,96960.0,IIb,IIb,2022-07,2022.0,110,0.9818181818181818,,H1,R,H,R74/H107,II,II
WDQ97138.1,WDQ,97138.0,IIb,IIb,2022-07,2022.0,110,0.9818181818181818,,H1,R,H,R74/H107,II,II
WDQ97317.1,WDQ,97317.0,IIb,IIb,2022-07,2022.0,110,0.9818181818181818,,H1,R,H,R74/H107,II,II
WDQ97495.1,WDQ,97495.0,IIb,IIb,2022-08,2022.0,110,0.9818181818181818,,H1,R,H,R74/H107,II,II
WDR50230.1,WDR,50230.0,IIb,IIb,2022-10-07,2022.0,110,0.9818181818181818,,H1,R,H,R74/H107,II,II
WDR50576.1,WDR,50576.0,IIb,IIb,2022-10-06,2022.0,110,0.9818181818181818,,H1,R,H,R74/H107,II,II
WDR50755.1,WDR,50755.0,IIb,IIb,2022-10-06,2022.0,110,0.9818181818181818,,H1,R,H,R74/H107,II,II
WDR50934.1,WDR,50934.0,IIb,IIb,2022-10-09,2022.0,110,0.9818181818181818,,H1,R,H,R74/H107,II,II
WDR51106.1,WDR,51106.0,IIb,IIb,2022-10-09,2022.0,110,0.9818181818181818,,H1,R,H,R74/H107,II,II
WDR51284.1,WDR,51284.0,IIb,IIb,2022-10-11,2022.0,110,0.9818181818181818,,H1,R,H,R74/H107,II,II
WDR51462.1,WDR,51462.0,IIb,IIb,2022-10-12,2022.0,110,0.9818181818181818,,H1,R,H,R74/H107,II,II
WDR51640.1,WDR,51640.0,IIb,IIb,2022-10-14,2022.0,110,0.9818181818181818,,H1,R,H,R74/H107,II,II
WDR51819.1,WDR,51819.0,IIb,IIb,2022-10-14,2022.0,110,0.9818181818181818,,H1,R,H,R74/H107,II,II
WDR51998.1,WDR,51998.0,IIb,IIb,2022-10-14,2022.0,110,0.9818181818181818,,H1,R,H,R74/H107,II,II
WDR52177.1,WDR,52177.0,IIb,IIb,2022-10-21,2022.0,110,0.9818181818181818,,H1,R,H,R74/H107,II,II
WDR52356.1,WDR,52356.0,IIb,IIb,2022-10-25,2022.0,110,0.9818181818181818,,H1,R,H,R74/H107,II,II
WDR52535.1,WDR,52535.0,IIb,IIb,2022-10-04,2022.0,110,0.9818181818181818,,H1,R,H,R74/H107,II,II
WDR53040.1,WDR,53040.0,IIb,IIb,2022-11-27,2022.0,110,0.9818181818181818,,H1,R,H,R74/H107,II,II
WDR53369.1,WDR,53369.0,IIb,IIb,2022-12-28,2022.0,110,0.9818181818181818,,H1,R,H,R74/H107,II,II
WDR53542.1,WDR,53542.0,IIb,IIb,2023-01-03,2023.0,110,0.9818181818181818,,H1,R,H,R74/H107,II,II
WDR53719.1,WDR,53719.0,IIb,IIb,2023-01-04,2023.0,110,0.9818181818181818,,H1,R,H,R74/H107,II,II
WDR53896.1,WDR,53896.0,IIb,IIb,2023-01-05,2023.0,110,0.9818181818181818,,H1,R,H,R74/H107,II,II
WDR54074.1,WDR,54074.0,IIb,IIb,2022-09-15,2022.0,110,0.9818181818181818,,H1,R,H,R74/H107,II,II
WDR54253.1,WDR,54253.0,IIb,IIb,2022-10-28,2022.0,110,0.9818181818181818,,H1,R,H,R74/H107,II,II
WDR54432.1,WDR,54432.0,IIb,IIb,2022-10-21,2022.0,110,0.9818181818181818,,H1,R,H,R74/H107,II,II
WDR54611.1,WDR,54611.0,IIb,IIb,2022-10-24,2022.0,110,0.9818181818181818,,H1,R,H,R74/H107,II,II
WDR54790.1,WDR,54790.0,IIb,IIb,2022-10-25,2022.0,110,0.9818181818181818,,H1,R,H,R74/H107,II,II
WDR54969.1,WDR,54969.0,IIb,IIb,2022-09-29,2022.0,110,0.9818181818181818,,H1,R,H,R74/H107,II,II
WDR55141.1,WDR,55141.0,IIb,IIb,2022-09-30,2022.0,110,0.9818181818181818,,H1,R,H,R74/H107,II,II
WDR55316.1,WDR,55316.0,IIb,IIb,2022-09-28,2022.0,110,0.9818181818181818,,H1,R,H,R74/H107,II,II
WDR55491.1,WDR,55491.0,IIb,IIb,2022-09-08,2022.0,110,0.9818181818181818,,H1,R,H,R74/H107,II,II
WDR55669.1,WDR,55669.0,IIb,IIb,2022-09-28,2022.0,110,0.9818181818181818,,H1,R,H,R74/H107,II,II
WDR55847.1,WDR,55847.0,IIb,IIb,2022-10-04,2022.0,110,0.9818181818181818,,H1,R,H,R74/H107,II,II
WDR56026.1,WDR,56026.0,IIb,IIb,2022-11-22,2022.0,110,0.9818181818181818,,H1,R,H,R74/H107,II,II
WDR56205.1,WDR,56205.0,IIb,IIb,2022-12-01,2022.0,110,0.9818181818181818,,H1,R,H,R74/H107,II,II
WDR56377.1,WDR,56377.0,IIb,IIb,2022-12-03,2022.0,110,0.9818181818181818,,H1,R,H,R74/H107,II,II
WDR56555.1,WDR,56555.0,IIb,IIb,2022-12-03,2022.0,110,0.9818181818181818,,H1,R,H,R74/H107,II,II
WDR56734.1,WDR,56734.0,IIb,IIb,2022-12-02,2022.0,110,0.9818181818181818,,H1,R,H,R74/H107,II,II
WDR56913.1,WDR,56913.0,IIb,IIb,2022-12-05,2022.0,110,0.9818181818181818,,H1,R,H,R74/H107,II,II
WDR57090.1,WDR,57090.0,IIb,IIb,2022-12-03,2022.0,110,0.9818181818181818,,H1,R,H,R74/H107,II,II
WDR57268.1,WDR,57268.0,IIb,IIb,2022-12-14,2022.0,110,0.9818181818181818,,H1,R,H,R74/H107,II,II
WDR57447.1,WDR,57447.0,IIb,IIb,2022-12-05,2022.0,110,0.9818181818181818,,H1,R,H,R74/H107,II,II
WDR57626.1,WDR,57626.0,IIb,IIb,2022-12-12,2022.0,110,0.9818181818181818,,H1,R,H,R74/H107,II,II
WDR57803.1,WDR,57803.0,IIb,IIb,2022-12-12,2022.0,110,0.9818181818181818,,H1,R,H,R74/H107,II,II
WDR57975.1,WDR,57975.0,IIb,IIb,2022-12-14,2022.0,110,0.9818181818181818,,H1,R,H,R74/H107,II,II
WDR58144.1,WDR,58144.0,IIb,IIb,2023-01-07,2023.0,110,0.9818181818181818,,H1,R,H,R74/H107,II,II
WDR58319.1,WDR,58319.0,IIb,IIb,2023-01-18,2023.0,110,0.9818181818181818,,H1,R,H,R74/H107,II,II
WDR58495.1,WDR,58495.0,IIb,IIb,2023-01-06,2023.0,110,0.9818181818181818,,H1,R,H,R74/H107,II,II
WDR58672.1,WDR,58672.0,IIb,IIb,2023-01-10,2023.0,110,0.9818181818181818,,H1,R,H,R74/H107,II,II
WDR58850.1,WDR,58850.0,IIb,IIb,2023-01-10,2023.0,110,0.9818181818181818,,H1,R,H,R74/H107,II,II
WDR59029.1,WDR,59029.0,IIb,IIb,2023-01-09,2023.0,110,0.9818181818181818,,H1,R,H,R74/H107,II,II
WDR59206.1,WDR,59206.0,IIb,IIb,2023-01-10,2023.0,110,0.9818181818181818,,H1,R,H,R74/H107,II,II
WDR59384.1,WDR,59384.0,IIb,IIb,2023-01-11,2023.0,110,0.9818181818181818,,H1,R,H,R74/H107,II,II
WDR59563.1,WDR,59563.0,IIb,IIb,2023-01-17,2023.0,110,0.9818181818181818,,H1,R,H,R74/H107,II,II
WDR59742.1,WDR,59742.0,IIb,IIb,2022-08-19,2022.0,110,0.9818181818181818,,H1,R,H,R74/H107,II,II
WDR59921.1,WDR,59921.0,IIb,IIb,2022-10-02,2022.0,110,0.9818181818181818,,H1,R,H,R74/H107,II,II
WDR60100.1,WDR,60100.0,IIb,IIb,2022-10-09,2022.0,110,0.9818181818181818,,H1,R,H,R74/H107,II,II
WDR60279.1,WDR,60279.0,IIb,IIb,2023-01-22,2023.0,110,0.9818181818181818,,H1,R,H,R74/H107,II,II
WDR60456.1,WDR,60456.0,IIb,IIb,2023-01-23,2023.0,110,0.9818181818181818,,H1,R,H,R74/H107,II,II
WDR60632.1,WDR,60632.0,IIb,IIb,2023-01-20,2023.0,110,0.9818181818181818,,H1,R,H,R74/H107,II,II
WDR60809.1,WDR,60809.0,IIb,IIb,2023-01-26,2023.0,110,0.9818181818181818,,H1,R,H,R74/H107,II,II
WDR60986.1,WDR,60986.0,IIb,IIb,2023-01-26,2023.0,110,0.9818181818181818,,H1,R,H,R74/H107,II,II
WDR61160.1,WDR,61160.0,IIb,IIb,2023-01-26,2023.0,110,0.9818181818181818,,H1,R,H,R74/H107,II,II
WDR61327.1,WDR,61327.0,IIb,IIb,2023-01-26,2023.0,110,0.9818181818181818,,H1,R,H,R74/H107,II,II
WDR61502.1,WDR,61502.0,IIb,IIb,2023-01-26,2023.0,110,0.9818181818181818,,H1,R,H,R74/H107,II,II
WDR61680.1,WDR,61680.0,IIb,IIb,2023-01-26,2023.0,110,0.9818181818181818,,H1,R,H,R74/H107,II,II
WDR61854.1,WDR,61854.0,IIb,IIb,2023-01-30,2023.0,110,0.9818181818181818,,H1,R,H,R74/H107,II,II
WDR62033.1,WDR,62033.0,IIb,IIb,2022-10,2022.0,110,0.9818181818181818,,H1,R,H,R74/H107,II,II
WDR62212.1,WDR,62212.0,IIb,IIb,2022-10,2022.0,110,0.9818181818181818,,H1,R,H,R74/H107,II,II
WDR62391.1,WDR,62391.0,IIb,IIb,2022-10,2022.0,110,0.9818181818181818,,H1,R,H,R74/H107,II,II
WDR62570.1,WDR,62570.0,IIb,IIb,2022-10,2022.0,110,0.9818181818181818,,H1,R,H,R74/H107,II,II
WDR62748.1,WDR,62748.0,IIb,IIb,2022-10,2022.0,110,0.9818181818181818,,H1,R,H,R74/H107,II,II
WDR62927.1,WDR,62927.0,IIb,IIb,2022-10,2022.0,110,0.9818181818181818,,H1,R,H,R74/H107,II,II
WDR63106.1,WDR,63106.0,IIb,IIb,2022-11,2022.0,110,0.9818181818181818,,H1,R,H,R74/H107,II,II
WDR63285.1,WDR,63285.0,IIb,IIb,2022-11,2022.0,110,0.9818181818181818,,H1,R,H,R74/H107,II,II
WDR63464.1,WDR,63464.0,IIb,IIb,2022-11,2022.0,110,0.9818181818181818,,H1,R,H,R74/H107,II,II
WDR63643.1,WDR,63643.0,IIb,IIb,2022-11,2022.0,110,0.9818181818181818,,H1,R,H,R74/H107,II,II
WDR63822.1,WDR,63822.0,IIb,IIb,2022-11,2022.0,110,0.9818181818181818,,H1,R,H,R74/H107,II,II
WDR64001.1,WDR,64001.0,IIb,IIb,2022-11,2022.0,110,0.9818181818181818,,H1,R,H,R74/H107,II,II
WDR64180.1,WDR,64180.0,IIb,IIb,2022-11,2022.0,110,0.9818181818181818,,H1,R,H,R74/H107,II,II
WDR64359.1,WDR,64359.0,IIb,IIb,2022-12,2022.0,110,0.9818181818181818,,H1,R,H,R74/H107,II,II
WDR64537.1,WDR,64537.0,IIb,IIb,2022-08,2022.0,110,0.9818181818181818,,H1,R,H,R74/H107,II,II
WDR64716.1,WDR,64716.0,IIb,IIb,2022-08,2022.0,110,0.9818181818181818,,H1,R,H,R74/H107,II,II
WDR64895.1,WDR,64895.0,IIb,IIb,2022-08,2022.0,110,0.9818181818181818,,H1,R,H,R74/H107,II,II
WDR65074.1,WDR,65074.0,IIb,IIb,2022-08,2022.0,110,0.9818181818181818,,H1,R,H,R74/H107,II,II
WDR65253.1,WDR,65253.0,IIb,IIb,2022-08,2022.0,110,0.9818181818181818,,H1,R,H,R74/H107,II,II
WDR65432.1,WDR,65432.0,IIb,IIb,2022-09,2022.0,110,0.9818181818181818,,H1,R,H,R74/H107,II,II
WDR65611.1,WDR,65611.0,IIb,IIb,2022-09,2022.0,110,0.9818181818181818,,H1,R,H,R74/H107,II,II
WDR65790.1,WDR,65790.0,IIb,IIb,2022-09,2022.0,110,0.9818181818181818,,H1,R,H,R74/H107,II,II
WDR65968.1,WDR,65968.0,IIb,IIb,2022-09,2022.0,110,0.9818181818181818,,H1,R,H,R74/H107,II,II
WDR66147.1,WDR,66147.0,IIb,IIb,2022-09,2022.0,110,0.9818181818181818,,H1,R,H,R74/H107,II,II
WDR66325.1,WDR,66325.0,IIb,IIb,2022-09,2022.0,110,0.9818181818181818,,H1,R,H,R74/H107,II,II
WDR66504.1,WDR,66504.0,IIb,IIb,2022-09,2022.0,110,0.9818181818181818,,H1,R,H,R74/H107,II,II
WDR66683.1,WDR,66683.0,IIb,IIb,2022-09,2022.0,110,0.9818181818181818,,H1,R,H,R74/H107,II,II
WDR66861.1,WDR,66861.0,IIb,IIb,2022-09,2022.0,110,0.9818181818181818,,H1,R,H,R74/H107,II,II
WDR67040.1,WDR,67040.0,IIb,IIb,2022-09,2022.0,110,0.9818181818181818,,H1,R,H,R74/H107,II,II
WDR67219.1,WDR,67219.0,IIb,IIb,2022-09,2022.0,110,0.9818181818181818,,H1,R,H,R74/H107,II,II
WDR67398.1,WDR,67398.0,IIb,IIb,2022-09,2022.0,110,0.9818181818181818,,H1,R,H,R74/H107,II,II
WDR67577.1,WDR,67577.0,IIb,IIb,2022-09,2022.0,110,0.9818181818181818,,H1,R,H,R74/H107,II,II
WDR67754.1,WDR,67754.0,IIb,IIb,2022-09,2022.0,110,0.9818181818181818,,H1,R,H,R74/H107,II,II
WDR67932.1,WDR,67932.0,IIb,IIb,2022-10,2022.0,110,0.9818181818181818,,H1,R,H,R74/H107,II,II
WDR68111.1,WDR,68111.0,IIb,IIb,2022-10,2022.0,110,0.9818181818181818,,H1,R,H,R74/H107,II,II
WDR68290.1,WDR,68290.0,IIb,IIb,2022-10,2022.0,110,0.9818181818181818,,H1,R,H,R74/H107,II,II
WDO36813.1,WDO,36813.0,IIb,IIb,2022-07,2022.0,110,0.9818181818181818,,H1,R,H,R74/H107,II,II
WDO36992.1,WDO,36992.0,IIb,IIb,2022-07,2022.0,110,0.9818181818181818,,H1,R,H,R74/H107,II,II
WDO37170.1,WDO,37170.0,IIb,IIb,2022-07,2022.0,110,0.9818181818181818,,H1,R,H,R74/H107,II,II
WDO37349.1,WDO,37349.0,IIb,IIb,2022-07,2022.0,110,0.9818181818181818,,H1,R,H,R74/H107,II,II
WDO37528.1,WDO,37528.0,IIb,IIb,2022-07,2022.0,110,0.9818181818181818,,H1,R,H,R74/H107,II,II
WDO37707.1,WDO,37707.0,IIb,IIb,2022-07,2022.0,110,0.9818181818181818,,H1,R,H,R74/H107,II,II
WDO37886.1,WDO,37886.0,IIb,IIb,2022-07,2022.0,110,0.9818181818181818,,H1,R,H,R74/H107,II,II
WDO38064.1,WDO,38064.0,IIb,IIb,2022-10,2022.0,110,0.9818181818181818,,H1,R,H,R74/H107,II,II
WDO38242.1,WDO,38242.0,IIb,IIb,2022-07,2022.0,110,0.9818181818181818,,H1,R,H,R74/H107,II,II
WDO38421.1,WDO,38421.0,IIb,IIb,2022-07,2022.0,110,0.9818181818181818,,H1,R,H,R74/H107,II,II
WDO38600.1,WDO,38600.0,IIb,IIb,2022-07,2022.0,110,0.9818181818181818,,H1,R,H,R74/H107,II,II
WDO38778.1,WDO,38778.0,IIb,IIb,2022-07,2022.0,110,0.9818181818181818,,H1,R,H,R74/H107,II,II
WDO38955.1,WDO,38955.0,IIb,IIb,2022-07,2022.0,110,0.9818181818181818,,H1,R,H,R74/H107,II,II
WDO39132.1,WDO,39132.0,IIb,IIb,2022-07,2022.0,110,0.9818181818181818,,H1,R,H,R74/H107,II,II
WDO39311.1,WDO,39311.0,IIb,IIb,2022-07,2022.0,110,0.9818181818181818,,H1,R,H,R74/H107,II,II
WDO39489.1,WDO,39489.0,IIb,IIb,2022-07,2022.0,110,0.9818181818181818,,H1,R,H,R74/H107,II,II
WDO39667.1,WDO,39667.0,IIb,IIb,2022-07,2022.0,110,0.9818181818181818,,H1,R,H,R74/H107,II,II
WDO39846.1,WDO,39846.0,IIb,IIb,2022-07,2022.0,110,0.9818181818181818,,H1,R,H,R74/H107,II,II
WDO40025.1,WDO,40025.0,IIb,IIb,2022-07,2022.0,110,0.9818181818181818,,H1,R,H,R74/H107,II,II
WDO40204.1,WDO,40204.0,IIb,IIb,2022-07,2022.0,110,0.9818181818181818,,H1,R,H,R74/H107,II,II
WDO40382.1,WDO,40382.0,IIb,IIb,2022-07,2022.0,110,0.9818181818181818,,H1,R,H,R74/H107,II,II
WDO40560.1,WDO,40560.0,IIb,IIb,2022-07,2022.0,110,0.9818181818181818,,H1,R,H,R74/H107,II,II
WDO40739.1,WDO,40739.0,IIb,IIb,2022-07,2022.0,110,0.9818181818181818,,H1,R,H,R74/H107,II,II
WDO40918.1,WDO,40918.0,IIb,IIb,2022-07,2022.0,110,0.9818181818181818,,H1,R,H,R74/H107,II,II
WDO41097.1,WDO,41097.0,IIb,IIb,2022-07,2022.0,110,0.9818181818181818,,H1,R,H,R74/H107,II,II
WDO41275.1,WDO,41275.0,IIb,IIb,2022-07,2022.0,110,0.9818181818181818,,H1,R,H,R74/H107,II,II
WDO41454.1,WDO,41454.0,IIb,IIb,2022-07,2022.0,110,0.9818181818181818,,H1,R,H,R74/H107,II,II
WDO41633.1,WDO,41633.0,IIb,IIb,2022-07,2022.0,110,0.9818181818181818,,H1,R,H,R74/H107,II,II
WDO41812.1,WDO,41812.0,IIb,IIb,2022-07,2022.0,110,0.9818181818181818,,H1,R,H,R74/H107,II,II
WDO41991.1,WDO,41991.0,IIb,IIb,2022-07,2022.0,110,0.9818181818181818,,H1,R,H,R74/H107,II,II
WDO42170.1,WDO,42170.0,IIb,IIb,2022-07,2022.0,110,0.9818181818181818,,H1,R,H,R74/H107,II,II
WDO42349.1,WDO,42349.0,IIb,IIb,2022-07,2022.0,110,0.9818181818181818,,H1,R,H,R74/H107,II,II
WDO42528.1,WDO,42528.0,IIb,IIb,2022-07,2022.0,110,0.9818181818181818,,H1,R,H,R74/H107,II,II
WDO42707.1,WDO,42707.0,IIb,IIb,2022-07,2022.0,110,0.9818181818181818,,H1,R,H,R74/H107,II,II
WDO42885.1,WDO,42885.0,IIb,IIb,2022-07,2022.0,110,0.9818181818181818,,H1,R,H,R74/H107,II,II
WDO43063.1,WDO,43063.0,IIb,IIb,2022-07,2022.0,110,0.9818181818181818,,H1,R,H,R74/H107,II,II
WDO43242.1,WDO,43242.0,IIb,IIb,2022-07,2022.0,110,0.9818181818181818,,H1,R,H,R74/H107,II,II
WDO43421.1,WDO,43421.0,IIb,IIb,2022-06,2022.0,110,0.9818181818181818,,H1,R,H,R74/H107,II,II
WDO43599.1,WDO,43599.0,IIb,IIb,2022-07,2022.0,110,0.9818181818181818,,H1,R,H,R74/H107,II,II
WDO43778.1,WDO,43778.0,IIb,IIb,2022-07,2022.0,110,0.9818181818181818,,H1,R,H,R74/H107,II,II
WDO43957.1,WDO,43957.0,IIb,IIb,2022-07,2022.0,110,0.9818181818181818,,H1,R,H,R74/H107,II,II
WDO44136.1,WDO,44136.0,IIb,IIb,2022-07,2022.0,110,0.9818181818181818,,H1,R,H,R74/H107,II,II
WDO44315.1,WDO,44315.0,IIb,IIb,2022-07,2022.0,110,0.9818181818181818,,H1,R,H,R74/H107,II,II
WDO44494.1,WDO,44494.0,IIb,IIb,2022-07,2022.0,110,0.9818181818181818,,H1,R,H,R74/H107,II,II
WDO44673.1,WDO,44673.0,IIb,IIb,2022-07,2022.0,110,0.9818181818181818,,H1,R,H,R74/H107,II,II
WDO44852.1,WDO,44852.0,IIb,IIb,2022-07,2022.0,110,0.9818181818181818,,H1,R,H,R74/H107,II,II
WDO45031.1,WDO,45031.0,IIb,IIb,2022-07,2022.0,110,0.9818181818181818,,H1,R,H,R74/H107,II,II
WDO45210.1,WDO,45210.0,IIb,IIb,2022-06,2022.0,110,0.9818181818181818,,H1,R,H,R74/H107,II,II
WDO45389.1,WDO,45389.0,IIb,IIb,2022-07,2022.0,110,0.9818181818181818,,H1,R,H,R74/H107,II,II
WDO45568.1,WDO,45568.0,IIb,IIb,2022-07,2022.0,110,0.9818181818181818,,H1,R,H,R74/H107,II,II
WDO45747.1,WDO,45747.0,IIb,IIb,2022-07,2022.0,110,0.9818181818181818,,H1,R,H,R74/H107,II,II
WDO45926.1,WDO,45926.0,IIb,IIb,2022-07,2022.0,110,0.9818181818181818,,H1,R,H,R74/H107,II,II
WDO46105.1,WDO,46105.0,IIb,IIb,2022-07,2022.0,110,0.9818181818181818,,H1,R,H,R74/H107,II,II
WDO46284.1,WDO,46284.0,IIb,IIb,2022-06,2022.0,110,0.9818181818181818,,H1,R,H,R74/H107,II,II
WDO46463.1,WDO,46463.0,IIb,IIb,2022-06,2022.0,110,0.9818181818181818,,H1,R,H,R74/H107,II,II
WDO46640.1,WDO,46640.0,IIb,IIb,2022-06,2022.0,110,0.9818181818181818,,H1,R,H,R74/H107,II,II
WDO46818.1,WDO,46818.0,IIb,IIb,2022-06,2022.0,110,0.9818181818181818,,H1,R,H,R74/H107,II,II
WDO46997.1,WDO,46997.0,IIb,IIb,2022-06,2022.0,110,0.9818181818181818,,H1,R,H,R74/H107,II,II
WDO47176.1,WDO,47176.0,IIb,IIb,2022-07,2022.0,110,0.9818181818181818,,H1,R,H,R74/H107,II,II
WDO47355.1,WDO,47355.0,IIb,IIb,2022-07,2022.0,110,0.9818181818181818,,H1,R,H,R74/H107,II,II
WDO47534.1,WDO,47534.0,IIb,IIb,2022-07,2022.0,110,0.9818181818181818,,H1,R,H,R74/H107,II,II
WDO47711.1,WDO,47711.0,IIb,IIb,2022-07,2022.0,110,0.9818181818181818,,H1,R,H,R74/H107,II,II
WDO47890.1,WDO,47890.0,IIb,IIb,2022-07,2022.0,110,0.9818181818181818,,H1,R,H,R74/H107,II,II
WDO48069.1,WDO,48069.0,IIb,IIb,2022-07,2022.0,110,0.9818181818181818,,H1,R,H,R74/H107,II,II
WDO48248.1,WDO,48248.0,IIb,IIb,2022-07,2022.0,110,0.9818181818181818,,H1,R,H,R74/H107,II,II
WDO48426.1,WDO,48426.0,IIb,IIb,2022-07,2022.0,110,0.9818181818181818,,H1,R,H,R74/H107,II,II
WDO48605.1,WDO,48605.0,IIb,IIb,2022-07,2022.0,110,0.9818181818181818,,H1,R,H,R74/H107,II,II
WDO48784.1,WDO,48784.0,IIb,IIb,2022-07,2022.0,110,0.9818181818181818,,H1,R,H,R74/H107,II,II
WDO48963.1,WDO,48963.0,IIb,IIb,2022-07,2022.0,110,0.9818181818181818,,H1,R,H,R74/H107,II,II
WDO49141.1,WDO,49141.0,IIb,IIb,2022-07,2022.0,110,0.9818181818181818,,H1,R,H,R74/H107,II,II
WDO49320.1,WDO,49320.0,IIb,IIb,2022-07,2022.0,110,0.9818181818181818,,H1,R,H,R74/H107,II,II
WDO49499.1,WDO,49499.0,IIb,IIb,2022-07,2022.0,110,0.9818181818181818,,H1,R,H,R74/H107,II,II
WDO49677.1,WDO,49677.0,IIb,IIb,2022-07,2022.0,110,0.9818181818181818,,H1,R,H,R74/H107,II,II
WDO49855.1,WDO,49855.0,IIb,IIb,2022-07,2022.0,110,0.9818181818181818,,H1,R,H,R74/H107,II,II
WDO50034.1,WDO,50034.0,IIb,IIb,2022-07,2022.0,110,0.9818181818181818,,H1,R,H,R74/H107,II,II
WDO50211.1,WDO,50211.0,IIb,IIb,2022-07,2022.0,110,0.9818181818181818,,H1,R,H,R74/H107,II,II
WDO50389.1,WDO,50389.0,IIb,IIb,2022-07,2022.0,110,0.9818181818181818,,H1,R,H,R74/H107,II,II
WDO50568.1,WDO,50568.0,IIb,IIb,2022-07,2022.0,110,0.9818181818181818,,H1,R,H,R74/H107,II,II
WDO50747.1,WDO,50747.0,IIb,IIb,2022-07,2022.0,110,0.9818181818181818,,H1,R,H,R74/H107,II,II
WDO50926.1,WDO,50926.0,IIb,IIb,2022-07,2022.0,110,0.9818181818181818,,H1,R,H,R74/H107,II,II
WDO51105.1,WDO,51105.0,IIb,IIb,2022-07,2022.0,110,0.9818181818181818,,H1,R,H,R74/H107,II,II
WDO51284.1,WDO,51284.0,IIb,IIb,2022-07,2022.0,110,0.9818181818181818,,H1,R,H,R74/H107,II,II
WDO51463.1,WDO,51463.0,IIb,IIb,2022-07,2022.0,110,0.9818181818181818,,H1,R,H,R74/H107,II,II
WDO51642.1,WDO,51642.0,IIb,IIb,2022-07,2022.0,110,0.9818181818181818,,H1,R,H,R74/H107,II,II
WDO51821.1,WDO,51821.0,IIb,IIb,2022-07,2022.0,110,0.9818181818181818,,H1,R,H,R74/H107,II,II
WDO52000.1,WDO,52000.0,IIb,IIb,2022-07,2022.0,110,0.9818181818181818,,H1,R,H,R74/H107,II,II
WDO52179.1,WDO,52179.0,IIb,IIb,2022-07,2022.0,110,0.9818181818181818,,H1,R,H,R74/H107,II,II
WDO52357.1,WDO,52357.0,IIb,IIb,2022-06,2022.0,110,0.9818181818181818,,H1,R,H,R74/H107,II,II
WDO52536.1,WDO,52536.0,IIb,IIb,2022-07,2022.0,110,0.9818181818181818,,H1,R,H,R74/H107,II,II
WDO52715.1,WDO,52715.0,IIb,IIb,2022-07,2022.0,110,0.9818181818181818,,H1,R,H,R74/H107,II,II
WDO52894.1,WDO,52894.0,IIb,IIb,2022-07,2022.0,110,0.9818181818181818,,H1,R,H,R74/H107,II,II
WDO53072.1,WDO,53072.0,IIb,IIb,2022-07,2022.0,110,0.9818181818181818,,H1,R,H,R74/H107,II,II
WDO53251.1,WDO,53251.0,IIb,IIb,2022-07,2022.0,110,0.9818181818181818,,H1,R,H,R74/H107,II,II
WDO53429.1,WDO,53429.0,IIb,IIb,2022-07,2022.0,110,0.9818181818181818,,H1,R,H,R74/H107,II,II
WDO53607.1,WDO,53607.0,IIb,IIb,2022-07,2022.0,110,0.9818181818181818,,H1,R,H,R74/H107,II,II
WDO53786.1,WDO,53786.0,IIb,IIb,2022-07,2022.0,110,0.9818181818181818,,H1,R,H,R74/H107,II,II
WDO53965.1,WDO,53965.0,IIb,IIb,2022-07,2022.0,110,0.9818181818181818,,H1,R,H,R74/H107,II,II
WDO54144.1,WDO,54144.0,IIb,IIb,2022-07,2022.0,110,0.9818181818181818,,H1,R,H,R74/H107,II,II
WDO54321.1,WDO,54321.0,IIb,IIb,2022-08,2022.0,110,0.9818181818181818,,H1,R,H,R74/H107,II,II
WDO54500.1,WDO,54500.0,IIb,IIb,2022-07,2022.0,110,0.9818181818181818,,H1,R,H,R74/H107,II,II
WDO28963.1,WDO,28963.0,IIb,IIb,2022-08,2022.0,110,0.9818181818181818,,H1,R,H,R74/H107,II,II
WDO29142.1,WDO,29142.0,IIb,IIb,2022-07,2022.0,110,0.9818181818181818,,H1,R,H,R74/H107,II,II
WDO29321.1,WDO,29321.0,IIb,IIb,2022-07,2022.0,110,0.9818181818181818,,H1,R,H,R74/H107,II,II
WDO29500.1,WDO,29500.0,IIb,IIb,2022-07,2022.0,110,0.9818181818181818,,H1,R,H,R74/H107,II,II
WDO29679.1,WDO,29679.0,IIb,IIb,2022-08,2022.0,110,0.9818181818181818,,H1,R,H,R74/H107,II,II
WDO29855.1,WDO,29855.0,IIb,IIb,2022-08,2022.0,110,0.9818181818181818,,H1,R,H,R74/H107,II,II
WDO30033.1,WDO,30033.0,IIb,IIb,2022-08,2022.0,110,0.9818181818181818,,H1,R,H,R74/H107,II,II
WDO30212.1,WDO,30212.0,IIb,IIb,2022-08,2022.0,110,0.9818181818181818,,H1,R,H,R74/H107,II,II
WDO30390.1,WDO,30390.0,IIb,IIb,2022-08,2022.0,110,0.9818181818181818,,H1,R,H,R74/H107,II,II
WDO30568.1,WDO,30568.0,IIb,IIb,2022-08,2022.0,110,0.9818181818181818,,H1,R,H,R74/H107,II,II
WDO30746.1,WDO,30746.0,IIb,IIb,2022-08,2022.0,110,0.9818181818181818,,H1,R,H,R74/H107,II,II
WDO30924.1,WDO,30924.0,IIb,IIb,2022-08,2022.0,110,0.9818181818181818,,H1,R,H,R74/H107,II,II
WDO31103.1,WDO,31103.0,IIb,IIb,2022-08,2022.0,110,0.9818181818181818,,H1,R,H,R74/H107,II,II
WDO31282.1,WDO,31282.0,IIb,IIb,2022-08,2022.0,110,0.9818181818181818,,H1,R,H,R74/H107,II,II
WDO31461.1,WDO,31461.0,IIb,IIb,2022-08,2022.0,110,0.9818181818181818,,H1,R,H,R74/H107,II,II
WDO31639.1,WDO,31639.0,IIb,IIb,2022-08,2022.0,110,0.9818181818181818,,H1,R,H,R74/H107,II,II
WDO31816.1,WDO,31816.0,IIb,IIb,2022-08,2022.0,110,0.9818181818181818,,H1,R,H,R74/H107,II,II
WDO31995.1,WDO,31995.0,IIb,IIb,2022-08,2022.0,110,0.9818181818181818,,H1,R,H,R74/H107,II,II
WDO32173.1,WDO,32173.0,IIb,IIb,2022-08,2022.0,110,0.9818181818181818,,H1,R,H,R74/H107,II,II
WDO32352.1,WDO,32352.0,IIb,IIb,2022-08,2022.0,110,0.9818181818181818,,H1,R,H,R74/H107,II,II
WDO32531.1,WDO,32531.0,IIb,IIb,2022-08,2022.0,110,0.9818181818181818,,H1,R,H,R74/H107,II,II
WDO32710.1,WDO,32710.0,IIb,IIb,2022-08,2022.0,110,0.9818181818181818,,H1,R,H,R74/H107,II,II
WDO32888.1,WDO,32888.0,IIb,IIb,2022-08,2022.0,110,0.9818181818181818,,H1,R,H,R74/H107,II,II
WDO33065.1,WDO,33065.0,IIb,IIb,2022-08,2022.0,110,0.9818181818181818,,H1,R,H,R74/H107,II,II
WDO33243.1,WDO,33243.0,IIb,IIb,2022-08,2022.0,110,0.9818181818181818,,H1,R,H,R74/H107,II,II
WDO33421.1,WDO,33421.0,IIb,IIb,2022-08,2022.0,110,0.9818181818181818,,H1,R,H,R74/H107,II,II
WDO33600.1,WDO,33600.0,IIb,IIb,2022-08,2022.0,110,0.9818181818181818,,H1,R,H,R74/H107,II,II
WDO33779.1,WDO,33779.0,IIb,IIb,2022-08,2022.0,110,0.9818181818181818,,H1,R,H,R74/H107,II,II
WDO33958.1,WDO,33958.0,IIb,IIb,2022-08,2022.0,110,0.9818181818181818,,H1,R,H,R74/H107,II,II
WDO34137.1,WDO,34137.0,IIb,IIb,2022-08,2022.0,110,0.9818181818181818,,H1,R,H,R74/H107,II,II
WDO34316.1,WDO,34316.0,IIb,IIb,2022-08,2022.0,110,0.9818181818181818,,H1,R,H,R74/H107,II,II
WDO34495.1,WDO,34495.0,IIb,IIb,2022-08,2022.0,110,0.9818181818181818,,H1,R,H,R74/H107,II,II
WDO34674.1,WDO,34674.0,IIb,IIb,2022-08,2022.0,110,0.9818181818181818,,H1,R,H,R74/H107,II,II
WDO34852.1,WDO,34852.0,IIb,IIb,2022-08,2022.0,110,0.9818181818181818,,H1,R,H,R74/H107,II,II
WDO35030.1,WDO,35030.0,IIb,IIb,2022-08,2022.0,110,0.9818181818181818,,H1,R,H,R74/H107,II,II
WDO35207.1,WDO,35207.0,IIb,IIb,2022-08,2022.0,110,0.9818181818181818,,H1,R,H,R74/H107,II,II
WDO35386.1,WDO,35386.0,IIb,IIb,2022-07,2022.0,110,0.9818181818181818,,H1,R,H,R74/H107,II,II
WDO35563.1,WDO,35563.0,IIb,IIb,2022-07,2022.0,110,0.9818181818181818,,H1,R,H,R74/H107,II,II
WDO35742.1,WDO,35742.0,IIb,IIb,2022-07,2022.0,110,0.9818181818181818,,H1,R,H,R74/H107,II,II
WDO35921.1,WDO,35921.0,IIb,IIb,2022-07,2022.0,110,0.9818181818181818,,H1,R,H,R74/H107,II,II
WDO36098.1,WDO,36098.0,IIb,IIb,2022-07,2022.0,110,0.9818181818181818,,H1,R,H,R74/H107,II,II
WDO36277.1,WDO,36277.0,IIb,IIb,2022-07,2022.0,110,0.9818181818181818,,H1,R,H,R74/H107,II,II
WDO36455.1,WDO,36455.0,IIb,IIb,2022-07,2022.0,110,0.9818181818181818,,H1,R,H,R74/H107,II,II
WDO36634.1,WDO,36634.0,IIb,IIb,2022-07,2022.0,110,0.9818181818181818,,H1,R,H,R74/H107,II,II
WDO54679.1,WDO,54679.0,IIb,IIb,2022-08,2022.0,110,0.9818181818181818,,H1,R,H,R74/H107,II,II
WDO54858.1,WDO,54858.0,IIb,IIb,2022-09,2022.0,110,0.9818181818181818,,H1,R,H,R74/H107,II,II
WDO55037.1,WDO,55037.0,IIb,IIb,2022-09,2022.0,110,0.9818181818181818,,H1,R,H,R74/H107,II,II
WDO55216.1,WDO,55216.0,IIb,IIb,2022-09,2022.0,110,0.9818181818181818,,H1,R,H,R74/H107,II,II
WDO55395.1,WDO,55395.0,IIb,IIb,2022-10,2022.0,110,0.9818181818181818,,H1,R,H,R74/H107,II,II
WDO55574.1,WDO,55574.0,IIb,IIb,2022-10,2022.0,110,0.9818181818181818,,H1,R,H,R74/H107,II,II
WDO55753.1,WDO,55753.0,IIb,IIb,2022-07,2022.0,110,0.9818181818181818,,H1,R,H,R74/H107,II,II
WDO55931.1,WDO,55931.0,IIb,IIb,2022-07,2022.0,110,0.9818181818181818,,H1,R,H,R74/H107,II,II
WDO56110.1,WDO,56110.0,IIb,IIb,2022-07,2022.0,110,0.9818181818181818,,H1,R,H,R74/H107,II,II
WDO56289.1,WDO,56289.0,IIb,IIb,2022-07,2022.0,110,0.9818181818181818,,H1,R,H,R74/H107,II,II
WDO56468.1,WDO,56468.0,IIb,IIb,2022-07,2022.0,110,0.9818181818181818,,H1,R,H,R74/H107,II,II
WDO56647.1,WDO,56647.0,IIb,IIb,2022-07,2022.0,110,0.9818181818181818,,H1,R,H,R74/H107,II,II
WDO56825.1,WDO,56825.0,IIb,IIb,2022-07,2022.0,110,0.9818181818181818,,H1,R,H,R74/H107,II,II
WDO57004.1,WDO,57004.0,IIb,IIb,2022-07,2022.0,110,0.9818181818181818,,H1,R,H,R74/H107,II,II
WDO57183.1,WDO,57183.0,IIb,IIb,2022-07,2022.0,110,0.9818181818181818,,H1,R,H,R74/H107,II,II
WDO57362.1,WDO,57362.0,IIb,IIb,2022-07,2022.0,110,0.9818181818181818,,H1,R,H,R74/H107,II,II
WDO57541.1,WDO,57541.0,IIb,IIb,2022-05,2022.0,110,0.9818181818181818,,H1,R,H,R74/H107,II,II
WDO57720.1,WDO,57720.0,IIb,IIb,2022-07,2022.0,110,0.9818181818181818,,H1,R,H,R74/H107,II,II
WDO57899.1,WDO,57899.0,IIb,IIb,2022-07,2022.0,110,0.9818181818181818,,H1,R,H,R74/H107,II,II
WDO58078.1,WDO,58078.0,IIb,IIb,2022-07,2022.0,110,0.9818181818181818,,H1,R,H,R74/H107,II,II
WDO58255.1,WDO,58255.0,IIb,IIb,2022-07,2022.0,110,0.9818181818181818,,H1,R,H,R74/H107,II,II
WDO58434.1,WDO,58434.0,IIb,IIb,2022-07,2022.0,110,0.9818181818181818,,H1,R,H,R74/H107,II,II
WDO58613.1,WDO,58613.0,IIb,IIb,2022-07,2022.0,110,0.9818181818181818,,H1,R,H,R74/H107,II,II
WDO58792.1,WDO,58792.0,IIb,IIb,2022-07,2022.0,110,0.9818181818181818,,H1,R,H,R74/H107,II,II
WDO58971.1,WDO,58971.0,IIb,IIb,2022-07,2022.0,110,0.9818181818181818,,H1,R,H,R74/H107,II,II
WDO59149.1,WDO,59149.0,IIb,IIb,2022-07,2022.0,110,0.9818181818181818,,H1,R,H,R74/H107,II,II
WDO59327.1,WDO,59327.0,IIb,IIb,2022-07,2022.0,110,0.9818181818181818,,H1,R,H,R74/H107,II,II
WDO59506.1,WDO,59506.0,IIb,IIb,2022-07,2022.0,110,0.9818181818181818,,H1,R,H,R74/H107,II,II
WDO59685.1,WDO,59685.0,IIb,IIb,2022-07,2022.0,110,0.9818181818181818,,H1,R,H,R74/H107,II,II
WDO59864.1,WDO,59864.0,IIb,IIb,2022-07,2022.0,110,0.9818181818181818,,H1,R,H,R74/H107,II,II
WDO60043.1,WDO,60043.0,IIb,IIb,2022-07,2022.0,110,0.9818181818181818,,H1,R,H,R74/H107,II,II
WDO60222.1,WDO,60222.0,IIb,IIb,2022-07,2022.0,110,0.9818181818181818,,H1,R,H,R74/H107,II,II
WDO60398.1,WDO,60398.0,IIb,IIb,2022-07,2022.0,110,0.9818181818181818,,H1,R,H,R74/H107,II,II
WDO60577.1,WDO,60577.0,IIb,IIb,2022-07,2022.0,110,0.9818181818181818,,H1,R,H,R74/H107,II,II
WDO60756.1,WDO,60756.0,IIb,IIb,2022-07,2022.0,110,0.9818181818181818,,H1,R,H,R74/H107,II,II
WDO60935.1,WDO,60935.0,IIb,IIb,2022-07,2022.0,110,0.9818181818181818,,H1,R,H,R74/H107,II,II
WDO61114.1,WDO,61114.0,IIb,IIb,2022-07,2022.0,110,0.9818181818181818,,H1,R,H,R74/H107,II,II
WDO61293.1,WDO,61293.0,IIb,IIb,2022-07,2022.0,110,0.9818181818181818,,H1,R,H,R74/H107,II,II
WDO61472.1,WDO,61472.0,IIb,IIb,2022-07,2022.0,110,0.9818181818181818,,H1,R,H,R74/H107,II,II
WDO61651.1,WDO,61651.0,IIb,IIb,2022-07,2022.0,110,0.9818181818181818,,H1,R,H,R74/H107,II,II
WDO61830.1,WDO,61830.0,IIb,IIb,2022-07,2022.0,110,0.9818181818181818,,H1,R,H,R74/H107,II,II
WDO62009.1,WDO,62009.0,IIb,IIb,2022-07,2022.0,110,0.9818181818181818,,H1,R,H,R74/H107,II,II
WDO62188.1,WDO,62188.0,IIb,IIb,2022-07,2022.0,110,0.9818181818181818,,H1,R,H,R74/H107,II,II
WDO62367.1,WDO,62367.0,IIb,IIb,2022-07,2022.0,110,0.9818181818181818,,H1,R,H,R74/H107,II,II
WDO62546.1,WDO,62546.0,IIb,IIb,2022-07,2022.0,110,0.9818181818181818,,H1,R,H,R74/H107,II,II
WDO62725.1,WDO,62725.0,IIb,IIb,2022-07,2022.0,110,0.9818181818181818,,H1,R,H,R74/H107,II,II
WDO62904.1,WDO,62904.0,IIb,IIb,2022-07,2022.0,110,0.9818181818181818,,H1,R,H,R74/H107,II,II
WDO63083.1,WDO,63083.0,IIb,IIb,2022-07,2022.0,110,0.9818181818181818,,H1,R,H,R74/H107,II,II
WDO63262.1,WDO,63262.0,IIb,IIb,2022-07,2022.0,110,0.9818181818181818,,H1,R,H,R74/H107,II,II
WDO63441.1,WDO,63441.0,IIb,IIb,2022-07,2022.0,110,0.9818181818181818,,H1,R,H,R74/H107,II,II
WDO63619.1,WDO,63619.0,IIb,IIb,2022-07,2022.0,110,0.9818181818181818,,H1,R,H,R74/H107,II,II
WDO63798.1,WDO,63798.0,IIb,IIb,2022-07,2022.0,110,0.9818181818181818,,H1,R,H,R74/H107,II,II
WDO63977.1,WDO,63977.0,IIb,IIb,2022-07,2022.0,110,0.9818181818181818,,H1,R,H,R74/H107,II,II
WDO64156.1,WDO,64156.0,IIb,IIb,2022-07,2022.0,110,0.9818181818181818,,H1,R,H,R74/H107,II,II
WDO64335.1,WDO,64335.0,IIb,IIb,2022-07,2022.0,110,0.9818181818181818,,H1,R,H,R74/H107,II,II
WDO64514.1,WDO,64514.0,IIb,IIb,2022-07,2022.0,110,0.9818181818181818,,H1,R,H,R74/H107,II,II
WDO64693.1,WDO,64693.0,IIb,IIb,2022-07,2022.0,110,0.9818181818181818,,H1,R,H,R74/H107,II,II
WDO64871.1,WDO,64871.0,IIb,IIb,2022-07,2022.0,110,0.9818181818181818,,H1,R,H,R74/H107,II,II
WDO65050.1,WDO,65050.0,IIb,IIb,2022-07,2022.0,110,0.9818181818181818,,H1,R,H,R74/H107,II,II
WDO65229.1,WDO,65229.0,IIb,IIb,2022-07,2022.0,110,0.9818181818181818,,H1,R,H,R74/H107,II,II
WDO65408.1,WDO,65408.0,IIb,IIb,2022-07,2022.0,110,0.9818181818181818,,H1,R,H,R74/H107,II,II
WDO65587.1,WDO,65587.0,IIb,IIb,2022-07,2022.0,110,0.9818181818181818,,H1,R,H,R74/H107,II,II
WDO65764.1,WDO,65764.0,IIb,IIb,2022-07,2022.0,110,0.9818181818181818,,H1,R,H,R74/H107,II,II
WDO65943.1,WDO,65943.0,IIb,IIb,2022-07,2022.0,110,0.9818181818181818,,H1,R,H,R74/H107,II,II
WDO66122.1,WDO,66122.0,IIb,IIb,2022-07,2022.0,110,0.9818181818181818,,H1,R,H,R74/H107,II,II
WDO66299.1,WDO,66299.0,IIb,IIb,2022-07,2022.0,110,0.9818181818181818,,H1,R,H,R74/H107,II,II
WDO66478.1,WDO,66478.0,IIb,IIb,2022-07,2022.0,110,0.9818181818181818,,H1,R,H,R74/H107,II,II
WDO66657.1,WDO,66657.0,IIb,IIb,2022-07,2022.0,110,0.9818181818181818,,H1,R,H,R74/H107,II,II
WDO66836.1,WDO,66836.0,IIb,IIb,2022-07,2022.0,110,0.9818181818181818,,H1,R,H,R74/H107,II,II
WDO67015.1,WDO,67015.0,IIb,IIb,2022-07,2022.0,110,0.9818181818181818,,H1,R,H,R74/H107,II,II
WDO67194.1,WDO,67194.0,IIb,IIb,2022-07,2022.0,110,0.9818181818181818,,H1,R,H,R74/H107,II,II
WDO67373.1,WDO,67373.0,IIb,IIb,2022-07,2022.0,110,0.9818181818181818,,H1,R,H,R74/H107,II,II
WDO67552.1,WDO,67552.0,IIb,IIb,2022-07,2022.0,110,0.9818181818181818,,H1,R,H,R74/H107,II,II
WDO67731.1,WDO,67731.0,IIb,IIb,2022-07,2022.0,110,0.9818181818181818,,H1,R,H,R74/H107,II,II
WDO67910.1,WDO,67910.0,IIb,IIb,2022-07,2022.0,110,0.9818181818181818,,H1,R,H,R74/H107,II,II
WDO68089.1,WDO,68089.0,IIb,IIb,2022-07,2022.0,110,0.9818181818181818,,H1,R,H,R74/H107,II,II
WDO68266.1,WDO,68266.0,IIb,IIb,2022-07,2022.0,110,0.9818181818181818,,H1,R,H,R74/H107,II,II
WDO68445.1,WDO,68445.0,IIb,IIb,2022-07,2022.0,110,0.9818181818181818,,H1,R,H,R74/H107,II,II
WDO68624.1,WDO,68624.0,IIb,IIb,2022-07,2022.0,110,0.9818181818181818,,H1,R,H,R74/H107,II,II
WDO68803.1,WDO,68803.0,IIb,IIb,2022-07,2022.0,110,0.9818181818181818,,H1,R,H,R74/H107,II,II
WDO68981.1,WDO,68981.0,IIb,IIb,2022-07,2022.0,110,0.9818181818181818,,H1,R,H,R74/H107,II,II
WDO69160.1,WDO,69160.0,IIb,IIb,2022-07,2022.0,110,0.9818181818181818,,H1,R,H,R74/H107,II,II
WDO69339.1,WDO,69339.0,IIb,IIb,2022-07,2022.0,110,0.9818181818181818,,H1,R,H,R74/H107,II,II
WDO69518.1,WDO,69518.0,IIb,IIb,2022-07,2022.0,110,0.9818181818181818,,H1,R,H,R74/H107,II,II
WDO69697.1,WDO,69697.0,IIb,IIb,2022-07,2022.0,110,0.9818181818181818,,H1,R,H,R74/H107,II,II
WDO69876.1,WDO,69876.0,IIb,IIb,2022-07,2022.0,110,0.9818181818181818,,H1,R,H,R74/H107,II,II
WDO70052.1,WDO,70052.0,IIb,IIb,2022-07,2022.0,110,0.9818181818181818,,H1,R,H,R74/H107,II,II
WDO70231.1,WDO,70231.0,IIb,IIb,2022-07,2022.0,110,0.9818181818181818,,H1,R,H,R74/H107,II,II
WDO70409.1,WDO,70409.0,IIb,IIb,2022-07,2022.0,110,0.9818181818181818,,H1,R,H,R74/H107,II,II
WDO70588.1,WDO,70588.0,IIb,IIb,2022-07,2022.0,110,0.9818181818181818,,H1,R,H,R74/H107,II,II
WDO70767.1,WDO,70767.0,IIb,IIb,2022-07,2022.0,110,0.9818181818181818,,H1,R,H,R74/H107,II,II
WDO70946.1,WDO,70946.0,IIb,IIb,2022-07,2022.0,110,0.9818181818181818,,H1,R,H,R74/H107,II,II
WDO71124.1,WDO,71124.0,IIb,IIb,2022-07,2022.0,110,0.9818181818181818,,H1,R,H,R74/H107,II,II
WDO71303.1,WDO,71303.0,IIb,IIb,2022-07,2022.0,110,0.9818181818181818,,H1,R,H,R74/H107,II,II
WDO71482.1,WDO,71482.0,IIb,IIb,2022-07,2022.0,110,0.9818181818181818,,H1,R,H,R74/H107,II,II
WDO71661.1,WDO,71661.0,IIb,IIb,2022-07,2022.0,110,0.9818181818181818,,H1,R,H,R74/H107,II,II
WDO71839.1,WDO,71839.0,IIb,IIb,2022-07,2022.0,110,0.9818181818181818,,H1,R,H,R74/H107,II,II
WDO72017.1,WDO,72017.0,IIb,IIb,2022-07,2022.0,110,0.9818181818181818,,H1,R,H,R74/H107,II,II
WDO72196.1,WDO,72196.0,IIb,IIb,2022-07,2022.0,110,0.9818181818181818,,H1,R,H,R74/H107,II,II
WDO72375.1,WDO,72375.0,IIb,IIb,2022-07,2022.0,110,0.9818181818181818,,H1,R,H,R74/H107,II,II
WDO72553.1,WDO,72553.0,IIb,IIb,2022-08,2022.0,110,0.9818181818181818,,H1,R,H,R74/H107,II,II
WDO72730.1,WDO,72730.0,IIb,IIb,2022-07,2022.0,110,0.9818181818181818,,H1,R,H,R74/H107,II,II
WDO72908.1,WDO,72908.0,IIb,IIb,2022-07,2022.0,110,0.9818181818181818,,H1,R,H,R74/H107,II,II
WDO73087.1,WDO,73087.0,IIb,IIb,2022-08,2022.0,110,0.9818181818181818,,H1,R,H,R74/H107,II,II
WDO73266.1,WDO,73266.0,IIb,IIb,2022-08,2022.0,110,0.9818181818181818,,H1,R,H,R74/H107,II,II
WDO73445.1,WDO,73445.0,IIb,IIb,2022-09,2022.0,110,0.9818181818181818,,H1,R,H,R74/H107,II,II
WDO73623.1,WDO,73623.0,IIb,IIb,2022-09,2022.0,110,0.9818181818181818,,H1,R,H,R74/H107,II,II
WDO73802.1,WDO,73802.0,IIb,IIb,2022-09,2022.0,110,0.9818181818181818,,H1,R,H,R74/H107,II,II
WDO73981.1,WDO,73981.0,IIb,IIb,2022-09,2022.0,110,0.9818181818181818,,H1,R,H,R74/H107,II,II
WDO74160.1,WDO,74160.0,IIb,IIb,2022-09,2022.0,110,0.9818181818181818,,H1,R,H,R74/H107,II,II
WDO74339.1,WDO,74339.0,IIb,IIb,2022-09,2022.0,110,0.9818181818181818,,H1,R,H,R74/H107,II,II
WDO74516.1,WDO,74516.0,IIb,IIb,2022-10,2022.0,110,0.9818181818181818,,H1,R,H,R74/H107,II,II
WDO74694.1,WDO,74694.0,IIb,IIb,2022-07,2022.0,110,0.9818181818181818,,H1,R,H,R74/H107,II,II
WDO74873.1,WDO,74873.0,IIb,IIb,2022-07,2022.0,110,0.9818181818181818,,H1,R,H,R74/H107,II,II
WDO75052.1,WDO,75052.0,IIb,IIb,2022-07,2022.0,110,0.9818181818181818,,H1,R,H,R74/H107,II,II
WDO75231.1,WDO,75231.0,IIb,IIb,2022-07,2022.0,110,0.9818181818181818,,H1,R,H,R74/H107,II,II
WDO75410.1,WDO,75410.0,IIb,IIb,2022-07,2022.0,110,0.9818181818181818,,H1,R,H,R74/H107,II,II
WDO75589.1,WDO,75589.0,IIb,IIb,2022-07,2022.0,110,0.9818181818181818,,H1,R,H,R74/H107,II,II
WDO75768.1,WDO,75768.0,IIb,IIb,2022-07,2022.0,110,0.9818181818181818,,H1,R,H,R74/H107,II,II
WDO75947.1,WDO,75947.0,IIb,IIb,2022-07,2022.0,110,0.9818181818181818,,H1,R,H,R74/H107,II,II
WDO76126.1,WDO,76126.0,IIb,IIb,2022-07,2022.0,110,0.9818181818181818,,H1,R,H,R74/H107,II,II
WDO76304.1,WDO,76304.0,IIb,IIb,2022-07,2022.0,110,0.9818181818181818,,H1,R,H,R74/H107,II,II
WDO76483.1,WDO,76483.0,IIb,IIb,2022-07,2022.0,110,0.9818181818181818,,H1,R,H,R74/H107,II,II
WDO76662.1,WDO,76662.0,IIb,IIb,2022-07,2022.0,110,0.9818181818181818,,H1,R,H,R74/H107,II,II
WDO76841.1,WDO,76841.0,IIb,IIb,2022-07,2022.0,110,0.9818181818181818,,H1,R,H,R74/H107,II,II
WDO77020.1,WDO,77020.0,IIb,IIb,2022-07,2022.0,110,0.9818181818181818,,H1,R,H,R74/H107,II,II
WDO77199.1,WDO,77199.0,IIb,IIb,2022-07,2022.0,110,0.9818181818181818,,H1,R,H,R74/H107,II,II
WDO77378.1,WDO,77378.0,IIb,IIb,2022-07,2022.0,110,0.9818181818181818,,H1,R,H,R74/H107,II,II
WDO77557.1,WDO,77557.0,IIb,IIb,2022-07,2022.0,110,0.9818181818181818,,H1,R,H,R74/H107,II,II
WDO77736.1,WDO,77736.0,IIb,IIb,2022-07,2022.0,110,0.9818181818181818,,H1,R,H,R74/H107,II,II
WDO77912.1,WDO,77912.0,IIb,IIb,2022-07,2022.0,110,0.9818181818181818,,H1,R,H,R74/H107,II,II
WDO78091.1,WDO,78091.0,IIb,IIb,2022-07,2022.0,110,0.9818181818181818,,H1,R,H,R74/H107,II,II
WDO78267.1,WDO,78267.0,IIb,IIb,2022-07,2022.0,110,0.9818181818181818,,H1,R,H,R74/H107,II,II
WDO78445.1,WDO,78445.0,IIb,IIb,2022-07,2022.0,110,0.9818181818181818,,H1,R,H,R74/H107,II,II
WDO78624.1,WDO,78624.0,IIb,IIb,2022-07,2022.0,110,0.9818181818181818,,H1,R,H,R74/H107,II,II
WDO78803.1,WDO,78803.0,IIb,IIb,2022-07,2022.0,110,0.9818181818181818,,H1,R,H,R74/H107,II,II
WDO78982.1,WDO,78982.0,IIb,IIb,2022-07,2022.0,110,0.9818181818181818,,H1,R,H,R74/H107,II,II
WDO79159.1,WDO,79159.0,IIb,IIb,2022-07,2022.0,110,0.9818181818181818,,H1,R,H,R74/H107,II,II
WDO79337.1,WDO,79337.0,IIb,IIb,2022-07,2022.0,110,0.9818181818181818,,H1,R,H,R74/H107,II,II
WDO79516.1,WDO,79516.0,IIb,IIb,2022-07,2022.0,110,0.9818181818181818,,H1,R,H,R74/H107,II,II
WDO79695.1,WDO,79695.0,IIb,IIb,2022-07,2022.0,110,0.9818181818181818,,H1,R,H,R74/H107,II,II
WDO79873.1,WDO,79873.0,IIb,IIb,2022-07,2022.0,110,0.9818181818181818,,H1,R,H,R74/H107,II,II
WDO80052.1,WDO,80052.0,IIb,IIb,2022-07,2022.0,110,0.9818181818181818,,H1,R,H,R74/H107,II,II
WDO80230.1,WDO,80230.0,IIb,IIb,2022-07,2022.0,110,0.9818181818181818,,H1,R,H,R74/H107,II,II
WDO80409.1,WDO,80409.0,IIb,IIb,2022-07,2022.0,110,0.9818181818181818,,H1,R,H,R74/H107,II,II
WDO80588.1,WDO,80588.0,IIb,IIb,2022-07,2022.0,110,0.9818181818181818,,H1,R,H,R74/H107,II,II
WDO80767.1,WDO,80767.0,IIb,IIb,2022-07,2022.0,110,0.9818181818181818,,H1,R,H,R74/H107,II,II
WDO80944.1,WDO,80944.0,IIb,IIb,2022-07,2022.0,110,0.9818181818181818,,H1,R,H,R74/H107,II,II
WDO81120.1,WDO,81120.0,IIb,IIb,2022-07,2022.0,110,0.9818181818181818,,H1,R,H,R74/H107,II,II
WDO81298.1,WDO,81298.0,IIb,IIb,2022-07,2022.0,110,0.9818181818181818,,H1,R,H,R74/H107,II,II
WDO81475.1,WDO,81475.0,IIb,IIb,2022-07,2022.0,110,0.9818181818181818,,H1,R,H,R74/H107,II,II
WDO81651.1,WDO,81651.0,IIb,IIb,2022-07,2022.0,110,0.9818181818181818,,H1,R,H,R74/H107,II,II
WDO81829.1,WDO,81829.0,IIb,IIb,2022-07,2022.0,110,0.9818181818181818,,H1,R,H,R74/H107,II,II
WDO82008.1,WDO,82008.0,IIb,IIb,2022-07,2022.0,110,0.9818181818181818,,H1,R,H,R74/H107,II,II
WDO82187.1,WDO,82187.0,IIb,IIb,2022-07,2022.0,110,0.9818181818181818,,H1,R,H,R74/H107,II,II
WDO82366.1,WDO,82366.0,IIb,IIb,2022-07,2022.0,110,0.9818181818181818,,H1,R,H,R74/H107,II,II
WDO82545.1,WDO,82545.0,IIb,IIb,2022-07,2022.0,110,0.9818181818181818,,H1,R,H,R74/H107,II,II
WDO82724.1,WDO,82724.0,IIb,IIb,2022-07,2022.0,110,0.9818181818181818,,H1,R,H,R74/H107,II,II
WDO82903.1,WDO,82903.0,IIb,IIb,2022-07,2022.0,110,0.9818181818181818,,H1,R,H,R74/H107,II,II
WDO83082.1,WDO,83082.0,IIb,IIb,2022-07,2022.0,110,0.9818181818181818,,H1,R,H,R74/H107,II,II
WDO83261.1,WDO,83261.0,IIb,IIb,2022-07,2022.0,110,0.9818181818181818,,H1,R,H,R74/H107,II,II
WDO83440.1,WDO,83440.0,IIb,IIb,2022-07,2022.0,110,0.9818181818181818,,H1,R,H,R74/H107,II,II
WDO83619.1,WDO,83619.0,IIb,IIb,2022-07,2022.0,110,0.9818181818181818,,H1,R,H,R74/H107,II,II
WDO83798.1,WDO,83798.0,IIb,IIb,2022-07,2022.0,110,0.9818181818181818,,H1,R,H,R74/H107,II,II
WDO83977.1,WDO,83977.0,IIb,IIb,2022-07,2022.0,110,0.9818181818181818,,H1,R,H,R74/H107,II,II
WDO84155.1,WDO,84155.0,IIb,IIb,2022-10,2022.0,110,0.9818181818181818,,H1,R,H,R74/H107,II,II
WDO84333.1,WDO,84333.0,IIb,IIb,2022-10,2022.0,110,0.9818181818181818,,H1,R,H,R74/H107,II,II
WDO84512.1,WDO,84512.0,IIb,IIb,2022-10,2022.0,110,0.9818181818181818,,H1,R,H,R74/H107,II,II
WDO84690.1,WDO,84690.0,IIb,IIb,2022-10,2022.0,110,0.9818181818181818,,H1,R,H,R74/H107,II,II
WDO84869.1,WDO,84869.0,IIb,IIb,2022-10,2022.0,110,0.9818181818181818,,H1,R,H,R74/H107,II,II
WDO85047.1,WDO,85047.0,IIb,IIb,2022-10,2022.0,110,0.9818181818181818,,H1,R,H,R74/H107,II,II
WDO85225.1,WDO,85225.0,IIb,IIb,2022-10,2022.0,110,0.9818181818181818,,H1,R,H,R74/H107,II,II
WDO85404.1,WDO,85404.0,IIb,IIb,2022-10,2022.0,110,0.9818181818181818,,H1,R,H,R74/H107,II,II
WDO85583.1,WDO,85583.0,IIb,IIb,2022-10,2022.0,110,0.9818181818181818,,H1,R,H,R74/H107,II,II
WDO85762.1,WDO,85762.0,IIb,IIb,2022-10,2022.0,110,0.9818181818181818,,H1,R,H,R74/H107,II,II
WDO85941.1,WDO,85941.0,IIb,IIb,2022-07,2022.0,110,0.9818181818181818,,H1,R,H,R74/H107,II,II
WDO86120.1,WDO,86120.0,IIb,IIb,2022-07,2022.0,110,0.9818181818181818,,H1,R,H,R74/H107,II,II
WDO86299.1,WDO,86299.0,IIb,IIb,2022-07,2022.0,110,0.9818181818181818,,H1,R,H,R74/H107,II,II
WDO86478.1,WDO,86478.0,IIb,IIb,2022-07,2022.0,110,0.9818181818181818,,H1,R,H,R74/H107,II,II
WDO86657.1,WDO,86657.0,IIb,IIb,2022-07,2022.0,110,0.9818181818181818,,H1,R,H,R74/H107,II,II
WDO86836.1,WDO,86836.0,IIb,IIb,2022-07,2022.0,110,0.9818181818181818,,H1,R,H,R74/H107,II,II
WDO87014.1,WDO,87014.0,IIb,IIb,2022-07,2022.0,110,0.9818181818181818,,H1,R,H,R74/H107,II,II
WDO87193.1,WDO,87193.0,IIb,IIb,2022-07,2022.0,110,0.9818181818181818,,H1,R,H,R74/H107,II,II
WDO87372.1,WDO,87372.0,IIb,IIb,2022-07,2022.0,110,0.9818181818181818,,H1,R,H,R74/H107,II,II
WDO87551.1,WDO,87551.0,IIb,IIb,2022-07,2022.0,110,0.9818181818181818,,H1,R,H,R74/H107,II,II
WDO87729.1,WDO,87729.0,IIb,IIb,2022-07,2022.0,110,0.9818181818181818,,H1,R,H,R74/H107,II,II
WDO87906.1,WDO,87906.0,IIb,IIb,2022-07,2022.0,110,0.9818181818181818,,H1,R,H,R74/H107,II,II
WDO88083.1,WDO,88083.0,IIb,IIb,2022-07,2022.0,110,0.9818181818181818,,H1,R,H,R74/H107,II,II
WDO88261.1,WDO,88261.0,IIb,IIb,2022-07,2022.0,110,0.9818181818181818,,H1,R,H,R74/H107,II,II
WDO88440.1,WDO,88440.0,IIb,IIb,2022-07,2022.0,110,0.9818181818181818,,H1,R,H,R74/H107,II,II
WDO88619.1,WDO,88619.0,IIb,IIb,2022-07,2022.0,110,0.9818181818181818,,H1,R,H,R74/H107,II,II
WDO88798.1,WDO,88798.0,IIb,IIb,2022-07,2022.0,110,0.9818181818181818,,H1,R,H,R74/H107,II,II
WDO88977.1,WDO,88977.0,IIb,IIb,2022-07,2022.0,110,0.9818181818181818,,H1,R,H,R74/H107,II,II
WDO89156.1,WDO,89156.0,IIb,IIb,2022-07,2022.0,110,0.9818181818181818,,H1,R,H,R74/H107,II,II
WDO89335.1,WDO,89335.0,IIb,IIb,2022-07,2022.0,110,0.9818181818181818,,H1,R,H,R74/H107,II,II
WDO89514.1,WDO,89514.0,IIb,IIb,2022-07,2022.0,110,0.9818181818181818,,H1,R,H,R74/H107,II,II
WDO89693.1,WDO,89693.0,IIb,IIb,2022-07,2022.0,110,0.9818181818181818,,H1,R,H,R74/H107,II,II
WDO89872.1,WDO,89872.0,IIb,IIb,2022-07,2022.0,110,0.9818181818181818,,H1,R,H,R74/H107,II,II
WDO90051.1,WDO,90051.0,IIb,IIb,2022-07,2022.0,110,0.9818181818181818,,H1,R,H,R74/H107,II,II
WDO90230.1,WDO,90230.0,IIb,IIb,2022-07,2022.0,110,0.9818181818181818,,H1,R,H,R74/H107,II,II
WDO90409.1,WDO,90409.0,IIb,IIb,2022-06,2022.0,110,0.9818181818181818,,H1,R,H,R74/H107,II,II
WDO90588.1,WDO,90588.0,IIb,IIb,2022-06,2022.0,110,0.9818181818181818,,H1,R,H,R74/H107,II,II
WDO90767.1,WDO,90767.0,IIb,IIb,2022-06,2022.0,110,0.9818181818181818,,H1,R,H,R74/H107,II,II
WDO90946.1,WDO,90946.0,IIb,IIb,2022-06,2022.0,110,0.9818181818181818,,H1,R,H,R74/H107,II,II
WDO91125.1,WDO,91125.0,IIb,IIb,2022-06,2022.0,110,0.9818181818181818,,H1,R,H,R74/H107,II,II
WDO91304.1,WDO,91304.0,IIb,IIb,2022-06,2022.0,110,0.9818181818181818,,H1,R,H,R74/H107,II,II
WDO91483.1,WDO,91483.0,IIb,IIb,2022-06,2022.0,110,0.9818181818181818,,H1,R,H,R74/H107,II,II
WDO91662.1,WDO,91662.0,IIb,IIb,2022-06,2022.0,110,0.9818181818181818,,H1,R,H,R74/H107,II,II
WDO91841.1,WDO,91841.0,IIb,IIb,2022-06,2022.0,110,0.9818181818181818,,H1,R,H,R74/H107,II,II
WDO92020.1,WDO,92020.0,IIb,IIb,2022-06,2022.0,110,0.9818181818181818,,H1,R,H,R74/H107,II,II
WDO92199.1,WDO,92199.0,IIb,IIb,2022-06,2022.0,110,0.9818181818181818,,H1,R,H,R74/H107,II,II
WDO92378.1,WDO,92378.0,IIb,IIb,2022-06,2022.0,110,0.9818181818181818,,H1,R,H,R74/H107,II,II
WDO92557.1,WDO,92557.0,IIb,IIb,2022-06,2022.0,110,0.9818181818181818,,H1,R,H,R74/H107,II,II
WDO92736.1,WDO,92736.0,IIb,IIb,2022-06,2022.0,110,0.9818181818181818,,H1,R,H,R74/H107,II,II
WDO92915.1,WDO,92915.0,IIb,IIb,2022-06,2022.0,110,0.9818181818181818,,H1,R,H,R74/H107,II,II
WDO93094.1,WDO,93094.0,IIb,IIb,2022-06,2022.0,110,0.9818181818181818,,H1,R,H,R74/H107,II,II
WDO93273.1,WDO,93273.0,IIb,IIb,2022-06,2022.0,110,0.9818181818181818,,H1,R,H,R74/H107,II,II
WDO93452.1,WDO,93452.0,IIb,IIb,2022-07,2022.0,110,0.9818181818181818,,H1,R,H,R74/H107,II,II
WDO93631.1,WDO,93631.0,IIb,IIb,2022-07,2022.0,110,0.9818181818181818,,H1,R,H,R74/H107,II,II
WDO93810.1,WDO,93810.0,IIb,IIb,2022-07,2022.0,110,0.9818181818181818,,H1,R,H,R74/H107,II,II
WDO93989.1,WDO,93989.0,IIb,IIb,2022-07,2022.0,110,0.9818181818181818,,H1,R,H,R74/H107,II,II
WDO94168.1,WDO,94168.0,IIb,IIb,2022-07,2022.0,110,0.9818181818181818,,H1,R,H,R74/H107,II,II
WDO94347.1,WDO,94347.0,IIb,IIb,2022-06,2022.0,110,0.9818181818181818,,H1,R,H,R74/H107,II,II
WDO94526.1,WDO,94526.0,IIb,IIb,2022-07,2022.0,110,0.9818181818181818,,H1,R,H,R74/H107,II,II
WDO94705.1,WDO,94705.0,IIb,IIb,2022-07,2022.0,110,0.9818181818181818,,H1,R,H,R74/H107,II,II
WDO94884.1,WDO,94884.0,IIb,IIb,2022-07,2022.0,110,0.9818181818181818,,H1,R,H,R74/H107,II,II
WDO95063.1,WDO,95063.0,IIb,IIb,2022-07,2022.0,110,0.9818181818181818,,H1,R,H,R74/H107,II,II
WDO95242.1,WDO,95242.0,IIb,IIb,2022-07,2022.0,110,0.9818181818181818,,H1,R,H,R74/H107,II,II
WDO95421.1,WDO,95421.0,IIb,IIb,2022-07,2022.0,110,0.9818181818181818,,H1,R,H,R74/H107,II,II
WDO95600.1,WDO,95600.0,IIb,IIb,2022-07,2022.0,110,0.9818181818181818,,H1,R,H,R74/H107,II,II
WDO95779.1,WDO,95779.0,IIb,IIb,2022-08,2022.0,110,0.9818181818181818,,H1,R,H,R74/H107,II,II
WDO95958.1,WDO,95958.0,IIb,IIb,2022-08,2022.0,110,0.9818181818181818,,H1,R,H,R74/H107,II,II
WDO96137.1,WDO,96137.0,IIb,IIb,2022-08,2022.0,110,0.9818181818181818,,H1,R,H,R74/H107,II,II
WDO96315.1,WDO,96315.0,IIb,IIb,2022-08,2022.0,110,0.9818181818181818,,H1,R,H,R74/H107,II,II
WDO96494.1,WDO,96494.0,IIb,IIb,2022-08,2022.0,110,0.9818181818181818,,H1,R,H,R74/H107,II,II
WDO96673.1,WDO,96673.0,IIb,IIb,2022-08,2022.0,110,0.9818181818181818,,H1,R,H,R74/H107,II,II
WDO96852.1,WDO,96852.0,IIb,IIb,2022-08,2022.0,110,0.9818181818181818,,H1,R,H,R74/H107,II,II
WDO97031.1,WDO,97031.0,IIb,IIb,2022-08,2022.0,110,0.9818181818181818,,H1,R,H,R74/H107,II,II
WDO97210.1,WDO,97210.0,IIb,IIb,2022-07,2022.0,110,0.9818181818181818,,H1,R,H,R74/H107,II,II
WDO97389.1,WDO,97389.0,IIb,IIb,2022-08,2022.0,110,0.9818181818181818,,H1,R,H,R74/H107,II,II
WDO97568.1,WDO,97568.0,IIb,IIb,2022-08,2022.0,110,0.9818181818181818,,H1,R,H,R74/H107,II,II
WDO97747.1,WDO,97747.0,IIb,IIb,2022-08,2022.0,110,0.9818181818181818,,H1,R,H,R74/H107,II,II
WDO97926.1,WDO,97926.0,IIb,IIb,2022-08,2022.0,110,0.9818181818181818,,H1,R,H,R74/H107,II,II
WDO98105.1,WDO,98105.0,IIb,IIb,2022-08,2022.0,110,0.9818181818181818,,H1,R,H,R74/H107,II,II
WDO98284.1,WDO,98284.0,IIb,IIb,2022-08,2022.0,110,0.9818181818181818,,H1,R,H,R74/H107,II,II
WDO98463.1,WDO,98463.0,IIb,IIb,2022-08,2022.0,110,0.9818181818181818,,H1,R,H,R74/H107,II,II
WDO98642.1,WDO,98642.0,IIb,IIb,2022-08,2022.0,110,0.9818181818181818,,H1,R,H,R74/H107,II,II
WDO98821.1,WDO,98821.0,IIb,IIb,2022-08,2022.0,110,0.9818181818181818,,H1,R,H,R74/H107,II,II
WDO99000.1,WDO,99000.0,IIb,IIb,2022-08,2022.0,110,0.9818181818181818,,H1,R,H,R74/H107,II,II
WDO99179.1,WDO,99179.0,IIb,IIb,2022-08,2022.0,110,0.9818181818181818,,H1,R,H,R74/H107,II,II
WDO99357.1,WDO,99357.0,IIb,IIb,2022-08,2022.0,110,0.9818181818181818,,H1,R,H,R74/H107,II,II
WDO99536.1,WDO,99536.0,IIb,IIb,2022-08,2022.0,110,0.9818181818181818,,H1,R,H,R74/H107,II,II
WDO99715.1,WDO,99715.0,IIb,IIb,2022-08,2022.0,110,0.9818181818181818,,H1,R,H,R74/H107,II,II
WDO99894.1,WDO,99894.0,IIb,IIb,2022-08,2022.0,110,0.9818181818181818,,H1,R,H,R74/H107,II,II
WDP00074.1,WDP,74.0,IIb,IIb,2022-08,2022.0,110,0.9818181818181818,,H1,R,H,R74/H107,II,II
WDP00253.1,WDP,253.0,IIb,IIb,2022-08,2022.0,110,0.9818181818181818,,H1,R,H,R74/H107,II,II
WDP00432.1,WDP,432.0,IIb,IIb,2022-08,2022.0,110,0.9818181818181818,,H1,R,H,R74/H107,II,II
WDP00611.1,WDP,611.0,IIb,IIb,2022-08,2022.0,110,0.9818181818181818,,H1,R,H,R74/H107,II,II
WDP00790.1,WDP,790.0,IIb,IIb,2022-08,2022.0,110,0.9818181818181818,,H1,R,H,R74/H107,II,II
WDP00969.1,WDP,969.0,IIb,IIb,2022-08,2022.0,110,0.9818181818181818,,H1,R,H,R74/H107,II,II
WDP01148.1,WDP,1148.0,IIb,IIb,2022-09,2022.0,110,0.9818181818181818,,H1,R,H,R74/H107,II,II
WDP01327.1,WDP,1327.0,IIb,IIb,2022-09,2022.0,110,0.9818181818181818,,H1,R,H,R74/H107,II,II
WDP01505.1,WDP,1505.0,IIb,IIb,2022-09,2022.0,110,0.9818181818181818,,H1,R,H,R74/H107,II,II
WDP01683.1,WDP,1683.0,IIb,IIb,2022-07,2022.0,110,0.9818181818181818,,H1,R,H,R74/H107,II,II
WDP01862.1,WDP,1862.0,IIb,IIb,2022-07,2022.0,110,0.9818181818181818,,H1,R,H,R74/H107,II,II
WDP02041.1,WDP,2041.0,IIb,IIb,2022-07,2022.0,110,0.9818181818181818,,H1,R,H,R74/H107,II,II
WDP02219.1,WDP,2219.0,IIb,IIb,2022-07,2022.0,110,0.9818181818181818,,H1,R,H,R74/H107,II,II
WDP02398.1,WDP,2398.0,IIb,IIb,2022-07,2022.0,110,0.9818181818181818,,H1,R,H,R74/H107,II,II
WDP02577.1,WDP,2577.0,IIb,IIb,2022-07,2022.0,110,0.9818181818181818,,H1,R,H,R74/H107,II,II
WDP02756.1,WDP,2756.0,IIb,IIb,2022-07,2022.0,110,0.9818181818181818,,H1,R,H,R74/H107,II,II
WDP02935.1,WDP,2935.0,IIb,IIb,2022-07,2022.0,110,0.9818181818181818,,H1,R,H,R74/H107,II,II
WDP03114.1,WDP,3114.0,IIb,IIb,2022-07,2022.0,110,0.9818181818181818,,H1,R,H,R74/H107,II,II
WDP03293.1,WDP,3293.0,IIb,IIb,2022-07,2022.0,110,0.9818181818181818,,H1,R,H,R74/H107,II,II
WDP03472.1,WDP,3472.0,IIb,IIb,2022-07,2022.0,110,0.9818181818181818,,H1,R,H,R74/H107,II,II
WDP03651.1,WDP,3651.0,IIb,IIb,2022-07,2022.0,110,0.9818181818181818,,H1,R,H,R74/H107,II,II
WDP03830.1,WDP,3830.0,IIb,IIb,2022-07,2022.0,110,0.9818181818181818,,H1,R,H,R74/H107,II,II
WDP04009.1,WDP,4009.0,IIb,IIb,2022-07,2022.0,110,0.9818181818181818,,H1,R,H,R74/H107,II,II
WDP04188.1,WDP,4188.0,IIb,IIb,2022-07,2022.0,110,0.9818181818181818,,H1,R,H,R74/H107,II,II
WDP04367.1,WDP,4367.0,IIb,IIb,2022-07,2022.0,110,0.9818181818181818,,H1,R,H,R74/H107,II,II
WDP04545.1,WDP,4545.0,IIb,IIb,2022-07,2022.0,110,0.9818181818181818,,H1,R,H,R74/H107,II,II
WDP04723.1,WDP,4723.0,IIb,IIb,2022-07,2022.0,110,0.9818181818181818,,H1,R,H,R74/H107,II,II
WDP04902.1,WDP,4902.0,IIb,IIb,2022-07,2022.0,110,0.9818181818181818,,H1,R,H,R74/H107,II,II
WDP05081.1,WDP,5081.0,IIb,IIb,2022-07,2022.0,110,0.9818181818181818,,H1,R,H,R74/H107,II,II
WDP05258.1,WDP,5258.0,IIb,IIb,2022-07,2022.0,110,0.9818181818181818,,H1,R,H,R74/H107,II,II
WDP05437.1,WDP,5437.0,IIb,IIb,2022-07,2022.0,110,0.9818181818181818,,H1,R,H,R74/H107,II,II
WDP05615.1,WDP,5615.0,IIb,IIb,2022-07,2022.0,110,0.9818181818181818,,H1,R,H,R74/H107,II,II
WDP05794.1,WDP,5794.0,IIb,IIb,2022-07,2022.0,110,0.9818181818181818,,H1,R,H,R74/H107,II,II
WDP05973.1,WDP,5973.0,IIb,IIb,2022-07,2022.0,110,0.9818181818181818,,H1,R,H,R74/H107,II,II
WDP06152.1,WDP,6152.0,IIb,IIb,2022-07,2022.0,110,0.9818181818181818,,H1,R,H,R74/H107,II,II
WDP06331.1,WDP,6331.0,IIb,IIb,2022-07,2022.0,110,0.9818181818181818,,H1,R,H,R74/H107,II,II
WDP06510.1,WDP,6510.0,IIb,IIb,2022-07,2022.0,110,0.9818181818181818,,H1,R,H,R74/H107,II,II
WDP06688.1,WDP,6688.0,IIb,IIb,2022-07,2022.0,110,0.9818181818181818,,H1,R,H,R74/H107,II,II
WDP06865.1,WDP,6865.0,IIb,IIb,2022-07,2022.0,110,0.9818181818181818,,H1,R,H,R74/H107,II,II
WDP07043.1,WDP,7043.0,IIb,IIb,2022-07,2022.0,110,0.9818181818181818,,H1,R,H,R74/H107,II,II
WDP07222.1,WDP,7222.0,IIb,IIb,2022-07,2022.0,110,0.9818181818181818,,H1,R,H,R74/H107,II,II
WDP07400.1,WDP,7400.0,IIb,IIb,2022-07,2022.0,110,0.9818181818181818,,H1,R,H,R74/H107,II,II
WDP07578.1,WDP,7578.0,IIb,IIb,2022-07,2022.0,110,0.9818181818181818,,H1,R,H,R74/H107,II,II
WDP07756.1,WDP,7756.0,IIb,IIb,2022-08,2022.0,110,0.9818181818181818,,H1,R,H,R74/H107,II,II
WDP07934.1,WDP,7934.0,IIb,IIb,2022-08,2022.0,110,0.9818181818181818,,H1,R,H,R74/H107,II,II
WDP08110.1,WDP,8110.0,IIb,IIb,2022-08,2022.0,110,0.9818181818181818,,H1,R,H,R74/H107,II,II
WDP08289.1,WDP,8289.0,IIb,IIb,2022-07,2022.0,110,0.9818181818181818,,H1,R,H,R74/H107,II,II
WDP08468.1,WDP,8468.0,IIb,IIb,2022-07,2022.0,110,0.9818181818181818,,H1,R,H,R74/H107,II,II
WDP08647.1,WDP,8647.0,IIb,IIb,2022-07,2022.0,110,0.9818181818181818,,H1,R,H,R74/H107,II,II
WDP08826.1,WDP,8826.0,IIb,IIb,2022-07,2022.0,110,0.9818181818181818,,H1,R,H,R74/H107,II,II
WDP09005.1,WDP,9005.0,IIb,IIb,2022-05,2022.0,110,0.9818181818181818,,H1,R,H,R74/H107,II,II
WDP09184.1,WDP,9184.0,IIb,IIb,2022-06,2022.0,110,0.9818181818181818,,H1,R,H,R74/H107,II,II
WDP09363.1,WDP,9363.0,IIb,IIb,2022-06,2022.0,110,0.9818181818181818,,H1,R,H,R74/H107,II,II
WDP09542.1,WDP,9542.0,IIb,IIb,2022-06,2022.0,110,0.9818181818181818,,H1,R,H,R74/H107,II,II
WDP09721.1,WDP,9721.0,IIb,IIb,2022-06,2022.0,110,0.9818181818181818,,H1,R,H,R74/H107,II,II
WDP09900.1,WDP,9900.0,IIb,IIb,2022-06,2022.0,110,0.9818181818181818,,H1,R,H,R74/H107,II,II
WDP10079.1,WDP,10079.0,IIb,IIb,2022-06,2022.0,110,0.9818181818181818,,H1,R,H,R74/H107,II,II
WDP10258.1,WDP,10258.0,IIb,IIb,2022-06,2022.0,110,0.9818181818181818,,H1,R,H,R74/H107,II,II
WDP10437.1,WDP,10437.0,IIb,IIb,2022-06,2022.0,110,0.9818181818181818,,H1,R,H,R74/H107,II,II
WDP10616.1,WDP,10616.0,IIb,IIb,2022-06,2022.0,110,0.9818181818181818,,H1,R,H,R74/H107,II,II
WDP10795.1,WDP,10795.0,IIb,IIb,2022-06,2022.0,110,0.9818181818181818,,H1,R,H,R74/H107,II,II
WDP10974.1,WDP,10974.0,IIb,IIb,2022-06,2022.0,110,0.9818181818181818,,H1,R,H,R74/H107,II,II
WDP11153.1,WDP,11153.0,IIb,IIb,2022-06,2022.0,110,0.9818181818181818,,H1,R,H,R74/H107,II,II
WDP11332.1,WDP,11332.0,IIb,IIb,2022-06,2022.0,110,0.9818181818181818,,H1,R,H,R74/H107,II,II
WDP11510.1,WDP,11510.0,IIb,IIb,2022-06,2022.0,110,0.9818181818181818,,H1,R,H,R74/H107,II,II
WDP11689.1,WDP,11689.0,IIb,IIb,2022-06,2022.0,110,0.9818181818181818,,H1,R,H,R74/H107,II,II
WDP11868.1,WDP,11868.0,IIb,IIb,2022-06,2022.0,110,0.9818181818181818,,H1,R,H,R74/H107,II,II
WDP12047.1,WDP,12047.0,IIb,IIb,2022-06,2022.0,110,0.9818181818181818,,H1,R,H,R74/H107,II,II
WDP12226.1,WDP,12226.0,IIb,IIb,2022-06,2022.0,110,0.9818181818181818,,H1,R,H,R74/H107,II,II
WDP12405.1,WDP,12405.0,IIb,IIb,2022-06,2022.0,110,0.9818181818181818,,H1,R,H,R74/H107,II,II
WDP12584.1,WDP,12584.0,IIb,IIb,2022-06,2022.0,110,0.9818181818181818,,H1,R,H,R74/H107,II,II
WDP12763.1,WDP,12763.0,IIb,IIb,2022-06,2022.0,110,0.9818181818181818,,H1,R,H,R74/H107,II,II
WDP12942.1,WDP,12942.0,IIb,IIb,2022-06,2022.0,110,0.9818181818181818,,H1,R,H,R74/H107,II,II
WDP13121.1,WDP,13121.0,IIb,IIb,2022-06,2022.0,110,0.9818181818181818,,H1,R,H,R74/H107,II,II
WDP13300.1,WDP,13300.0,IIb,IIb,2022-06,2022.0,110,0.9818181818181818,,H1,R,H,R74/H107,II,II
WDP13479.1,WDP,13479.0,IIb,IIb,2022-06,2022.0,110,0.9818181818181818,,H1,R,H,R74/H107,II,II
WDP13658.1,WDP,13658.0,IIb,IIb,2022-06,2022.0,110,0.9818181818181818,,H1,R,H,R74/H107,II,II
WDP13836.1,WDP,13836.0,IIb,IIb,2022-06,2022.0,110,0.9818181818181818,,H1,R,H,R74/H107,II,II
WDP14014.1,WDP,14014.0,IIb,IIb,2022-06,2022.0,110,0.9818181818181818,,H1,R,H,R74/H107,II,II
WDP14193.1,WDP,14193.0,IIb,IIb,2022-06,2022.0,110,0.9818181818181818,,H1,R,H,R74/H107,II,II
WDP14372.1,WDP,14372.0,IIb,IIb,2022-06,2022.0,110,0.9818181818181818,,H1,R,H,R74/H107,II,II
WDP14551.1,WDP,14551.0,IIb,IIb,2022-06,2022.0,110,0.9818181818181818,,H1,R,H,R74/H107,II,II
WDP14729.1,WDP,14729.0,IIb,IIb,2022-08,2022.0,110,0.9818181818181818,,H1,R,H,R74/H107,II,II
WDP14907.1,WDP,14907.0,IIb,IIb,2022-08,2022.0,110,0.9818181818181818,,H1,R,H,R74/H107,II,II
WDP15085.1,WDP,15085.0,IIb,IIb,2022-08,2022.0,110,0.9818181818181818,,H1,R,H,R74/H107,II,II
WDP15263.1,WDP,15263.0,IIb,IIb,2022-08,2022.0,110,0.9818181818181818,,H1,R,H,R74/H107,II,II
WDP15442.1,WDP,15442.0,IIb,IIb,2022-06,2022.0,110,0.9818181818181818,,H1,R,H,R74/H107,II,II
WDP15621.1,WDP,15621.0,IIb,IIb,2022-08,2022.0,110,0.9818181818181818,,H1,R,H,R74/H107,II,II
WDP15800.1,WDP,15800.0,IIb,IIb,2022-08,2022.0,110,0.9818181818181818,,H1,R,H,R74/H107,II,II
WDP15979.1,WDP,15979.0,IIb,IIb,2022-08,2022.0,110,0.9818181818181818,,H1,R,H,R74/H107,II,II
WDP16158.1,WDP,16158.0,IIb,IIb,2022-08,2022.0,110,0.9818181818181818,,H1,R,H,R74/H107,II,II
WDP16336.1,WDP,16336.0,IIb,IIb,2022-08,2022.0,110,0.9818181818181818,,H1,R,H,R74/H107,II,II
WDP16514.1,WDP,16514.0,IIb,IIb,2022-08,2022.0,110,0.9818181818181818,,H1,R,H,R74/H107,II,II
WDP16693.1,WDP,16693.0,IIb,IIb,2022-08,2022.0,110,0.9818181818181818,,H1,R,H,R74/H107,II,II
WDP16872.1,WDP,16872.0,IIb,IIb,2022-08,2022.0,110,0.9818181818181818,,H1,R,H,R74/H107,II,II
WDP17051.1,WDP,17051.0,IIb,IIb,2022-08,2022.0,110,0.9818181818181818,,H1,R,H,R74/H107,II,II
WDP17230.1,WDP,17230.0,IIb,IIb,2022-08,2022.0,110,0.9818181818181818,,H1,R,H,R74/H107,II,II
WDP17409.1,WDP,17409.0,IIb,IIb,2022-08,2022.0,110,0.9818181818181818,,H1,R,H,R74/H107,II,II
WDP17588.1,WDP,17588.0,IIb,IIb,2022-08,2022.0,110,0.9818181818181818,,H1,R,H,R74/H107,II,II
WDP17767.1,WDP,17767.0,IIb,IIb,2022-08,2022.0,110,0.9818181818181818,,H1,R,H,R74/H107,II,II
WDP17946.1,WDP,17946.0,IIb,IIb,2022-08,2022.0,110,0.9818181818181818,,H1,R,H,R74/H107,II,II
WDP18125.1,WDP,18125.0,IIb,IIb,2022-08,2022.0,110,0.9818181818181818,,H1,R,H,R74/H107,II,II
WDP18304.1,WDP,18304.0,IIb,IIb,2022-08,2022.0,110,0.9818181818181818,,H1,R,H,R74/H107,II,II
WDP18483.1,WDP,18483.0,IIb,IIb,2022-08,2022.0,110,0.9818181818181818,,H1,R,H,R74/H107,II,II
WDP18659.1,WDP,18659.0,IIb,IIb,2022-08,2022.0,110,0.9818181818181818,,H1,R,H,R74/H107,II,II
WDP18838.1,WDP,18838.0,IIb,IIb,2022-08,2022.0,110,0.9818181818181818,,H1,R,H,R74/H107,II,II
WDP19017.1,WDP,19017.0,IIb,IIb,2022-08,2022.0,110,0.9818181818181818,,H1,R,H,R74/H107,II,II
WDP19196.1,WDP,19196.0,IIb,IIb,2022-08,2022.0,110,0.9818181818181818,,H1,R,H,R74/H107,II,II
WDP19375.1,WDP,19375.0,IIb,IIb,2022-08,2022.0,110,0.9818181818181818,,H1,R,H,R74/H107,II,II
WDP19553.1,WDP,19553.0,IIb,IIb,2022-08,2022.0,110,0.9818181818181818,,H1,R,H,R74/H107,II,II
WDP19732.1,WDP,19732.0,IIb,IIb,2022-08,2022.0,110,0.9818181818181818,,H1,R,H,R74/H107,II,II
WDP19911.1,WDP,19911.0,IIb,IIb,2022-08,2022.0,110,0.9818181818181818,,H1,R,H,R74/H107,II,II
WDP20090.1,WDP,20090.0,IIb,IIb,2022-08,2022.0,110,0.9818181818181818,,H1,R,H,R74/H107,II,II
WDP20268.1,WDP,20268.0,IIb,IIb,2022-08,2022.0,110,0.9818181818181818,,H1,R,H,R74/H107,II,II
WDP20447.1,WDP,20447.0,IIb,IIb,2022-08,2022.0,110,0.9818181818181818,,H1,R,H,R74/H107,II,II
WDP20626.1,WDP,20626.0,IIb,IIb,2022-08,2022.0,110,0.9818181818181818,,H1,R,H,R74/H107,II,II
WDP20804.1,WDP,20804.0,IIb,IIb,2022-08,2022.0,110,0.9818181818181818,,H1,R,H,R74/H107,II,II
WDP20983.1,WDP,20983.0,IIb,IIb,2022-08,2022.0,110,0.9818181818181818,,H1,R,H,R74/H107,II,II
WDP21161.1,WDP,21161.0,IIb,IIb,2022-08,2022.0,110,0.9818181818181818,,H1,R,H,R74/H107,II,II
WDP21338.1,WDP,21338.0,IIb,IIb,2022-09,2022.0,110,0.9818181818181818,,H1,R,H,R74/H107,II,II
WDP21517.1,WDP,21517.0,IIb,IIb,2022-09,2022.0,110,0.9818181818181818,,H1,R,H,R74/H107,II,II
WDP21696.1,WDP,21696.0,IIb,IIb,2022-09,2022.0,110,0.9818181818181818,,H1,R,H,R74/H107,II,II
WDP21874.1,WDP,21874.0,IIb,IIb,2022-09,2022.0,110,0.9818181818181818,,H1,R,H,R74/H107,II,II
WDP22053.1,WDP,22053.0,IIb,IIb,2022-07,2022.0,110,0.9818181818181818,,H1,R,H,R74/H107,II,II
WDP22231.1,WDP,22231.0,IIb,IIb,2022-07,2022.0,110,0.9818181818181818,,H1,R,H,R74/H107,II,II
WDP22410.1,WDP,22410.0,IIb,IIb,2022-07,2022.0,110,0.9818181818181818,,H1,R,H,R74/H107,II,II
WDP22589.1,WDP,22589.0,IIb,IIb,2022-07,2022.0,110,0.9818181818181818,,H1,R,H,R74/H107,II,II
WDP22767.1,WDP,22767.0,IIb,IIb,2022-07,2022.0,110,0.9818181818181818,,H1,R,H,R74/H107,II,II
WDP22946.1,WDP,22946.0,IIb,IIb,2022-07,2022.0,110,0.9818181818181818,,H1,R,H,R74/H107,II,II
WDP23123.1,WDP,23123.0,IIb,IIb,2022-07,2022.0,110,0.9818181818181818,,H1,R,H,R74/H107,II,II
WDP23301.1,WDP,23301.0,IIb,IIb,2022-07,2022.0,110,0.9818181818181818,,H1,R,H,R74/H107,II,II
WDP23480.1,WDP,23480.0,IIb,IIb,2022-07,2022.0,110,0.9818181818181818,,H1,R,H,R74/H107,II,II
WDP23659.1,WDP,23659.0,IIb,IIb,2022-07,2022.0,110,0.9818181818181818,,H1,R,H,R74/H107,II,II
WDP23838.1,WDP,23838.0,IIb,IIb,2022-07,2022.0,110,0.9818181818181818,,H1,R,H,R74/H107,II,II
WDP24017.1,WDP,24017.0,IIb,IIb,2022-07,2022.0,110,0.9818181818181818,,H1,R,H,R74/H107,II,II
WDP24196.1,WDP,24196.0,IIb,IIb,2022-07,2022.0,110,0.9818181818181818,,H1,R,H,R74/H107,II,II
WDP24375.1,WDP,24375.0,IIb,IIb,2022-07,2022.0,110,0.9818181818181818,,H1,R,H,R74/H107,II,II
WDP24554.1,WDP,24554.0,IIb,IIb,2022-07,2022.0,110,0.9818181818181818,,H1,R,H,R74/H107,II,II
WDP24732.1,WDP,24732.0,IIb,IIb,2022-07,2022.0,110,0.9818181818181818,,H1,R,H,R74/H107,II,II
WDP24910.1,WDP,24910.0,IIb,IIb,2022-07,2022.0,110,0.9818181818181818,,H1,R,H,R74/H107,II,II
WDP25089.1,WDP,25089.0,IIb,IIb,2022-07,2022.0,110,0.9818181818181818,,H1,R,H,R74/H107,II,II
WDP25267.1,WDP,25267.0,IIb,IIb,2022-08,2022.0,110,0.9818181818181818,,H1,R,H,R74/H107,II,II
WDP25446.1,WDP,25446.0,IIb,IIb,2022-07,2022.0,110,0.9818181818181818,,H1,R,H,R74/H107,II,II
WDP25625.1,WDP,25625.0,IIb,IIb,2022-08,2022.0,110,0.9818181818181818,,H1,R,H,R74/H107,II,II
WDP25804.1,WDP,25804.0,IIb,IIb,2022-08,2022.0,110,0.9818181818181818,,H1,R,H,R74/H107,II,II
WDP25982.1,WDP,25982.0,IIb,IIb,2022-08,2022.0,110,0.9818181818181818,,H1,R,H,R74/H107,II,II
WDP26160.1,WDP,26160.0,IIb,IIb,2022-07,2022.0,110,0.9818181818181818,,H1,R,H,R74/H107,II,II
WDP26339.1,WDP,26339.0,IIb,IIb,2022-07,2022.0,110,0.9818181818181818,,H1,R,H,R74/H107,II,II
WDP26518.1,WDP,26518.0,IIb,IIb,2022-07,2022.0,110,0.9818181818181818,,H1,R,H,R74/H107,II,II
WDP26697.1,WDP,26697.0,IIb,IIb,2022-07,2022.0,110,0.9818181818181818,,H1,R,H,R74/H107,II,II
WDP26876.1,WDP,26876.0,IIb,IIb,2022-06,2022.0,110,0.9818181818181818,,H1,R,H,R74/H107,II,II
WDP27055.1,WDP,27055.0,IIb,IIb,2022-07,2022.0,110,0.9818181818181818,,H1,R,H,R74/H107,II,II
WDP27234.1,WDP,27234.0,IIb,IIb,2022-06,2022.0,110,0.9818181818181818,,H1,R,H,R74/H107,II,II
WDP27413.1,WDP,27413.0,IIb,IIb,2022-06,2022.0,110,0.9818181818181818,,H1,R,H,R74/H107,II,II
WDP27590.1,WDP,27590.0,IIb,IIb,2022-07,2022.0,110,0.9818181818181818,,H1,R,H,R74/H107,II,II
WDP27769.1,WDP,27769.0,IIb,IIb,2022-05,2022.0,110,0.9818181818181818,,H1,R,H,R74/H107,II,II
WDP27948.1,WDP,27948.0,IIb,IIb,2022-05,2022.0,110,0.9818181818181818,,H1,R,H,R74/H107,II,II
WDP28127.1,WDP,28127.0,IIb,IIb,2022-06,2022.0,110,0.9818181818181818,,H1,R,H,R74/H107,II,II
WDP28306.1,WDP,28306.0,IIb,IIb,2022-06,2022.0,110,0.9818181818181818,,H1,R,H,R74/H107,II,II
WDP28485.1,WDP,28485.0,IIb,IIb,2022-06,2022.0,110,0.9818181818181818,,H1,R,H,R74/H107,II,II
WDP28664.1,WDP,28664.0,IIb,IIb,2022-06,2022.0,110,0.9818181818181818,,H1,R,H,R74/H107,II,II
WDP28843.1,WDP,28843.0,IIb,IIb,2022-06,2022.0,110,0.9818181818181818,,H1,R,H,R74/H107,II,II
WDP29022.1,WDP,29022.0,IIb,IIb,2022-06,2022.0,110,0.9818181818181818,,H1,R,H,R74/H107,II,II
WDP29201.1,WDP,29201.0,IIb,IIb,2022-06,2022.0,110,0.9818181818181818,,H1,R,H,R74/H107,II,II
WDP29380.1,WDP,29380.0,IIb,IIb,2022-06,2022.0,110,0.9818181818181818,,H1,R,H,R74/H107,II,II
WDP29559.1,WDP,29559.0,IIb,IIb,2022-06,2022.0,110,0.9818181818181818,,H1,R,H,R74/H107,II,II
WDP29738.1,WDP,29738.0,IIb,IIb,2022-06,2022.0,110,0.9818181818181818,,H1,R,H,R74/H107,II,II
WDP29917.1,WDP,29917.0,IIb,IIb,2022-06,2022.0,110,0.9818181818181818,,H1,R,H,R74/H107,II,II
WDP30096.1,WDP,30096.0,IIb,IIb,2022-06,2022.0,110,0.9818181818181818,,H1,R,H,R74/H107,II,II
WDP30275.1,WDP,30275.0,IIb,IIb,2022-06,2022.0,110,0.9818181818181818,,H1,R,H,R74/H107,II,II
WDP30453.1,WDP,30453.0,IIb,IIb,2022-06,2022.0,110,0.9818181818181818,,H1,R,H,R74/H107,II,II
WDP30632.1,WDP,30632.0,IIb,IIb,2022-06,2022.0,110,0.9818181818181818,,H1,R,H,R74/H107,II,II
WDP30811.1,WDP,30811.0,IIb,IIb,2022-06,2022.0,110,0.9818181818181818,,H1,R,H,R74/H107,II,II
WDP30990.1,WDP,30990.0,IIb,IIb,2022-06,2022.0,110,0.9818181818181818,,H1,R,H,R74/H107,II,II
WDP31169.1,WDP,31169.0,IIb,IIb,2022-06,2022.0,110,0.9818181818181818,,H1,R,H,R74/H107,II,II
WDP31348.1,WDP,31348.0,IIb,IIb,2022-06,2022.0,110,0.9818181818181818,,H1,R,H,R74/H107,II,II
WDP31527.1,WDP,31527.0,IIb,IIb,2022-06,2022.0,110,0.9818181818181818,,H1,R,H,R74/H107,II,II
WDP31706.1,WDP,31706.0,IIb,IIb,2022-06,2022.0,110,0.9818181818181818,,H1,R,H,R74/H107,II,II
WDP31885.1,WDP,31885.0,IIb,IIb,2022-06,2022.0,110,0.9818181818181818,,H1,R,H,R74/H107,II,II
WDP32064.1,WDP,32064.0,IIb,IIb,2022-07,2022.0,110,0.9818181818181818,,H1,R,H,R74/H107,II,II
WDP32243.1,WDP,32243.0,IIb,IIb,2022-06,2022.0,110,0.9818181818181818,,H1,R,H,R74/H107,II,II
WDP32422.1,WDP,32422.0,IIb,IIb,2022-07,2022.0,110,0.9818181818181818,,H1,R,H,R74/H107,II,II
WDP32601.1,WDP,32601.0,IIb,IIb,2022-07,2022.0,110,0.9818181818181818,,H1,R,H,R74/H107,II,II
WDP32780.1,WDP,32780.0,IIb,IIb,2022-07,2022.0,110,0.9818181818181818,,H1,R,H,R74/H107,II,II
WDP32958.1,WDP,32958.0,IIb,IIb,2022-07,2022.0,110,0.9818181818181818,,H1,R,H,R74/H107,II,II
WDP33136.1,WDP,33136.0,IIb,IIb,2022-07,2022.0,110,0.9818181818181818,,H1,R,H,R74/H107,II,II
WDP33315.1,WDP,33315.0,IIb,IIb,2022-06,2022.0,110,0.9818181818181818,,H1,R,H,R74/H107,II,II
WDP33494.1,WDP,33494.0,IIb,IIb,2022-07,2022.0,110,0.9818181818181818,,H1,R,H,R74/H107,II,II
WDP33672.1,WDP,33672.0,IIb,IIb,2022-07,2022.0,110,0.9818181818181818,,H1,R,H,R74/H107,II,II
WDP33851.1,WDP,33851.0,IIb,IIb,2022-07,2022.0,110,0.9818181818181818,,H1,R,H,R74/H107,II,II
WDP34030.1,WDP,34030.0,IIb,IIb,2022-07,2022.0,110,0.9818181818181818,,H1,R,H,R74/H107,II,II
WDP34209.1,WDP,34209.0,IIb,IIb,2022-07,2022.0,110,0.9818181818181818,,H1,R,H,R74/H107,II,II
WDP34388.1,WDP,34388.0,IIb,IIb,2022-07,2022.0,110,0.9818181818181818,,H1,R,H,R74/H107,II,II
WDP34567.1,WDP,34567.0,IIb,IIb,2022-08,2022.0,110,0.9818181818181818,,H1,R,H,R74/H107,II,II
WDP34746.1,WDP,34746.0,IIb,IIb,2022-08,2022.0,110,0.9818181818181818,,H1,R,H,R74/H107,II,II
WDP34925.1,WDP,34925.0,IIb,IIb,2022-08,2022.0,110,0.9818181818181818,,H1,R,H,R74/H107,II,II
WDP35104.1,WDP,35104.0,IIb,IIb,2022-07,2022.0,110,0.9818181818181818,,H1,R,H,R74/H107,II,II
WDP35283.1,WDP,35283.0,IIb,IIb,2022-08,2022.0,110,0.9818181818181818,,H1,R,H,R74/H107,II,II
WDP35462.1,WDP,35462.0,IIb,IIb,2022-08,2022.0,110,0.9818181818181818,,H1,R,H,R74/H107,II,II
WDP35641.1,WDP,35641.0,IIb,IIb,2022-08,2022.0,110,0.9818181818181818,,H1,R,H,R74/H107,II,II
WDP35820.1,WDP,35820.0,IIb,IIb,2022-08,2022.0,110,0.9818181818181818,,H1,R,H,R74/H107,II,II
WDP35999.1,WDP,35999.0,IIb,IIb,2022-08,2022.0,110,0.9818181818181818,,H1,R,H,R74/H107,II,II
WDP36177.1,WDP,36177.0,IIb,IIb,2022-08,2022.0,110,0.9818181818181818,,H1,R,H,R74/H107,II,II
WDP36356.1,WDP,36356.0,IIb,IIb,2022-07,2022.0,110,0.9818181818181818,,H1,R,H,R74/H107,II,II
WDP36535.1,WDP,36535.0,IIb,IIb,2022-08,2022.0,110,0.9818181818181818,,H1,R,H,R74/H107,II,II
WDP36714.1,WDP,36714.0,IIb,IIb,2022-08,2022.0,110,0.9818181818181818,,H1,R,H,R74/H107,II,II
WDP36893.1,WDP,36893.0,IIb,IIb,2022-08,2022.0,110,0.9818181818181818,,H1,R,H,R74/H107,II,II
WDP37071.1,WDP,37071.0,IIb,IIb,2022-08,2022.0,110,0.9818181818181818,,H1,R,H,R74/H107,II,II
WDP37250.1,WDP,37250.0,IIb,IIb,2022-08,2022.0,110,0.9818181818181818,,H1,R,H,R74/H107,II,II
WDP37429.1,WDP,37429.0,IIb,IIb,2022-08,2022.0,110,0.9818181818181818,,H1,R,H,R74/H107,II,II
WDP37608.1,WDP,37608.0,IIb,IIb,2022-08,2022.0,110,0.9818181818181818,,H1,R,H,R74/H107,II,II
WDP37786.1,WDP,37786.0,IIb,IIb,2022-08,2022.0,110,0.9818181818181818,,H1,R,H,R74/H107,II,II
WDP37964.1,WDP,37964.0,IIb,IIb,2022-08,2022.0,110,0.9818181818181818,,H1,R,H,R74/H107,II,II
WDP38143.1,WDP,38143.0,IIb,IIb,2022-08,2022.0,110,0.9818181818181818,,H1,R,H,R74/H107,II,II
WDP38322.1,WDP,38322.0,IIb,IIb,2022-08,2022.0,110,0.9818181818181818,,H1,R,H,R74/H107,II,II
WDP38501.1,WDP,38501.0,IIb,IIb,2022-08,2022.0,110,0.9818181818181818,,H1,R,H,R74/H107,II,II
WDP38680.1,WDP,38680.0,IIb,IIb,2022-08,2022.0,110,0.9818181818181818,,H1,R,H,R74/H107,II,II
WDP38858.1,WDP,38858.0,IIb,IIb,2022-08,2022.0,110,0.9818181818181818,,H1,R,H,R74/H107,II,II
WDP39036.1,WDP,39036.0,IIb,IIb,2022-08,2022.0,110,0.9818181818181818,,H1,R,H,R74/H107,II,II
WDP39213.1,WDP,39213.0,IIb,IIb,2022-08,2022.0,110,0.9818181818181818,,H1,R,H,R74/H107,II,II
WDP39391.1,WDP,39391.0,IIb,IIb,2022-08,2022.0,110,0.9818181818181818,,H1,R,H,R74/H107,II,II
WDP39570.1,WDP,39570.0,IIb,IIb,2022-08,2022.0,110,0.9818181818181818,,H1,R,H,R74/H107,II,II
WDP39748.1,WDP,39748.0,IIb,IIb,2022-08,2022.0,110,0.9818181818181818,,H1,R,H,R74/H107,II,II
WDP39927.1,WDP,39927.0,IIb,IIb,2022-08,2022.0,110,0.9818181818181818,,H1,R,H,R74/H107,II,II
WDP40105.1,WDP,40105.0,IIb,IIb,2022-08,2022.0,110,0.9818181818181818,,H1,R,H,R74/H107,II,II
WDP40284.1,WDP,40284.0,IIb,IIb,2022-08,2022.0,110,0.9818181818181818,,H1,R,H,R74/H107,II,II
WDP40463.1,WDP,40463.0,IIb,IIb,2022-08,2022.0,110,0.9818181818181818,,H1,R,H,R74/H107,II,II
WDP40642.1,WDP,40642.0,IIb,IIb,2022-08,2022.0,110,0.9818181818181818,,H1,R,H,R74/H107,II,II
WDP40821.1,WDP,40821.0,IIb,IIb,2022-08,2022.0,110,0.9818181818181818,,H1,R,H,R74/H107,II,II
WDP41000.1,WDP,41000.0,IIb,IIb,2022-08,2022.0,110,0.9818181818181818,,H1,R,H,R74/H107,II,II
WDP41179.1,WDP,41179.0,IIb,IIb,2022-07,2022.0,110,0.9818181818181818,,H1,R,H,R74/H107,II,II
WDP41357.1,WDP,41357.0,IIb,IIb,2022-07,2022.0,110,0.9818181818181818,,H1,R,H,R74/H107,II,II
WDP41535.1,WDP,41535.0,IIb,IIb,2022-07,2022.0,110,0.9818181818181818,,H1,R,H,R74/H107,II,II
WDP41714.1,WDP,41714.0,IIb,IIb,2022-07,2022.0,110,0.9818181818181818,,H1,R,H,R74/H107,II,II
WDP41893.1,WDP,41893.0,IIb,IIb,2022-07,2022.0,110,0.9818181818181818,,H1,R,H,R74/H107,II,II
WDP42072.1,WDP,42072.0,IIb,IIb,2022-07,2022.0,110,0.9818181818181818,,H1,R,H,R74/H107,II,II
WDP42250.1,WDP,42250.0,IIb,IIb,2022-07,2022.0,110,0.9818181818181818,,H1,R,H,R74/H107,II,II
WDP42429.1,WDP,42429.0,IIb,IIb,2022-07,2022.0,110,0.9818181818181818,,H1,R,H,R74/H107,II,II
WDP42608.1,WDP,42608.0,IIb,IIb,2022-07,2022.0,110,0.9818181818181818,,H1,R,H,R74/H107,II,II
WDP42785.1,WDP,42785.0,IIb,IIb,2022-07,2022.0,110,0.9818181818181818,,H1,R,H,R74/H107,II,II
WDP42961.1,WDP,42961.0,IIb,IIb,2022-07,2022.0,110,0.9818181818181818,,H1,R,H,R74/H107,II,II
WDP43140.1,WDP,43140.0,IIb,IIb,2022-07,2022.0,110,0.9818181818181818,,H1,R,H,R74/H107,II,II
WDP43319.1,WDP,43319.0,IIb,IIb,2022-07,2022.0,110,0.9818181818181818,,H1,R,H,R74/H107,II,II
WDP43498.1,WDP,43498.0,IIb,IIb,2022-07,2022.0,110,0.9818181818181818,,H1,R,H,R74/H107,II,II
WDP43676.1,WDP,43676.0,IIb,IIb,2022-07,2022.0,110,0.9818181818181818,,H1,R,H,R74/H107,II,II
WDP43854.1,WDP,43854.0,IIb,IIb,2022-07,2022.0,110,0.9818181818181818,,H1,R,H,R74/H107,II,II
WDP44032.1,WDP,44032.0,IIb,IIb,2022-07,2022.0,110,0.9818181818181818,,H1,R,H,R74/H107,II,II
WDP44211.1,WDP,44211.0,IIb,IIb,2022-07,2022.0,110,0.9818181818181818,,H1,R,H,R74/H107,II,II
WDP44390.1,WDP,44390.0,IIb,IIb,2022-06,2022.0,110,0.9818181818181818,,H1,R,H,R74/H107,II,II
WDP44569.1,WDP,44569.0,IIb,IIb,2022-07,2022.0,110,0.9818181818181818,,H1,R,H,R74/H107,II,II
WDP44748.1,WDP,44748.0,IIb,IIb,2022-07,2022.0,110,0.9818181818181818,,H1,R,H,R74/H107,II,II
WDP44927.1,WDP,44927.0,IIb,IIb,2022-07,2022.0,110,0.9818181818181818,,H1,R,H,R74/H107,II,II
WDP45105.1,WDP,45105.0,IIb,IIb,2022-06,2022.0,110,0.9818181818181818,,H1,R,H,R74/H107,II,II
WDP45284.1,WDP,45284.0,IIb,IIb,2022-07,2022.0,110,0.9818181818181818,,H1,R,H,R74/H107,II,II
WDP45462.1,WDP,45462.0,IIb,IIb,2022-07,2022.0,110,0.9818181818181818,,H1,R,H,R74/H107,II,II
WDP45641.1,WDP,45641.0,IIb,IIb,2022-06,2022.0,110,0.9818181818181818,,H1,R,H,R74/H107,II,II
WDP45819.1,WDP,45819.0,IIb,IIb,2022-06,2022.0,110,0.9818181818181818,,H1,R,H,R74/H107,II,II
WDP45995.1,WDP,45995.0,IIb,IIb,2022-07,2022.0,110,0.9818181818181818,,H1,R,H,R74/H107,II,II
WDP46174.1,WDP,46174.0,IIb,IIb,2022-06,2022.0,110,0.9818181818181818,,H1,R,H,R74/H107,II,II
WDP46353.1,WDP,46353.0,IIb,IIb,2022-06,2022.0,110,0.9818181818181818,,H1,R,H,R74/H107,II,II
WDP46532.1,WDP,46532.0,IIb,IIb,2022-06,2022.0,110,0.9818181818181818,,H1,R,H,R74/H107,II,II
WDP46711.1,WDP,46711.0,IIb,IIb,2022-06,2022.0,110,0.9818181818181818,,H1,R,H,R74/H107,II,II
WDP46890.1,WDP,46890.0,IIb,IIb,2022-06,2022.0,110,0.9818181818181818,,H1,R,H,R74/H107,II,II
WDP47069.1,WDP,47069.0,IIb,IIb,2022-06,2022.0,110,0.9818181818181818,,H1,R,H,R74/H107,II,II
WDP47248.1,WDP,47248.0,IIb,IIb,2022-06,2022.0,110,0.9818181818181818,,H1,R,H,R74/H107,II,II
WDP47427.1,WDP,47427.0,IIb,IIb,2022-06,2022.0,110,0.9818181818181818,,H1,R,H,R74/H107,II,II
WDP47606.1,WDP,47606.0,IIb,IIb,2022-06,2022.0,110,0.9818181818181818,,H1,R,H,R74/H107,II,II
WDP47785.1,WDP,47785.0,IIb,IIb,2022-06,2022.0,110,0.9818181818181818,,H1,R,H,R74/H107,II,II
WDP47963.1,WDP,47963.0,IIb,IIb,2022-06,2022.0,110,0.9818181818181818,,H1,R,H,R74/H107,II,II
WDP48142.1,WDP,48142.0,IIb,IIb,2022-06,2022.0,110,0.9818181818181818,,H1,R,H,R74/H107,II,II
WDP48321.1,WDP,48321.0,IIb,IIb,2022-06,2022.0,110,0.9818181818181818,,H1,R,H,R74/H107,II,II
WDP48500.1,WDP,48500.0,IIb,IIb,2022-06,2022.0,110,0.9818181818181818,,H1,R,H,R74/H107,II,II
WDP48679.1,WDP,48679.0,IIb,IIb,2022-06,2022.0,110,0.9818181818181818,,H1,R,H,R74/H107,II,II
WDP48858.1,WDP,48858.0,IIb,IIb,2022-06,2022.0,110,0.9818181818181818,,H1,R,H,R74/H107,II,II
WDP49037.1,WDP,49037.0,IIb,IIb,2022-06,2022.0,110,0.9818181818181818,,H1,R,H,R74/H107,II,II
WDP49216.1,WDP,49216.0,IIb,IIb,2022-06,2022.0,110,0.9818181818181818,,H1,R,H,R74/H107,II,II
WDP49395.1,WDP,49395.0,IIb,IIb,2022-06,2022.0,110,0.9818181818181818,,H1,R,H,R74/H107,II,II
WDP49574.1,WDP,49574.0,IIb,IIb,2022-06,2022.0,110,0.9818181818181818,,H1,R,H,R74/H107,II,II
WDP49753.1,WDP,49753.0,IIb,IIb,2022-06,2022.0,110,0.9818181818181818,,H1,R,H,R74/H107,II,II
WDP49932.1,WDP,49932.0,IIb,IIb,2022-06,2022.0,110,0.9818181818181818,,H1,R,H,R74/H107,II,II
WDP50111.1,WDP,50111.0,IIb,IIb,2022-06,2022.0,110,0.9818181818181818,,H1,R,H,R74/H107,II,II
WDP50290.1,WDP,50290.0,IIb,IIb,2022-06,2022.0,110,0.9818181818181818,,H1,R,H,R74/H107,II,II
WDP50469.1,WDP,50469.0,IIb,IIb,2022-06,2022.0,110,0.9818181818181818,,H1,R,H,R74/H107,II,II
WDP50648.1,WDP,50648.0,IIb,IIb,2022-06,2022.0,110,0.9818181818181818,,H1,R,H,R74/H107,II,II
WDP50827.1,WDP,50827.0,IIb,IIb,2022-06,2022.0,110,0.9818181818181818,,H1,R,H,R74/H107,II,II
WDP51006.1,WDP,51006.0,IIb,IIb,2022-06,2022.0,110,0.9818181818181818,,H1,R,H,R74/H107,II,II
WDP51185.1,WDP,51185.0,IIb,IIb,2022-06,2022.0,110,0.9818181818181818,,H1,R,H,R74/H107,II,II
WDP51364.1,WDP,51364.0,IIb,IIb,2022-06,2022.0,110,0.9818181818181818,,H1,R,H,R74/H107,II,II
WDP51543.1,WDP,51543.0,IIb,IIb,2022-06,2022.0,110,0.9818181818181818,,H1,R,H,R74/H107,II,II
WDP51720.1,WDP,51720.0,IIb,IIb,2022-06,2022.0,110,0.9818181818181818,,H1,R,H,R74/H107,II,II
WDP51898.1,WDP,51898.0,IIb,IIb,2022-06,2022.0,110,0.9818181818181818,,H1,R,H,R74/H107,II,II
WDP52076.1,WDP,52076.0,IIb,IIb,2022-06,2022.0,110,0.9818181818181818,,H1,R,H,R74/H107,II,II
WDP52254.1,WDP,52254.0,IIb,IIb,2022-06,2022.0,110,0.9818181818181818,,H1,R,H,R74/H107,II,II
WDP52432.1,WDP,52432.0,IIb,IIb,2022-06,2022.0,110,0.9818181818181818,,H1,R,H,R74/H107,II,II
WDP52610.1,WDP,52610.0,IIb,IIb,2022-06,2022.0,110,0.9818181818181818,,H1,R,H,R74/H107,II,II
WDP52789.1,WDP,52789.0,IIb,IIb,2022-06,2022.0,110,0.9818181818181818,,H1,R,H,R74/H107,II,II
WDP52968.1,WDP,52968.0,IIb,IIb,2022-06,2022.0,110,0.9818181818181818,,H1,R,H,R74/H107,II,II
WDP53147.1,WDP,53147.0,IIb,IIb,2022-06,2022.0,110,0.9818181818181818,,H1,R,H,R74/H107,II,II
WDP53326.1,WDP,53326.0,IIb,IIb,2022-06,2022.0,110,0.9818181818181818,,H1,R,H,R74/H107,II,II
WDP53505.1,WDP,53505.0,IIb,IIb,2022-07,2022.0,110,0.9818181818181818,,H1,R,H,R74/H107,II,II
WDP53684.1,WDP,53684.0,IIb,IIb,2022-07,2022.0,110,0.9818181818181818,,H1,R,H,R74/H107,II,II
WDP53863.1,WDP,53863.0,IIb,IIb,2022-06,2022.0,110,0.9818181818181818,,H1,R,H,R74/H107,II,II
WDP54042.1,WDP,54042.0,IIb,IIb,2022-07,2022.0,110,0.9818181818181818,,H1,R,H,R74/H107,II,II
WDP54221.1,WDP,54221.0,IIb,IIb,2022-07,2022.0,110,0.9818181818181818,,H1,R,H,R74/H107,II,II
WDP54400.1,WDP,54400.0,IIb,IIb,2022-07,2022.0,110,0.9818181818181818,,H1,R,H,R74/H107,II,II
WDP54579.1,WDP,54579.0,IIb,IIb,2022-07,2022.0,110,0.9818181818181818,,H1,R,H,R74/H107,II,II
WDP54758.1,WDP,54758.0,IIb,IIb,2022-07,2022.0,110,0.9818181818181818,,H1,R,H,R74/H107,II,II
WDP54937.1,WDP,54937.0,IIb,IIb,2022-07,2022.0,110,0.9818181818181818,,H1,R,H,R74/H107,II,II
WDP55116.1,WDP,55116.0,IIb,IIb,2022-07,2022.0,110,0.9818181818181818,,H1,R,H,R74/H107,II,II
WDP55295.1,WDP,55295.0,IIb,IIb,2022-07,2022.0,110,0.9818181818181818,,H1,R,H,R74/H107,II,II
WDP55473.1,WDP,55473.0,IIb,IIb,2022-07,2022.0,110,0.9818181818181818,,H1,R,H,R74/H107,II,II
WDP55652.1,WDP,55652.0,IIb,IIb,2022-07,2022.0,110,0.9818181818181818,,H1,R,H,R74/H107,II,II
WDP55831.1,WDP,55831.0,IIb,IIb,2022-07,2022.0,110,0.9818181818181818,,H1,R,H,R74/H107,II,II
WDP56009.1,WDP,56009.0,IIb,IIb,2022-06,2022.0,110,0.9818181818181818,,H1,R,H,R74/H107,II,II
WDP56187.1,WDP,56187.0,IIb,IIb,2022-08,2022.0,110,0.9818181818181818,,H1,R,H,R74/H107,II,II
WDP56366.1,WDP,56366.0,IIb,IIb,2022-08,2022.0,110,0.9818181818181818,,H1,R,H,R74/H107,II,II
WDP56544.1,WDP,56544.0,IIb,IIb,2022-08,2022.0,110,0.9818181818181818,,H1,R,H,R74/H107,II,II
WDP56723.1,WDP,56723.0,IIb,IIb,2022-08,2022.0,110,0.9818181818181818,,H1,R,H,R74/H107,II,II
WDP56902.1,WDP,56902.0,IIb,IIb,2022-08,2022.0,110,0.9818181818181818,,H1,R,H,R74/H107,II,II
WDP57081.1,WDP,57081.0,IIb,IIb,2022-08,2022.0,110,0.9818181818181818,,H1,R,H,R74/H107,II,II
WDP57260.1,WDP,57260.0,IIb,IIb,2022-08,2022.0,110,0.9818181818181818,,H1,R,H,R74/H107,II,II
WDP57439.1,WDP,57439.0,IIb,IIb,2022-08,2022.0,110,0.9818181818181818,,H1,R,H,R74/H107,II,II
WDP57618.1,WDP,57618.0,IIb,IIb,2022-07,2022.0,110,0.9818181818181818,,H1,R,H,R74/H107,II,II
WDP57795.1,WDP,57795.0,IIb,IIb,2022-07,2022.0,110,0.9818181818181818,,H1,R,H,R74/H107,II,II
WDP57974.1,WDP,57974.0,IIb,IIb,2022-07,2022.0,110,0.9818181818181818,,H1,R,H,R74/H107,II,II
WDP58153.1,WDP,58153.0,IIb,IIb,2022-07,2022.0,110,0.9818181818181818,,H1,R,H,R74/H107,II,II
WDP58332.1,WDP,58332.0,IIb,IIb,2022-07,2022.0,110,0.9818181818181818,,H1,R,H,R74/H107,II,II
WDP58511.1,WDP,58511.0,IIb,IIb,2022-07,2022.0,110,0.9818181818181818,,H1,R,H,R74/H107,II,II
WDP58690.1,WDP,58690.0,IIb,IIb,2022-07,2022.0,110,0.9818181818181818,,H1,R,H,R74/H107,II,II
WDP58869.1,WDP,58869.0,IIb,IIb,2022-07,2022.0,110,0.9818181818181818,,H1,R,H,R74/H107,II,II
WDP59048.1,WDP,59048.0,IIb,IIb,2022-07,2022.0,110,0.9818181818181818,,H1,R,H,R74/H107,II,II
WDP59224.1,WDP,59224.0,IIb,IIb,2022-07,2022.0,110,0.9818181818181818,,H1,R,H,R74/H107,II,II
WDP59401.1,WDP,59401.0,IIb,IIb,2022-07,2022.0,110,0.9818181818181818,,H1,R,H,R74/H107,II,II
WDP59579.1,WDP,59579.0,IIb,IIb,2022-07,2022.0,110,0.9818181818181818,,H1,R,H,R74/H107,II,II
WDP59758.1,WDP,59758.0,IIb,IIb,2022-07,2022.0,110,0.9818181818181818,,H1,R,H,R74/H107,II,II
WDP59937.1,WDP,59937.0,IIb,IIb,2022-07,2022.0,110,0.9818181818181818,,H1,R,H,R74/H107,II,II
WDP60116.1,WDP,60116.0,IIb,IIb,2022-07,2022.0,110,0.9818181818181818,,H1,R,H,R74/H107,II,II
WDP60295.1,WDP,60295.0,IIb,IIb,2022-07,2022.0,110,0.9818181818181818,,H1,R,H,R74/H107,II,II
WDP60474.1,WDP,60474.0,IIb,IIb,2022-07,2022.0,110,0.9818181818181818,,H1,R,H,R74/H107,II,II
WDP60653.1,WDP,60653.0,IIb,IIb,2022-07,2022.0,110,0.9818181818181818,,H1,R,H,R74/H107,II,II
WDP60832.1,WDP,60832.0,IIb,IIb,2022-07,2022.0,110,0.9818181818181818,,H1,R,H,R74/H107,II,II
WDP61011.1,WDP,61011.0,IIb,IIb,2022-07,2022.0,110,0.9818181818181818,,H1,R,H,R74/H107,II,II
WDP61189.1,WDP,61189.0,IIb,IIb,2022-07,2022.0,110,0.9818181818181818,,H1,R,H,R74/H107,II,II
WDP61367.1,WDP,61367.0,IIb,IIb,2022-07,2022.0,110,0.9818181818181818,,H1,R,H,R74/H107,II,II
WDP61546.1,WDP,61546.0,IIb,IIb,2022-07,2022.0,110,0.9818181818181818,,H1,R,H,R74/H107,II,II
WDP61724.1,WDP,61724.0,IIb,IIb,2022-08,2022.0,110,0.9818181818181818,,H1,R,H,R74/H107,II,II
WDP61903.1,WDP,61903.0,IIb,IIb,2022-09,2022.0,110,0.9818181818181818,,H1,R,H,R74/H107,II,II
WDP62082.1,WDP,62082.0,IIb,IIb,2022-07,2022.0,110,0.9818181818181818,,H1,R,H,R74/H107,II,II
WDP62261.1,WDP,62261.0,IIb,IIb,2022-07,2022.0,110,0.9818181818181818,,H1,R,H,R74/H107,II,II
WDP62439.1,WDP,62439.0,IIb,IIb,2022-07,2022.0,110,0.9818181818181818,,H1,R,H,R74/H107,II,II
WDP62618.1,WDP,62618.0,IIb,IIb,2022-07,2022.0,110,0.9818181818181818,,H1,R,H,R74/H107,II,II
WDP62797.1,WDP,62797.0,IIb,IIb,2022-07,2022.0,110,0.9818181818181818,,H1,R,H,R74/H107,II,II
WDP62976.1,WDP,62976.0,IIb,IIb,2022-07,2022.0,110,0.9818181818181818,,H1,R,H,R74/H107,II,II
WDP63155.1,WDP,63155.0,IIb,IIb,2022-07,2022.0,110,0.9818181818181818,,H1,R,H,R74/H107,II,II
WDP63334.1,WDP,63334.0,IIb,IIb,2022-07,2022.0,110,0.9818181818181818,,H1,R,H,R74/H107,II,II
WDP63513.1,WDP,63513.0,IIb,IIb,2022-07,2022.0,110,0.9818181818181818,,H1,R,H,R74/H107,II,II
WDP63692.1,WDP,63692.0,IIb,IIb,2022-07,2022.0,110,0.9818181818181818,,H1,R,H,R74/H107,II,II
WDP63871.1,WDP,63871.0,IIb,IIb,2022-07,2022.0,110,0.9818181818181818,,H1,R,H,R74/H107,II,II
WDP64050.1,WDP,64050.0,IIb,IIb,2022-07,2022.0,110,0.9818181818181818,,H1,R,H,R74/H107,II,II
WDP64229.1,WDP,64229.0,IIb,IIb,2022-07,2022.0,110,0.9818181818181818,,H1,R,H,R74/H107,II,II
WDP64408.1,WDP,64408.0,IIb,IIb,2022-07,2022.0,110,0.9818181818181818,,H1,R,H,R74/H107,II,II
WDP64587.1,WDP,64587.0,IIb,IIb,2022-07,2022.0,110,0.9818181818181818,,H1,R,H,R74/H107,II,II
WDP64766.1,WDP,64766.0,IIb,IIb,2022-07,2022.0,110,0.9818181818181818,,H1,R,H,R74/H107,II,II
WDP64945.1,WDP,64945.0,IIb,IIb,2022-07,2022.0,110,0.9818181818181818,,H1,R,H,R74/H107,II,II
WDP65123.1,WDP,65123.0,IIb,IIb,2022-06,2022.0,110,0.9818181818181818,,H1,R,H,R74/H107,II,II
WDP65302.1,WDP,65302.0,IIb,IIb,2022-07,2022.0,110,0.9818181818181818,,H1,R,H,R74/H107,II,II
WDP65481.1,WDP,65481.0,IIb,IIb,2022-06,2022.0,110,0.9818181818181818,,H1,R,H,R74/H107,II,II
WDP65660.1,WDP,65660.0,IIb,IIb,2022-06,2022.0,110,0.9818181818181818,,H1,R,H,R74/H107,II,II
WDP65839.1,WDP,65839.0,IIb,IIb,2022-06,2022.0,110,0.9818181818181818,,H1,R,H,R74/H107,II,II
WDP66018.1,WDP,66018.0,IIb,IIb,2022-06,2022.0,110,0.9818181818181818,,H1,R,H,R74/H107,II,II
WDP66197.1,WDP,66197.0,IIb,IIb,2022-06,2022.0,110,0.9818181818181818,,H1,R,H,R74/H107,II,II
WDP66376.1,WDP,66376.0,IIb,IIb,2022-06,2022.0,110,0.9818181818181818,,H1,R,H,R74/H107,II,II
WDP66555.1,WDP,66555.0,IIb,IIb,2022-06,2022.0,110,0.9818181818181818,,H1,R,H,R74/H107,II,II
WDP66734.1,WDP,66734.0,IIb,IIb,2022-06,2022.0,110,0.9818181818181818,,H1,R,H,R74/H107,II,II
WDP66913.1,WDP,66913.0,IIb,IIb,2022-06,2022.0,110,0.9818181818181818,,H1,R,H,R74/H107,II,II
WDP67092.1,WDP,67092.0,IIb,IIb,2022-06,2022.0,110,0.9818181818181818,,H1,R,H,R74/H107,II,II
WDP67270.1,WDP,67270.0,IIb,IIb,2022-06,2022.0,110,0.9818181818181818,,H1,R,H,R74/H107,II,II
WDP67447.1,WDP,67447.0,IIb,IIb,2022-06,2022.0,110,0.9818181818181818,,H1,R,H,R74/H107,II,II
WDP67624.1,WDP,67624.0,IIb,IIb,2022-06,2022.0,110,0.9818181818181818,,H1,R,H,R74/H107,II,II
WDP67802.1,WDP,67802.0,IIb,IIb,2022-06,2022.0,110,0.9818181818181818,,H1,R,H,R74/H107,II,II
WDP67981.1,WDP,67981.0,IIb,IIb,2022-06,2022.0,110,0.9818181818181818,,H1,R,H,R74/H107,II,II
WDP68159.1,WDP,68159.0,IIb,IIb,2022-07,2022.0,110,0.9818181818181818,,H1,R,H,R74/H107,II,II
WDP68337.1,WDP,68337.0,IIb,IIb,2022-07,2022.0,110,0.9818181818181818,,H1,R,H,R74/H107,II,II
WDP68516.1,WDP,68516.0,IIb,IIb,2022-07,2022.0,110,0.9818181818181818,,H1,R,H,R74/H107,II,II
WDP68695.1,WDP,68695.0,IIb,IIb,2022-07,2022.0,110,0.9818181818181818,,H1,R,H,R74/H107,II,II
WDP68874.1,WDP,68874.0,IIb,IIb,2022-07,2022.0,110,0.9818181818181818,,H1,R,H,R74/H107,II,II
WDP69053.1,WDP,69053.0,IIb,IIb,2022-07,2022.0,110,0.9818181818181818,,H1,R,H,R74/H107,II,II
WDP69232.1,WDP,69232.0,IIb,IIb,2022-07,2022.0,110,0.9818181818181818,,H1,R,H,R74/H107,II,II
WDP69411.1,WDP,69411.0,IIb,IIb,2022-06,2022.0,110,0.9818181818181818,,H1,R,H,R74/H107,II,II
WDP69590.1,WDP,69590.0,IIb,IIb,2022-07,2022.0,110,0.9818181818181818,,H1,R,H,R74/H107,II,II
WDP69769.1,WDP,69769.0,IIb,IIb,2022-06,2022.0,110,0.9818181818181818,,H1,R,H,R74/H107,II,II
WDP69948.1,WDP,69948.0,IIb,IIb,2022-07,2022.0,110,0.9818181818181818,,H1,R,H,R74/H107,II,II
WDP70126.1,WDP,70126.0,IIb,IIb,2022-07,2022.0,110,0.9818181818181818,,H1,R,H,R74/H107,II,II
WDP70305.1,WDP,70305.0,IIb,IIb,2022-07,2022.0,110,0.9818181818181818,,H1,R,H,R74/H107,II,II
WDP70484.1,WDP,70484.0,IIb,IIb,2022-07,2022.0,110,0.9818181818181818,,H1,R,H,R74/H107,II,II
WDP70663.1,WDP,70663.0,IIb,IIb,2022-07,2022.0,110,0.9818181818181818,,H1,R,H,R74/H107,II,II
WDP70842.1,WDP,70842.0,IIb,IIb,2022-07,2022.0,110,0.9818181818181818,,H1,R,H,R74/H107,II,II
WDP71021.1,WDP,71021.0,IIb,IIb,2022-07,2022.0,110,0.9818181818181818,,H1,R,H,R74/H107,II,II
WDP71200.1,WDP,71200.0,IIb,IIb,2022-07,2022.0,110,0.9818181818181818,,H1,R,H,R74/H107,II,II
WDP71379.1,WDP,71379.0,IIb,IIb,2022-07,2022.0,110,0.9818181818181818,,H1,R,H,R74/H107,II,II
WDP71558.1,WDP,71558.0,IIb,IIb,2022-07,2022.0,110,0.9818181818181818,,H1,R,H,R74/H107,II,II
WDP71737.1,WDP,71737.0,IIb,IIb,2022-07,2022.0,110,0.9818181818181818,,H1,R,H,R74/H107,II,II
WDP71916.1,WDP,71916.0,IIb,IIb,2022-07,2022.0,110,0.9818181818181818,,H1,R,H,R74/H107,II,II
WDP72095.1,WDP,72095.0,IIb,IIb,2022-07,2022.0,110,0.9818181818181818,,H1,R,H,R74/H107,II,II
WDP72274.1,WDP,72274.0,IIb,IIb,2022-07,2022.0,110,0.9818181818181818,,H1,R,H,R74/H107,II,II
WDP72453.1,WDP,72453.0,IIb,IIb,2022-07,2022.0,110,0.9818181818181818,,H1,R,H,R74/H107,II,II
WDP72632.1,WDP,72632.0,IIb,IIb,2022-07,2022.0,110,0.9818181818181818,,H1,R,H,R74/H107,II,II
WDP72811.1,WDP,72811.0,IIb,IIb,2022-07,2022.0,110,0.9818181818181818,,H1,R,H,R74/H107,II,II
WDP72990.1,WDP,72990.0,IIb,IIb,2022-07,2022.0,110,0.9818181818181818,,H1,R,H,R74/H107,II,II
WDP73169.1,WDP,73169.0,IIb,IIb,2022-07,2022.0,110,0.9818181818181818,,H1,R,H,R74/H107,II,II
WDP73348.1,WDP,73348.0,IIb,IIb,2022-07,2022.0,110,0.9818181818181818,,H1,R,H,R74/H107,II,II
WDP73527.1,WDP,73527.0,IIb,IIb,2022-07,2022.0,110,0.9818181818181818,,H1,R,H,R74/H107,II,II
WDP73706.1,WDP,73706.0,IIb,IIb,2022-07,2022.0,110,0.9818181818181818,,H1,R,H,R74/H107,II,II
WDP73885.1,WDP,73885.0,IIb,IIb,2022-07,2022.0,110,0.9818181818181818,,H1,R,H,R74/H107,II,II
WDP74064.1,WDP,74064.0,IIb,IIb,2022-07,2022.0,110,0.9818181818181818,,H1,R,H,R74/H107,II,II
WDP74243.1,WDP,74243.0,IIb,IIb,2022-07,2022.0,110,0.9818181818181818,,H1,R,H,R74/H107,II,II
WDP74422.1,WDP,74422.0,IIb,IIb,2022-07,2022.0,110,0.9818181818181818,,H1,R,H,R74/H107,II,II
WDP74601.1,WDP,74601.0,IIb,IIb,2022-07,2022.0,110,0.9818181818181818,,H1,R,H,R74/H107,II,II
WDP74779.1,WDP,74779.0,IIb,IIb,2022-07,2022.0,110,0.9818181818181818,,H1,R,H,R74/H107,II,II
WDP74958.1,WDP,74958.0,IIb,IIb,2022-07,2022.0,110,0.9818181818181818,,H1,R,H,R74/H107,II,II
WDP75137.1,WDP,75137.0,IIb,IIb,2022-07,2022.0,110,0.9818181818181818,,H1,R,H,R74/H107,II,II
WDP75316.1,WDP,75316.0,IIb,IIb,2022-07,2022.0,110,0.9818181818181818,,H1,R,H,R74/H107,II,II
WDP75495.1,WDP,75495.0,IIb,IIb,2022-07,2022.0,110,0.9818181818181818,,H1,R,H,R74/H107,II,II
WDP75674.1,WDP,75674.0,IIb,IIb,2022-07,2022.0,110,0.9818181818181818,,H1,R,H,R74/H107,II,II
WDP75853.1,WDP,75853.0,IIb,IIb,2022-07,2022.0,110,0.9818181818181818,,H1,R,H,R74/H107,II,II
WDP76032.1,WDP,76032.0,IIb,IIb,2022-07,2022.0,110,0.9818181818181818,,H1,R,H,R74/H107,II,II
WDP76211.1,WDP,76211.0,IIb,IIb,2022-07,2022.0,110,0.9818181818181818,,H1,R,H,R74/H107,II,II
WDP76390.1,WDP,76390.0,IIb,IIb,2022-07,2022.0,110,0.9818181818181818,,H1,R,H,R74/H107,II,II
WDP76569.1,WDP,76569.0,IIb,IIb,2022-07,2022.0,110,0.9818181818181818,,H1,R,H,R74/H107,II,II
WDP76744.1,WDP,76744.0,IIb,IIb,2022-07,2022.0,110,0.9818181818181818,,H1,R,H,R74/H107,II,II
WDP76923.1,WDP,76923.0,IIb,IIb,2022-07,2022.0,110,0.9818181818181818,,H1,R,H,R74/H107,II,II
WDP77102.1,WDP,77102.0,IIb,IIb,2022-07,2022.0,110,0.9818181818181818,,H1,R,H,R74/H107,II,II
WDP77280.1,WDP,77280.0,IIb,IIb,2022-07,2022.0,110,0.9818181818181818,,H1,R,H,R74/H107,II,II
WDP77458.1,WDP,77458.0,IIb,IIb,2022-07,2022.0,110,0.9818181818181818,,H1,R,H,R74/H107,II,II
WDP77637.1,WDP,77637.0,IIb,IIb,2022-07,2022.0,110,0.9818181818181818,,H1,R,H,R74/H107,II,II
WDP77816.1,WDP,77816.0,IIb,IIb,2022-07,2022.0,110,0.9818181818181818,,H1,R,H,R74/H107,II,II
WDP77993.1,WDP,77993.0,IIb,IIb,2022-07,2022.0,110,0.9818181818181818,,H1,R,H,R74/H107,II,II
WDP78172.1,WDP,78172.0,IIb,IIb,2022-07,2022.0,110,0.9818181818181818,,H1,R,H,R74/H107,II,II
WDP78351.1,WDP,78351.0,IIb,IIb,2022-07,2022.0,110,0.9818181818181818,,H1,R,H,R74/H107,II,II
WDP78530.1,WDP,78530.0,IIb,IIb,2022-07,2022.0,110,0.9818181818181818,,H1,R,H,R74/H107,II,II
WDP78709.1,WDP,78709.0,IIb,IIb,2022-07,2022.0,110,0.9818181818181818,,H1,R,H,R74/H107,II,II
WDP78888.1,WDP,78888.0,IIb,IIb,2022-07,2022.0,110,0.9818181818181818,,H1,R,H,R74/H107,II,II
WDP79067.1,WDP,79067.0,IIb,IIb,2022-07,2022.0,110,0.9818181818181818,,H1,R,H,R74/H107,II,II
WDP79246.1,WDP,79246.0,IIb,IIb,2022-08,2022.0,110,0.9818181818181818,,H1,R,H,R74/H107,II,II
WDP79425.1,WDP,79425.0,IIb,IIb,2022-07,2022.0,110,0.9818181818181818,,H1,R,H,R74/H107,II,II
WDP79602.1,WDP,79602.0,IIb,IIb,2022-07,2022.0,110,0.9818181818181818,,H1,R,H,R74/H107,II,II
BDX51703.1,BDX,51703.0,IIb,IIb,2023-01-25,2023.0,110,0.9818181818181818,,H1,R,H,R74/H107,II,II
BDX51892.1,BDX,51892.0,IIb,IIb,2023-01-25,2023.0,110,0.9818181818181818,,H1,R,H,R74/H107,II,II
BDX52081.1,BDX,52081.0,IIb,IIb,2023-01-30,2023.0,110,0.9818181818181818,,H1,R,H,R74/H107,II,II
BDX52270.1,BDX,52270.0,IIb,IIb,2023-02-09,2023.0,110,0.9818181818181818,,H1,R,H,R74/H107,II,II
P0DTN3.1,P,0.0,,unassigned,,,110,0.9818181818181818,,H1,R,H,R74/H107,unassigned,II
WDE67840.1,WDE,67840.0,IIb,IIb,2022-06,2022.0,110,0.9818181818181818,,H1,R,H,R74/H107,II,II
WDE68019.1,WDE,68019.0,IIb,IIb,2022-08,2022.0,110,0.9818181818181818,,H1,R,H,R74/H107,II,II
WDE68198.1,WDE,68198.0,IIb,IIb,2022-08,2022.0,110,0.9818181818181818,,H1,R,H,R74/H107,II,II
WDE68376.1,WDE,68376.0,IIb,IIb,2022-08,2022.0,110,0.9818181818181818,,H1,R,H,R74/H107,II,II
WDE68554.1,WDE,68554.0,IIb,IIb,2022-09,2022.0,110,0.9818181818181818,,H1,R,H,R74/H107,II,II
WDE68733.1,WDE,68733.0,IIb,IIb,2022-09,2022.0,110,0.9818181818181818,,H1,R,H,R74/H107,II,II
WDE68912.1,WDE,68912.0,IIb,IIb,2022-10,2022.0,110,0.9818181818181818,,H1,R,H,R74/H107,II,II
WDE69091.1,WDE,69091.0,IIb,IIb,2022-10,2022.0,110,0.9818181818181818,,H1,R,H,R74/H107,II,II
WDE69270.1,WDE,69270.0,IIb,IIb,2022-11,2022.0,110,0.9818181818181818,,H1,R,H,R74/H107,II,II
WDE69449.1,WDE,69449.0,IIb,IIb,2023-01,2023.0,110,0.9818181818181818,,H1,R,H,R74/H107,II,II
WDE69628.1,WDE,69628.0,IIb,IIb,2023-01,2023.0,110,0.9818181818181818,,H1,R,H,R74/H107,II,II
WCZ58926.1,WCZ,58926.0,IIb,IIb,2022-10,2022.0,110,0.9818181818181818,,H1,R,H,R74/H107,II,II
WCZ59104.1,WCZ,59104.0,IIb,IIb,2022-10,2022.0,110,0.9818181818181818,,H1,R,H,R74/H107,II,II
WCZ59282.1,WCZ,59282.0,IIb,IIb,2022-10,2022.0,110,0.9818181818181818,,H1,R,H,R74/H107,II,II
WCZ59460.1,WCZ,59460.0,IIb,IIb,2022-10,2022.0,110,0.9818181818181818,,H1,R,H,R74/H107,II,II
WCZ59637.1,WCZ,59637.0,IIb,IIb,2022-10,2022.0,110,0.9818181818181818,,H1,R,H,R74/H107,II,II
WCZ59815.1,WCZ,59815.0,IIb,IIb,2022-11,2022.0,110,0.9818181818181818,,H1,R,H,R74/H107,II,II
WCZ59993.1,WCZ,59993.0,IIb,IIb,2022-10,2022.0,110,0.9818181818181818,,H1,R,H,R74/H107,II,II
WCZ60171.1,WCZ,60171.0,IIb,IIb,2022-06,2022.0,110,0.9818181818181818,,H1,R,H,R74/H107,II,II
WCZ60349.1,WCZ,60349.0,IIb,IIb,2022-06,2022.0,110,0.9818181818181818,,H1,R,H,R74/H107,II,II
WCZ60527.1,WCZ,60527.0,IIb,IIb,2022-06,2022.0,110,0.9818181818181818,,H1,R,H,R74/H107,II,II
WCZ60705.1,WCZ,60705.0,IIb,IIb,2022-10,2022.0,110,0.9818181818181818,,H1,R,H,R74/H107,II,II
WCZ60883.1,WCZ,60883.0,IIb,IIb,2022-10,2022.0,110,0.9818181818181818,,H1,R,H,R74/H107,II,II
WCZ61061.1,WCZ,61061.0,IIb,IIb,2022-10,2022.0,110,0.9818181818181818,,H1,R,H,R74/H107,II,II
WCZ61239.1,WCZ,61239.0,IIb,IIb,2022-10,2022.0,110,0.9818181818181818,,H1,R,H,R74/H107,II,II
WCZ61417.1,WCZ,61417.0,IIb,IIb,2022-11,2022.0,110,0.9818181818181818,,H1,R,H,R74/H107,II,II
WCZ61595.1,WCZ,61595.0,IIb,IIb,2022-10,2022.0,110,0.9818181818181818,,H1,R,H,R74/H107,II,II
WCZ61773.1,WCZ,61773.0,IIb,IIb,2022-09,2022.0,110,0.9818181818181818,,H1,R,H,R74/H107,II,II
WCZ61951.1,WCZ,61951.0,IIb,IIb,2022-09,2022.0,110,0.9818181818181818,,H1,R,H,R74/H107,II,II
WCZ62129.1,WCZ,62129.0,IIb,IIb,2022-07,2022.0,110,0.9818181818181818,,H1,R,H,R74/H107,II,II
WCZ62307.1,WCZ,62307.0,IIb,IIb,2022-10,2022.0,110,0.9818181818181818,,H1,R,H,R74/H107,II,II
WCZ62485.1,WCZ,62485.0,IIb,IIb,2022-06,2022.0,110,0.9818181818181818,,H1,R,H,R74/H107,II,II
WCZ62663.1,WCZ,62663.0,IIb,IIb,2022-11,2022.0,110,0.9818181818181818,,H1,R,H,R74/H107,II,II
WCZ62839.1,WCZ,62839.0,IIb,IIb,2022-10,2022.0,110,0.9818181818181818,,H1,R,H,R74/H107,II,II
WCZ63016.1,WCZ,63016.0,IIb,IIb,2022-11,2022.0,110,0.9818181818181818,,H1,R,H,R74/H107,II,II
WCZ63194.1,WCZ,63194.0,IIb,IIb,2022-11,2022.0,110,0.9818181818181818,,H1,R,H,R74/H107,II,II
WCZ63372.1,WCZ,63372.0,IIb,IIb,2022-09,2022.0,110,0.9818181818181818,,H1,R,H,R74/H107,II,II
WCZ63550.1,WCZ,63550.0,IIb,IIb,2022-09,2022.0,110,0.9818181818181818,,H1,R,H,R74/H107,II,II
WCZ63728.1,WCZ,63728.0,IIb,IIb,2022-06,2022.0,110,0.9818181818181818,,H1,R,H,R74/H107,II,II
WCZ63906.1,WCZ,63906.0,IIb,IIb,2022-06,2022.0,110,0.9818181818181818,,H1,R,H,R74/H107,II,II
WCZ64083.1,WCZ,64083.0,IIb,IIb,2022-06,2022.0,110,0.9818181818181818,,H1,R,H,R74/H107,II,II
WCZ64260.1,WCZ,64260.0,IIb,IIb,2022-07,2022.0,110,0.9818181818181818,,H1,R,H,R74/H107,II,II
WCZ64437.1,WCZ,64437.0,IIb,IIb,2022-06,2022.0,110,0.9818181818181818,,H1,R,H,R74/H107,II,II
WCZ64615.1,WCZ,64615.0,IIb,IIb,2022-06,2022.0,110,0.9818181818181818,,H1,R,H,R74/H107,II,II
WCZ64793.1,WCZ,64793.0,IIb,IIb,2022-07,2022.0,110,0.9818181818181818,,H1,R,H,R74/H107,II,II
WCZ64971.1,WCZ,64971.0,IIb,IIb,2022-07,2022.0,110,0.9818181818181818,,H1,R,H,R74/H107,II,II
WCZ65149.1,WCZ,65149.0,IIb,IIb,2022-06,2022.0,110,0.9818181818181818,,H1,R,H,R74/H107,II,II
WCZ65326.1,WCZ,65326.0,IIb,IIb,2022-06,2022.0,110,0.9818181818181818,,H1,R,H,R74/H107,II,II
WCZ65504.1,WCZ,65504.0,IIb,IIb,2022-07,2022.0,110,0.9818181818181818,,H1,R,H,R74/H107,II,II
WCZ65682.1,WCZ,65682.0,IIb,IIb,2022-10,2022.0,110,0.9818181818181818,,H1,R,H,R74/H107,II,II
WCZ65860.1,WCZ,65860.0,IIb,IIb,2022-07,2022.0,110,0.9818181818181818,,H1,R,H,R74/H107,II,II
WCZ66038.1,WCZ,66038.0,IIb,IIb,2022-11,2022.0,110,0.9818181818181818,,H1,R,H,R74/H107,II,II
WCS71347.1,WCS,71347.0,IIb,IIb,2022-08,2022.0,110,0.9818181818181818,,H1,R,H,R74/H107,II,II
WCS71521.1,WCS,71521.0,IIb,IIb,2022-08,2022.0,110,0.9818181818181818,,H1,R,H,R74/H107,II,II
WCS71695.1,WCS,71695.0,IIb,IIb,2022-08,2022.0,110,0.9818181818181818,,H1,R,H,R74/H107,II,II
WCS71869.1,WCS,71869.0,IIb,IIb,2022-08,2022.0,110,0.9818181818181818,,H1,R,H,R74/H107,II,II
WCS72042.1,WCS,72042.0,IIb,IIb,2022-08,2022.0,110,0.9818181818181818,,H1,R,H,R74/H107,II,II
WCS72216.1,WCS,72216.0,IIb,IIb,2022-09,2022.0,110,0.9818181818181818,,H1,R,H,R74/H107,II,II
WCS72389.1,WCS,72389.0,IIb,IIb,2022-08,2022.0,110,0.9818181818181818,,H1,R,H,R74/H107,II,II
WCS72563.1,WCS,72563.0,IIb,IIb,2022-08,2022.0,110,0.9818181818181818,,H1,R,H,R74/H107,II,II
WCS72737.1,WCS,72737.0,IIb,IIb,2022-09,2022.0,110,0.9818181818181818,,H1,R,H,R74/H107,II,II
WCS72912.1,WCS,72912.0,IIb,IIb,2022-09,2022.0,110,0.9818181818181818,,H1,R,H,R74/H107,II,II
WCS73086.1,WCS,73086.0,IIb,IIb,2022-09,2022.0,110,0.9818181818181818,,H1,R,H,R74/H107,II,II
WCS73815.1,WCS,73815.0,IIb,IIb,2022-07,2022.0,110,0.9818181818181818,,H1,R,H,R74/H107,II,II
WCS73993.1,WCS,73993.0,IIb,IIb,2022-07,2022.0,110,0.9818181818181818,,H1,R,H,R74/H107,II,II
WCS74172.1,WCS,74172.0,IIb,IIb,2022-07,2022.0,110,0.9818181818181818,,H1,R,H,R74/H107,II,II
WCS74351.1,WCS,74351.0,IIb,IIb,2022-07,2022.0,110,0.9818181818181818,,H1,R,H,R74/H107,II,II
WCS74529.1,WCS,74529.0,IIb,IIb,2022-07,2022.0,110,0.9818181818181818,,H1,R,H,R74/H107,II,II
WCS74707.1,WCS,74707.0,IIb,IIb,2022-07,2022.0,110,0.9818181818181818,,H1,R,H,R74/H107,II,II
WCS74884.1,WCS,74884.0,IIb,IIb,2022-10,2022.0,110,0.9818181818181818,,H1,R,H,R74/H107,II,II
WCS75061.1,WCS,75061.0,IIb,IIb,2022-11,2022.0,110,0.9818181818181818,,H1,R,H,R74/H107,II,II
WCS75240.1,WCS,75240.0,IIb,IIb,2022-11,2022.0,110,0.9818181818181818,,H1,R,H,R74/H107,II,II
WCS75419.1,WCS,75419.0,IIb,IIb,2022-11,2022.0,110,0.9818181818181818,,H1,R,H,R74/H107,II,II
WCS75598.1,WCS,75598.0,IIb,IIb,2022-06,2022.0,110,0.9818181818181818,,H1,R,H,R74/H107,II,II
WCS75777.1,WCS,75777.0,IIb,IIb,2022-06,2022.0,110,0.9818181818181818,,H1,R,H,R74/H107,II,II
WCS75956.1,WCS,75956.0,IIb,IIb,2022-06,2022.0,110,0.9818181818181818,,H1,R,H,R74/H107,II,II
WCS76135.1,WCS,76135.0,IIb,IIb,2022-06,2022.0,110,0.9818181818181818,,H1,R,H,R74/H107,II,II
WCS76314.1,WCS,76314.0,IIb,IIb,2022-07,2022.0,110,0.9818181818181818,,H1,R,H,R74/H107,II,II
WCS76493.1,WCS,76493.0,IIb,IIb,2022-07,2022.0,110,0.9818181818181818,,H1,R,H,R74/H107,II,II
WCS76672.1,WCS,76672.0,IIb,IIb,2022-08,2022.0,110,0.9818181818181818,,H1,R,H,R74/H107,II,II
WCS76851.1,WCS,76851.0,IIb,IIb,2022-08,2022.0,110,0.9818181818181818,,H1,R,H,R74/H107,II,II
WCS77030.1,WCS,77030.0,IIb,IIb,2022-08,2022.0,110,0.9818181818181818,,H1,R,H,R74/H107,II,II
WCS77209.1,WCS,77209.0,IIb,IIb,2022-08,2022.0,110,0.9818181818181818,,H1,R,H,R74/H107,II,II
WCS77387.1,WCS,77387.0,IIb,IIb,2022-09,2022.0,110,0.9818181818181818,,H1,R,H,R74/H107,II,II
WCS77566.1,WCS,77566.0,IIb,IIb,2022-09,2022.0,110,0.9818181818181818,,H1,R,H,R74/H107,II,II
WCS77745.1,WCS,77745.0,IIb,IIb,2022-09,2022.0,110,0.9818181818181818,,H1,R,H,R74/H107,II,II
WCS77924.1,WCS,77924.0,IIb,IIb,2022-07,2022.0,110,0.9818181818181818,,H1,R,H,R74/H107,II,II
WCS78103.1,WCS,78103.0,IIb,IIb,2022-07,2022.0,110,0.9818181818181818,,H1,R,H,R74/H107,II,II
WCS78282.1,WCS,78282.0,IIb,IIb,2022-07,2022.0,110,0.9818181818181818,,H1,R,H,R74/H107,II,II
WCS78461.1,WCS,78461.0,IIb,IIb,2022-07,2022.0,110,0.9818181818181818,,H1,R,H,R74/H107,II,II
WCS78640.1,WCS,78640.0,IIb,IIb,2022-07,2022.0,110,0.9818181818181818,,H1,R,H,R74/H107,II,II
WCS78819.1,WCS,78819.0,IIb,IIb,2022-07,2022.0,110,0.9818181818181818,,H1,R,H,R74/H107,II,II
WCS78998.1,WCS,78998.0,IIb,IIb,2022-07,2022.0,110,0.9818181818181818,,H1,R,H,R74/H107,II,II
WCS79177.1,WCS,79177.0,IIb,IIb,2022-07,2022.0,110,0.9818181818181818,,H1,R,H,R74/H107,II,II
WCS79356.1,WCS,79356.0,IIb,IIb,2022-07,2022.0,110,0.9818181818181818,,H1,R,H,R74/H107,II,II
WCS79535.1,WCS,79535.0,IIb,IIb,2022-07,2022.0,110,0.9818181818181818,,H1,R,H,R74/H107,II,II
WCS79714.1,WCS,79714.0,IIb,IIb,2022-07,2022.0,110,0.9818181818181818,,H1,R,H,R74/H107,II,II
WCS79893.1,WCS,79893.0,IIb,IIb,2022-07,2022.0,110,0.9818181818181818,,H1,R,H,R74/H107,II,II
WCS80072.1,WCS,80072.0,IIb,IIb,2022-07,2022.0,110,0.9818181818181818,,H1,R,H,R74/H107,II,II
WCS80251.1,WCS,80251.0,IIb,IIb,2022-07,2022.0,110,0.9818181818181818,,H1,R,H,R74/H107,II,II
WCS80430.1,WCS,80430.0,IIb,IIb,2022-07,2022.0,110,0.9818181818181818,,H1,R,H,R74/H107,II,II
WCS80609.1,WCS,80609.0,IIb,IIb,2022-07,2022.0,110,0.9818181818181818,,H1,R,H,R74/H107,II,II
WCS80787.1,WCS,80787.0,IIb,IIb,2022-07,2022.0,110,0.9818181818181818,,H1,R,H,R74/H107,II,II
WCS80966.1,WCS,80966.0,IIb,IIb,2022-07,2022.0,110,0.9818181818181818,,H1,R,H,R74/H107,II,II
WCS81145.1,WCS,81145.0,IIb,IIb,2022-07,2022.0,110,0.9818181818181818,,H1,R,H,R74/H107,II,II
WCS81324.1,WCS,81324.0,IIb,IIb,2022-07,2022.0,110,0.9818181818181818,,H1,R,H,R74/H107,II,II
WCS81503.1,WCS,81503.0,IIb,IIb,2022-07,2022.0,110,0.9818181818181818,,H1,R,H,R74/H107,II,II
WCS81682.1,WCS,81682.0,IIb,IIb,2022-07,2022.0,110,0.9818181818181818,,H1,R,H,R74/H107,II,II
WCS81861.1,WCS,81861.0,IIb,IIb,2022-07,2022.0,110,0.9818181818181818,,H1,R,H,R74/H107,II,II
WCS82040.1,WCS,82040.0,IIb,IIb,2022-07,2022.0,110,0.9818181818181818,,H1,R,H,R74/H107,II,II
WCS82219.1,WCS,82219.0,IIb,IIb,2022-07,2022.0,110,0.9818181818181818,,H1,R,H,R74/H107,II,II
WCS82398.1,WCS,82398.0,IIb,IIb,2022-07,2022.0,110,0.9818181818181818,,H1,R,H,R74/H107,II,II
WCS82577.1,WCS,82577.0,IIb,IIb,2022-07,2022.0,110,0.9818181818181818,,H1,R,H,R74/H107,II,II
WCS82755.1,WCS,82755.0,IIb,IIb,2022-07,2022.0,110,0.9818181818181818,,H1,R,H,R74/H107,II,II
WCS82934.1,WCS,82934.0,IIb,IIb,2022-07,2022.0,110,0.9818181818181818,,H1,R,H,R74/H107,II,II
WCS83113.1,WCS,83113.0,IIb,IIb,2022-07,2022.0,110,0.9818181818181818,,H1,R,H,R74/H107,II,II
WCS83291.1,WCS,83291.0,IIb,IIb,2022-08,2022.0,110,0.9818181818181818,,H1,R,H,R74/H107,II,II
WCS83470.1,WCS,83470.0,IIb,IIb,2022-08,2022.0,110,0.9818181818181818,,H1,R,H,R74/H107,II,II
WCS83649.1,WCS,83649.0,IIb,IIb,2022-08,2022.0,110,0.9818181818181818,,H1,R,H,R74/H107,II,II
WCS83828.1,WCS,83828.0,IIb,IIb,2022-08,2022.0,110,0.9818181818181818,,H1,R,H,R74/H107,II,II
WCS84007.1,WCS,84007.0,IIb,IIb,2022-09,2022.0,110,0.9818181818181818,,H1,R,H,R74/H107,II,II
WCS84186.1,WCS,84186.0,IIb,IIb,2022-10,2022.0,110,0.9818181818181818,,H1,R,H,R74/H107,II,II
WCS84365.1,WCS,84365.0,IIb,IIb,2022-10,2022.0,110,0.9818181818181818,,H1,R,H,R74/H107,II,II
WCS84544.1,WCS,84544.0,IIb,IIb,2022-07,2022.0,110,0.9818181818181818,,H1,R,H,R74/H107,II,II
WCS84723.1,WCS,84723.0,IIb,IIb,2022-07,2022.0,110,0.9818181818181818,,H1,R,H,R74/H107,II,II
WCS84902.1,WCS,84902.0,IIb,IIb,2022-07,2022.0,110,0.9818181818181818,,H1,R,H,R74/H107,II,II
WCS85081.1,WCS,85081.0,IIb,IIb,2022-07,2022.0,110,0.9818181818181818,,H1,R,H,R74/H107,II,II
WCS85260.1,WCS,85260.0,IIb,IIb,2022-07,2022.0,110,0.9818181818181818,,H1,R,H,R74/H107,II,II
WCS85437.1,WCS,85437.0,IIb,IIb,2022-07,2022.0,110,0.9818181818181818,,H1,R,H,R74/H107,II,II
WCS85615.1,WCS,85615.0,IIb,IIb,2022-07,2022.0,110,0.9818181818181818,,H1,R,H,R74/H107,II,II
WCS85785.1,WCS,85785.0,IIb,IIb,2022-07,2022.0,110,0.9727272727272728,,H11,R,H,R74/H107,II,II
WCS85963.1,WCS,85963.0,IIb,IIb,2022-07,2022.0,110,0.9818181818181818,,H1,R,H,R74/H107,II,II
WCS86142.1,WCS,86142.0,IIb,IIb,2022-07,2022.0,110,0.9818181818181818,,H1,R,H,R74/H107,II,II
WCS86319.1,WCS,86319.0,IIb,IIb,2022-07,2022.0,110,0.9818181818181818,,H1,R,H,R74/H107,II,II
WCS86497.1,WCS,86497.0,IIb,IIb,2022-07,2022.0,110,0.9818181818181818,,H1,R,H,R74/H107,II,II
WCS86675.1,WCS,86675.0,IIb,IIb,2022-07,2022.0,110,0.9818181818181818,,H1,R,H,R74/H107,II,II
WCS86854.1,WCS,86854.0,IIb,IIb,2022-07,2022.0,110,0.9818181818181818,,H1,R,H,R74/H107,II,II
WCS87033.1,WCS,87033.0,IIb,IIb,2022-07,2022.0,110,0.9818181818181818,,H1,R,H,R74/H107,II,II
WCS87211.1,WCS,87211.0,IIb,IIb,2022-07,2022.0,110,0.9818181818181818,,H1,R,H,R74/H107,II,II
WCS87390.1,WCS,87390.0,IIb,IIb,2022-07,2022.0,110,0.9818181818181818,,H1,R,H,R74/H107,II,II
WCS87569.1,WCS,87569.0,IIb,IIb,2022-07,2022.0,110,0.9818181818181818,,H1,R,H,R74/H107,II,II
WCS87742.1,WCS,87742.0,IIb,IIb,2022-07,2022.0,110,0.9727272727272728,,H11,R,H,R74/H107,II,II
WCS87919.1,WCS,87919.0,IIb,IIb,2022-07,2022.0,110,0.9818181818181818,,H1,R,H,R74/H107,II,II
WCS88098.1,WCS,88098.0,IIb,IIb,2022-10,2022.0,110,0.9818181818181818,,H1,R,H,R74/H107,II,II
WCS88275.1,WCS,88275.0,IIb,IIb,2022-07,2022.0,110,0.9818181818181818,,H1,R,H,R74/H107,II,II
WCS88453.1,WCS,88453.0,IIb,IIb,2022-07,2022.0,110,0.9818181818181818,,H1,R,H,R74/H107,II,II
WCS88632.1,WCS,88632.0,IIb,IIb,2022-06,2022.0,110,0.9818181818181818,,H1,R,H,R74/H107,II,II
WCS88811.1,WCS,88811.0,IIb,IIb,2022-06,2022.0,110,0.9818181818181818,,H1,R,H,R74/H107,II,II
WCS88987.1,WCS,88987.0,IIb,IIb,2022-07,2022.0,110,0.9818181818181818,,H1,R,H,R74/H107,II,II
WCS89165.1,WCS,89165.0,IIb,IIb,2022-06,2022.0,110,0.9818181818181818,,H1,R,H,R74/H107,II,II
WCS89336.1,WCS,89336.0,IIb,IIb,2022-06,2022.0,110,0.9818181818181818,,H1,R,H,R74/H107,II,II
WCS89514.1,WCS,89514.0,IIb,IIb,2022-06,2022.0,110,0.9818181818181818,,H1,R,H,R74/H107,II,II
WCS89693.1,WCS,89693.0,IIb,IIb,2022-06,2022.0,110,0.9818181818181818,,H1,R,H,R74/H107,II,II
WCS89865.1,WCS,89865.0,IIb,IIb,2022-07,2022.0,110,0.9818181818181818,,H1,R,H,R74/H107,II,II
WCS90043.1,WCS,90043.0,IIb,IIb,2022-07,2022.0,110,0.9818181818181818,,H1,R,H,R74/H107,II,II
WCS90222.1,WCS,90222.0,IIb,IIb,2022-07,2022.0,110,0.9818181818181818,,H1,R,H,R74/H107,II,II
WCS90401.1,WCS,90401.0,IIb,IIb,2022-07,2022.0,110,0.9818181818181818,,H1,R,H,R74/H107,II,II
WCS90580.1,WCS,90580.0,IIb,IIb,2023-01,2023.0,110,0.9818181818181818,,H1,R,H,R74/H107,II,II
WCS90759.1,WCS,90759.0,IIb,IIb,2023-01,2023.0,110,0.9818181818181818,,H1,R,H,R74/H107,II,II
WCS90938.1,WCS,90938.0,IIb,IIb,2023-01,2023.0,110,0.9818181818181818,,H1,R,H,R74/H107,II,II
WCS91117.1,WCS,91117.0,IIb,IIb,2023-01,2023.0,110,0.9818181818181818,,H1,R,H,R74/H107,II,II
WCS91296.1,WCS,91296.0,IIb,IIb,2023-01,2023.0,110,0.9818181818181818,,H1,R,H,R74/H107,II,II
WCS91475.1,WCS,91475.0,IIb,IIb,2023-01,2023.0,110,0.9818181818181818,,H1,R,H,R74/H107,II,II
BDX28725.1,BDX,28725.0,IIb,IIb,2022-09,2022.0,110,0.9818181818181818,,H1,R,H,R74/H107,II,II
BDX28914.1,BDX,28914.0,IIb,IIb,2022-10,2022.0,110,0.9818181818181818,,H1,R,H,R74/H107,II,II
BDX29103.1,BDX,29103.0,IIb,IIb,2022-10,2022.0,110,0.9818181818181818,,H1,R,H,R74/H107,II,II
WCF44618.1,WCF,44618.0,IIb,IIb,2022-06-14,2022.0,110,0.9818181818181818,,H1,R,H,R74/H107,II,II
WCF44797.1,WCF,44797.0,IIb,IIb,2022-06-04,2022.0,110,0.9818181818181818,,H1,R,H,R74/H107,II,II
WCF44967.1,WCF,44967.0,IIb,IIb,2022-06-28,2022.0,110,0.9818181818181818,,H1,R,H,R74/H107,II,II
WCF45146.1,WCF,45146.0,IIb,IIb,2022-07-01,2022.0,110,0.9818181818181818,,H1,R,H,R74/H107,II,II
WCF45325.1,WCF,45325.0,IIb,IIb,2022-06-29,2022.0,110,0.9818181818181818,,H1,R,H,R74/H107,II,II
WCF45504.1,WCF,45504.0,IIb,IIb,2022-06-30,2022.0,110,0.9818181818181818,,H1,R,H,R74/H107,II,II
WCF45683.1,WCF,45683.0,IIb,IIb,2022-07-10,2022.0,110,0.9818181818181818,,H1,R,H,R74/H107,II,II
WCF45862.1,WCF,45862.0,IIb,IIb,2022-07-12,2022.0,110,0.9818181818181818,,H1,R,H,R74/H107,II,II
WCF46040.1,WCF,46040.0,IIb,IIb,2022-07-20,2022.0,110,0.9818181818181818,,H1,R,H,R74/H107,II,II
WCF46219.1,WCF,46219.0,IIb,IIb,2022-07-06,2022.0,110,0.9818181818181818,,H1,R,H,R74/H107,II,II
WCF46398.1,WCF,46398.0,IIb,IIb,2022-07-06,2022.0,110,0.9818181818181818,,H1,R,H,R74/H107,II,II
WCF46577.1,WCF,46577.0,IIb,IIb,2022-07-06,2022.0,110,0.9818181818181818,,H1,R,H,R74/H107,II,II
WCF46756.1,WCF,46756.0,IIb,IIb,2022-07-05,2022.0,110,0.9818181818181818,,H1,R,H,R74/H107,II,II
WCF46935.1,WCF,46935.0,IIb,IIb,2022-07-08,2022.0,110,0.9818181818181818,,H1,R,H,R74/H107,II,II
WCF47114.1,WCF,47114.0,IIb,IIb,2022-07-11,2022.0,110,0.9818181818181818,,H1,R,H,R74/H107,II,II
WCF47293.1,WCF,47293.0,IIb,IIb,2022-07-17,2022.0,110,0.9818181818181818,,H1,R,H,R74/H107,II,II
WCF47471.1,WCF,47471.0,IIb,IIb,2022-08-08,2022.0,110,0.9818181818181818,,H1,R,H,R74/H107,II,II
WCF47650.1,WCF,47650.0,IIb,IIb,2022-07-15,2022.0,110,0.9818181818181818,,H1,R,H,R74/H107,II,II
WCF47829.1,WCF,47829.0,IIb,IIb,2022-06-14,2022.0,110,0.9818181818181818,,H1,R,H,R74/H107,II,II
WCF48008.1,WCF,48008.0,IIb,IIb,2022-08-07,2022.0,110,0.9818181818181818,,H1,R,H,R74/H107,II,II
WCF48187.1,WCF,48187.0,IIb,IIb,2022-06-28,2022.0,110,0.9818181818181818,,H1,R,H,R74/H107,II,II
WCF48366.1,WCF,48366.0,IIb,IIb,2022-12-14,2022.0,110,0.9818181818181818,,H1,R,H,R74/H107,II,II
WCF48545.1,WCF,48545.0,IIb,IIb,2022-08-19,2022.0,110,0.9818181818181818,,H1,R,H,R74/H107,II,II
WCF48724.1,WCF,48724.0,IIb,IIb,2022-08-10,2022.0,110,0.9818181818181818,,H1,R,H,R74/H107,II,II
WCF48901.1,WCF,48901.0,IIb,IIb,2022-08-09,2022.0,110,0.9818181818181818,,H1,R,H,R74/H107,II,II
WCF49079.1,WCF,49079.0,IIb,IIb,2022-08-08,2022.0,110,0.9818181818181818,,H1,R,H,R74/H107,II,II
WCF49258.1,WCF,49258.0,IIb,IIb,2022-07-18,2022.0,110,0.9818181818181818,,H1,R,H,R74/H107,II,II
WCF49437.1,WCF,49437.0,IIb,IIb,2022-09-16,2022.0,110,0.9818181818181818,,H1,R,H,R74/H107,II,II
WCF49616.1,WCF,49616.0,IIb,IIb,2022-09-16,2022.0,110,0.9818181818181818,,H1,R,H,R74/H107,II,II
WCF49795.1,WCF,49795.0,IIb,IIb,2022-09-20,2022.0,110,0.9818181818181818,,H1,R,H,R74/H107,II,II
WCF49974.1,WCF,49974.0,IIb,IIb,2022-09-01,2022.0,110,0.9818181818181818,,H1,R,H,R74/H107,II,II
WCF50153.1,WCF,50153.0,IIb,IIb,2022-06-30,2022.0,110,0.9818181818181818,,H1,R,H,R74/H107,II,II
WCF50332.1,WCF,50332.0,IIb,IIb,2022-06-20,2022.0,110,0.9818181818181818,,H1,R,H,R74/H107,II,II
WCF50511.1,WCF,50511.0,IIb,IIb,2022-06-21,2022.0,110,0.9818181818181818,,H1,R,H,R74/H107,II,II
WCF50690.1,WCF,50690.0,IIb,IIb,2022-06-21,2022.0,110,0.9818181818181818,,H1,R,H,R74/H107,II,II
WCF50869.1,WCF,50869.0,IIb,IIb,2022-06-24,2022.0,110,0.9818181818181818,,H1,R,H,R74/H107,II,II
WCF51048.1,WCF,51048.0,IIb,IIb,2022-06-27,2022.0,110,0.9818181818181818,,H1,R,H,R74/H107,II,II
WCF51227.1,WCF,51227.0,IIb,IIb,2022-06-27,2022.0,110,0.9818181818181818,,H1,R,H,R74/H107,II,II
WCF51406.1,WCF,51406.0,IIb,IIb,2022-06-27,2022.0,110,0.9818181818181818,,H1,R,H,R74/H107,II,II
WCF51585.1,WCF,51585.0,IIb,IIb,2022-06-29,2022.0,110,0.9818181818181818,,H1,R,H,R74/H107,II,II
WCF51764.1,WCF,51764.0,IIb,IIb,2022-06-30,2022.0,110,0.9818181818181818,,H1,R,H,R74/H107,II,II
WCF51943.1,WCF,51943.0,IIb,IIb,2022-06-29,2022.0,110,0.9818181818181818,,H1,R,H,R74/H107,II,II
WCF52122.1,WCF,52122.0,IIb,IIb,2022-06-29,2022.0,110,0.9818181818181818,,H1,R,H,R74/H107,II,II
WCF52301.1,WCF,52301.0,IIb,IIb,2022-07-12,2022.0,110,0.9818181818181818,,H1,R,H,R74/H107,II,II
WCF52480.1,WCF,52480.0,IIb,IIb,2022-07-15,2022.0,110,0.9818181818181818,,H1,R,H,R74/H107,II,II
WCF52659.1,WCF,52659.0,IIb,IIb,2022-07-17,2022.0,110,0.9818181818181818,,H1,R,H,R74/H107,II,II
WCF52838.1,WCF,52838.0,IIb,IIb,2022-08-14,2022.0,110,0.9818181818181818,,H1,R,H,R74/H107,II,II
WCF53015.1,WCF,53015.0,IIb,IIb,2022-06-20,2022.0,110,0.9818181818181818,,H1,R,H,R74/H107,II,II
WCF53194.1,WCF,53194.0,IIb,IIb,2022-06-21,2022.0,110,0.9818181818181818,,H1,R,H,R74/H107,II,II
WCF53373.1,WCF,53373.0,IIb,IIb,2022-06-21,2022.0,110,0.9818181818181818,,H1,R,H,R74/H107,II,II
WCF53550.1,WCF,53550.0,IIb,IIb,2022-06-23,2022.0,110,0.9818181818181818,,H1,R,H,R74/H107,II,II
WCF53728.1,WCF,53728.0,IIb,IIb,2022-06-25,2022.0,110,0.9818181818181818,,H1,R,H,R74/H107,II,II
WCF53906.1,WCF,53906.0,IIb,IIb,2022-06-25,2022.0,110,0.9818181818181818,,H1,R,H,R74/H107,II,II
WCF54085.1,WCF,54085.0,IIb,IIb,2022-06-28,2022.0,110,0.9818181818181818,,H1,R,H,R74/H107,II,II
WCF54261.1,WCF,54261.0,IIb,IIb,2022-06-30,2022.0,110,0.9818181818181818,,H1,R,H,R74/H107,II,II
WCF54439.1,WCF,54439.0,IIb,IIb,2022-07-05,2022.0,110,0.9818181818181818,,H1,R,H,R74/H107,II,II
WCF54618.1,WCF,54618.0,IIb,IIb,2022-07-07,2022.0,110,0.9818181818181818,,H1,R,H,R74/H107,II,II
WCF54797.1,WCF,54797.0,IIb,IIb,2022-07-01,2022.0,110,0.9818181818181818,,H1,R,H,R74/H107,II,II
WCF54976.1,WCF,54976.0,IIb,IIb,2022-07-01,2022.0,110,0.9818181818181818,,H1,R,H,R74/H107,II,II
WCF55155.1,WCF,55155.0,IIb,IIb,2022-07-08,2022.0,110,0.9818181818181818,,H1,R,H,R74/H107,II,II
WCF55334.1,WCF,55334.0,IIb,IIb,2022-07-12,2022.0,110,0.9818181818181818,,H1,R,H,R74/H107,II,II
WCF55513.1,WCF,55513.0,IIb,IIb,2022-07-25,2022.0,110,0.9818181818181818,,H1,R,H,R74/H107,II,II
WCF55692.1,WCF,55692.0,IIb,IIb,2022-08-17,2022.0,110,0.9818181818181818,,H1,R,H,R74/H107,II,II
WCD40200.1,WCD,40200.0,IIb,IIb,2022-08,2022.0,110,0.9818181818181818,,H1,R,H,R74/H107,II,II
WCD40374.1,WCD,40374.0,IIb,IIb,2022-08,2022.0,110,0.9818181818181818,,H1,R,H,R74/H107,II,II
WCD40548.1,WCD,40548.0,IIb,IIb,2022-08,2022.0,110,0.9818181818181818,,H1,R,H,R74/H107,II,II
WCD40722.1,WCD,40722.0,IIb,IIb,2022-08,2022.0,110,0.9818181818181818,,H1,R,H,R74/H107,II,II
WCD40896.1,WCD,40896.0,IIb,IIb,2022-08,2022.0,110,0.9818181818181818,,H1,R,H,R74/H107,II,II
WCD41070.1,WCD,41070.0,IIb,IIb,2022-08,2022.0,110,0.9818181818181818,,H1,R,H,R74/H107,II,II
WCD41244.1,WCD,41244.0,IIb,IIb,2022-08,2022.0,110,0.9818181818181818,,H1,R,H,R74/H107,II,II
WCD41418.1,WCD,41418.0,IIb,IIb,2022-08,2022.0,110,0.9818181818181818,,H1,R,H,R74/H107,II,II
WCD41592.1,WCD,41592.0,IIb,IIb,2022-08,2022.0,110,0.9818181818181818,,H1,R,H,R74/H107,II,II
WCD41767.1,WCD,41767.0,IIb,IIb,2022-08,2022.0,110,0.9818181818181818,,H1,R,H,R74/H107,II,II
WCD41941.1,WCD,41941.0,IIb,IIb,2022-08,2022.0,110,0.9818181818181818,,H1,R,H,R74/H107,II,II
WCB58160.1,WCB,58160.0,IIb,IIb,2022-05,2022.0,110,0.9818181818181818,,H1,R,H,R74/H107,II,II
WCB58335.1,WCB,58335.0,IIb,IIb,2022-05,2022.0,110,0.9818181818181818,,H1,R,H,R74/H107,II,II
WCB58510.1,WCB,58510.0,IIb,IIb,2022-05,2022.0,110,0.9818181818181818,,H1,R,H,R74/H107,II,II
WCB58685.1,WCB,58685.0,IIb,IIb,2022-05,2022.0,110,0.9818181818181818,,H1,R,H,R74/H107,II,II
WCB58860.1,WCB,58860.0,IIb,IIb,2022-05,2022.0,110,0.9818181818181818,,H1,R,H,R74/H107,II,II
WCB59035.1,WCB,59035.0,IIb,IIb,2022-05,2022.0,110,0.9818181818181818,,H1,R,H,R74/H107,II,II
WCB59210.1,WCB,59210.0,IIb,IIb,2022-08,2022.0,110,0.9818181818181818,,H1,R,H,R74/H107,II,II
WCB59385.1,WCB,59385.0,IIb,IIb,2022-08,2022.0,110,0.9818181818181818,,H1,R,H,R74/H107,II,II
WCB59560.1,WCB,59560.0,IIb,IIb,2022-08,2022.0,110,0.9818181818181818,,H1,R,H,R74/H107,II,II
WCB59733.1,WCB,59733.0,IIb,IIb,2022-08,2022.0,110,0.9818181818181818,,H1,R,H,R74/H107,II,II
WCB59908.1,WCB,59908.0,IIb,IIb,2022-08,2022.0,110,0.9818181818181818,,H1,R,H,R74/H107,II,II
WCB60083.1,WCB,60083.0,IIb,IIb,2022-08,2022.0,110,0.9818181818181818,,H1,R,H,R74/H107,II,II
WCB60258.1,WCB,60258.0,IIb,IIb,2022-08,2022.0,110,0.9818181818181818,,H1,R,H,R74/H107,II,II
WCB60434.1,WCB,60434.0,IIb,IIb,2022-10,2022.0,110,0.9818181818181818,,H1,R,H,R74/H107,II,II
WCB60612.1,WCB,60612.0,IIb,IIb,2022-10,2022.0,110,0.9818181818181818,,H1,R,H,R74/H107,II,II
WCB60790.1,WCB,60790.0,IIb,IIb,2022-10,2022.0,110,0.9818181818181818,,H1,R,H,R74/H107,II,II
WCB60968.1,WCB,60968.0,IIb,IIb,2022-10,2022.0,110,0.9818181818181818,,H1,R,H,R74/H107,II,II
WCB61146.1,WCB,61146.0,IIb,IIb,2022-10,2022.0,110,0.9818181818181818,,H1,R,H,R74/H107,II,II
WCB61324.1,WCB,61324.0,IIb,IIb,2022-10,2022.0,110,0.9818181818181818,,H1,R,H,R74/H107,II,II
WCB61502.1,WCB,61502.0,IIb,IIb,2022-10,2022.0,110,0.9818181818181818,,H1,R,H,R74/H107,II,II
WCB61680.1,WCB,61680.0,IIb,IIb,2022-07,2022.0,110,0.9818181818181818,,H1,R,H,R74/H107,II,II
WCB61857.1,WCB,61857.0,IIb,IIb,2022-09,2022.0,110,0.9818181818181818,,H1,R,H,R74/H107,II,II
WCB62035.1,WCB,62035.0,IIb,IIb,2022-09,2022.0,110,0.9818181818181818,,H1,R,H,R74/H107,II,II
WCB62213.1,WCB,62213.0,IIb,IIb,2022-09,2022.0,110,0.9818181818181818,,H1,R,H,R74/H107,II,II
WCB62391.1,WCB,62391.0,IIb,IIb,2022-09,2022.0,110,0.9818181818181818,,H1,R,H,R74/H107,II,II
WCB62569.1,WCB,62569.0,IIb,IIb,2022-09,2022.0,110,0.9818181818181818,,H1,R,H,R74/H107,II,II
WCB62746.1,WCB,62746.0,IIb,IIb,2022-09,2022.0,110,0.9818181818181818,,H1,R,H,R74/H107,II,II
WCB62924.1,WCB,62924.0,IIb,IIb,2022-09,2022.0,110,0.9818181818181818,,H1,R,H,R74/H107,II,II
WCB63102.1,WCB,63102.0,IIb,IIb,2022-09,2022.0,110,0.9818181818181818,,H1,R,H,R74/H107,II,II
WCB63280.1,WCB,63280.0,IIb,IIb,2022-09,2022.0,110,0.9818181818181818,,H1,R,H,R74/H107,II,II
WCB63458.1,WCB,63458.0,IIb,IIb,2022-09,2022.0,110,0.9818181818181818,,H1,R,H,R74/H107,II,II
WCB63636.1,WCB,63636.0,IIb,IIb,2022-10,2022.0,110,0.9818181818181818,,H1,R,H,R74/H107,II,II
WCB63814.1,WCB,63814.0,IIb,IIb,2022-08,2022.0,110,0.9818181818181818,,H1,R,H,R74/H107,II,II
WCB63992.1,WCB,63992.0,IIb,IIb,2022-10,2022.0,110,0.9818181818181818,,H1,R,H,R74/H107,II,II
WCB64170.1,WCB,64170.0,IIb,IIb,2022-08,2022.0,110,0.9818181818181818,,H1,R,H,R74/H107,II,II
WCB64348.1,WCB,64348.0,IIb,IIb,2022-08,2022.0,110,0.9818181818181818,,H1,R,H,R74/H107,II,II
WCB64526.1,WCB,64526.0,IIb,IIb,2022-08,2022.0,110,0.9818181818181818,,H1,R,H,R74/H107,II,II
WCB64704.1,WCB,64704.0,IIb,IIb,2022-10,2022.0,110,0.9818181818181818,,H1,R,H,R74/H107,II,II
WCB64881.1,WCB,64881.0,IIb,IIb,2022-10,2022.0,110,0.9818181818181818,,H1,R,H,R74/H107,II,II
WCB65059.1,WCB,65059.0,IIb,IIb,2022-08,2022.0,110,0.9818181818181818,,H1,R,H,R74/H107,II,II
WCB65237.1,WCB,65237.0,IIb,IIb,2022-08,2022.0,110,0.9818181818181818,,H1,R,H,R74/H107,II,II
WCB65414.1,WCB,65414.0,IIb,IIb,2022-08,2022.0,110,0.9818181818181818,,H1,R,H,R74/H107,II,II
WCB65592.1,WCB,65592.0,IIb,IIb,2022-08,2022.0,110,0.9818181818181818,,H1,R,H,R74/H107,II,II
WCB65770.1,WCB,65770.0,IIb,IIb,2022-10,2022.0,110,0.9818181818181818,,H1,R,H,R74/H107,II,II
WCB65947.1,WCB,65947.0,IIb,IIb,2022-10,2022.0,110,0.9818181818181818,,H1,R,H,R74/H107,II,II
WCB66125.1,WCB,66125.0,IIb,IIb,2022-09,2022.0,110,0.9818181818181818,,H1,R,H,R74/H107,II,II
WCB66302.1,WCB,66302.0,IIb,IIb,2022-09,2022.0,110,0.9818181818181818,,H1,R,H,R74/H107,II,II
WCB66479.1,WCB,66479.0,IIb,IIb,2022-09,2022.0,110,0.9818181818181818,,H1,R,H,R74/H107,II,II
WCB66657.1,WCB,66657.0,IIb,IIb,2022-09,2022.0,110,0.9818181818181818,,H1,R,H,R74/H107,II,II
WCB66835.1,WCB,66835.0,IIb,IIb,2022-09,2022.0,110,0.9818181818181818,,H1,R,H,R74/H107,II,II
WCB67013.1,WCB,67013.0,IIb,IIb,2022-09,2022.0,110,0.9818181818181818,,H1,R,H,R74/H107,II,II
WCB67191.1,WCB,67191.0,IIb,IIb,2022-09,2022.0,110,0.9818181818181818,,H1,R,H,R74/H107,II,II
WCB67369.1,WCB,67369.0,IIb,IIb,2022-09,2022.0,110,0.9818181818181818,,H1,R,H,R74/H107,II,II
WCB67547.1,WCB,67547.0,IIb,IIb,2022-09,2022.0,110,0.9818181818181818,,H1,R,H,R74/H107,II,II
WCB67725.1,WCB,67725.0,IIb,IIb,2022-09,2022.0,110,0.9818181818181818,,H1,R,H,R74/H107,II,II
WCB67902.1,WCB,67902.0,IIb,IIb,2022-10,2022.0,110,0.9818181818181818,,H1,R,H,R74/H107,II,II
WCB68079.1,WCB,68079.0,IIb,IIb,2022-09,2022.0,110,0.9818181818181818,,H1,R,H,R74/H107,II,II
WCB68257.1,WCB,68257.0,IIb,IIb,2022-09,2022.0,110,0.9818181818181818,,H1,R,H,R74/H107,II,II
WCB68435.1,WCB,68435.0,IIb,IIb,2022-09,2022.0,110,0.9818181818181818,,H1,R,H,R74/H107,II,II
WCB68613.1,WCB,68613.0,IIb,IIb,2022-09,2022.0,110,0.9818181818181818,,H1,R,H,R74/H107,II,II
WCB68791.1,WCB,68791.0,IIb,IIb,2022-09,2022.0,110,0.9818181818181818,,H1,R,H,R74/H107,II,II
WCB68969.1,WCB,68969.0,IIb,IIb,2022-09,2022.0,110,0.9818181818181818,,H1,R,H,R74/H107,II,II
WCB69147.1,WCB,69147.0,IIb,IIb,2022-09,2022.0,110,0.9818181818181818,,H1,R,H,R74/H107,II,II
WCB69325.1,WCB,69325.0,IIb,IIb,2022-09,2022.0,110,0.9818181818181818,,H1,R,H,R74/H107,II,II
WCB69503.1,WCB,69503.0,IIb,IIb,2022-09,2022.0,110,0.9818181818181818,,H1,R,H,R74/H107,II,II
WCB69681.1,WCB,69681.0,IIb,IIb,2022-09,2022.0,110,0.9818181818181818,,H1,R,H,R74/H107,II,II
WCC65320.1,WCC,65320.0,IIb,IIb,2022-08-19,2022.0,110,0.9818181818181818,,H1,R,H,R74/H107,II,II
WCC65498.1,WCC,65498.0,IIb,IIb,2022-08-18,2022.0,110,0.9818181818181818,,H1,R,H,R74/H107,II,II
WCC65675.1,WCC,65675.0,IIb,IIb,2022-10-18,2022.0,110,0.9818181818181818,,H1,R,H,R74/H107,II,II
WCC65854.1,WCC,65854.0,IIb,IIb,2022-12-23,2022.0,110,0.9818181818181818,,H1,R,H,R74/H107,II,II
WCC66033.1,WCC,66033.0,IIb,IIb,2022-12-23,2022.0,110,0.9818181818181818,,H1,R,H,R74/H107,II,II
WCC66212.1,WCC,66212.0,IIb,IIb,2022-08-18,2022.0,110,0.9818181818181818,,H1,R,H,R74/H107,II,II
WCC66390.1,WCC,66390.0,IIb,IIb,2022-10-24,2022.0,110,0.9818181818181818,,H1,R,H,R74/H107,II,II
WCC66568.1,WCC,66568.0,IIb,IIb,2022-10-26,2022.0,110,0.9818181818181818,,H1,R,H,R74/H107,II,II
WCC66746.1,WCC,66746.0,IIb,IIb,2022-10-06,2022.0,110,0.9818181818181818,,H1,R,H,R74/H107,II,II
WCC66925.1,WCC,66925.0,IIb,IIb,2022-12-05,2022.0,110,0.9818181818181818,,H1,R,H,R74/H107,II,II
WCC67104.1,WCC,67104.0,IIb,IIb,2022-10-07,2022.0,110,0.9818181818181818,,H1,R,H,R74/H107,II,II
WCC67283.1,WCC,67283.0,IIb,IIb,2022-10-09,2022.0,110,0.9818181818181818,,H1,R,H,R74/H107,II,II
WCC67462.1,WCC,67462.0,IIb,IIb,2022-10-09,2022.0,110,0.9818181818181818,,H1,R,H,R74/H107,II,II
WCC67640.1,WCC,67640.0,IIb,IIb,2022-10-11,2022.0,110,0.9818181818181818,,H1,R,H,R74/H107,II,II
WCC67819.1,WCC,67819.0,IIb,IIb,2022-10-11,2022.0,110,0.9818181818181818,,H1,R,H,R74/H107,II,II
WCC67997.1,WCC,67997.0,IIb,IIb,2022-10-12,2022.0,110,0.9818181818181818,,H1,R,H,R74/H107,II,II
WCC68176.1,WCC,68176.0,IIb,IIb,2022-10-14,2022.0,110,0.9818181818181818,,H1,R,H,R74/H107,II,II
WCC68355.1,WCC,68355.0,IIb,IIb,2022-10-14,2022.0,110,0.9818181818181818,,H1,R,H,R74/H107,II,II
WCC68534.1,WCC,68534.0,IIb,IIb,2022-10-14,2022.0,110,0.9818181818181818,,H1,R,H,R74/H107,II,II
WCC68713.1,WCC,68713.0,IIb,IIb,2022-10-19,2022.0,110,0.9818181818181818,,H1,R,H,R74/H107,II,II
WCC68891.1,WCC,68891.0,IIb,IIb,2022-10-19,2022.0,110,0.9818181818181818,,H1,R,H,R74/H107,II,II
WCC69069.1,WCC,69069.0,IIb,IIb,2022-10-21,2022.0,110,0.9818181818181818,,H1,R,H,R74/H107,II,II
WCC69248.1,WCC,69248.0,IIb,IIb,2022-10-21,2022.0,110,0.9818181818181818,,H1,R,H,R74/H107,II,II
WCC69426.1,WCC,69426.0,IIb,IIb,2022-10-24,2022.0,110,0.9818181818181818,,H1,R,H,R74/H107,II,II
WCC69605.1,WCC,69605.0,IIb,IIb,2022-10-25,2022.0,110,0.9818181818181818,,H1,R,H,R74/H107,II,II
WCC69784.1,WCC,69784.0,IIb,IIb,2022-12-10,2022.0,110,0.9818181818181818,,H1,R,H,R74/H107,II,II
WCC69958.1,WCC,69958.0,IIb,IIb,2022-12-12,2022.0,110,0.9818181818181818,,H1,R,H,R74/H107,II,II
WCC70137.1,WCC,70137.0,IIb,IIb,2022-12-14,2022.0,110,0.9818181818181818,,H1,R,H,R74/H107,II,II
WCC70311.1,WCC,70311.0,IIb,IIb,2022-12-19,2022.0,110,0.9818181818181818,,H1,R,H,R74/H107,II,II
WCC70490.1,WCC,70490.0,IIb,IIb,2022-12-19,2022.0,110,0.9818181818181818,,H1,R,H,R74/H107,II,II
WCC70664.1,WCC,70664.0,IIb,IIb,2022-12-19,2022.0,110,0.9818181818181818,,H1,R,H,R74/H107,II,II
WCC70840.1,WCC,70840.0,IIb,IIb,2022-11-23,2022.0,110,0.9818181818181818,,H1,R,H,R74/H107,II,II
WCC71018.1,WCC,71018.0,IIb,IIb,2022-11-23,2022.0,110,0.9818181818181818,,H1,R,H,R74/H107,II,II
WCC71197.1,WCC,71197.0,IIb,IIb,2022-12-06,2022.0,110,0.9818181818181818,,H1,R,H,R74/H107,II,II
WCC71376.1,WCC,71376.0,IIb,IIb,2022-12-13,2022.0,110,0.9818181818181818,,H1,R,H,R74/H107,II,II
WCC71554.1,WCC,71554.0,IIb,IIb,2023-01-03,2023.0,110,0.9818181818181818,,H1,R,H,R74/H107,II,II
WCC71729.1,WCC,71729.0,IIb,IIb,2023-01-03,2023.0,110,0.9818181818181818,,H1,R,H,R74/H107,II,II
WCC71908.1,WCC,71908.0,IIb,IIb,2023-01-03,2023.0,110,0.9818181818181818,,H1,R,H,R74/H107,II,II
WCC72084.1,WCC,72084.0,IIb,IIb,2022-12-30,2022.0,110,0.9818181818181818,,H1,R,H,R74/H107,II,II
WBV77540.1,WBV,77540.0,IIb,IIb,2022-05,2022.0,110,0.9818181818181818,,H1,R,H,R74/H107,II,II
WBV77715.1,WBV,77715.0,IIb,IIb,2022-05,2022.0,110,0.9818181818181818,,H1,R,H,R74/H107,II,II
WBV77890.1,WBV,77890.0,IIb,IIb,2022-05,2022.0,110,0.9818181818181818,,H1,R,H,R74/H107,II,II
WBV78065.1,WBV,78065.0,IIb,IIb,2022-05,2022.0,110,0.9818181818181818,,H1,R,H,R74/H107,II,II
WBV78240.1,WBV,78240.0,IIb,IIb,2022-05,2022.0,110,0.9818181818181818,,H1,R,H,R74/H107,II,II
WBV78415.1,WBV,78415.0,IIb,IIb,2022-05,2022.0,110,0.9818181818181818,,H1,R,H,R74/H107,II,II
WBV78590.1,WBV,78590.0,IIb,IIb,2022-05,2022.0,110,0.9818181818181818,,H1,R,H,R74/H107,II,II
WBV78765.1,WBV,78765.0,IIb,IIb,2022-05,2022.0,110,0.9818181818181818,,H1,R,H,R74/H107,II,II
WBV78940.1,WBV,78940.0,IIb,IIb,2022-05,2022.0,110,0.9818181818181818,,H1,R,H,R74/H107,II,II
WBV79115.1,WBV,79115.0,IIb,IIb,2022-05,2022.0,110,0.9818181818181818,,H1,R,H,R74/H107,II,II
WBV79290.1,WBV,79290.0,IIb,IIb,2022-05,2022.0,110,0.9818181818181818,,H1,R,H,R74/H107,II,II
WBV79465.1,WBV,79465.0,IIb,IIb,2022-05,2022.0,110,0.9818181818181818,,H1,R,H,R74/H107,II,II
WBT00655.1,WBT,655.0,IIb,IIb,2022-11-14,2022.0,110,0.9818181818181818,,H1,R,H,R74/H107,II,II
WBT00943.1,WBT,943.0,IIb,IIb,2022-10-12,2022.0,110,0.9818181818181818,,H1,R,H,R74/H107,II,II
WBT01121.1,WBT,1121.0,IIb,IIb,2022-10-13,2022.0,110,0.9818181818181818,,H1,R,H,R74/H107,II,II
WBT01299.1,WBT,1299.0,IIb,IIb,2022-10-13,2022.0,110,0.9818181818181818,,H1,R,H,R74/H107,II,II
WBT01477.1,WBT,1477.0,IIb,IIb,2022-10-13,2022.0,110,0.9818181818181818,,H1,R,H,R74/H107,II,II
WBT01655.1,WBT,1655.0,IIb,IIb,2022-10-13,2022.0,110,0.9818181818181818,,H1,R,H,R74/H107,II,II
WBT01832.1,WBT,1832.0,IIb,IIb,2022-10-13,2022.0,110,0.9818181818181818,,H1,R,H,R74/H107,II,II
WBT02010.1,WBT,2010.0,IIb,IIb,2022-10-13,2022.0,110,0.9818181818181818,,H1,R,H,R74/H107,II,II
WBT02188.1,WBT,2188.0,IIb,IIb,2022-10-13,2022.0,110,0.9818181818181818,,H1,R,H,R74/H107,II,II
WBT02366.1,WBT,2366.0,IIb,IIb,2022-10-13,2022.0,110,0.9818181818181818,,H1,R,H,R74/H107,II,II
WBT02543.1,WBT,2543.0,IIb,IIb,2022-10-13,2022.0,110,0.9818181818181818,,H1,R,H,R74/H107,II,II
WBT02721.1,WBT,2721.0,IIb,IIb,2022-10-13,2022.0,110,0.9818181818181818,,H1,R,H,R74/H107,II,II
WBT02899.1,WBT,2899.0,IIb,IIb,2022-10-14,2022.0,110,0.9818181818181818,,H1,R,H,R74/H107,II,II
WBT03077.1,WBT,3077.0,IIb,IIb,2022-10-14,2022.0,110,0.9818181818181818,,H1,R,H,R74/H107,II,II
WBT03238.1,WBT,3238.0,IIb,IIb,2022-10-18,2022.0,110,0.9818181818181818,,H1,R,H,R74/H107,II,II
WBT03406.1,WBT,3406.0,IIb,IIb,2022-10-21,2022.0,110,0.9818181818181818,,H1,R,H,R74/H107,II,II
WBT03584.1,WBT,3584.0,IIb,IIb,2022-10-21,2022.0,110,0.9818181818181818,,H1,R,H,R74/H107,II,II
WBT03761.1,WBT,3761.0,IIb,IIb,2022-10-21,2022.0,110,0.9818181818181818,,H1,R,H,R74/H107,II,II
WBT03939.1,WBT,3939.0,IIb,IIb,2022-10-21,2022.0,110,0.9818181818181818,,H1,R,H,R74/H107,II,II
WBT04117.1,WBT,4117.0,IIb,IIb,2022-10-21,2022.0,110,0.9818181818181818,,H1,R,H,R74/H107,II,II
WBT04359.1,WBT,4359.0,IIb,IIb,2022-06-08,2022.0,110,0.9818181818181818,,H1,R,H,R74/H107,II,II
WBT04538.1,WBT,4538.0,IIb,IIb,2022-06-14,2022.0,110,0.9818181818181818,,H1,R,H,R74/H107,II,II
UUG66467.1,UUG,66467.0,IIb,IIb,2022-05,2022.0,110,0.9818181818181818,,H1,R,H,R74/H107,II,II
UUG66646.1,UUG,66646.0,IIb,IIb,2022-06,2022.0,110,0.9818181818181818,,H1,R,H,R74/H107,II,II
WBN90386.1,WBN,90386.0,IIb,IIb,2022-10-20,2022.0,110,0.9818181818181818,,H1,R,H,R74/H107,II,II
WBN90564.1,WBN,90564.0,IIb,IIb,2022-10-24,2022.0,110,0.9818181818181818,,H1,R,H,R74/H107,II,II
WBN90738.1,WBN,90738.0,IIb,IIb,2022-10-22,2022.0,110,0.9818181818181818,,H1,R,H,R74/H107,II,II
WBK62611.1,WBK,62611.0,IIb,IIb,2022-06-07,2022.0,110,0.9818181818181818,,H1,R,H,R74/H107,II,II
WBK62747.1,WBK,62747.0,IIb,IIb,2022-09-12,2022.0,110,0.9818181818181818,,H1,R,H,R74/H107,II,II
WBF71400.1,WBF,71400.0,IIb,IIb,2022-10,2022.0,110,0.9818181818181818,,H1,R,H,R74/H107,II,II
WBF71579.1,WBF,71579.0,IIb,IIb,2022-11,2022.0,110,0.9818181818181818,,H1,R,H,R74/H107,II,II
WBF71758.1,WBF,71758.0,IIb,IIb,2022-11,2022.0,110,0.9818181818181818,,H1,R,H,R74/H107,II,II
WBF71937.1,WBF,71937.0,IIb,IIb,2022-08,2022.0,110,0.9818181818181818,,H1,R,H,R74/H107,II,II
WBF72112.1,WBF,72112.0,IIb,IIb,2022-08,2022.0,110,0.9818181818181818,,H1,R,H,R74/H107,II,II
WBF72287.1,WBF,72287.0,IIb,IIb,2022-08,2022.0,110,0.9818181818181818,,H1,R,H,R74/H107,II,II
WBF72462.1,WBF,72462.0,IIb,IIb,2022-08,2022.0,110,0.9818181818181818,,H1,R,H,R74/H107,II,II
WBF72637.1,WBF,72637.0,IIb,IIb,2022-08,2022.0,110,0.9818181818181818,,H1,R,H,R74/H107,II,II
WBF72812.1,WBF,72812.0,IIb,IIb,2022-08,2022.0,110,0.9818181818181818,,H1,R,H,R74/H107,II,II
WBF72986.1,WBF,72986.0,IIb,IIb,2022-08,2022.0,110,0.9818181818181818,,H1,R,H,R74/H107,II,II
WBF73161.1,WBF,73161.0,IIb,IIb,2022-08,2022.0,110,0.9818181818181818,,H1,R,H,R74/H107,II,II
WBF73336.1,WBF,73336.0,IIb,IIb,2022-08,2022.0,110,0.9818181818181818,,H1,R,H,R74/H107,II,II
WBF73511.1,WBF,73511.0,IIb,IIb,2022-08,2022.0,110,0.9818181818181818,,H1,R,H,R74/H107,II,II
WBF73685.1,WBF,73685.0,IIb,IIb,2022-08,2022.0,110,0.9818181818181818,,H1,R,H,R74/H107,II,II
WBF73859.1,WBF,73859.0,IIb,IIb,2022-08,2022.0,110,0.9818181818181818,,H1,R,H,R74/H107,II,II
WBF74034.1,WBF,74034.0,IIb,IIb,2022-08,2022.0,110,0.9818181818181818,,H1,R,H,R74/H107,II,II
WBF74209.1,WBF,74209.0,IIb,IIb,2022-08,2022.0,110,0.9818181818181818,,H1,R,H,R74/H107,II,II
WBF74384.1,WBF,74384.0,IIb,IIb,2022-08,2022.0,110,0.9818181818181818,,H1,R,H,R74/H107,II,II
WBF74559.1,WBF,74559.0,IIb,IIb,2022-08,2022.0,110,0.9818181818181818,,H1,R,H,R74/H107,II,II
WBF74733.1,WBF,74733.0,IIb,IIb,2022-08,2022.0,110,0.9818181818181818,,H1,R,H,R74/H107,II,II
WBF74907.1,WBF,74907.0,IIb,IIb,2022-08,2022.0,110,0.9818181818181818,,H1,R,H,R74/H107,II,II
WBF75081.1,WBF,75081.0,IIb,IIb,2022-08,2022.0,110,0.9818181818181818,,H1,R,H,R74/H107,II,II
WBF75256.1,WBF,75256.0,IIb,IIb,2022-08,2022.0,110,0.9818181818181818,,H1,R,H,R74/H107,II,II
WBF75431.1,WBF,75431.0,IIb,IIb,2022-08,2022.0,110,0.9818181818181818,,H1,R,H,R74/H107,II,II
WBF75606.1,WBF,75606.0,IIb,IIb,2022-08,2022.0,110,0.9818181818181818,,H1,R,H,R74/H107,II,II
WBF75781.1,WBF,75781.0,IIb,IIb,2022-08,2022.0,110,0.9818181818181818,,H1,R,H,R74/H107,II,II
WBF75956.1,WBF,75956.0,IIb,IIb,2022-08,2022.0,110,0.9818181818181818,,H1,R,H,R74/H107,II,II
WBF76131.1,WBF,76131.0,IIb,IIb,2022-08,2022.0,110,0.9818181818181818,,H1,R,H,R74/H107,II,II
WBF76306.1,WBF,76306.0,IIb,IIb,2022-08,2022.0,110,0.9818181818181818,,H1,R,H,R74/H107,II,II
WBF76481.1,WBF,76481.0,IIb,IIb,2022-08,2022.0,110,0.9818181818181818,,H1,R,H,R74/H107,II,II
WBF76656.1,WBF,76656.0,IIb,IIb,2022-09,2022.0,110,0.9818181818181818,,H1,R,H,R74/H107,II,II
WBE14172.1,WBE,14172.0,IIb,IIb,2022-09-17,2022.0,110,0.9818181818181818,,H1,R,H,R74/H107,II,II
WBE14348.1,WBE,14348.0,IIb,IIb,2022-09-17,2022.0,110,0.9818181818181818,,H1,R,H,R74/H107,II,II
WBE14524.1,WBE,14524.0,IIb,IIb,2022-09-21,2022.0,110,0.9818181818181818,,H1,R,H,R74/H107,II,II
WBE14695.1,WBE,14695.0,IIb,IIb,2022-09-16,2022.0,110,0.9818181818181818,,H1,R,H,R74/H107,II,II
WBE14864.1,WBE,14864.0,IIb,IIb,2022-09-14,2022.0,110,0.9818181818181818,,H1,R,H,R74/H107,II,II
WBE15038.1,WBE,15038.0,IIb,IIb,2022-09-13,2022.0,110,0.9818181818181818,,H1,R,H,R74/H107,II,II
WBE15215.1,WBE,15215.0,IIb,IIb,2022-09-13,2022.0,110,0.9818181818181818,,H1,R,H,R74/H107,II,II
WBE15557.1,WBE,15557.0,IIb,IIb,2022-11-11,2022.0,110,0.9818181818181818,,H1,R,H,R74/H107,II,II
WBE15733.1,WBE,15733.0,IIb,IIb,2022-09-11,2022.0,110,0.9818181818181818,,H1,R,H,R74/H107,II,II
WBE15911.1,WBE,15911.0,IIb,IIb,2022-09-11,2022.0,110,0.9818181818181818,,H1,R,H,R74/H107,II,II
WBE16089.1,WBE,16089.0,IIb,IIb,2022-11-11,2022.0,110,0.9818181818181818,,H1,R,H,R74/H107,II,II
WBE16435.1,WBE,16435.0,IIb,IIb,2022-11-15,2022.0,110,0.9818181818181818,,H1,R,H,R74/H107,II,II
WAX39585.1,WAX,39585.0,IIb,IIb,2022-09-14,2022.0,110,0.9818181818181818,,H1,R,H,R74/H107,II,II
WBA78254.1,WBA,78254.0,IIb,IIb,2022-08-28,2022.0,110,0.9818181818181818,,H1,R,H,R74/H107,II,II
WBA78433.1,WBA,78433.0,IIb,IIb,2022-09-05,2022.0,110,0.9818181818181818,,H1,R,H,R74/H107,II,II
WBA78612.1,WBA,78612.0,IIb,IIb,2022-08-27,2022.0,110,0.9818181818181818,,H1,R,H,R74/H107,II,II
WBA78791.1,WBA,78791.0,IIb,IIb,2022-10-18,2022.0,110,0.9818181818181818,,H1,R,H,R74/H107,II,II
WBA78953.1,WBA,78953.0,IIb,IIb,2022-10-04,2022.0,110,0.9818181818181818,,H1,R,H,R74/H107,II,II
WBA79234.1,WBA,79234.0,IIb,IIb,2022-09-25,2022.0,110,0.9818181818181818,,H1,R,H,R74/H107,II,II
WBA22236.1,WBA,22236.0,B.1,unassigned,2022-08-08,2022.0,110,0.9818181818181818,,H1,R,H,R74/H107,unassigned,II
WBA22414.1,WBA,22414.0,B.1.4,unassigned,2022-08-01,2022.0,110,0.9818181818181818,,H1,R,H,R74/H107,unassigned,II
WBA22593.1,WBA,22593.0,B.1.4,unassigned,2022-07-29,2022.0,110,0.9818181818181818,,H1,R,H,R74/H107,unassigned,II
WBA22771.1,WBA,22771.0,B.1,unassigned,2022-07-26,2022.0,110,0.9818181818181818,,H1,R,H,R74/H107,unassigned,II
WBA22948.1,WBA,22948.0,B.1,unassigned,2022-07-25,2022.0,110,0.9818181818181818,,H1,R,H,R74/H107,unassigned,II
WBA23126.1,WBA,23126.0,B.1,unassigned,2022-07-12,2022.0,110,0.9818181818181818,,H1,R,H,R74/H107,unassigned,II
WBA23305.1,WBA,23305.0,B.1,unassigned,2022-07-15,2022.0,110,0.9818181818181818,,H1,R,H,R74/H107,unassigned,II
WBA23484.1,WBA,23484.0,B.1,unassigned,2022-07-13,2022.0,110,0.9818181818181818,,H1,R,H,R74/H107,unassigned,II
WBA23662.1,WBA,23662.0,B.1,unassigned,2022-07-14,2022.0,110,0.9818181818181818,,H1,R,H,R74/H107,unassigned,II
WBA23841.1,WBA,23841.0,B.1,unassigned,2022-07-15,2022.0,110,0.9818181818181818,,H1,R,H,R74/H107,unassigned,II
WBA24020.1,WBA,24020.0,B.1,unassigned,2022-07-11,2022.0,110,0.9818181818181818,,H1,R,H,R74/H107,unassigned,II
WBA24199.1,WBA,24199.0,B.1,unassigned,2022-07-06,2022.0,110,0.9818181818181818,,H1,R,H,R74/H107,unassigned,II
WBA24378.1,WBA,24378.0,B.1,unassigned,2022-07-12,2022.0,110,0.9818181818181818,,H1,R,H,R74/H107,unassigned,II
WBA24557.1,WBA,24557.0,B.1,unassigned,2022-11-06,2022.0,110,0.9818181818181818,,H1,R,H,R74/H107,unassigned,II
WBA24736.1,WBA,24736.0,B.1,unassigned,2022-10-14,2022.0,110,0.9818181818181818,,H1,R,H,R74/H107,unassigned,II
WBA24910.1,WBA,24910.0,B.1,unassigned,2022-10-25,2022.0,110,0.9818181818181818,,H1,R,H,R74/H107,unassigned,II
WBA25079.1,WBA,25079.0,B.1,unassigned,2022-07-11,2022.0,110,0.9818181818181818,,H1,R,H,R74/H107,unassigned,II
WBA25256.1,WBA,25256.0,B.1,unassigned,2022-06-23,2022.0,110,0.9818181818181818,,H1,R,H,R74/H107,unassigned,II
WBA25430.1,WBA,25430.0,B.1,unassigned,2022-06-23,2022.0,110,0.9818181818181818,,H1,R,H,R74/H107,unassigned,II
WBA25605.1,WBA,25605.0,B.1,unassigned,2022-07-20,2022.0,110,0.9818181818181818,,H1,R,H,R74/H107,unassigned,II
WBA25782.1,WBA,25782.0,B.1,unassigned,2022-07-17,2022.0,110,0.9818181818181818,,H1,R,H,R74/H107,unassigned,II
WBA25961.1,WBA,25961.0,B.1,unassigned,2022-07-06,2022.0,110,0.9818181818181818,,H1,R,H,R74/H107,unassigned,II
WBA26140.1,WBA,26140.0,B.1.7,unassigned,2022-06-23,2022.0,110,0.9818181818181818,,H1,R,H,R74/H107,unassigned,II
WBA26319.1,WBA,26319.0,B.1.4,unassigned,2022-06-13,2022.0,110,0.9818181818181818,,H1,R,H,R74/H107,unassigned,II
WBA26498.1,WBA,26498.0,B.1,unassigned,2022-07-08,2022.0,110,0.9818181818181818,,H1,R,H,R74/H107,unassigned,II
WBA26677.1,WBA,26677.0,B.1,unassigned,2022-07-06,2022.0,110,0.9818181818181818,,H1,R,H,R74/H107,unassigned,II
WBA26842.1,WBA,26842.0,B.1,unassigned,2022-06-10,2022.0,110,0.9818181818181818,,H1,R,H,R74/H107,unassigned,II
WBA27164.1,WBA,27164.0,B.1,unassigned,2022-08-08,2022.0,110,0.9818181818181818,,H1,R,H,R74/H107,unassigned,II
WBA27339.1,WBA,27339.0,B.1,unassigned,2022-11-08,2022.0,110,0.9818181818181818,,H1,R,H,R74/H107,unassigned,II
WBA27501.1,WBA,27501.0,B.1,unassigned,2022-08-07,2022.0,110,0.9818181818181818,,H1,R,H,R74/H107,unassigned,II
UXL73471.1,UXL,73471.0,IIb,IIb,2018-02,2018.0,110,0.9818181818181818,,H1,R,H,R74/H107,II,II
UXL73649.1,UXL,73649.0,IIb,IIb,2018-01,2018.0,110,0.9818181818181818,,H1,R,H,R74/H107,II,II
UXL73827.1,UXL,73827.0,IIb,IIb,2018-01,2018.0,110,0.9818181818181818,,H1,R,H,R74/H107,II,II
UXL74005.1,UXL,74005.0,IIb,IIb,2018-02,2018.0,110,0.9818181818181818,,H1,R,H,R74/H107,II,II
UXL74183.1,UXL,74183.0,IIb,IIb,2018-02,2018.0,110,0.9818181818181818,,H1,R,H,R74/H107,II,II
UXL74361.1,UXL,74361.0,IIb,IIb,2018-01,2018.0,110,0.9818181818181818,,H1,R,H,R74/H107,II,II
UXL74539.1,UXL,74539.0,IIb,IIb,2017-12,2017.0,110,0.9818181818181818,,H1,R,H,R74/H107,II,II
UXL74716.1,UXL,74716.0,IIb,IIb,2017-12,2017.0,110,0.9818181818181818,,H1,R,H,R74/H107,II,II
UXL74894.1,UXL,74894.0,IIb,IIb,2017-11,2017.0,110,0.9818181818181818,,H1,R,H,R74/H107,II,II
UXL75068.1,UXL,75068.0,IIb,IIb,2017-10,2017.0,110,0.9818181818181818,,H1,R,H,R74/H107,II,II
UXL75237.1,UXL,75237.0,IIb,IIb,2017-10,2017.0,110,0.9818181818181818,,H1,R,H,R74/H107,II,II
UXL75415.1,UXL,75415.0,IIb,IIb,2017-10,2017.0,110,0.9818181818181818,,H1,R,H,R74/H107,II,II
UXL75593.1,UXL,75593.0,IIb,IIb,2018-02,2018.0,110,0.9818181818181818,,H1,R,H,R74/H107,II,II
UXL75771.1,UXL,75771.0,IIb,IIb,2018-06,2018.0,110,0.9818181818181818,,H1,R,H,R74/H107,II,II
UXL75949.1,UXL,75949.0,IIb,IIb,2018-06,2018.0,110,0.9818181818181818,,H1,R,H,R74/H107,II,II
UXL76126.1,UXL,76126.0,IIb,IIb,2018-03,2018.0,110,0.9818181818181818,,H1,R,H,R74/H107,II,II
UXL76304.1,UXL,76304.0,IIb,IIb,2018-03,2018.0,110,0.9818181818181818,,H1,R,H,R74/H107,II,II
UXL76482.1,UXL,76482.0,IIb,IIb,2018-03,2018.0,110,0.9818181818181818,,H1,R,H,R74/H107,II,II
UXL76660.1,UXL,76660.0,IIb,IIb,2018-02,2018.0,110,0.9818181818181818,,H1,R,H,R74/H107,II,II
UXL76838.1,UXL,76838.0,IIb,IIb,2018-01,2018.0,110,0.9818181818181818,,H1,R,H,R74/H107,II,II
UXL77016.1,UXL,77016.0,IIb,IIb,2018-01,2018.0,110,0.9818181818181818,,H1,R,H,R74/H107,II,II
UXL77194.1,UXL,77194.0,IIb,IIb,2018-01,2018.0,110,0.9818181818181818,,H1,R,H,R74/H107,II,II
UXL77371.1,UXL,77371.0,IIb,IIb,2018-02,2018.0,110,0.9818181818181818,,H1,R,H,R74/H107,II,II
UXL77548.1,UXL,77548.0,IIb,IIb,2017-10,2017.0,110,0.9818181818181818,,H1,R,H,R74/H107,II,II
UXL77726.1,UXL,77726.0,IIb,IIb,2017-10,2017.0,110,0.9818181818181818,,H1,R,H,R74/H107,II,II
UXL77904.1,UXL,77904.0,IIb,IIb,2017-10,2017.0,110,0.9818181818181818,,H1,R,H,R74/H107,II,II
UXL78067.1,UXL,78067.0,IIb,IIb,2017-10,2017.0,110,0.9818181818181818,,H1,R,H,R74/H107,II,II
UXL78241.1,UXL,78241.0,IIb,IIb,2017-10,2017.0,110,0.9818181818181818,,H1,R,H,R74/H107,II,II
UXL78419.1,UXL,78419.0,IIb,IIb,2017-10,2017.0,110,0.9818181818181818,,H1,R,H,R74/H107,II,II
UXL78597.1,UXL,78597.0,IIb,IIb,2017-10,2017.0,110,0.9818181818181818,,H1,R,H,R74/H107,II,II
WAW77410.1,WAW,77410.0,IIb,IIb,2022-07,2022.0,110,0.9818181818181818,,H1,R,H,R74/H107,II,II
WAW77588.1,WAW,77588.0,IIb,IIb,2022-07,2022.0,110,0.9818181818181818,,H1,R,H,R74/H107,II,II
WAW77766.1,WAW,77766.0,IIb,IIb,2022-07,2022.0,110,0.9818181818181818,,H1,R,H,R74/H107,II,II
WAW77943.1,WAW,77943.0,IIb,IIb,2022-07,2022.0,110,0.9818181818181818,,H1,R,H,R74/H107,II,II
WAW78120.1,WAW,78120.0,IIb,IIb,2022-06,2022.0,110,0.9818181818181818,,H1,R,H,R74/H107,II,II
WAW78298.1,WAW,78298.0,IIb,IIb,2022-07,2022.0,110,0.9818181818181818,,H1,R,H,R74/H107,II,II
WAQ74051.1,WAQ,74051.0,IIb,IIb,2022-09,2022.0,110,0.9818181818181818,,H1,R,H,R74/H107,II,II
WAQ74229.1,WAQ,74229.0,IIb,IIb,2022-09,2022.0,110,0.9818181818181818,,H1,R,H,R74/H107,II,II
WAQ74407.1,WAQ,74407.0,IIb,IIb,2022-09,2022.0,110,0.9818181818181818,,H1,R,H,R74/H107,II,II
WAQ74585.1,WAQ,74585.0,IIb,IIb,2022-09,2022.0,110,0.9818181818181818,,H1,R,H,R74/H107,II,II
WAQ74763.1,WAQ,74763.0,IIb,IIb,2022-09,2022.0,110,0.9818181818181818,,H1,R,H,R74/H107,II,II
WAQ74941.1,WAQ,74941.0,IIb,IIb,2022-09,2022.0,110,0.9818181818181818,,H1,R,H,R74/H107,II,II
WAQ75119.1,WAQ,75119.0,IIb,IIb,2022-09,2022.0,110,0.9818181818181818,,H1,R,H,R74/H107,II,II
WAQ75297.1,WAQ,75297.0,IIb,IIb,2022-09,2022.0,110,0.9818181818181818,,H1,R,H,R74/H107,II,II
WAQ75475.1,WAQ,75475.0,IIb,IIb,2022-09,2022.0,110,0.9818181818181818,,H1,R,H,R74/H107,II,II
WAQ75653.1,WAQ,75653.0,IIb,IIb,2022-09,2022.0,110,0.9818181818181818,,H1,R,H,R74/H107,II,II
WAQ75831.1,WAQ,75831.0,IIb,IIb,2022-09,2022.0,110,0.9818181818181818,,H1,R,H,R74/H107,II,II
WAQ76009.1,WAQ,76009.0,IIb,IIb,2022-08,2022.0,110,0.9818181818181818,,H1,R,H,R74/H107,II,II
WAQ76187.1,WAQ,76187.0,IIb,IIb,2022-09,2022.0,110,0.9818181818181818,,H1,R,H,R74/H107,II,II
WAQ76365.1,WAQ,76365.0,IIb,IIb,2022-09,2022.0,110,0.9818181818181818,,H1,R,H,R74/H107,II,II
WAQ76543.1,WAQ,76543.0,IIb,IIb,2022-09,2022.0,110,0.9818181818181818,,H1,R,H,R74/H107,II,II
WAQ76721.1,WAQ,76721.0,IIb,IIb,2022-09,2022.0,110,0.9818181818181818,,H1,R,H,R74/H107,II,II
WAQ76899.1,WAQ,76899.0,IIb,IIb,2022-09,2022.0,110,0.9818181818181818,,H1,R,H,R74/H107,II,II
WAQ77076.1,WAQ,77076.0,IIb,IIb,2022-08,2022.0,110,0.9818181818181818,,H1,R,H,R74/H107,II,II
WAQ77253.1,WAQ,77253.0,IIb,IIb,2022-09,2022.0,110,0.9818181818181818,,H1,R,H,R74/H107,II,II
WAQ77431.1,WAQ,77431.0,IIb,IIb,2022-09,2022.0,110,0.9727272727272728,,H15,R,H,R74/H107,II,II
WAQ77609.1,WAQ,77609.0,IIb,IIb,2022-09,2022.0,110,0.9818181818181818,,H1,R,H,R74/H107,II,II
WAQ77787.1,WAQ,77787.0,IIb,IIb,2022-09,2022.0,110,0.9818181818181818,,H1,R,H,R74/H107,II,II
WAQ77965.1,WAQ,77965.0,IIb,IIb,2022-09,2022.0,110,0.9818181818181818,,H1,R,H,R74/H107,II,II
WAQ78143.1,WAQ,78143.0,IIb,IIb,2022-08,2022.0,110,0.9818181818181818,,H1,R,H,R74/H107,II,II
WAQ78321.1,WAQ,78321.0,IIb,IIb,2022-07,2022.0,110,0.9818181818181818,,H1,R,H,R74/H107,II,II
WAQ78499.1,WAQ,78499.0,IIb,IIb,2022-09,2022.0,110,0.9818181818181818,,H1,R,H,R74/H107,II,II
WAQ78677.1,WAQ,78677.0,IIb,IIb,2022-09,2022.0,110,0.9818181818181818,,H1,R,H,R74/H107,II,II
WAQ78855.1,WAQ,78855.0,IIb,IIb,2022-09,2022.0,110,0.9818181818181818,,H1,R,H,R74/H107,II,II
WAQ79033.1,WAQ,79033.0,IIb,IIb,2022-09,2022.0,110,0.9818181818181818,,H1,R,H,R74/H107,II,II
WAQ79211.1,WAQ,79211.0,IIb,IIb,2022-09,2022.0,110,0.9818181818181818,,H1,R,H,R74/H107,II,II
WAI94350.1,WAI,94350.0,IIb,IIb,2022-11-10,2022.0,110,0.9818181818181818,,H1,R,H,R74/H107,II,II
WAI94526.1,WAI,94526.0,IIb,IIb,2022-10-27,2022.0,110,0.9818181818181818,,H1,R,H,R74/H107,II,II
WAI94697.1,WAI,94697.0,IIb,IIb,2022-10-27,2022.0,110,0.9818181818181818,,H1,R,H,R74/H107,II,II
WAI94865.1,WAI,94865.0,IIb,IIb,2022-10-29,2022.0,110,0.9818181818181818,,H1,R,H,R74/H107,II,II
WAI95040.1,WAI,95040.0,IIb,IIb,2022-10-11,2022.0,110,0.9818181818181818,,H1,R,H,R74/H107,II,II
WAI95214.1,WAI,95214.0,IIb,IIb,2022-11-11,2022.0,110,0.9818181818181818,,H1,R,H,R74/H107,II,II
WAI95387.1,WAI,95387.0,IIb,IIb,2022-11-15,2022.0,110,0.9818181818181818,,H1,R,H,R74/H107,II,II
WAI95556.1,WAI,95556.0,IIb,IIb,2022-11-17,2022.0,110,0.9818181818181818,,H1,R,H,R74/H107,II,II
WAI95721.1,WAI,95721.0,IIb,IIb,2022-09-12,2022.0,110,0.9818181818181818,,H1,R,H,R74/H107,II,II
WAI95895.1,WAI,95895.0,IIb,IIb,2022-09-14,2022.0,110,0.9818181818181818,,H1,R,H,R74/H107,II,II
WAI96072.1,WAI,96072.0,IIb,IIb,2022-09-15,2022.0,110,0.9818181818181818,,H1,R,H,R74/H107,II,II
WAB35324.1,WAB,35324.0,IIb,IIb,2022-09-27,2022.0,110,0.9818181818181818,,H1,R,H,R74/H107,II,II
WAB35498.1,WAB,35498.0,IIb,IIb,2022-10-02,2022.0,110,0.9818181818181818,,H1,R,H,R74/H107,II,II
WAB35676.1,WAB,35676.0,IIb,IIb,2022-11-08,2022.0,110,0.9818181818181818,,H1,R,H,R74/H107,II,II
WAB35853.1,WAB,35853.0,IIb,IIb,2022-11-09,2022.0,110,0.9818181818181818,,H1,R,H,R74/H107,II,II
WAB00607.1,WAB,607.0,IIb,IIb,2022,2022.0,110,0.9818181818181818,,H1,R,H,R74/H107,II,II
WAB00785.1,WAB,785.0,IIb,IIb,2022,2022.0,110,0.9818181818181818,,H1,R,H,R74/H107,II,II
WAB00963.1,WAB,963.0,IIb,IIb,2022,2022.0,110,0.9818181818181818,,H1,R,H,R74/H107,II,II
WAB01142.1,WAB,1142.0,IIb,IIb,2022,2022.0,110,0.9818181818181818,,H1,R,H,R74/H107,II,II
WAB01319.1,WAB,1319.0,IIb,IIb,2022,2022.0,110,0.9818181818181818,,H1,R,H,R74/H107,II,II
WAB01497.1,WAB,1497.0,IIb,IIb,2022,2022.0,110,0.9818181818181818,,H1,R,H,R74/H107,II,II
WAB01674.1,WAB,1674.0,IIb,IIb,2022,2022.0,110,0.9818181818181818,,H1,R,H,R74/H107,II,II
WAB01850.1,WAB,1850.0,IIb,IIb,2022,2022.0,110,0.9818181818181818,,H1,R,H,R74/H107,II,II
WAB02027.1,WAB,2027.0,IIb,IIb,2022,2022.0,110,0.9818181818181818,,H1,R,H,R74/H107,II,II
WAB02204.1,WAB,2204.0,IIb,IIb,2022,2022.0,110,0.9818181818181818,,H1,R,H,R74/H107,II,II
WAB02379.1,WAB,2379.0,IIb,IIb,2022,2022.0,110,0.9818181818181818,,H1,R,H,R74/H107,II,II
WAB02556.1,WAB,2556.0,IIb,IIb,2022,2022.0,110,0.9818181818181818,,H1,R,H,R74/H107,II,II
WAB02735.1,WAB,2735.0,IIb,IIb,2022,2022.0,110,0.9818181818181818,,H1,R,H,R74/H107,II,II
WAB02912.1,WAB,2912.0,IIb,IIb,2022,2022.0,110,0.9818181818181818,,H1,R,H,R74/H107,II,II
WAB03089.1,WAB,3089.0,IIb,IIb,2022,2022.0,110,0.9818181818181818,,H1,R,H,R74/H107,II,II
WAB03265.1,WAB,3265.0,IIb,IIb,2022,2022.0,110,0.9818181818181818,,H1,R,H,R74/H107,II,II
WAB03443.1,WAB,3443.0,IIb,IIb,2022,2022.0,110,0.9818181818181818,,H1,R,H,R74/H107,II,II
WAB03621.1,WAB,3621.0,IIb,IIb,2022,2022.0,110,0.9818181818181818,,H1,R,H,R74/H107,II,II
WAB03799.1,WAB,3799.0,IIb,IIb,2022,2022.0,110,0.9818181818181818,,H1,R,H,R74/H107,II,II
WAB03978.1,WAB,3978.0,IIb,IIb,2022,2022.0,110,0.9818181818181818,,H1,R,H,R74/H107,II,II
WAB04156.1,WAB,4156.0,IIb,IIb,2022,2022.0,110,0.9818181818181818,,H1,R,H,R74/H107,II,II
WAB04324.1,WAB,4324.0,IIb,IIb,2022,2022.0,110,0.9818181818181818,,H1,R,H,R74/H107,II,II
WAB04502.1,WAB,4502.0,IIb,IIb,2022,2022.0,110,0.9818181818181818,,H1,R,H,R74/H107,II,II
WAB04680.1,WAB,4680.0,IIb,IIb,2022,2022.0,110,0.9818181818181818,,H1,R,H,R74/H107,II,II
WAB04859.1,WAB,4859.0,IIb,IIb,2022,2022.0,110,0.9818181818181818,,H1,R,H,R74/H107,II,II
WAB05038.1,WAB,5038.0,IIb,IIb,2022,2022.0,110,0.9818181818181818,,H1,R,H,R74/H107,II,II
UZZ58838.1,UZZ,58838.0,IIb,IIb,2022-10-14,2022.0,110,0.9818181818181818,,H1,R,H,R74/H107,II,II
UZZ59017.1,UZZ,59017.0,IIb,IIb,2022-10-14,2022.0,110,0.9818181818181818,,H1,R,H,R74/H107,II,II
UZZ59196.1,UZZ,59196.0,IIb,IIb,2022-10-13,2022.0,110,0.9818181818181818,,H1,R,H,R74/H107,II,II
UZZ59375.1,UZZ,59375.0,IIb,IIb,2022-10-23,2022.0,110,0.9818181818181818,,H1,R,H,R74/H107,II,II
UZZ59554.1,UZZ,59554.0,IIb,IIb,2022-10-19,2022.0,110,0.9818181818181818,,H1,R,H,R74/H107,II,II
UZZ59732.1,UZZ,59732.0,IIb,IIb,2022-10-26,2022.0,110,0.9818181818181818,,H1,R,H,R74/H107,II,II
UZZ59910.1,UZZ,59910.0,IIb,IIb,2022-11-10,2022.0,110,0.9818181818181818,,H1,R,H,R74/H107,II,II
UZZ60089.1,UZZ,60089.0,IIb,IIb,2022-11-09,2022.0,110,0.9818181818181818,,H1,R,H,R74/H107,II,II
UZZ60268.1,UZZ,60268.0,IIb,IIb,2022-10-31,2022.0,110,0.9818181818181818,,H1,R,H,R74/H107,II,II
UZZ60447.1,UZZ,60447.0,IIb,IIb,2022-10-05,2022.0,110,0.9818181818181818,,H1,R,H,R74/H107,II,II
UZZ60626.1,UZZ,60626.0,IIb,IIb,2022-10-09,2022.0,110,0.9818181818181818,,H1,R,H,R74/H107,II,II
UZZ60805.1,UZZ,60805.0,IIb,IIb,2022-10-06,2022.0,110,0.9818181818181818,,H1,R,H,R74/H107,II,II
UZZ60984.1,UZZ,60984.0,IIb,IIb,2022-10-08,2022.0,110,0.9818181818181818,,H1,R,H,R74/H107,II,II
UZZ61163.1,UZZ,61163.0,IIb,IIb,2022-10-11,2022.0,110,0.9818181818181818,,H1,R,H,R74/H107,II,II
UZZ61342.1,UZZ,61342.0,IIb,IIb,2022-10-11,2022.0,110,0.9818181818181818,,H1,R,H,R74/H107,II,II
UZZ61521.1,UZZ,61521.0,IIb,IIb,2022-10-11,2022.0,110,0.9818181818181818,,H1,R,H,R74/H107,II,II
UZZ61700.1,UZZ,61700.0,IIb,IIb,2022-10-12,2022.0,110,0.9818181818181818,,H1,R,H,R74/H107,II,II
UZZ61879.1,UZZ,61879.0,IIb,IIb,2022-10-16,2022.0,110,0.9818181818181818,,H1,R,H,R74/H107,II,II
UZZ62058.1,UZZ,62058.0,IIb,IIb,2022-10-16,2022.0,110,0.9818181818181818,,H1,R,H,R74/H107,II,II
UZZ62237.1,UZZ,62237.0,IIb,IIb,2022-10-14,2022.0,110,0.9818181818181818,,H1,R,H,R74/H107,II,II
UZZ62416.1,UZZ,62416.0,IIb,IIb,2022-11-08,2022.0,110,0.9818181818181818,,H1,R,H,R74/H107,II,II
UZZ62595.1,UZZ,62595.0,IIb,IIb,2022-11-05,2022.0,110,0.9818181818181818,,H1,R,H,R74/H107,II,II
UZZ62773.1,UZZ,62773.0,IIb,IIb,2022-11-05,2022.0,110,0.9818181818181818,,H1,R,H,R74/H107,II,II
UZZ62951.1,UZZ,62951.0,IIb,IIb,2022-11-02,2022.0,110,0.9818181818181818,,H1,R,H,R74/H107,II,II
UZZ63130.1,UZZ,63130.0,IIb,IIb,2022-10-31,2022.0,110,0.9818181818181818,,H1,R,H,R74/H107,II,II
UZZ63309.1,UZZ,63309.0,IIb,IIb,2022-10-28,2022.0,110,0.9818181818181818,,H1,R,H,R74/H107,II,II
UZV42457.1,UZV,42457.0,IIb,IIb,2022-08,2022.0,110,0.9818181818181818,,H1,R,H,R74/H107,II,II
UZV42632.1,UZV,42632.0,IIb,IIb,2022-08,2022.0,110,0.9818181818181818,,H1,R,H,R74/H107,II,II
UZV42806.1,UZV,42806.0,IIb,IIb,2022-08,2022.0,110,0.9818181818181818,,H1,R,H,R74/H107,II,II
UZV42978.1,UZV,42978.0,IIb,IIb,2022-08,2022.0,110,0.9818181818181818,,H1,R,H,R74/H107,II,II
UZV43152.1,UZV,43152.0,IIb,IIb,2022-08,2022.0,110,0.9818181818181818,,H1,R,H,R74/H107,II,II
UZV43326.1,UZV,43326.0,IIb,IIb,2022-08,2022.0,110,0.9818181818181818,,H1,R,H,R74/H107,II,II
UZV43500.1,UZV,43500.0,IIb,IIb,2022-08,2022.0,110,0.9818181818181818,,H1,R,H,R74/H107,II,II
UZV43675.1,UZV,43675.0,IIb,IIb,2022-08,2022.0,110,0.9818181818181818,,H1,R,H,R74/H107,II,II
UZV43850.1,UZV,43850.0,IIb,IIb,2022-08,2022.0,110,0.9818181818181818,,H1,R,H,R74/H107,II,II
UZV44024.1,UZV,44024.0,IIb,IIb,2022-08,2022.0,110,0.9818181818181818,,H1,R,H,R74/H107,II,II
UZV44198.1,UZV,44198.0,IIb,IIb,2022-08,2022.0,110,0.9818181818181818,,H1,R,H,R74/H107,II,II
UZV44371.1,UZV,44371.0,IIb,IIb,2022-08,2022.0,110,0.9818181818181818,,H1,R,H,R74/H107,II,II
UZV44546.1,UZV,44546.0,IIb,IIb,2022-08,2022.0,110,0.9818181818181818,,H1,R,H,R74/H107,II,II
UZV44720.1,UZV,44720.0,IIb,IIb,2022-08,2022.0,110,0.9818181818181818,,H1,R,H,R74/H107,II,II
UZV44895.1,UZV,44895.0,IIb,IIb,2022-08,2022.0,110,0.9818181818181818,,H1,R,H,R74/H107,II,II
UZV45070.1,UZV,45070.0,IIb,IIb,2022-08,2022.0,110,0.9818181818181818,,H1,R,H,R74/H107,II,II
UZV45244.1,UZV,45244.0,IIb,IIb,2022-08,2022.0,110,0.9818181818181818,,H1,R,H,R74/H107,II,II
UZV45419.1,UZV,45419.0,IIb,IIb,2022-08,2022.0,110,0.9818181818181818,,H1,R,H,R74/H107,II,II
UZV45593.1,UZV,45593.0,IIb,IIb,2022-08,2022.0,110,0.9818181818181818,,H1,R,H,R74/H107,II,II
UZV45767.1,UZV,45767.0,IIb,IIb,2022-08,2022.0,110,0.9818181818181818,,H1,R,H,R74/H107,II,II
UZV45941.1,UZV,45941.0,IIb,IIb,2022-09,2022.0,110,0.9818181818181818,,H1,R,H,R74/H107,II,II
UZU98608.1,UZU,98608.0,IIb,IIb,2022,2022.0,110,0.9818181818181818,,H1,R,H,R74/H107,II,II
UZU98786.1,UZU,98786.0,IIb,IIb,2022,2022.0,110,0.9818181818181818,,H1,R,H,R74/H107,II,II
UZU98964.1,UZU,98964.0,IIb,IIb,2022,2022.0,110,0.9818181818181818,,H1,R,H,R74/H107,II,II
UZU99142.1,UZU,99142.0,IIb,IIb,2022,2022.0,110,0.9818181818181818,,H1,R,H,R74/H107,II,II
UZU99320.1,UZU,99320.0,IIb,IIb,2022,2022.0,110,0.9818181818181818,,H1,R,H,R74/H107,II,II
UZU99498.1,UZU,99498.0,IIb,IIb,2022,2022.0,110,0.9818181818181818,,H1,R,H,R74/H107,II,II
UZU99676.1,UZU,99676.0,IIb,IIb,2022,2022.0,110,0.9818181818181818,,H1,R,H,R74/H107,II,II
UZU99854.1,UZU,99854.0,IIb,IIb,2022,2022.0,110,0.9818181818181818,,H1,R,H,R74/H107,II,II
UZV00033.1,UZV,33.0,IIb,IIb,2022,2022.0,110,0.9818181818181818,,H1,R,H,R74/H107,II,II
UZV00211.1,UZV,211.0,IIb,IIb,2022,2022.0,110,0.9818181818181818,,H1,R,H,R74/H107,II,II
UZV00389.1,UZV,389.0,IIb,IIb,2022,2022.0,110,0.9818181818181818,,H1,R,H,R74/H107,II,II
UZV00567.1,UZV,567.0,IIb,IIb,2022,2022.0,110,0.9818181818181818,,H1,R,H,R74/H107,II,II
UZV00745.1,UZV,745.0,IIb,IIb,2022,2022.0,110,0.9818181818181818,,H1,R,H,R74/H107,II,II
UZV00921.1,UZV,921.0,IIb,IIb,2022,2022.0,110,0.9818181818181818,,H1,R,H,R74/H107,II,II
UZV01099.1,UZV,1099.0,IIb,IIb,2022,2022.0,110,0.9818181818181818,,H1,R,H,R74/H107,II,II
UZV01277.1,UZV,1277.0,IIb,IIb,2022,2022.0,110,0.9818181818181818,,H1,R,H,R74/H107,II,II
UZV01455.1,UZV,1455.0,IIb,IIb,2022,2022.0,110,0.9818181818181818,,H1,R,H,R74/H107,II,II
UZV01634.1,UZV,1634.0,IIb,IIb,2022,2022.0,110,0.9818181818181818,,H1,R,H,R74/H107,II,II
UZV01811.1,UZV,1811.0,IIb,IIb,2022,2022.0,110,0.9818181818181818,,H1,R,H,R74/H107,II,II
UZV01985.1,UZV,1985.0,IIb,IIb,2022,2022.0,110,0.9818181818181818,,H1,R,H,R74/H107,II,II
UZV02162.1,UZV,2162.0,IIb,IIb,2022,2022.0,110,0.9818181818181818,,H1,R,H,R74/H107,II,II
UZV02339.1,UZV,2339.0,IIb,IIb,2022,2022.0,110,0.9818181818181818,,H1,R,H,R74/H107,II,II
UZV02517.1,UZV,2517.0,IIb,IIb,2022,2022.0,110,0.9818181818181818,,H1,R,H,R74/H107,II,II
UZV02695.1,UZV,2695.0,IIb,IIb,2022,2022.0,110,0.9818181818181818,,H1,R,H,R74/H107,II,II
UZV02873.1,UZV,2873.0,IIb,IIb,2022,2022.0,110,0.9818181818181818,,H1,R,H,R74/H107,II,II
UZV03051.1,UZV,3051.0,IIb,IIb,2022,2022.0,110,0.9818181818181818,,H1,R,H,R74/H107,II,II
UZV03228.1,UZV,3228.0,IIb,IIb,2022,2022.0,110,0.9818181818181818,,H1,R,H,R74/H107,II,II
UZV03407.1,UZV,3407.0,IIb,IIb,2022,2022.0,110,0.9818181818181818,,H1,R,H,R74/H107,II,II
UZV03585.1,UZV,3585.0,IIb,IIb,2022,2022.0,110,0.9818181818181818,,H1,R,H,R74/H107,II,II
UZV03763.1,UZV,3763.0,IIb,IIb,2022,2022.0,110,0.9818181818181818,,H1,R,H,R74/H107,II,II
UZV03940.1,UZV,3940.0,IIb,IIb,2022,2022.0,110,0.9818181818181818,,H1,R,H,R74/H107,II,II
UZV04118.1,UZV,4118.0,IIb,IIb,2022,2022.0,110,0.9818181818181818,,H1,R,H,R74/H107,II,II
UZV04297.1,UZV,4297.0,IIb,IIb,2022,2022.0,110,0.9818181818181818,,H1,R,H,R74/H107,II,II
UZV04476.1,UZV,4476.0,IIb,IIb,2022,2022.0,110,0.9818181818181818,,H1,R,H,R74/H107,II,II
UZV04653.1,UZV,4653.0,IIb,IIb,2022,2022.0,110,0.9818181818181818,,H1,R,H,R74/H107,II,II
UZV04832.1,UZV,4832.0,IIb,IIb,2022,2022.0,110,0.9818181818181818,,H1,R,H,R74/H107,II,II
UZV05010.1,UZV,5010.0,IIb,IIb,2022,2022.0,110,0.9818181818181818,,H1,R,H,R74/H107,II,II
UZV05188.1,UZV,5188.0,IIb,IIb,2022,2022.0,110,0.9818181818181818,,H1,R,H,R74/H107,II,II
UZV05366.1,UZV,5366.0,IIb,IIb,2022,2022.0,110,0.9818181818181818,,H1,R,H,R74/H107,II,II
UZV05543.1,UZV,5543.0,IIb,IIb,2022,2022.0,110,0.9818181818181818,,H1,R,H,R74/H107,II,II
UZV05722.1,UZV,5722.0,IIb,IIb,2022,2022.0,110,0.9818181818181818,,H1,R,H,R74/H107,II,II
UZV05900.1,UZV,5900.0,IIb,IIb,2022,2022.0,110,0.9818181818181818,,H1,R,H,R74/H107,II,II
UZV06078.1,UZV,6078.0,IIb,IIb,2022,2022.0,110,0.9818181818181818,,H1,R,H,R74/H107,II,II
UZV06256.1,UZV,6256.0,IIb,IIb,2022,2022.0,110,0.9818181818181818,,H1,R,H,R74/H107,II,II
UZV06433.1,UZV,6433.0,IIb,IIb,2022,2022.0,110,0.9818181818181818,,H1,R,H,R74/H107,II,II
UZV06612.1,UZV,6612.0,IIb,IIb,2022,2022.0,110,0.9818181818181818,,H1,R,H,R74/H107,II,II
UZV06791.1,UZV,6791.0,IIb,IIb,2022,2022.0,110,0.9818181818181818,,H1,R,H,R74/H107,II,II
UZV06969.1,UZV,6969.0,IIb,IIb,2022,2022.0,110,0.9818181818181818,,H1,R,H,R74/H107,II,II
UZV07148.1,UZV,7148.0,IIb,IIb,2022,2022.0,110,0.9818181818181818,,H1,R,H,R74/H107,II,II
UZV07327.1,UZV,7327.0,IIb,IIb,2022,2022.0,110,0.9818181818181818,,H1,R,H,R74/H107,II,II
UZV07505.1,UZV,7505.0,IIb,IIb,2022,2022.0,110,0.9818181818181818,,H1,R,H,R74/H107,II,II
UZV07682.1,UZV,7682.0,IIb,IIb,2022,2022.0,110,0.9818181818181818,,H1,R,H,R74/H107,II,II
UZV07860.1,UZV,7860.0,IIb,IIb,2022,2022.0,110,0.9818181818181818,,H1,R,H,R74/H107,II,II
UZV08038.1,UZV,8038.0,IIb,IIb,2022,2022.0,110,0.9818181818181818,,H1,R,H,R74/H107,II,II
UZV08216.1,UZV,8216.0,IIb,IIb,2022,2022.0,110,0.9818181818181818,,H1,R,H,R74/H107,II,II
UZV08394.1,UZV,8394.0,IIb,IIb,2022,2022.0,110,0.9818181818181818,,H1,R,H,R74/H107,II,II
UZV08573.1,UZV,8573.0,IIb,IIb,2022,2022.0,110,0.9818181818181818,,H1,R,H,R74/H107,II,II
UZV08750.1,UZV,8750.0,IIb,IIb,2022,2022.0,110,0.9818181818181818,,H1,R,H,R74/H107,II,II
UZV08928.1,UZV,8928.0,IIb,IIb,2022,2022.0,110,0.9818181818181818,,H1,R,H,R74/H107,II,II
UZV09107.1,UZV,9107.0,IIb,IIb,2022,2022.0,110,0.9818181818181818,,H1,R,H,R74/H107,II,II
UZV09283.1,UZV,9283.0,IIb,IIb,2022,2022.0,110,0.9818181818181818,,H1,R,H,R74/H107,II,II
UZV09457.1,UZV,9457.0,IIb,IIb,2022,2022.0,110,0.9818181818181818,,H1,R,H,R74/H107,II,II
UZV09635.1,UZV,9635.0,IIb,IIb,2022,2022.0,110,0.9818181818181818,,H1,R,H,R74/H107,II,II
UZV09813.1,UZV,9813.0,IIb,IIb,2022,2022.0,110,0.9818181818181818,,H1,R,H,R74/H107,II,II
UZV09991.1,UZV,9991.0,IIb,IIb,2022,2022.0,110,0.9818181818181818,,H1,R,H,R74/H107,II,II
UZV10170.1,UZV,10170.0,IIb,IIb,2022,2022.0,110,0.9818181818181818,,H1,R,H,R74/H107,II,II
UZV10348.1,UZV,10348.0,IIb,IIb,2022,2022.0,110,0.9818181818181818,,H1,R,H,R74/H107,II,II
UZV10526.1,UZV,10526.0,IIb,IIb,2022,2022.0,110,0.9818181818181818,,H1,R,H,R74/H107,II,II
UZV10704.1,UZV,10704.0,IIb,IIb,2022,2022.0,110,0.9818181818181818,,H1,R,H,R74/H107,II,II
UZV10882.1,UZV,10882.0,IIb,IIb,2022,2022.0,110,0.9818181818181818,,H1,R,H,R74/H107,II,II
UZV11060.1,UZV,11060.0,IIb,IIb,2022,2022.0,110,0.9818181818181818,,H1,R,H,R74/H107,II,II
UZV11238.1,UZV,11238.0,IIb,IIb,2022,2022.0,110,0.9818181818181818,,H1,R,H,R74/H107,II,II
UZV11416.1,UZV,11416.0,IIb,IIb,2022,2022.0,110,0.9818181818181818,,H1,R,H,R74/H107,II,II
UZV11594.1,UZV,11594.0,IIb,IIb,2022,2022.0,110,0.9818181818181818,,H1,R,H,R74/H107,II,II
UZV11771.1,UZV,11771.0,IIb,IIb,2022,2022.0,110,0.9818181818181818,,H1,R,H,R74/H107,II,II
UZV11949.1,UZV,11949.0,IIb,IIb,2022,2022.0,110,0.9818181818181818,,H1,R,H,R74/H107,II,II
UZV12123.1,UZV,12123.0,IIb,IIb,2022,2022.0,110,0.9818181818181818,,H1,R,H,R74/H107,II,II
UZV12300.1,UZV,12300.0,IIb,IIb,2022,2022.0,110,0.9818181818181818,,H1,R,H,R74/H107,II,II
UZV12477.1,UZV,12477.0,IIb,IIb,2022,2022.0,110,0.9818181818181818,,H1,R,H,R74/H107,II,II
UZV12655.1,UZV,12655.0,IIb,IIb,2022,2022.0,110,0.9818181818181818,,H1,R,H,R74/H107,II,II
UZV12834.1,UZV,12834.0,IIb,IIb,2022,2022.0,110,0.9818181818181818,,H1,R,H,R74/H107,II,II
UZV13011.1,UZV,13011.0,IIb,IIb,2022,2022.0,110,0.9818181818181818,,H1,R,H,R74/H107,II,II
UZV13182.1,UZV,13182.0,IIb,IIb,2022,2022.0,110,0.9818181818181818,,H1,R,H,R74/H107,II,II
UZV13360.1,UZV,13360.0,IIb,IIb,2022,2022.0,110,0.9818181818181818,,H1,R,H,R74/H107,II,II
UZV13538.1,UZV,13538.0,IIb,IIb,2022,2022.0,110,0.9818181818181818,,H1,R,H,R74/H107,II,II
UZV13715.1,UZV,13715.0,IIb,IIb,2022,2022.0,110,0.9818181818181818,,H1,R,H,R74/H107,II,II
UZV13893.1,UZV,13893.0,IIb,IIb,2022,2022.0,110,0.9818181818181818,,H1,R,H,R74/H107,II,II
UZV14071.1,UZV,14071.0,IIb,IIb,2022,2022.0,110,0.9818181818181818,,H1,R,H,R74/H107,II,II
UZV14248.1,UZV,14248.0,IIb,IIb,2022,2022.0,110,0.9818181818181818,,H1,R,H,R74/H107,II,II
UZV14424.1,UZV,14424.0,IIb,IIb,2022,2022.0,110,0.9818181818181818,,H1,R,H,R74/H107,II,II
UZV14600.1,UZV,14600.0,IIb,IIb,2022,2022.0,110,0.9818181818181818,,H1,R,H,R74/H107,II,II
UZV14779.1,UZV,14779.0,IIb,IIb,2022,2022.0,110,0.9818181818181818,,H1,R,H,R74/H107,II,II
UZV14957.1,UZV,14957.0,IIb,IIb,2022,2022.0,110,0.9818181818181818,,H1,R,H,R74/H107,II,II
UZV15130.1,UZV,15130.0,IIb,IIb,2022,2022.0,110,0.9818181818181818,,H1,R,H,R74/H107,II,II
UZV15306.1,UZV,15306.0,IIb,IIb,2022,2022.0,110,0.9818181818181818,,H1,R,H,R74/H107,II,II
UZV15482.1,UZV,15482.0,IIb,IIb,2022,2022.0,110,0.9818181818181818,,H1,R,H,R74/H107,II,II
UZV15659.1,UZV,15659.0,IIb,IIb,2022,2022.0,110,0.9818181818181818,,H1,R,H,R74/H107,II,II
UZV15837.1,UZV,15837.0,IIb,IIb,2022,2022.0,110,0.9818181818181818,,H1,R,H,R74/H107,II,II
UZV16011.1,UZV,16011.0,IIb,IIb,2022,2022.0,110,0.9818181818181818,,H1,R,H,R74/H107,II,II
UZV16188.1,UZV,16188.0,IIb,IIb,2022,2022.0,110,0.9818181818181818,,H1,R,H,R74/H107,II,II
UZV16366.1,UZV,16366.0,IIb,IIb,2022,2022.0,110,0.9818181818181818,,H1,R,H,R74/H107,II,II
UZV16543.1,UZV,16543.0,IIb,IIb,2022,2022.0,110,0.9818181818181818,,H1,R,H,R74/H107,II,II
UZV16721.1,UZV,16721.0,IIb,IIb,2022,2022.0,110,0.9818181818181818,,H1,R,H,R74/H107,II,II
UZV16887.1,UZV,16887.0,IIb,IIb,2022,2022.0,110,0.9818181818181818,,H1,R,H,R74/H107,II,II
UZV17065.1,UZV,17065.0,IIb,IIb,2022,2022.0,110,0.9818181818181818,,H1,R,H,R74/H107,II,II
UZV17242.1,UZV,17242.0,IIb,IIb,2022,2022.0,110,0.9818181818181818,,H1,R,H,R74/H107,II,II
UZV17420.1,UZV,17420.0,IIb,IIb,2022,2022.0,110,0.9818181818181818,,H1,R,H,R74/H107,II,II
UZV17598.1,UZV,17598.0,IIb,IIb,2022,2022.0,110,0.9818181818181818,,H1,R,H,R74/H107,II,II
UZV17776.1,UZV,17776.0,IIb,IIb,2022,2022.0,110,0.9818181818181818,,H1,R,H,R74/H107,II,II
UZV17952.1,UZV,17952.0,IIb,IIb,2022,2022.0,110,0.9818181818181818,,H1,R,H,R74/H107,II,II
UZV18128.1,UZV,18128.0,IIb,IIb,2022,2022.0,110,0.9818181818181818,,H1,R,H,R74/H107,II,II
UZV18305.1,UZV,18305.0,IIb,IIb,2022,2022.0,110,0.9818181818181818,,H1,R,H,R74/H107,II,II
UZV18475.1,UZV,18475.0,IIb,IIb,2022,2022.0,110,0.9818181818181818,,H1,R,H,R74/H107,II,II
UZV18650.1,UZV,18650.0,IIb,IIb,2022,2022.0,110,0.9818181818181818,,H1,R,H,R74/H107,II,II
UZV18827.1,UZV,18827.0,IIb,IIb,2022,2022.0,110,0.9818181818181818,,H1,R,H,R74/H107,II,II
UZV19000.1,UZV,19000.0,IIb,IIb,2022,2022.0,110,0.9818181818181818,,H1,R,H,R74/H107,II,II
UZV19177.1,UZV,19177.0,IIb,IIb,2022,2022.0,110,0.9818181818181818,,H1,R,H,R74/H107,II,II
UZV19349.1,UZV,19349.0,IIb,IIb,2022,2022.0,110,0.9818181818181818,,H1,R,H,R74/H107,II,II
UZV19527.1,UZV,19527.0,IIb,IIb,2022,2022.0,110,0.9818181818181818,,H1,R,H,R74/H107,II,II
UZV19704.1,UZV,19704.0,IIb,IIb,2022,2022.0,110,0.9818181818181818,,H1,R,H,R74/H107,II,II
UZV19881.1,UZV,19881.0,IIb,IIb,2022,2022.0,110,0.9818181818181818,,H1,R,H,R74/H107,II,II
UZV20057.1,UZV,20057.0,IIb,IIb,2022,2022.0,110,0.9818181818181818,,H1,R,H,R74/H107,II,II
UZV20234.1,UZV,20234.0,IIb,IIb,2022,2022.0,110,0.9818181818181818,,H1,R,H,R74/H107,II,II
UZV20412.1,UZV,20412.0,IIb,IIb,2022,2022.0,110,0.9818181818181818,,H1,R,H,R74/H107,II,II
UZV20590.1,UZV,20590.0,IIb,IIb,2022,2022.0,110,0.9818181818181818,,H1,R,H,R74/H107,II,II
UZV20767.1,UZV,20767.0,IIb,IIb,2022,2022.0,110,0.9818181818181818,,H1,R,H,R74/H107,II,II
UZV20942.1,UZV,20942.0,IIb,IIb,2022,2022.0,110,0.9818181818181818,,H1,R,H,R74/H107,II,II
UZV21119.1,UZV,21119.0,IIb,IIb,2022,2022.0,110,0.9818181818181818,,H1,R,H,R74/H107,II,II
UZV21296.1,UZV,21296.0,IIb,IIb,2022,2022.0,110,0.9818181818181818,,H1,R,H,R74/H107,II,II
UZV21473.1,UZV,21473.0,IIb,IIb,2022,2022.0,110,0.9818181818181818,,H1,R,H,R74/H107,II,II
UZV21650.1,UZV,21650.0,IIb,IIb,2022,2022.0,110,0.9818181818181818,,H1,R,H,R74/H107,II,II
UZV21818.1,UZV,21818.0,IIb,IIb,2022,2022.0,110,0.9818181818181818,,H1,R,H,R74/H107,II,II
UZV21990.1,UZV,21990.0,IIb,IIb,2022,2022.0,110,0.9818181818181818,,H1,R,H,R74/H107,II,II
UZV22165.1,UZV,22165.0,IIb,IIb,2022,2022.0,110,0.9818181818181818,,H1,R,H,R74/H107,II,II
UZV22342.1,UZV,22342.0,IIb,IIb,2022,2022.0,110,0.9818181818181818,,H1,R,H,R74/H107,II,II
UZV22519.1,UZV,22519.0,IIb,IIb,2022,2022.0,110,0.9818181818181818,,H1,R,H,R74/H107,II,II
UZV22697.1,UZV,22697.0,IIb,IIb,2022,2022.0,110,0.9818181818181818,,H1,R,H,R74/H107,II,II
UZV22875.1,UZV,22875.0,IIb,IIb,2022,2022.0,110,0.9818181818181818,,H1,R,H,R74/H107,II,II
UZV23052.1,UZV,23052.0,IIb,IIb,2022,2022.0,110,0.9818181818181818,,H1,R,H,R74/H107,II,II
UZV23229.1,UZV,23229.0,IIb,IIb,2022,2022.0,110,0.9818181818181818,,H1,R,H,R74/H107,II,II
UZV23402.1,UZV,23402.0,IIb,IIb,2022,2022.0,110,0.9818181818181818,,H1,R,H,R74/H107,II,II
UZV23580.1,UZV,23580.0,IIb,IIb,2022,2022.0,110,0.9818181818181818,,H1,R,H,R74/H107,II,II
UZV23759.1,UZV,23759.0,IIb,IIb,2022,2022.0,110,0.9818181818181818,,H1,R,H,R74/H107,II,II
UZV23937.1,UZV,23937.0,IIb,IIb,2022,2022.0,110,0.9818181818181818,,H1,R,H,R74/H107,II,II
UZV24116.1,UZV,24116.0,IIb,IIb,2022,2022.0,110,0.9818181818181818,,H1,R,H,R74/H107,II,II
UZV24289.1,UZV,24289.0,IIb,IIb,2022,2022.0,110,0.9818181818181818,,H1,R,H,R74/H107,II,II
UZV24461.1,UZV,24461.0,IIb,IIb,2022,2022.0,110,0.9818181818181818,,H1,R,H,R74/H107,II,II
UZV24634.1,UZV,24634.0,IIb,IIb,2022,2022.0,110,0.9818181818181818,,H1,R,H,R74/H107,II,II
UZV24804.1,UZV,24804.0,IIb,IIb,2022,2022.0,110,0.9818181818181818,,H1,R,H,R74/H107,II,II
UZV24982.1,UZV,24982.0,IIb,IIb,2022,2022.0,110,0.9818181818181818,,H1,R,H,R74/H107,II,II
UZV25157.1,UZV,25157.0,IIb,IIb,2022,2022.0,110,0.9818181818181818,,H1,R,H,R74/H107,II,II
UZV25330.1,UZV,25330.0,IIb,IIb,2022,2022.0,110,0.9818181818181818,,H1,R,H,R74/H107,II,II
UZV25507.1,UZV,25507.0,IIb,IIb,2022,2022.0,110,0.9818181818181818,,H1,R,H,R74/H107,II,II
UZV25683.1,UZV,25683.0,IIb,IIb,2022,2022.0,110,0.9818181818181818,,H1,R,H,R74/H107,II,II
UZV25857.1,UZV,25857.0,IIb,IIb,2022,2022.0,110,0.9818181818181818,,H1,R,H,R74/H107,II,II
UZV26031.1,UZV,26031.0,IIb,IIb,2022,2022.0,110,0.9818181818181818,,H1,R,H,R74/H107,II,II
UZV26208.1,UZV,26208.0,IIb,IIb,2022,2022.0,110,0.9818181818181818,,H1,R,H,R74/H107,II,II
UZV26381.1,UZV,26381.0,IIb,IIb,2022,2022.0,110,0.9818181818181818,,H1,R,H,R74/H107,II,II
UZV26558.1,UZV,26558.0,IIb,IIb,2022,2022.0,110,0.9818181818181818,,H1,R,H,R74/H107,II,II
UZV26730.1,UZV,26730.0,IIb,IIb,2022,2022.0,110,0.9818181818181818,,H1,R,H,R74/H107,II,II
UZV26901.1,UZV,26901.0,IIb,IIb,2022,2022.0,110,0.9818181818181818,,H1,R,H,R74/H107,II,II
UZV27079.1,UZV,27079.0,IIb,IIb,2022,2022.0,110,0.9818181818181818,,H1,R,H,R74/H107,II,II
UZV27257.1,UZV,27257.0,IIb,IIb,2022,2022.0,110,0.9818181818181818,,H1,R,H,R74/H107,II,II
UZV27425.1,UZV,27425.0,IIb,IIb,2022,2022.0,110,0.9818181818181818,,H1,R,H,R74/H107,II,II
UZV27603.1,UZV,27603.0,IIb,IIb,2022,2022.0,110,0.9818181818181818,,H1,R,H,R74/H107,II,II
UZV27782.1,UZV,27782.0,IIb,IIb,2022-10-27,2022.0,110,0.9818181818181818,,H1,R,H,R74/H107,II,II
UZV27961.1,UZV,27961.0,IIb,IIb,2022-10-31,2022.0,110,0.9818181818181818,,H1,R,H,R74/H107,II,II
UZV28140.1,UZV,28140.0,IIb,IIb,2022-10-28,2022.0,110,0.9818181818181818,,H1,R,H,R74/H107,II,II
UZV28317.1,UZV,28317.0,IIb,IIb,2022-11-01,2022.0,110,0.9818181818181818,,H1,R,H,R74/H107,II,II
UZV28496.1,UZV,28496.0,IIb,IIb,2022-10-26,2022.0,110,0.9818181818181818,,H1,R,H,R74/H107,II,II
UZV28674.1,UZV,28674.0,IIb,IIb,2022-10-04,2022.0,110,0.9818181818181818,,H1,R,H,R74/H107,II,II
UZV28852.1,UZV,28852.0,IIb,IIb,2022-09-30,2022.0,110,0.9818181818181818,,H1,R,H,R74/H107,II,II
UZV29029.1,UZV,29029.0,IIb,IIb,2022-09-30,2022.0,110,0.9818181818181818,,H1,R,H,R74/H107,II,II
UZV29205.1,UZV,29205.0,IIb,IIb,2022-09-26,2022.0,110,0.9818181818181818,,H1,R,H,R74/H107,II,II
UZV29383.1,UZV,29383.0,IIb,IIb,2022-09-27,2022.0,110,0.9818181818181818,,H1,R,H,R74/H107,II,II
UZV29560.1,UZV,29560.0,IIb,IIb,2022-09-27,2022.0,110,0.9818181818181818,,H1,R,H,R74/H107,II,II
UZV29737.1,UZV,29737.0,IIb,IIb,2022-09-27,2022.0,110,0.9818181818181818,,H1,R,H,R74/H107,II,II
UZV29916.1,UZV,29916.0,IIb,IIb,2022-09-29,2022.0,110,0.9818181818181818,,H1,R,H,R74/H107,II,II
UZV30093.1,UZV,30093.0,IIb,IIb,2022-09-29,2022.0,110,0.9818181818181818,,H1,R,H,R74/H107,II,II
UZV30270.1,UZV,30270.0,IIb,IIb,2022-09-28,2022.0,110,0.9818181818181818,,H1,R,H,R74/H107,II,II
UZV30448.1,UZV,30448.0,IIb,IIb,2022-09-28,2022.0,110,0.9818181818181818,,H1,R,H,R74/H107,II,II
UZV30626.1,UZV,30626.0,IIb,IIb,2022-09-28,2022.0,110,0.9818181818181818,,H1,R,H,R74/H107,II,II
UZV30804.1,UZV,30804.0,IIb,IIb,2022-09-28,2022.0,110,0.9818181818181818,,H1,R,H,R74/H107,II,II
UZV30980.1,UZV,30980.0,IIb,IIb,2022-09-27,2022.0,110,0.9818181818181818,,H1,R,H,R74/H107,II,II
UZV31158.1,UZV,31158.0,IIb,IIb,2022-10-04,2022.0,110,0.9818181818181818,,H1,R,H,R74/H107,II,II
UZV31336.1,UZV,31336.0,IIb,IIb,2022-10-04,2022.0,110,0.9818181818181818,,H1,R,H,R74/H107,II,II
UZV31513.1,UZV,31513.0,IIb,IIb,2022-10-04,2022.0,110,0.9818181818181818,,H1,R,H,R74/H107,II,II
UZV31691.1,UZV,31691.0,IIb,IIb,2022-10-04,2022.0,110,0.9818181818181818,,H1,R,H,R74/H107,II,II
UZV31870.1,UZV,31870.0,IIb,IIb,2022-10-02,2022.0,110,0.9818181818181818,,H1,R,H,R74/H107,II,II
UZV32049.1,UZV,32049.0,IIb,IIb,2022-10-07,2022.0,110,0.9818181818181818,,H1,R,H,R74/H107,II,II
UZV32227.1,UZV,32227.0,IIb,IIb,2022-10-07,2022.0,110,0.9818181818181818,,H1,R,H,R74/H107,II,II
UZV32404.1,UZV,32404.0,IIb,IIb,2022-10-06,2022.0,110,0.9818181818181818,,H1,R,H,R74/H107,II,II
UZV32573.1,UZV,32573.0,IIb,IIb,2022-10-06,2022.0,110,0.9818181818181818,,H1,R,H,R74/H107,II,II
UZV32749.1,UZV,32749.0,IIb,IIb,2022-11-09,2022.0,110,0.9818181818181818,,H1,R,H,R74/H107,II,II
UZV32928.1,UZV,32928.0,IIb,IIb,2022-11-09,2022.0,110,0.9818181818181818,,H1,R,H,R74/H107,II,II
UZV33107.1,UZV,33107.0,IIb,IIb,2022-11-09,2022.0,110,0.9818181818181818,,H1,R,H,R74/H107,II,II
UZV33286.1,UZV,33286.0,IIb,IIb,2022-11-09,2022.0,110,0.9818181818181818,,H1,R,H,R74/H107,II,II
UZV33459.1,UZV,33459.0,IIb,IIb,2022-11-09,2022.0,110,0.9818181818181818,,H1,R,H,R74/H107,II,II
UZV33636.1,UZV,33636.0,IIb,IIb,2022-11-09,2022.0,110,0.9818181818181818,,H1,R,H,R74/H107,II,II
UZV33815.1,UZV,33815.0,IIb,IIb,2022-11-09,2022.0,110,0.9818181818181818,,H1,R,H,R74/H107,II,II
UZV33994.1,UZV,33994.0,IIb,IIb,2022-11-09,2022.0,110,0.9818181818181818,,H1,R,H,R74/H107,II,II
UZV34172.1,UZV,34172.0,IIb,IIb,2022-11-09,2022.0,110,0.9818181818181818,,H1,R,H,R74/H107,II,II
UZV34351.1,UZV,34351.0,IIb,IIb,2022-11-09,2022.0,110,0.9818181818181818,,H1,R,H,R74/H107,II,II
UZV34530.1,UZV,34530.0,IIb,IIb,2022-11-09,2022.0,110,0.9818181818181818,,H1,R,H,R74/H107,II,II
UZV34709.1,UZV,34709.0,IIb,IIb,2022-11-09,2022.0,110,0.9818181818181818,,H1,R,H,R74/H107,II,II
UZV34888.1,UZV,34888.0,IIb,IIb,2022-11-09,2022.0,110,0.9818181818181818,,H1,R,H,R74/H107,II,II
UZV35067.1,UZV,35067.0,IIb,IIb,2022-11-09,2022.0,110,0.9818181818181818,,H1,R,H,R74/H107,II,II
UZV35246.1,UZV,35246.0,IIb,IIb,2022-11-09,2022.0,110,0.9818181818181818,,H1,R,H,R74/H107,II,II
UZV35425.1,UZV,35425.0,IIb,IIb,2022-11-09,2022.0,110,0.9818181818181818,,H1,R,H,R74/H107,II,II
UZV35602.1,UZV,35602.0,IIb,IIb,2022-11-09,2022.0,110,0.9818181818181818,,H1,R,H,R74/H107,II,II
UZV35781.1,UZV,35781.0,IIb,IIb,2022-11-09,2022.0,110,0.9818181818181818,,H1,R,H,R74/H107,II,II
UZV35960.1,UZV,35960.0,IIb,IIb,2022-11-09,2022.0,110,0.9818181818181818,,H1,R,H,R74/H107,II,II
UZV36139.1,UZV,36139.0,IIb,IIb,2022-11-09,2022.0,110,0.9818181818181818,,H1,R,H,R74/H107,II,II
UZV36318.1,UZV,36318.0,IIb,IIb,2022-11-09,2022.0,110,0.9818181818181818,,H1,R,H,R74/H107,II,II
UZV36497.1,UZV,36497.0,IIb,IIb,2022-11-09,2022.0,110,0.9818181818181818,,H1,R,H,R74/H107,II,II
UZV36676.1,UZV,36676.0,IIb,IIb,2022-11-09,2022.0,110,0.9818181818181818,,H1,R,H,R74/H107,II,II
UZV36855.1,UZV,36855.0,IIb,IIb,2022-11-09,2022.0,110,0.9818181818181818,,H1,R,H,R74/H107,II,II
UZV37034.1,UZV,37034.0,IIb,IIb,2022-11-09,2022.0,110,0.9818181818181818,,H1,R,H,R74/H107,II,II
UZT83600.1,UZT,83600.0,IIb,IIb,2022-08,2022.0,110,0.9818181818181818,,H1,R,H,R74/H107,II,II
UZT83778.1,UZT,83778.0,IIb,IIb,2022-09,2022.0,110,0.9818181818181818,,H1,R,H,R74/H107,II,II
UZT83956.1,UZT,83956.0,IIb,IIb,2022-09,2022.0,110,0.9818181818181818,,H1,R,H,R74/H107,II,II
UZT84134.1,UZT,84134.0,IIb,IIb,2022-09,2022.0,110,0.9818181818181818,,H1,R,H,R74/H107,II,II
UZT84312.1,UZT,84312.0,IIb,IIb,2022-09,2022.0,110,0.9818181818181818,,H1,R,H,R74/H107,II,II
UZT84490.1,UZT,84490.0,IIb,IIb,2022-09,2022.0,110,0.9818181818181818,,H1,R,H,R74/H107,II,II
UZT84668.1,UZT,84668.0,IIb,IIb,2022-09,2022.0,110,0.9818181818181818,,H1,R,H,R74/H107,II,II
UZT84846.1,UZT,84846.0,IIb,IIb,2022-08,2022.0,110,0.9818181818181818,,H1,R,H,R74/H107,II,II
UZT85024.1,UZT,85024.0,IIb,IIb,2022-09,2022.0,110,0.9818181818181818,,H1,R,H,R74/H107,II,II
UZT85202.1,UZT,85202.0,IIb,IIb,2022-08,2022.0,110,0.9818181818181818,,H1,R,H,R74/H107,II,II
UZT85380.1,UZT,85380.0,IIb,IIb,2022-08,2022.0,110,0.9818181818181818,,H1,R,H,R74/H107,II,II
UZT85558.1,UZT,85558.0,IIb,IIb,2022-08,2022.0,110,0.9818181818181818,,H1,R,H,R74/H107,II,II
UZT85736.1,UZT,85736.0,IIb,IIb,2022-09,2022.0,110,0.9818181818181818,,H1,R,H,R74/H107,II,II
UZT85914.1,UZT,85914.0,IIb,IIb,2022-07,2022.0,110,0.9818181818181818,,H1,R,H,R74/H107,II,II
UZT86092.1,UZT,86092.0,IIb,IIb,2022-07,2022.0,110,0.9818181818181818,,H1,R,H,R74/H107,II,II
UZT86270.1,UZT,86270.0,IIb,IIb,2022-07,2022.0,110,0.9818181818181818,,H1,R,H,R74/H107,II,II
UZT87739.1,UZT,87739.0,IIb,IIb,2022-09-29,2022.0,110,0.9818181818181818,,H1,R,H,R74/H107,II,II
UZT55742.1,UZT,55742.0,IIb,IIb,2022-07-26,2022.0,110,0.9818181818181818,,H1,R,H,R74/H107,II,II
UZT55921.1,UZT,55921.0,IIb,IIb,2022-07-27,2022.0,110,0.9818181818181818,,H1,R,H,R74/H107,II,II
UZT56099.1,UZT,56099.0,IIb,IIb,2022-07-25,2022.0,110,0.9818181818181818,,H1,R,H,R74/H107,II,II
UZT56270.1,UZT,56270.0,IIb,IIb,2022-07-28,2022.0,110,0.9818181818181818,,H1,R,H,R74/H107,II,II
UZT56448.1,UZT,56448.0,IIb,IIb,2022-07-28,2022.0,110,0.9818181818181818,,H1,R,H,R74/H107,II,II
UZT56620.1,UZT,56620.0,IIb,IIb,2022-08,2022.0,110,0.9818181818181818,,H1,R,H,R74/H107,II,II
UZT56799.1,UZT,56799.0,IIb,IIb,2022-08-05,2022.0,110,0.9818181818181818,,H1,R,H,R74/H107,II,II
UZT56976.1,UZT,56976.0,IIb,IIb,2022-08-12,2022.0,110,0.9818181818181818,,H1,R,H,R74/H107,II,II
UZT57154.1,UZT,57154.0,IIb,IIb,2022-08-12,2022.0,110,0.9818181818181818,,H1,R,H,R74/H107,II,II
UZT57332.1,UZT,57332.0,IIb,IIb,2022-08-17,2022.0,110,0.9818181818181818,,H1,R,H,R74/H107,II,II
UZT57501.1,UZT,57501.0,IIb,IIb,2022-08-17,2022.0,110,0.9818181818181818,,H1,R,H,R74/H107,II,II
UZT57679.1,UZT,57679.0,IIb,IIb,2022-08-17,2022.0,110,0.9818181818181818,,H1,R,H,R74/H107,II,II
UZT57856.1,UZT,57856.0,IIb,IIb,2022-09-03,2022.0,110,0.9818181818181818,,H1,R,H,R74/H107,II,II
UZT58032.1,UZT,58032.0,IIb,IIb,2022-09-16,2022.0,110,0.9818181818181818,,H1,R,H,R74/H107,II,II
UZT58208.1,UZT,58208.0,IIb,IIb,2022-06-29,2022.0,110,0.9818181818181818,,H1,R,H,R74/H107,II,II
UZT58386.1,UZT,58386.0,IIb,IIb,2022-07-01,2022.0,110,0.9818181818181818,,H1,R,H,R74/H107,II,II
UZT58558.1,UZT,58558.0,IIb,IIb,2022-07-06,2022.0,110,0.9818181818181818,,H1,R,H,R74/H107,II,II
UZT58731.1,UZT,58731.0,IIb,IIb,2022-07,2022.0,110,0.9818181818181818,,H1,R,H,R74/H107,II,II
UZT58900.1,UZT,58900.0,IIb,IIb,2022-07-06,2022.0,110,0.9818181818181818,,H1,R,H,R74/H107,II,II
UZT59063.1,UZT,59063.0,IIb,IIb,2022-07-06,2022.0,110,0.9818181818181818,,H1,R,H,R74/H107,II,II
UZT59231.1,UZT,59231.0,IIb,IIb,2022-07-08,2022.0,110,0.9818181818181818,,H1,R,H,R74/H107,II,II
UZT59397.1,UZT,59397.0,IIb,IIb,2022-06-29,2022.0,110,0.9818181818181818,,H1,R,H,R74/H107,II,II
UZT59574.1,UZT,59574.0,IIb,IIb,2022-07-05,2022.0,110,0.9818181818181818,,H1,R,H,R74/H107,II,II
UZT59750.1,UZT,59750.0,IIb,IIb,2022-07-08,2022.0,110,0.9818181818181818,,H1,R,H,R74/H107,II,II
UZT59927.1,UZT,59927.0,IIb,IIb,2022-07-09,2022.0,110,0.9818181818181818,,H1,R,H,R74/H107,II,II
UZT60106.1,UZT,60106.0,IIb,IIb,2022-07-13,2022.0,110,0.9818181818181818,,H1,R,H,R74/H107,II,II
UZT60283.1,UZT,60283.0,IIb,IIb,2022-07-12,2022.0,110,0.9818181818181818,,H1,R,H,R74/H107,II,II
UZT60453.1,UZT,60453.0,IIb,IIb,2022-07-13,2022.0,110,0.9818181818181818,,H1,R,H,R74/H107,II,II
UZT60631.1,UZT,60631.0,IIb,IIb,2022-07-14,2022.0,110,0.9818181818181818,,H1,R,H,R74/H107,II,II
UZT60809.1,UZT,60809.0,IIb,IIb,2022-07-18,2022.0,110,0.9818181818181818,,H1,R,H,R74/H107,II,II
UZT60978.1,UZT,60978.0,IIb,IIb,2022-07-19,2022.0,110,0.9818181818181818,,H1,R,H,R74/H107,II,II
UZT61151.1,UZT,61151.0,IIb,IIb,2022-07-19,2022.0,110,0.9818181818181818,,H1,R,H,R74/H107,II,II
UZT61328.1,UZT,61328.0,IIb,IIb,2022-07-18,2022.0,110,0.9818181818181818,,H1,R,H,R74/H107,II,II
UZT61507.1,UZT,61507.0,IIb,IIb,2022-07-18,2022.0,110,0.9818181818181818,,H1,R,H,R74/H107,II,II
UZT61678.1,UZT,61678.0,IIb,IIb,2022-07-20,2022.0,110,0.9818181818181818,,H1,R,H,R74/H107,II,II
UZT61855.1,UZT,61855.0,IIb,IIb,2022-07-20,2022.0,110,0.9818181818181818,,H1,R,H,R74/H107,II,II
UZT62034.1,UZT,62034.0,IIb,IIb,2022-07-21,2022.0,110,0.9818181818181818,,H1,R,H,R74/H107,II,II
UZT62211.1,UZT,62211.0,IIb,IIb,2022-07-24,2022.0,110,0.9818181818181818,,H1,R,H,R74/H107,II,II
UZT62388.1,UZT,62388.0,IIb,IIb,2022-07-22,2022.0,110,0.9818181818181818,,H1,R,H,R74/H107,II,II
UZT62558.1,UZT,62558.0,IIb,IIb,2022-07-21,2022.0,110,0.9818181818181818,,H1,R,H,R74/H107,II,II
UZT62734.1,UZT,62734.0,IIb,IIb,2022-07-22,2022.0,110,0.9818181818181818,,H1,R,H,R74/H107,II,II
UZT62913.1,UZT,62913.0,IIb,IIb,2022-07-25,2022.0,110,0.9818181818181818,,H1,R,H,R74/H107,II,II
UZT63090.1,UZT,63090.0,IIb,IIb,2022-07,2022.0,110,0.9818181818181818,,H1,R,H,R74/H107,II,II
UZT63259.1,UZT,63259.0,IIb,IIb,2022-07-25,2022.0,110,0.9818181818181818,,H1,R,H,R74/H107,II,II
UZT63435.1,UZT,63435.0,IIb,IIb,2022-07-25,2022.0,110,0.9818181818181818,,H1,R,H,R74/H107,II,II
UZT63605.1,UZT,63605.0,IIb,IIb,2022-07-25,2022.0,110,0.9818181818181818,,H1,R,H,R74/H107,II,II
UZT63783.1,UZT,63783.0,IIb,IIb,2022-08-31,2022.0,110,0.9818181818181818,,H1,R,H,R74/H107,II,II
UZS34209.1,UZS,34209.0,IIb,IIb,2022-08,2022.0,110,0.9818181818181818,,H1,R,H,R74/H107,II,II
UZS34383.1,UZS,34383.0,IIb,IIb,2022-08,2022.0,110,0.9818181818181818,,H1,R,H,R74/H107,II,II
UZS34557.1,UZS,34557.0,IIb,IIb,2022-08,2022.0,110,0.9818181818181818,,H1,R,H,R74/H107,II,II
UZS34732.1,UZS,34732.0,IIb,IIb,2022-08,2022.0,110,0.9818181818181818,,H1,R,H,R74/H107,II,II
UZS34906.1,UZS,34906.0,IIb,IIb,2022-08,2022.0,110,0.9818181818181818,,H1,R,H,R74/H107,II,II
UZS35079.1,UZS,35079.0,IIb,IIb,2022-08,2022.0,110,0.9818181818181818,,H1,R,H,R74/H107,II,II
UZS35252.1,UZS,35252.0,IIb,IIb,2022-08,2022.0,110,0.9818181818181818,,H1,R,H,R74/H107,II,II
UZS35426.1,UZS,35426.0,IIb,IIb,2022-08,2022.0,110,0.9818181818181818,,H1,R,H,R74/H107,II,II
UZS35600.1,UZS,35600.0,IIb,IIb,2022-08,2022.0,110,0.9818181818181818,,H1,R,H,R74/H107,II,II
UZS35774.1,UZS,35774.0,IIb,IIb,2022-08,2022.0,110,0.9818181818181818,,H1,R,H,R74/H107,II,II
UZS35949.1,UZS,35949.0,IIb,IIb,2022-08,2022.0,110,0.9818181818181818,,H1,R,H,R74/H107,II,II
UZS36124.1,UZS,36124.0,IIb,IIb,2022-09,2022.0,110,0.9818181818181818,,H1,R,H,R74/H107,II,II
UZS36298.1,UZS,36298.0,IIb,IIb,2022-09,2022.0,110,0.9818181818181818,,H1,R,H,R74/H107,II,II
UZS36472.1,UZS,36472.0,IIb,IIb,2022-09,2022.0,110,0.9818181818181818,,H1,R,H,R74/H107,II,II
UZS36647.1,UZS,36647.0,IIb,IIb,2022-09,2022.0,110,0.9818181818181818,,H1,R,H,R74/H107,II,II
UZS36822.1,UZS,36822.0,IIb,IIb,2022-07-01,2022.0,110,0.9818181818181818,,H1,R,H,R74/H107,II,II
UZS37001.1,UZS,37001.0,IIb,IIb,2022-07-01,2022.0,110,0.9818181818181818,,H1,R,H,R74/H107,II,II
UZS37180.1,UZS,37180.0,IIb,IIb,2022-07-05,2022.0,110,0.9818181818181818,,H1,R,H,R74/H107,II,II
UZS37358.1,UZS,37358.0,IIb,IIb,2022-07-05,2022.0,110,0.9818181818181818,,H1,R,H,R74/H107,II,II
UZS37537.1,UZS,37537.0,IIb,IIb,2022-07-02,2022.0,110,0.9818181818181818,,H1,R,H,R74/H107,II,II
UZS37716.1,UZS,37716.0,IIb,IIb,2022-07-02,2022.0,110,0.9818181818181818,,H1,R,H,R74/H107,II,II
UZS37895.1,UZS,37895.0,IIb,IIb,2022-07-07,2022.0,110,0.9818181818181818,,H1,R,H,R74/H107,II,II
UZS38074.1,UZS,38074.0,IIb,IIb,2022-07-07,2022.0,110,0.9818181818181818,,H1,R,H,R74/H107,II,II
UZS38253.1,UZS,38253.0,IIb,IIb,2022-07-21,2022.0,110,0.9818181818181818,,H1,R,H,R74/H107,II,II
UZS38432.1,UZS,38432.0,IIb,IIb,2022-07-21,2022.0,110,0.9818181818181818,,H1,R,H,R74/H107,II,II
UZS38611.1,UZS,38611.0,IIb,IIb,2022-09-25,2022.0,110,0.9818181818181818,,H1,R,H,R74/H107,II,II
UZS38790.1,UZS,38790.0,IIb,IIb,2022-10-07,2022.0,110,0.9818181818181818,,H1,R,H,R74/H107,II,II
UZS38969.1,UZS,38969.0,IIb,IIb,2022-10-07,2022.0,110,0.9818181818181818,,H1,R,H,R74/H107,II,II
UZS39148.1,UZS,39148.0,IIb,IIb,2022-09-25,2022.0,110,0.9818181818181818,,H1,R,H,R74/H107,II,II
UZS39327.1,UZS,39327.0,IIb,IIb,2022-09-25,2022.0,110,0.9818181818181818,,H1,R,H,R74/H107,II,II
UZN92130.1,UZN,92130.0,IIb,IIb,2022-06-21,2022.0,110,0.9818181818181818,,H1,R,H,R74/H107,II,II
UZN92728.1,UZN,92728.0,IIb,IIb,2022-10-26,2022.0,110,0.9818181818181818,,H1,R,H,R74/H107,II,II
UZN92906.1,UZN,92906.0,IIb,IIb,2022-10-25,2022.0,110,0.9818181818181818,,H1,R,H,R74/H107,II,II
UZN93085.1,UZN,93085.0,IIb,IIb,2022-10-27,2022.0,110,0.9818181818181818,,H1,R,H,R74/H107,II,II
UZN93262.1,UZN,93262.0,IIb,IIb,2022-10-25,2022.0,110,0.9818181818181818,,H1,R,H,R74/H107,II,II
UZN93440.1,UZN,93440.0,IIb,IIb,2022-09-19,2022.0,110,0.9818181818181818,,H1,R,H,R74/H107,II,II
UZN93618.1,UZN,93618.0,IIb,IIb,2022-09-19,2022.0,110,0.9818181818181818,,H1,R,H,R74/H107,II,II
UZN93784.1,UZN,93784.0,IIb,IIb,2022-09-20,2022.0,110,0.9818181818181818,,H1,R,H,R74/H107,II,II
UZN93957.1,UZN,93957.0,IIb,IIb,2022-09-20,2022.0,110,0.9818181818181818,,H1,R,H,R74/H107,II,II
UZN94133.1,UZN,94133.0,IIb,IIb,2022-09-20,2022.0,110,0.9818181818181818,,H1,R,H,R74/H107,II,II
UZN94305.1,UZN,94305.0,IIb,IIb,2022-09-20,2022.0,110,0.9818181818181818,,H1,R,H,R74/H107,II,II
UZN94481.1,UZN,94481.0,IIb,IIb,2022-09-20,2022.0,110,0.9818181818181818,,H1,R,H,R74/H107,II,II
UZN94658.1,UZN,94658.0,IIb,IIb,2022-10-26,2022.0,110,0.9818181818181818,,H1,R,H,R74/H107,II,II
UZN94837.1,UZN,94837.0,IIb,IIb,2022-06,2022.0,110,0.9818181818181818,,H1,R,H,R74/H107,II,II
UZN95016.1,UZN,95016.0,IIb,IIb,2022-06,2022.0,110,0.9818181818181818,,H1,R,H,R74/H107,II,II
UZN95195.1,UZN,95195.0,IIb,IIb,2022-06,2022.0,110,0.9818181818181818,,H1,R,H,R74/H107,II,II
UZN95374.1,UZN,95374.0,IIb,IIb,2022-06,2022.0,110,0.9818181818181818,,H1,R,H,R74/H107,II,II
UZN95553.1,UZN,95553.0,IIb,IIb,2022-06,2022.0,110,0.9818181818181818,,H1,R,H,R74/H107,II,II
UZN95732.1,UZN,95732.0,IIb,IIb,2022-06,2022.0,110,0.9818181818181818,,H1,R,H,R74/H107,II,II
UZN95911.1,UZN,95911.0,IIb,IIb,2022-06,2022.0,110,0.9818181818181818,,H1,R,H,R74/H107,II,II
UZN96090.1,UZN,96090.0,IIb,IIb,2022-06,2022.0,110,0.9818181818181818,,H1,R,H,R74/H107,II,II
UZN96269.1,UZN,96269.0,IIb,IIb,2022-06,2022.0,110,0.9818181818181818,,H1,R,H,R74/H107,II,II
UZN96448.1,UZN,96448.0,IIb,IIb,2022-06,2022.0,110,0.9818181818181818,,H1,R,H,R74/H107,II,II
UZN96627.1,UZN,96627.0,IIb,IIb,2022-06,2022.0,110,0.9818181818181818,,H1,R,H,R74/H107,II,II
UZN96806.1,UZN,96806.0,IIb,IIb,2022-06,2022.0,110,0.9818181818181818,,H1,R,H,R74/H107,II,II
UZN96985.1,UZN,96985.0,IIb,IIb,2022-06,2022.0,110,0.9818181818181818,,H1,R,H,R74/H107,II,II
UZN97163.1,UZN,97163.0,IIb,IIb,2022-06,2022.0,110,0.9818181818181818,,H1,R,H,R74/H107,II,II
UZN97341.1,UZN,97341.0,IIb,IIb,2022-06,2022.0,110,0.9818181818181818,,H1,R,H,R74/H107,II,II
UZN97520.1,UZN,97520.0,IIb,IIb,2022-06,2022.0,110,0.9818181818181818,,H1,R,H,R74/H107,II,II
UZN97699.1,UZN,97699.0,IIb,IIb,2022-06,2022.0,110,0.9818181818181818,,H1,R,H,R74/H107,II,II
UZN97878.1,UZN,97878.0,IIb,IIb,2022-06,2022.0,110,0.9818181818181818,,H1,R,H,R74/H107,II,II
UZN98057.1,UZN,98057.0,IIb,IIb,2022-06,2022.0,110,0.9818181818181818,,H1,R,H,R74/H107,II,II
UZN98236.1,UZN,98236.0,IIb,IIb,2022-06,2022.0,110,0.9818181818181818,,H1,R,H,R74/H107,II,II
UZN98415.1,UZN,98415.0,IIb,IIb,2022-10,2022.0,110,0.9818181818181818,,H1,R,H,R74/H107,II,II
UZN98594.1,UZN,98594.0,IIb,IIb,2022-10,2022.0,110,0.9818181818181818,,H1,R,H,R74/H107,II,II
UZL87078.1,UZL,87078.0,IIb,IIb,2022-10-14,2022.0,110,0.9818181818181818,,H1,R,H,R74/H107,II,II
UZL87257.1,UZL,87257.0,IIb,IIb,2022-10-15,2022.0,110,0.9818181818181818,,H1,R,H,R74/H107,II,II
UZL87436.1,UZL,87436.0,IIb,IIb,2022-10-11,2022.0,110,0.9818181818181818,,H1,R,H,R74/H107,II,II
UZL87614.1,UZL,87614.0,IIb,IIb,2022-10-12,2022.0,110,0.9818181818181818,,H1,R,H,R74/H107,II,II
UZL87785.1,UZL,87785.0,IIb,IIb,2022-10-15,2022.0,110,0.9818181818181818,,H1,R,H,R74/H107,II,II
UZL87961.1,UZL,87961.0,IIb,IIb,2022-10-13,2022.0,110,0.9818181818181818,,H1,R,H,R74/H107,II,II
UZL88133.1,UZL,88133.0,IIb,IIb,2022-10-15,2022.0,110,0.9818181818181818,,H1,R,H,R74/H107,II,II
UZL88305.1,UZL,88305.0,IIb,IIb,2022-10-15,2022.0,110,0.9818181818181818,,H1,R,H,R74/H107,II,II
UZL88484.1,UZL,88484.0,IIb,IIb,2022-10-13,2022.0,110,0.9818181818181818,,H1,R,H,R74/H107,II,II
UZL88663.1,UZL,88663.0,IIb,IIb,2022-10-12,2022.0,110,0.9818181818181818,,H1,R,H,R74/H107,II,II
UZL88841.1,UZL,88841.0,IIb,IIb,2022-10-12,2022.0,110,0.9818181818181818,,H1,R,H,R74/H107,II,II
UZL89018.1,UZL,89018.0,IIb,IIb,2022-10-15,2022.0,110,0.9818181818181818,,H1,R,H,R74/H107,II,II
UZL89196.1,UZL,89196.0,IIb,IIb,2022-10-11,2022.0,110,0.9818181818181818,,H1,R,H,R74/H107,II,II
UZL89374.1,UZL,89374.0,IIb,IIb,2022-10-17,2022.0,110,0.9818181818181818,,H1,R,H,R74/H107,II,II
UZL92056.1,UZL,92056.0,IIb,IIb,2022-09-10,2022.0,110,0.9818181818181818,,H1,R,H,R74/H107,II,II
UZL92235.1,UZL,92235.0,IIb,IIb,2022-08-13,2022.0,110,0.9818181818181818,,H1,R,H,R74/H107,II,II
UZL92414.1,UZL,92414.0,IIb,IIb,2022-08-06,2022.0,110,0.9818181818181818,,H1,R,H,R74/H107,II,II
UZL92592.1,UZL,92592.0,IIb,IIb,2022-08-19,2022.0,110,0.9818181818181818,,H1,R,H,R74/H107,II,II
UZL92771.1,UZL,92771.0,IIb,IIb,2022-09-07,2022.0,110,0.9818181818181818,,H1,R,H,R74/H107,II,II
UZL92950.1,UZL,92950.0,IIb,IIb,2022-08-08,2022.0,110,0.9818181818181818,,H1,R,H,R74/H107,II,II
UZL93129.1,UZL,93129.0,IIb,IIb,2022-09-08,2022.0,110,0.9818181818181818,,H1,R,H,R74/H107,II,II
UZL93308.1,UZL,93308.0,IIb,IIb,2022-08-13,2022.0,110,0.9818181818181818,,H1,R,H,R74/H107,II,II
UZL93487.1,UZL,93487.0,IIb,IIb,2022-08-19,2022.0,110,0.9818181818181818,,H1,R,H,R74/H107,II,II
UZL93666.1,UZL,93666.0,IIb,IIb,2022-08-11,2022.0,110,0.9818181818181818,,H1,R,H,R74/H107,II,II
UZL93845.1,UZL,93845.0,IIb,IIb,2022-09-10,2022.0,110,0.9818181818181818,,H1,R,H,R74/H107,II,II
UZA94704.1,UZA,94704.0,IIb,IIb,2022-06,2022.0,110,0.9818181818181818,,H1,R,H,R74/H107,II,II
UZA94883.1,UZA,94883.0,IIb,IIb,2022-06,2022.0,110,0.9818181818181818,,H1,R,H,R74/H107,II,II
UZA95062.1,UZA,95062.0,IIb,IIb,2022-06,2022.0,110,0.9818181818181818,,H1,R,H,R74/H107,II,II
UZA95241.1,UZA,95241.0,IIb,IIb,2022-06,2022.0,110,0.9818181818181818,,H1,R,H,R74/H107,II,II
UZA95420.1,UZA,95420.0,IIb,IIb,2022-06,2022.0,110,0.9818181818181818,,H1,R,H,R74/H107,II,II
UZA95598.1,UZA,95598.0,IIb,IIb,2022-06,2022.0,110,0.9818181818181818,,H1,R,H,R74/H107,II,II
UZA95777.1,UZA,95777.0,IIb,IIb,2022-06,2022.0,110,0.9818181818181818,,H1,R,H,R74/H107,II,II
UZA95956.1,UZA,95956.0,IIb,IIb,2022-06,2022.0,110,0.9818181818181818,,H1,R,H,R74/H107,II,II
UZA96135.1,UZA,96135.0,IIb,IIb,2022-06,2022.0,110,0.9818181818181818,,H1,R,H,R74/H107,II,II
UZA96314.1,UZA,96314.0,IIb,IIb,2022-06,2022.0,110,0.9818181818181818,,H1,R,H,R74/H107,II,II
UZA96493.1,UZA,96493.0,IIb,IIb,2022-06,2022.0,110,0.9818181818181818,,H1,R,H,R74/H107,II,II
UZA96672.1,UZA,96672.0,IIb,IIb,2022-06,2022.0,110,0.9818181818181818,,H1,R,H,R74/H107,II,II
UZA96851.1,UZA,96851.0,IIb,IIb,2022-06,2022.0,110,0.9818181818181818,,H1,R,H,R74/H107,II,II
UZA97030.1,UZA,97030.0,IIb,IIb,2022-06,2022.0,110,0.9818181818181818,,H1,R,H,R74/H107,II,II
UZA97209.1,UZA,97209.0,IIb,IIb,2022-06,2022.0,110,0.9818181818181818,,H1,R,H,R74/H107,II,II
UZA97388.1,UZA,97388.0,IIb,IIb,2022-10,2022.0,110,0.9818181818181818,,H1,R,H,R74/H107,II,II
UYW94956.1,UYW,94956.0,IIb,IIb,2022-10-13,2022.0,110,0.9818181818181818,,H1,R,H,R74/H107,II,II
UYW95135.1,UYW,95135.0,IIb,IIb,2022-10-17,2022.0,110,0.9818181818181818,,H1,R,H,R74/H107,II,II
UYW95313.1,UYW,95313.0,IIb,IIb,2022-09-23,2022.0,110,0.9818181818181818,,H1,R,H,R74/H107,II,II
UYW95492.1,UYW,95492.0,IIb,IIb,2022-09-21,2022.0,110,0.9818181818181818,,H1,R,H,R74/H107,II,II
UYW95671.1,UYW,95671.0,IIb,IIb,2022-09-30,2022.0,110,0.9818181818181818,,H1,R,H,R74/H107,II,II
UYW95850.1,UYW,95850.0,IIb,IIb,2022-09-07,2022.0,110,0.9818181818181818,,H1,R,H,R74/H107,II,II
UYW96027.1,UYW,96027.0,IIb,IIb,2022-09-07,2022.0,110,0.9818181818181818,,H1,R,H,R74/H107,II,II
UYW96205.1,UYW,96205.0,IIb,IIb,2022-09-14,2022.0,110,0.9818181818181818,,H1,R,H,R74/H107,II,II
UYW96383.1,UYW,96383.0,IIb,IIb,2022-09-30,2022.0,110,0.9818181818181818,,H1,R,H,R74/H107,II,II
UYW96561.1,UYW,96561.0,IIb,IIb,2022-09-30,2022.0,110,0.9818181818181818,,H1,R,H,R74/H107,II,II
UYW96739.1,UYW,96739.0,IIb,IIb,2022-07-18,2022.0,110,0.9818181818181818,,H1,R,H,R74/H107,II,II
UYW96918.1,UYW,96918.0,IIb,IIb,2022-07-20,2022.0,110,0.9818181818181818,,H1,R,H,R74/H107,II,II
UYW97097.1,UYW,97097.0,IIb,IIb,2022-07-14,2022.0,110,0.9818181818181818,,H1,R,H,R74/H107,II,II
UYW97276.1,UYW,97276.0,IIb,IIb,2022-07-18,2022.0,110,0.9818181818181818,,H1,R,H,R74/H107,II,II
UYW97452.1,UYW,97452.0,IIb,IIb,2022-07-14,2022.0,110,0.9818181818181818,,H1,R,H,R74/H107,II,II
UYW97631.1,UYW,97631.0,IIb,IIb,2022-07-20,2022.0,110,0.9818181818181818,,H1,R,H,R74/H107,II,II
UYW97809.1,UYW,97809.0,IIb,IIb,2022-07-17,2022.0,110,0.9818181818181818,,H1,R,H,R74/H107,II,II
UYW97987.1,UYW,97987.0,IIb,IIb,2022-07-17,2022.0,110,0.9818181818181818,,H1,R,H,R74/H107,II,II
UYW98164.1,UYW,98164.0,IIb,IIb,2022-10-13,2022.0,110,0.9818181818181818,,H1,R,H,R74/H107,II,II
UYW98343.1,UYW,98343.0,IIb,IIb,2022-10-20,2022.0,110,0.9818181818181818,,H1,R,H,R74/H107,II,II
UYW98522.1,UYW,98522.0,IIb,IIb,2022-10-20,2022.0,110,0.9818181818181818,,H1,R,H,R74/H107,II,II
UYW98701.1,UYW,98701.0,IIb,IIb,2022-10-17,2022.0,110,0.9818181818181818,,H1,R,H,R74/H107,II,II
UYW98880.1,UYW,98880.0,IIb,IIb,2022-10-18,2022.0,110,0.9818181818181818,,H1,R,H,R74/H107,II,II
UYW99059.1,UYW,99059.0,IIb,IIb,2022-10-13,2022.0,110,0.9818181818181818,,H1,R,H,R74/H107,II,II
UYW99238.1,UYW,99238.0,IIb,IIb,2022-10-19,2022.0,110,0.9818181818181818,,H1,R,H,R74/H107,II,II
UYX46732.1,UYX,46732.0,IIb,IIb,2022-07-17,2022.0,110,0.9818181818181818,,H1,R,H,R74/H107,II,II
UYX46878.1,UYX,46878.0,IIb,IIb,2022-08-15,2022.0,110,0.9818181818181818,,H1,R,H,R74/H107,II,II
UYX47048.1,UYX,47048.0,IIb,IIb,2022-08-30,2022.0,110,0.9818181818181818,,H1,R,H,R74/H107,II,II
UYX47224.1,UYX,47224.0,IIb,IIb,2022-08-30,2022.0,110,0.9818181818181818,,H1,R,H,R74/H107,II,II
UYX47402.1,UYX,47402.0,IIb,IIb,2022-09-03,2022.0,110,0.9818181818181818,,H1,R,H,R74/H107,II,II
UYX47580.1,UYX,47580.0,IIb,IIb,2022-09-04,2022.0,110,0.9818181818181818,,H1,R,H,R74/H107,II,II
UYX47756.1,UYX,47756.0,IIb,IIb,2022-09-07,2022.0,110,0.9818181818181818,,H1,R,H,R74/H107,II,II
UYX62645.1,UYX,62645.0,IIb,IIb,2022-08,2022.0,110,0.9818181818181818,,H1,R,H,R74/H107,II,II
UYX62823.1,UYX,62823.0,IIb,IIb,2022-08,2022.0,110,0.9818181818181818,,H1,R,H,R74/H107,II,II
UYX63000.1,UYX,63000.0,IIb,IIb,2022-07,2022.0,110,0.9818181818181818,,H1,R,H,R74/H107,II,II
UYX63178.1,UYX,63178.0,IIb,IIb,2022-07,2022.0,110,0.9818181818181818,,H1,R,H,R74/H107,II,II
UYX63356.1,UYX,63356.0,IIb,IIb,2022-07,2022.0,110,0.9818181818181818,,H1,R,H,R74/H107,II,II
UYX63534.1,UYX,63534.0,IIb,IIb,2022-07,2022.0,110,0.9818181818181818,,H1,R,H,R74/H107,II,II
UYX63712.1,UYX,63712.0,IIb,IIb,2022-07,2022.0,110,0.9818181818181818,,H1,R,H,R74/H107,II,II
UYX63890.1,UYX,63890.0,IIb,IIb,2022-07,2022.0,110,0.9818181818181818,,H1,R,H,R74/H107,II,II
UYX64068.1,UYX,64068.0,IIb,IIb,2022-08,2022.0,110,0.9818181818181818,,H1,R,H,R74/H107,II,II
UYX64246.1,UYX,64246.0,IIb,IIb,2022-07,2022.0,110,0.9818181818181818,,H1,R,H,R74/H107,II,II
UYX64424.1,UYX,64424.0,IIb,IIb,2022-07,2022.0,110,0.9818181818181818,,H1,R,H,R74/H107,II,II
UYX64602.1,UYX,64602.0,IIb,IIb,2022-06,2022.0,110,0.9818181818181818,,H1,R,H,R74/H107,II,II
UYX64780.1,UYX,64780.0,IIb,IIb,2022-07,2022.0,110,0.9818181818181818,,H1,R,H,R74/H107,II,II
UYX64958.1,UYX,64958.0,IIb,IIb,2022-07,2022.0,110,0.9818181818181818,,H1,R,H,R74/H107,II,II
UYX65136.1,UYX,65136.0,IIb,IIb,2022-07,2022.0,110,0.9818181818181818,,H1,R,H,R74/H107,II,II
UYX65314.1,UYX,65314.0,IIb,IIb,2022-07,2022.0,110,0.9818181818181818,,H1,R,H,R74/H107,II,II
UYX65492.1,UYX,65492.0,IIb,IIb,2022-08,2022.0,110,0.9818181818181818,,H1,R,H,R74/H107,II,II
UYX65670.1,UYX,65670.0,IIb,IIb,2022-07,2022.0,110,0.9818181818181818,,H1,R,H,R74/H107,II,II
UYX65848.1,UYX,65848.0,IIb,IIb,2022-07,2022.0,110,0.9818181818181818,,H1,R,H,R74/H107,II,II
UYX66026.1,UYX,66026.0,IIb,IIb,2022-07,2022.0,110,0.9818181818181818,,H1,R,H,R74/H107,II,II
UYX66204.1,UYX,66204.0,IIb,IIb,2022-07,2022.0,110,0.9818181818181818,,H1,R,H,R74/H107,II,II
UYX66382.1,UYX,66382.0,IIb,IIb,2022-07,2022.0,110,0.9818181818181818,,H1,R,H,R74/H107,II,II
UYX66560.1,UYX,66560.0,IIb,IIb,2022-07,2022.0,110,0.9818181818181818,,H1,R,H,R74/H107,II,II
UYX66738.1,UYX,66738.0,IIb,IIb,2022-07,2022.0,110,0.9818181818181818,,H1,R,H,R74/H107,II,II
UYU23575.1,UYU,23575.0,IIb,IIb,2022-05-21,2022.0,110,0.9818181818181818,,H1,R,H,R74/H107,II,II
UYU23746.1,UYU,23746.0,IIb,IIb,2022-05-21,2022.0,110,0.9818181818181818,,H1,R,H,R74/H107,II,II
UYU23917.1,UYU,23917.0,IIb,IIb,2022-07-07,2022.0,110,0.9818181818181818,,H1,R,H,R74/H107,II,II
UYU24088.1,UYU,24088.0,IIb,IIb,2022-07-08,2022.0,110,0.9818181818181818,,H1,R,H,R74/H107,II,II
UYU24259.1,UYU,24259.0,IIb,IIb,2022-07-21,2022.0,110,0.9818181818181818,,H1,R,H,R74/H107,II,II
UYU24430.1,UYU,24430.0,IIb,IIb,2022-07-21,2022.0,110,0.9818181818181818,,H1,R,H,R74/H107,II,II
UYU24601.1,UYU,24601.0,IIb,IIb,2022-07-22,2022.0,110,0.9818181818181818,,H1,R,H,R74/H107,II,II
UYU24772.1,UYU,24772.0,IIb,IIb,2022-07-26,2022.0,110,0.9818181818181818,,H1,R,H,R74/H107,II,II
UYU24943.1,UYU,24943.0,IIb,IIb,2022-07-27,2022.0,110,0.9818181818181818,,H1,R,H,R74/H107,II,II
UYU25114.1,UYU,25114.0,IIb,IIb,2022-08-05,2022.0,110,0.9818181818181818,,H1,R,H,R74/H107,II,II
UYU25285.1,UYU,25285.0,IIb,IIb,2022-08-05,2022.0,110,0.9818181818181818,,H1,R,H,R74/H107,II,II
UYW49428.1,UYW,49428.0,IIb,IIb,2022-07,2022.0,110,0.9818181818181818,,H1,R,H,R74/H107,II,II
UYW49607.1,UYW,49607.0,IIb,IIb,2022-08,2022.0,110,0.9818181818181818,,H1,R,H,R74/H107,II,II
UYW49786.1,UYW,49786.0,IIb,IIb,2022-08,2022.0,110,0.9818181818181818,,H1,R,H,R74/H107,II,II
UYW49965.1,UYW,49965.0,IIb,IIb,2022-08,2022.0,110,0.9818181818181818,,H1,R,H,R74/H107,II,II
UYW50144.1,UYW,50144.0,IIb,IIb,2022-08,2022.0,110,0.9818181818181818,,H1,R,H,R74/H107,II,II
UYW50322.1,UYW,50322.0,IIb,IIb,2022-08,2022.0,110,0.9818181818181818,,H1,R,H,R74/H107,II,II
UYW50501.1,UYW,50501.0,IIb,IIb,2022-08,2022.0,110,0.9818181818181818,,H1,R,H,R74/H107,II,II
UYW50680.1,UYW,50680.0,IIb,IIb,2022-08,2022.0,110,0.9818181818181818,,H1,R,H,R74/H107,II,II
UYW50859.1,UYW,50859.0,IIb,IIb,2022-08,2022.0,110,0.9818181818181818,,H1,R,H,R74/H107,II,II
UYW51038.1,UYW,51038.0,IIb,IIb,2022-08,2022.0,110,0.9818181818181818,,H1,R,H,R74/H107,II,II
UYW51217.1,UYW,51217.0,IIb,IIb,2022-08,2022.0,110,0.9818181818181818,,H1,R,H,R74/H107,II,II
UYW51396.1,UYW,51396.0,IIb,IIb,2022-08,2022.0,110,0.9818181818181818,,H1,R,H,R74/H107,II,II
UYW51575.1,UYW,51575.0,IIb,IIb,2022-09,2022.0,110,0.9818181818181818,,H1,R,H,R74/H107,II,II
UYW51754.1,UYW,51754.0,IIb,IIb,2022-09,2022.0,110,0.9818181818181818,,H1,R,H,R74/H107,II,II
UYW51933.1,UYW,51933.0,IIb,IIb,2022-09,2022.0,110,0.9818181818181818,,H1,R,H,R74/H107,II,II
UYW52112.1,UYW,52112.0,IIb,IIb,2022-09,2022.0,110,0.9818181818181818,,H1,R,H,R74/H107,II,II
UYW52291.1,UYW,52291.0,IIb,IIb,2022-09,2022.0,110,0.9818181818181818,,H1,R,H,R74/H107,II,II
UYW52470.1,UYW,52470.0,IIb,IIb,2022-09,2022.0,110,0.9818181818181818,,H1,R,H,R74/H107,II,II
UYW52649.1,UYW,52649.0,IIb,IIb,2022-09,2022.0,110,0.9818181818181818,,H1,R,H,R74/H107,II,II
UYW52828.1,UYW,52828.0,IIb,IIb,2022-09,2022.0,110,0.9818181818181818,,H1,R,H,R74/H107,II,II
UYW53007.1,UYW,53007.0,IIb,IIb,2022-09,2022.0,110,0.9818181818181818,,H1,R,H,R74/H107,II,II
UYW53186.1,UYW,53186.0,IIb,IIb,2022-09,2022.0,110,0.9818181818181818,,H1,R,H,R74/H107,II,II
UYW53365.1,UYW,53365.0,IIb,IIb,2022-09,2022.0,110,0.9818181818181818,,H1,R,H,R74/H107,II,II
UYW53544.1,UYW,53544.0,IIb,IIb,2022-09,2022.0,110,0.9818181818181818,,H1,R,H,R74/H107,II,II
UYW53723.1,UYW,53723.0,IIb,IIb,2022-09,2022.0,110,0.9818181818181818,,H1,R,H,R74/H107,II,II
UYW53902.1,UYW,53902.0,IIb,IIb,2022-09,2022.0,110,0.9818181818181818,,H1,R,H,R74/H107,II,II
UYW54081.1,UYW,54081.0,IIb,IIb,2022-09,2022.0,110,0.9818181818181818,,H1,R,H,R74/H107,II,II
UYW54260.1,UYW,54260.0,IIb,IIb,2022-09,2022.0,110,0.9818181818181818,,H1,R,H,R74/H107,II,II
UYW54439.1,UYW,54439.0,IIb,IIb,2022-09,2022.0,110,0.9818181818181818,,H1,R,H,R74/H107,II,II
UYW54618.1,UYW,54618.0,IIb,IIb,2022-09,2022.0,110,0.9818181818181818,,H1,R,H,R74/H107,II,II
UYW54797.1,UYW,54797.0,IIb,IIb,2022-09,2022.0,110,0.9818181818181818,,H1,R,H,R74/H107,II,II
UYW54976.1,UYW,54976.0,IIb,IIb,2022-09,2022.0,110,0.9818181818181818,,H1,R,H,R74/H107,II,II
UYW55155.1,UYW,55155.0,IIb,IIb,2022-09,2022.0,110,0.9818181818181818,,H1,R,H,R74/H107,II,II
UYW55334.1,UYW,55334.0,IIb,IIb,2022-09,2022.0,110,0.9818181818181818,,H1,R,H,R74/H107,II,II
UYW55513.1,UYW,55513.0,IIb,IIb,2022-09,2022.0,110,0.9818181818181818,,H1,R,H,R74/H107,II,II
UYW55692.1,UYW,55692.0,IIb,IIb,2022-09,2022.0,110,0.9818181818181818,,H1,R,H,R74/H107,II,II
UYW55871.1,UYW,55871.0,IIb,IIb,2022-09,2022.0,110,0.9818181818181818,,H1,R,H,R74/H107,II,II
UYW56050.1,UYW,56050.0,IIb,IIb,2022-09,2022.0,110,0.9818181818181818,,H1,R,H,R74/H107,II,II
UYW56229.1,UYW,56229.0,IIb,IIb,2022-09,2022.0,110,0.9818181818181818,,H1,R,H,R74/H107,II,II
UYW56408.1,UYW,56408.0,IIb,IIb,2022-09,2022.0,110,0.9818181818181818,,H1,R,H,R74/H107,II,II
UYW56587.1,UYW,56587.0,IIb,IIb,2022-09,2022.0,110,0.9818181818181818,,H1,R,H,R74/H107,II,II
UYW56766.1,UYW,56766.0,IIb,IIb,2022-09,2022.0,110,0.9818181818181818,,H1,R,H,R74/H107,II,II
UYW56945.1,UYW,56945.0,IIb,IIb,2022-09,2022.0,110,0.9818181818181818,,H1,R,H,R74/H107,II,II
UYW57124.1,UYW,57124.0,IIb,IIb,2022-08,2022.0,110,0.9818181818181818,,H1,R,H,R74/H107,II,II
UYW57303.1,UYW,57303.0,IIb,IIb,2022-10,2022.0,110,0.9818181818181818,,H1,R,H,R74/H107,II,II
UYW57482.1,UYW,57482.0,IIb,IIb,2022-10,2022.0,110,0.9818181818181818,,H1,R,H,R74/H107,II,II
UYW57661.1,UYW,57661.0,IIb,IIb,2022-10,2022.0,110,0.9818181818181818,,H1,R,H,R74/H107,II,II
UYW57840.1,UYW,57840.0,IIb,IIb,2022-10,2022.0,110,0.9818181818181818,,H1,R,H,R74/H107,II,II
UYW58019.1,UYW,58019.0,IIb,IIb,2022-10,2022.0,110,0.9818181818181818,,H1,R,H,R74/H107,II,II
UYW58198.1,UYW,58198.0,IIb,IIb,2022-10,2022.0,110,0.9818181818181818,,H1,R,H,R74/H107,II,II
UYW58388.1,UYW,58388.0,IIb,IIb,2022-08,2022.0,110,0.9818181818181818,,H1,R,H,R74/H107,II,II
UYW58567.1,UYW,58567.0,IIb,IIb,2022-09,2022.0,110,0.9818181818181818,,H1,R,H,R74/H107,II,II
UYW58746.1,UYW,58746.0,IIb,IIb,2022-09,2022.0,110,0.9818181818181818,,H1,R,H,R74/H107,II,II
UYW58925.1,UYW,58925.0,IIb,IIb,2022-09,2022.0,110,0.9818181818181818,,H1,R,H,R74/H107,II,II
UYW59104.1,UYW,59104.0,IIb,IIb,2022-09,2022.0,110,0.9818181818181818,,H1,R,H,R74/H107,II,II
UYW59283.1,UYW,59283.0,IIb,IIb,2022-09,2022.0,110,0.9818181818181818,,H1,R,H,R74/H107,II,II
UYW59462.1,UYW,59462.0,IIb,IIb,2022-09,2022.0,110,0.9818181818181818,,H1,R,H,R74/H107,II,II
UYW59641.1,UYW,59641.0,IIb,IIb,2022-10,2022.0,110,0.9818181818181818,,H1,R,H,R74/H107,II,II
UYW59820.1,UYW,59820.0,IIb,IIb,2022-10,2022.0,110,0.9818181818181818,,H1,R,H,R74/H107,II,II
UYW59999.1,UYW,59999.0,IIb,IIb,2022-10,2022.0,110,0.9818181818181818,,H1,R,H,R74/H107,II,II
UYW60178.1,UYW,60178.0,IIb,IIb,2022-09,2022.0,110,0.9818181818181818,,H1,R,H,R74/H107,II,II
UYW60357.1,UYW,60357.0,IIb,IIb,2022-10,2022.0,110,0.9818181818181818,,H1,R,H,R74/H107,II,II
UYR41033.1,UYR,41033.0,IIb,IIb,2022-07-29,2022.0,110,0.9818181818181818,,H1,R,H,R74/H107,II,II
UYR41209.1,UYR,41209.0,IIb,IIb,2022-08-27,2022.0,110,0.9818181818181818,,H1,R,H,R74/H107,II,II
UYR41386.1,UYR,41386.0,IIb,IIb,2022-10-02,2022.0,110,0.9818181818181818,,H1,R,H,R74/H107,II,II
UYR41565.1,UYR,41565.0,IIb,IIb,2022-10-09,2022.0,110,0.9818181818181818,,H1,R,H,R74/H107,II,II
UYR77321.1,UYR,77321.0,IIb,IIb,2022-07-13,2022.0,110,0.9818181818181818,,H1,R,H,R74/H107,II,II
UYR77500.1,UYR,77500.0,IIb,IIb,2022-07-14,2022.0,110,0.9818181818181818,,H1,R,H,R74/H107,II,II
UYR77678.1,UYR,77678.0,IIb,IIb,2022-07-20,2022.0,110,0.9818181818181818,,H1,R,H,R74/H107,II,II
UYR77852.1,UYR,77852.0,IIb,IIb,2022-07-21,2022.0,110,0.9818181818181818,,H1,R,H,R74/H107,II,II
UYR78031.1,UYR,78031.0,IIb,IIb,2022-07-20,2022.0,110,0.9818181818181818,,H1,R,H,R74/H107,II,II
UYR78210.1,UYR,78210.0,IIb,IIb,2022-07-18,2022.0,110,0.9818181818181818,,H1,R,H,R74/H107,II,II
UYR78389.1,UYR,78389.0,IIb,IIb,2022-07-18,2022.0,110,0.9818181818181818,,H1,R,H,R74/H107,II,II
UYR78568.1,UYR,78568.0,IIb,IIb,2022-07-15,2022.0,110,0.9818181818181818,,H1,R,H,R74/H107,II,II
UYR78746.1,UYR,78746.0,IIb,IIb,2022-07-20,2022.0,110,0.9818181818181818,,H1,R,H,R74/H107,II,II
UYR78924.1,UYR,78924.0,IIb,IIb,2022-07-20,2022.0,110,0.9818181818181818,,H1,R,H,R74/H107,II,II
UYR79103.1,UYR,79103.0,IIb,IIb,2022-07-18,2022.0,110,0.9818181818181818,,H1,R,H,R74/H107,II,II
UYR79282.1,UYR,79282.0,IIb,IIb,2022-07-15,2022.0,110,0.9818181818181818,,H1,R,H,R74/H107,II,II
UYR79461.1,UYR,79461.0,IIb,IIb,2022-07-16,2022.0,110,0.9818181818181818,,H1,R,H,R74/H107,II,II
UYR79639.1,UYR,79639.0,IIb,IIb,2022-07-18,2022.0,110,0.9818181818181818,,H1,R,H,R74/H107,II,II
UYR79818.1,UYR,79818.0,IIb,IIb,2022-07-19,2022.0,110,0.9818181818181818,,H1,R,H,R74/H107,II,II
UYR79997.1,UYR,79997.0,IIb,IIb,2022-07-21,2022.0,110,0.9818181818181818,,H1,R,H,R74/H107,II,II
UYR80176.1,UYR,80176.0,IIb,IIb,2022-07-20,2022.0,110,0.9818181818181818,,H1,R,H,R74/H107,II,II
UYR80355.1,UYR,80355.0,IIb,IIb,2022-07-14,2022.0,110,0.9818181818181818,,H1,R,H,R74/H107,II,II
UYR80534.1,UYR,80534.0,IIb,IIb,2022-10-11,2022.0,110,0.9818181818181818,,H1,R,H,R74/H107,II,II
UYR80713.1,UYR,80713.0,IIb,IIb,2022-10-11,2022.0,110,0.9818181818181818,,H1,R,H,R74/H107,II,II
UYR80891.1,UYR,80891.0,IIb,IIb,2022-07-13,2022.0,110,0.9818181818181818,,H1,R,H,R74/H107,II,II
UYR81070.1,UYR,81070.0,IIb,IIb,2022-07-13,2022.0,110,0.9818181818181818,,H1,R,H,R74/H107,II,II
UYR81249.1,UYR,81249.0,IIb,IIb,2022-07-13,2022.0,110,0.9818181818181818,,H1,R,H,R74/H107,II,II
UYR81428.1,UYR,81428.0,IIb,IIb,2022-07-12,2022.0,110,0.9818181818181818,,H1,R,H,R74/H107,II,II
UYP34501.1,UYP,34501.0,IIb,IIb,2022-09,2022.0,110,0.9818181818181818,,H1,R,H,R74/H107,II,II
UYP34680.1,UYP,34680.0,IIb,IIb,2022-09,2022.0,110,0.9818181818181818,,H1,R,H,R74/H107,II,II
UYP34859.1,UYP,34859.0,IIb,IIb,2022-06,2022.0,110,0.9818181818181818,,H1,R,H,R74/H107,II,II
UYP35038.1,UYP,35038.0,IIb,IIb,2022-06,2022.0,110,0.9818181818181818,,H1,R,H,R74/H107,II,II
UYP35217.1,UYP,35217.0,IIb,IIb,2022-06,2022.0,110,0.9818181818181818,,H1,R,H,R74/H107,II,II
UYP35396.1,UYP,35396.0,IIb,IIb,2022-06,2022.0,110,0.9818181818181818,,H1,R,H,R74/H107,II,II
UYP35575.1,UYP,35575.0,IIb,IIb,2022-06,2022.0,110,0.9818181818181818,,H1,R,H,R74/H107,II,II
UYP35753.1,UYP,35753.0,IIb,IIb,2022-06,2022.0,110,0.9818181818181818,,H1,R,H,R74/H107,II,II
UYP35931.1,UYP,35931.0,IIb,IIb,2022-06,2022.0,110,0.9818181818181818,,H1,R,H,R74/H107,II,II
UYP36110.1,UYP,36110.0,IIb,IIb,2022-06,2022.0,110,0.9818181818181818,,H1,R,H,R74/H107,II,II
UYP36289.1,UYP,36289.0,IIb,IIb,2022-06,2022.0,110,0.9818181818181818,,H1,R,H,R74/H107,II,II
UYP36468.1,UYP,36468.0,IIb,IIb,2022-06,2022.0,110,0.9818181818181818,,H1,R,H,R74/H107,II,II
UYP36647.1,UYP,36647.0,IIb,IIb,2022-06,2022.0,110,0.9818181818181818,,H1,R,H,R74/H107,II,II
UYP36826.1,UYP,36826.0,IIb,IIb,2022-06,2022.0,110,0.9818181818181818,,H1,R,H,R74/H107,II,II
UYP37005.1,UYP,37005.0,IIb,IIb,2022-06,2022.0,110,0.9818181818181818,,H1,R,H,R74/H107,II,II
UYP37184.1,UYP,37184.0,IIb,IIb,2022-06,2022.0,110,0.9818181818181818,,H1,R,H,R74/H107,II,II
UYP37363.1,UYP,37363.0,IIb,IIb,2022-06,2022.0,110,0.9818181818181818,,H1,R,H,R74/H107,II,II
UYP37541.1,UYP,37541.0,IIb,IIb,2022-06,2022.0,110,0.9818181818181818,,H1,R,H,R74/H107,II,II
UYP37720.1,UYP,37720.0,IIb,IIb,2022-06,2022.0,110,0.9818181818181818,,H1,R,H,R74/H107,II,II
UYP37899.1,UYP,37899.0,IIb,IIb,2022-06,2022.0,110,0.9818181818181818,,H1,R,H,R74/H107,II,II
UYP38078.1,UYP,38078.0,IIb,IIb,2022-06,2022.0,110,0.9818181818181818,,H1,R,H,R74/H107,II,II
UYP38257.1,UYP,38257.0,IIb,IIb,2022-06,2022.0,110,0.9818181818181818,,H1,R,H,R74/H107,II,II
UYP38436.1,UYP,38436.0,IIb,IIb,2022-07,2022.0,110,0.9818181818181818,,H1,R,H,R74/H107,II,II
UYL69325.1,UYL,69325.0,IIb,IIb,2022-08-08,2022.0,110,0.9818181818181818,,H1,R,H,R74/H107,II,II
UYL69471.1,UYL,69471.0,IIb,IIb,2022-08-09,2022.0,110,0.9818181818181818,,H1,R,H,R74/H107,II,II
UYL69936.1,UYL,69936.0,IIb,IIb,2022-08-23,2022.0,110,0.9818181818181818,,H1,R,H,R74/H107,II,II
UYL70095.1,UYL,70095.0,IIb,IIb,2022-08-16,2022.0,110,0.9818181818181818,,H1,R,H,R74/H107,II,II
UYL70270.1,UYL,70270.0,IIb,IIb,2022-08-29,2022.0,110,0.9818181818181818,,H1,R,H,R74/H107,II,II
UYL70433.1,UYL,70433.0,IIb,IIb,2022-08-23,2022.0,110,0.9818181818181818,,H1,R,H,R74/H107,II,II
UYL70604.1,UYL,70604.0,IIb,IIb,2022-09-03,2022.0,110,0.9818181818181818,,H1,R,H,R74/H107,II,II
UYL70782.1,UYL,70782.0,IIb,IIb,2022-09-10,2022.0,110,0.9818181818181818,,H1,R,H,R74/H107,II,II
UYL71493.1,UYL,71493.0,IIb,IIb,2022-06,2022.0,110,0.9818181818181818,,H1,R,H,R74/H107,II,II
UYL71669.1,UYL,71669.0,IIb,IIb,2022-06,2022.0,110,0.9818181818181818,,H1,R,H,R74/H107,II,II
UYL71836.1,UYL,71836.0,IIb,IIb,2022-06,2022.0,110,0.9818181818181818,,H1,R,H,R74/H107,II,II
UYL72002.1,UYL,72002.0,IIb,IIb,2022-07,2022.0,110,0.9818181818181818,,H1,R,H,R74/H107,II,II
UYL72176.1,UYL,72176.0,IIb,IIb,2022-09,2022.0,110,0.9818181818181818,,H1,R,H,R74/H107,II,II
UYL17373.1,UYL,17373.0,IIb,IIb,2022-07,2022.0,110,0.9818181818181818,,H1,R,H,R74/H107,II,II
UYL17551.1,UYL,17551.0,IIb,IIb,2022-06,2022.0,110,0.9818181818181818,,H1,R,H,R74/H107,II,II
UYL17729.1,UYL,17729.0,IIb,IIb,2022-06,2022.0,110,0.9818181818181818,,H1,R,H,R74/H107,II,II
UYL17907.1,UYL,17907.0,IIb,IIb,2022-07,2022.0,110,0.9818181818181818,,H1,R,H,R74/H107,II,II
UYL18084.1,UYL,18084.0,IIb,IIb,2022-07,2022.0,110,0.9818181818181818,,H1,R,H,R74/H107,II,II
UYL18260.1,UYL,18260.0,IIb,IIb,2022-07,2022.0,110,0.9818181818181818,,H1,R,H,R74/H107,II,II
UYL18437.1,UYL,18437.0,IIb,IIb,2022-07,2022.0,110,0.9818181818181818,,H1,R,H,R74/H107,II,II
UYL18615.1,UYL,18615.0,IIb,IIb,2022-08,2022.0,110,0.9818181818181818,,H1,R,H,R74/H107,II,II
UYL18793.1,UYL,18793.0,IIb,IIb,2022-08,2022.0,110,0.9818181818181818,,H1,R,H,R74/H107,II,II
UYL18971.1,UYL,18971.0,IIb,IIb,2022-08,2022.0,110,0.9818181818181818,,H1,R,H,R74/H107,II,II
UYL19149.1,UYL,19149.0,IIb,IIb,2022-07,2022.0,110,0.9818181818181818,,H1,R,H,R74/H107,II,II
UYL19327.1,UYL,19327.0,IIb,IIb,2022-08,2022.0,110,0.9818181818181818,,H1,R,H,R74/H107,II,II
UYL19505.1,UYL,19505.0,IIb,IIb,2022-08,2022.0,110,0.9818181818181818,,H1,R,H,R74/H107,II,II
UYL19683.1,UYL,19683.0,IIb,IIb,2022-07,2022.0,110,0.9818181818181818,,H1,R,H,R74/H107,II,II
UYL19861.1,UYL,19861.0,IIb,IIb,2022-08,2022.0,110,0.9818181818181818,,H1,R,H,R74/H107,II,II
UYL20039.1,UYL,20039.0,IIb,IIb,2022-08,2022.0,110,0.9818181818181818,,H1,R,H,R74/H107,II,II
UYL20217.1,UYL,20217.0,IIb,IIb,2022-08,2022.0,110,0.9818181818181818,,H1,R,H,R74/H107,II,II
UYL20395.1,UYL,20395.0,IIb,IIb,2022-07,2022.0,110,0.9818181818181818,,H1,R,H,R74/H107,II,II
UYL20573.1,UYL,20573.0,IIb,IIb,2022-07,2022.0,110,0.9818181818181818,,H1,R,H,R74/H107,II,II
UYL20751.1,UYL,20751.0,IIb,IIb,2022-07,2022.0,110,0.9818181818181818,,H1,R,H,R74/H107,II,II
UYL20929.1,UYL,20929.0,IIb,IIb,2022-08,2022.0,110,0.9818181818181818,,H1,R,H,R74/H107,II,II
UYL21107.1,UYL,21107.0,IIb,IIb,2022-08,2022.0,110,0.9818181818181818,,H1,R,H,R74/H107,II,II
UYL21285.1,UYL,21285.0,IIb,IIb,2022-08,2022.0,110,0.9818181818181818,,H1,R,H,R74/H107,II,II
UYL21463.1,UYL,21463.0,IIb,IIb,2022-08,2022.0,110,0.9818181818181818,,H1,R,H,R74/H107,II,II
UYL27439.1,UYL,27439.0,IIb,IIb,2022-08,2022.0,110,0.9818181818181818,,H1,R,H,R74/H107,II,II
UYL27614.1,UYL,27614.0,IIb,IIb,2022-08,2022.0,110,0.9818181818181818,,H1,R,H,R74/H107,II,II
UYL27789.1,UYL,27789.0,IIb,IIb,2022-08,2022.0,110,0.9818181818181818,,H1,R,H,R74/H107,II,II
UYL27964.1,UYL,27964.0,IIb,IIb,2022-08,2022.0,110,0.9818181818181818,,H1,R,H,R74/H107,II,II
UYL28139.1,UYL,28139.0,IIb,IIb,2022-09,2022.0,110,0.9818181818181818,,H1,R,H,R74/H107,II,II
UYL28314.1,UYL,28314.0,IIb,IIb,2022-09,2022.0,110,0.9818181818181818,,H1,R,H,R74/H107,II,II
UYL28489.1,UYL,28489.0,IIb,IIb,2022-09,2022.0,110,0.9818181818181818,,H1,R,H,R74/H107,II,II
UYL28664.1,UYL,28664.0,IIb,IIb,2022-09,2022.0,110,0.9818181818181818,,H1,R,H,R74/H107,II,II
UYL28839.1,UYL,28839.0,IIb,IIb,2022-10,2022.0,110,0.9818181818181818,,H1,R,H,R74/H107,II,II
UYL29014.1,UYL,29014.0,IIb,IIb,2022-10,2022.0,110,0.9818181818181818,,H1,R,H,R74/H107,II,II
UYL29189.1,UYL,29189.0,IIb,IIb,2022-10,2022.0,110,0.9818181818181818,,H1,R,H,R74/H107,II,II
UYL29364.1,UYL,29364.0,IIb,IIb,2022-06,2022.0,110,0.9818181818181818,,H1,R,H,R74/H107,II,II
UYL29543.1,UYL,29543.0,IIb,IIb,2022-06,2022.0,110,0.9818181818181818,,H1,R,H,R74/H107,II,II
UYL29722.1,UYL,29722.0,IIb,IIb,2022-06,2022.0,110,0.9818181818181818,,H1,R,H,R74/H107,II,II
UYL29901.1,UYL,29901.0,IIb,IIb,2022-06,2022.0,110,0.9818181818181818,,H1,R,H,R74/H107,II,II
UYL30080.1,UYL,30080.0,IIb,IIb,2022-06,2022.0,110,0.9818181818181818,,H1,R,H,R74/H107,II,II
UYL30259.1,UYL,30259.0,IIb,IIb,2022-06,2022.0,110,0.9818181818181818,,H1,R,H,R74/H107,II,II
UYL30438.1,UYL,30438.0,IIb,IIb,2022-06,2022.0,110,0.9818181818181818,,H1,R,H,R74/H107,II,II
UYL30617.1,UYL,30617.0,IIb,IIb,2022-06,2022.0,110,0.9818181818181818,,H1,R,H,R74/H107,II,II
UYL30796.1,UYL,30796.0,IIb,IIb,2022-06,2022.0,110,0.9818181818181818,,H1,R,H,R74/H107,II,II
UYL30975.1,UYL,30975.0,IIb,IIb,2022-06,2022.0,110,0.9818181818181818,,H1,R,H,R74/H107,II,II
UYL31154.1,UYL,31154.0,IIb,IIb,2022-06,2022.0,110,0.9818181818181818,,H1,R,H,R74/H107,II,II
UYL31333.1,UYL,31333.0,IIb,IIb,2022-06,2022.0,110,0.9818181818181818,,H1,R,H,R74/H107,II,II
UYL31512.1,UYL,31512.0,IIb,IIb,2022-06,2022.0,110,0.9818181818181818,,H1,R,H,R74/H107,II,II
UYL31691.1,UYL,31691.0,IIb,IIb,2022-06,2022.0,110,0.9818181818181818,,H1,R,H,R74/H107,II,II
UYL31870.1,UYL,31870.0,IIb,IIb,2022-06,2022.0,110,0.9818181818181818,,H1,R,H,R74/H107,II,II
UYL32048.1,UYL,32048.0,IIb,IIb,2022-07,2022.0,110,0.9818181818181818,,H1,R,H,R74/H107,II,II
UYL32227.1,UYL,32227.0,IIb,IIb,2022-07,2022.0,110,0.9818181818181818,,H1,R,H,R74/H107,II,II
UYL32406.1,UYL,32406.0,IIb,IIb,2022-07,2022.0,110,0.9818181818181818,,H1,R,H,R74/H107,II,II
UYL32585.1,UYL,32585.0,IIb,IIb,2022-07,2022.0,110,0.9818181818181818,,H1,R,H,R74/H107,II,II
UYL32764.1,UYL,32764.0,IIb,IIb,2022-07,2022.0,110,0.9818181818181818,,H1,R,H,R74/H107,II,II
UYL32943.1,UYL,32943.0,IIb,IIb,2022-07,2022.0,110,0.9818181818181818,,H1,R,H,R74/H107,II,II
UYL33122.1,UYL,33122.0,IIb,IIb,2022-09,2022.0,110,0.9818181818181818,,H1,R,H,R74/H107,II,II
UYK44257.1,UYK,44257.0,IIb,IIb,2022-07-14,2022.0,110,0.9818181818181818,,H1,R,H,R74/H107,II,II
UYK44436.1,UYK,44436.0,IIb,IIb,2022-07-14,2022.0,110,0.9818181818181818,,H1,R,H,R74/H107,II,II
UYK44603.1,UYK,44603.0,IIb,IIb,2022-07-14,2022.0,110,0.9818181818181818,,H1,R,H,R74/H107,II,II
UYK44782.1,UYK,44782.0,IIb,IIb,2022-09-30,2022.0,110,0.9818181818181818,,H1,R,H,R74/H107,II,II
UYK44961.1,UYK,44961.0,IIb,IIb,2022-07-14,2022.0,110,0.9818181818181818,,H1,R,H,R74/H107,II,II
UYK45139.1,UYK,45139.0,IIb,IIb,2022-07-14,2022.0,110,0.9818181818181818,,H1,R,H,R74/H107,II,II
UYK45317.1,UYK,45317.0,IIb,IIb,2022-07-12,2022.0,110,0.9818181818181818,,H1,R,H,R74/H107,II,II
UYK45496.1,UYK,45496.0,IIb,IIb,2022-07-14,2022.0,110,0.9818181818181818,,H1,R,H,R74/H107,II,II
UYK45675.1,UYK,45675.0,IIb,IIb,2022-07-13,2022.0,110,0.9818181818181818,,H1,R,H,R74/H107,II,II
UYK45854.1,UYK,45854.0,IIb,IIb,2022-09-29,2022.0,110,0.9818181818181818,,H1,R,H,R74/H107,II,II
UYK46032.1,UYK,46032.0,IIb,IIb,2022-10-05,2022.0,110,0.9818181818181818,,H1,R,H,R74/H107,II,II
UYK46211.1,UYK,46211.0,IIb,IIb,2022-07-15,2022.0,110,0.9818181818181818,,H1,R,H,R74/H107,II,II
UYK46390.1,UYK,46390.0,IIb,IIb,2022-07-15,2022.0,110,0.9818181818181818,,H1,R,H,R74/H107,II,II
UYK46569.1,UYK,46569.0,IIb,IIb,2022-07-15,2022.0,110,0.9818181818181818,,H1,R,H,R74/H107,II,II
UYK46748.1,UYK,46748.0,IIb,IIb,2022-10-03,2022.0,110,0.9818181818181818,,H1,R,H,R74/H107,II,II
UYK46927.1,UYK,46927.0,IIb,IIb,2022-10-03,2022.0,110,0.9818181818181818,,H1,R,H,R74/H107,II,II
UYK47106.1,UYK,47106.0,IIb,IIb,2022-10-03,2022.0,110,0.9818181818181818,,H1,R,H,R74/H107,II,II
UYK47285.1,UYK,47285.0,IIb,IIb,2022-10-03,2022.0,110,0.9818181818181818,,H1,R,H,R74/H107,II,II
UYK47464.1,UYK,47464.0,IIb,IIb,2022-10-03,2022.0,110,0.9818181818181818,,H1,R,H,R74/H107,II,II
UYK47642.1,UYK,47642.0,IIb,IIb,2022-10-03,2022.0,110,0.9818181818181818,,H1,R,H,R74/H107,II,II
UYK47821.1,UYK,47821.0,IIb,IIb,2022-10-04,2022.0,110,0.9818181818181818,,H1,R,H,R74/H107,II,II
UYK48000.1,UYK,48000.0,IIb,IIb,2022-10-03,2022.0,110,0.9818181818181818,,H1,R,H,R74/H107,II,II
UYK48179.1,UYK,48179.0,IIb,IIb,2022-10-03,2022.0,110,0.9818181818181818,,H1,R,H,R74/H107,II,II
UYK48357.1,UYK,48357.0,IIb,IIb,2022-10-04,2022.0,110,0.9818181818181818,,H1,R,H,R74/H107,II,II
UYK48536.1,UYK,48536.0,IIb,IIb,2022-07-15,2022.0,110,0.9818181818181818,,H1,R,H,R74/H107,II,II
UYK48715.1,UYK,48715.0,IIb,IIb,2022-07-18,2022.0,110,0.9818181818181818,,H1,R,H,R74/H107,II,II
UYK48894.1,UYK,48894.0,IIb,IIb,2022-07-12,2022.0,110,0.9818181818181818,,H1,R,H,R74/H107,II,II
UYK52861.1,UYK,52861.0,IIb,IIb,2022-08,2022.0,110,0.9818181818181818,,H1,R,H,R74/H107,II,II
UYK53038.1,UYK,53038.0,IIb,IIb,2022-09,2022.0,110,0.9818181818181818,,H1,R,H,R74/H107,II,II
UYK53214.1,UYK,53214.0,IIb,IIb,2022-09,2022.0,110,0.9818181818181818,,H1,R,H,R74/H107,II,II
UYK53390.1,UYK,53390.0,IIb,IIb,2022-09,2022.0,110,0.9818181818181818,,H1,R,H,R74/H107,II,II
UYK53562.1,UYK,53562.0,IIb,IIb,2022-09,2022.0,110,0.9818181818181818,,H1,R,H,R74/H107,II,II
UYK53740.1,UYK,53740.0,IIb,IIb,2022-09,2022.0,110,0.9818181818181818,,H1,R,H,R74/H107,II,II
UYG24146.1,UYG,24146.0,IIb,IIb,2022-08,2022.0,110,0.9818181818181818,,H1,R,H,R74/H107,II,II
UYG24325.1,UYG,24325.0,IIb,IIb,2022-07-26,2022.0,110,0.9818181818181818,,H1,R,H,R74/H107,II,II
UYG24504.1,UYG,24504.0,IIb,IIb,2022-09-06,2022.0,110,0.9818181818181818,,H1,R,H,R74/H107,II,II
UYG24683.1,UYG,24683.0,IIb,IIb,2022-09-07,2022.0,110,0.9818181818181818,,H1,R,H,R74/H107,II,II
UYG24862.1,UYG,24862.0,IIb,IIb,2022-09-07,2022.0,110,0.9818181818181818,,H1,R,H,R74/H107,II,II
UYE97864.1,UYE,97864.0,IIb,IIb,2022-07-13,2022.0,110,0.9818181818181818,,H1,R,H,R74/H107,II,II
UYD14072.1,UYD,14072.0,IIb,IIb,2022-06,2022.0,110,0.9818181818181818,,H1,R,H,R74/H107,II,II
UYD14251.1,UYD,14251.0,IIb,IIb,2022-06,2022.0,110,0.9818181818181818,,H1,R,H,R74/H107,II,II
UYD14430.1,UYD,14430.0,IIb,IIb,2022-06,2022.0,110,0.9818181818181818,,H1,R,H,R74/H107,II,II
UYD14609.1,UYD,14609.0,IIb,IIb,2022-07,2022.0,110,0.9818181818181818,,H1,R,H,R74/H107,II,II
UYD14788.1,UYD,14788.0,IIb,IIb,2022-07,2022.0,110,0.9818181818181818,,H1,R,H,R74/H107,II,II
UYD14967.1,UYD,14967.0,IIb,IIb,2022-07,2022.0,110,0.9818181818181818,,H1,R,H,R74/H107,II,II
UYD15146.1,UYD,15146.0,IIb,IIb,2022-07,2022.0,110,0.9818181818181818,,H1,R,H,R74/H107,II,II
UYD15325.1,UYD,15325.0,IIb,IIb,2022-07,2022.0,110,0.9818181818181818,,H1,R,H,R74/H107,II,II
UYD15504.1,UYD,15504.0,IIb,IIb,2022-07,2022.0,110,0.9818181818181818,,H1,R,H,R74/H107,II,II
UYD15683.1,UYD,15683.0,IIb,IIb,2022-07,2022.0,110,0.9818181818181818,,H1,R,H,R74/H107,II,II
UYD15862.1,UYD,15862.0,IIb,IIb,2022-07,2022.0,110,0.9818181818181818,,H1,R,H,R74/H107,II,II
UYD16041.1,UYD,16041.0,IIb,IIb,2022-07,2022.0,110,0.9818181818181818,,H1,R,H,R74/H107,II,II
UYD16220.1,UYD,16220.0,IIb,IIb,2022-07,2022.0,110,0.9818181818181818,,H1,R,H,R74/H107,II,II
UYD16399.1,UYD,16399.0,IIb,IIb,2022-07,2022.0,110,0.9818181818181818,,H1,R,H,R74/H107,II,II
UYD16578.1,UYD,16578.0,IIb,IIb,2022-07,2022.0,110,0.9818181818181818,,H1,R,H,R74/H107,II,II
UYD16757.1,UYD,16757.0,IIb,IIb,2022-07,2022.0,110,0.9818181818181818,,H1,R,H,R74/H107,II,II
UYD16935.1,UYD,16935.0,IIb,IIb,2022-07,2022.0,110,0.9818181818181818,,H1,R,H,R74/H107,II,II
UYD17113.1,UYD,17113.0,IIb,IIb,2022-07,2022.0,110,0.9818181818181818,,H1,R,H,R74/H107,II,II
UYD17292.1,UYD,17292.0,IIb,IIb,2022-07,2022.0,110,0.9818181818181818,,H1,R,H,R74/H107,II,II
UYD17471.1,UYD,17471.0,IIb,IIb,2022-07,2022.0,110,0.9818181818181818,,H1,R,H,R74/H107,II,II
UYD17650.1,UYD,17650.0,IIb,IIb,2022-07,2022.0,110,0.9818181818181818,,H1,R,H,R74/H107,II,II
UYD17829.1,UYD,17829.0,IIb,IIb,2022-07,2022.0,110,0.9818181818181818,,H1,R,H,R74/H107,II,II
UYD18008.1,UYD,18008.0,IIb,IIb,2022-07,2022.0,110,0.9818181818181818,,H1,R,H,R74/H107,II,II
UYD18187.1,UYD,18187.0,IIb,IIb,2022-07,2022.0,110,0.9818181818181818,,H1,R,H,R74/H107,II,II
UYD18366.1,UYD,18366.0,IIb,IIb,2022-07,2022.0,110,0.9818181818181818,,H1,R,H,R74/H107,II,II
UYD18544.1,UYD,18544.0,IIb,IIb,2022-07,2022.0,110,0.9818181818181818,,H1,R,H,R74/H107,II,II
UYD18721.1,UYD,18721.0,IIb,IIb,2022-07,2022.0,110,0.9818181818181818,,H1,R,H,R74/H107,II,II
UYD18899.1,UYD,18899.0,IIb,IIb,2022-07,2022.0,110,0.9818181818181818,,H1,R,H,R74/H107,II,II
UYD19078.1,UYD,19078.0,IIb,IIb,2022-07,2022.0,110,0.9818181818181818,,H1,R,H,R74/H107,II,II
UYD19257.1,UYD,19257.0,IIb,IIb,2022-07,2022.0,110,0.9818181818181818,,H1,R,H,R74/H107,II,II
UYD19436.1,UYD,19436.0,IIb,IIb,2022-09,2022.0,110,0.9818181818181818,,H1,R,H,R74/H107,II,II
UYD19615.1,UYD,19615.0,IIb,IIb,2022-09,2022.0,110,0.9818181818181818,,H1,R,H,R74/H107,II,II
UYD19793.1,UYD,19793.0,IIb,IIb,2022-09,2022.0,110,0.9818181818181818,,H1,R,H,R74/H107,II,II
UYD19971.1,UYD,19971.0,IIb,IIb,2022-09,2022.0,110,0.9818181818181818,,H1,R,H,R74/H107,II,II
UYD20150.1,UYD,20150.0,IIb,IIb,2022-09,2022.0,110,0.9818181818181818,,H1,R,H,R74/H107,II,II
UYD20329.1,UYD,20329.0,IIb,IIb,2022-09,2022.0,110,0.9818181818181818,,H1,R,H,R74/H107,II,II
UYD20491.1,UYD,20491.0,IIb,IIb,2022-08-30,2022.0,110,0.9818181818181818,,H1,R,H,R74/H107,II,II
UYD20642.1,UYD,20642.0,IIb,IIb,2022-09-03,2022.0,110,0.9818181818181818,,H1,R,H,R74/H107,II,II
UYD20798.1,UYD,20798.0,IIb,IIb,2022-09-06,2022.0,110,0.9818181818181818,,H1,R,H,R74/H107,II,II
UYD20958.1,UYD,20958.0,IIb,IIb,2022-08-09,2022.0,110,0.9818181818181818,,H1,R,H,R74/H107,II,II
UYD21133.1,UYD,21133.0,IIb,IIb,2022-09-17,2022.0,110,0.9818181818181818,,H1,R,H,R74/H107,II,II
UYD43215.1,UYD,43215.0,IIb,IIb,2022-08,2022.0,110,0.9818181818181818,,H1,R,H,R74/H107,II,II
UYD43393.1,UYD,43393.0,IIb,IIb,2022-08,2022.0,110,0.9818181818181818,,H1,R,H,R74/H107,II,II
UYD43572.1,UYD,43572.0,IIb,IIb,2022-08,2022.0,110,0.9818181818181818,,H1,R,H,R74/H107,II,II
UYD43751.1,UYD,43751.0,IIb,IIb,2022-08,2022.0,110,0.9818181818181818,,H1,R,H,R74/H107,II,II
UYD43930.1,UYD,43930.0,IIb,IIb,2022-08,2022.0,110,0.9818181818181818,,H1,R,H,R74/H107,II,II
UYD44109.1,UYD,44109.0,IIb,IIb,2022-08,2022.0,110,0.9818181818181818,,H1,R,H,R74/H107,II,II
UYD44288.1,UYD,44288.0,IIb,IIb,2022-08,2022.0,110,0.9818181818181818,,H1,R,H,R74/H107,II,II
UYD44467.1,UYD,44467.0,IIb,IIb,2022-08,2022.0,110,0.9818181818181818,,H1,R,H,R74/H107,II,II
UYD44644.1,UYD,44644.0,IIb,IIb,2022-08,2022.0,110,0.9818181818181818,,H1,R,H,R74/H107,II,II
UYD44822.1,UYD,44822.0,IIb,IIb,2022-08,2022.0,110,0.9818181818181818,,H1,R,H,R74/H107,II,II
UYD45000.1,UYD,45000.0,IIb,IIb,2022-08,2022.0,110,0.9818181818181818,,H1,R,H,R74/H107,II,II
UYD45178.1,UYD,45178.0,IIb,IIb,2022-08,2022.0,110,0.9818181818181818,,H1,R,H,R74/H107,II,II
UYD45357.1,UYD,45357.0,IIb,IIb,2022-08,2022.0,110,0.9818181818181818,,H1,R,H,R74/H107,II,II
UYD45536.1,UYD,45536.0,IIb,IIb,2022-08,2022.0,110,0.9818181818181818,,H1,R,H,R74/H107,II,II
UYD45715.1,UYD,45715.0,IIb,IIb,2022-08,2022.0,110,0.9818181818181818,,H1,R,H,R74/H107,II,II
UYD45894.1,UYD,45894.0,IIb,IIb,2022-08,2022.0,110,0.9818181818181818,,H1,R,H,R74/H107,II,II
UYD46073.1,UYD,46073.0,IIb,IIb,2022-08,2022.0,110,0.9818181818181818,,H1,R,H,R74/H107,II,II
UYD46252.1,UYD,46252.0,IIb,IIb,2022-08,2022.0,110,0.9818181818181818,,H1,R,H,R74/H107,II,II
UYD46431.1,UYD,46431.0,IIb,IIb,2022-08,2022.0,110,0.9818181818181818,,H1,R,H,R74/H107,II,II
UYD46610.1,UYD,46610.0,IIb,IIb,2022-07,2022.0,110,0.9818181818181818,,H1,R,H,R74/H107,II,II
UYD46789.1,UYD,46789.0,IIb,IIb,2022-08,2022.0,110,0.9818181818181818,,H1,R,H,R74/H107,II,II
UYD46968.1,UYD,46968.0,IIb,IIb,2022-08,2022.0,110,0.9818181818181818,,H1,R,H,R74/H107,II,II
UYD47147.1,UYD,47147.0,IIb,IIb,2022-08,2022.0,110,0.9818181818181818,,H1,R,H,R74/H107,II,II
UYD47326.1,UYD,47326.0,IIb,IIb,2022-08,2022.0,110,0.9818181818181818,,H1,R,H,R74/H107,II,II
UYD47505.1,UYD,47505.0,IIb,IIb,2022-08,2022.0,110,0.9818181818181818,,H1,R,H,R74/H107,II,II
UYD47684.1,UYD,47684.0,IIb,IIb,2022-08,2022.0,110,0.9818181818181818,,H1,R,H,R74/H107,II,II
UYD47861.1,UYD,47861.0,IIb,IIb,2022-08,2022.0,110,0.9818181818181818,,H1,R,H,R74/H107,II,II
UYD48039.1,UYD,48039.0,IIb,IIb,2022-08,2022.0,110,0.9818181818181818,,H1,R,H,R74/H107,II,II
UYD48218.1,UYD,48218.0,IIb,IIb,2022-08,2022.0,110,0.9818181818181818,,H1,R,H,R74/H107,II,II
UYD48397.1,UYD,48397.0,IIb,IIb,2022-08,2022.0,110,0.9818181818181818,,H1,R,H,R74/H107,II,II
UYD48576.1,UYD,48576.0,IIb,IIb,2022-08,2022.0,110,0.9818181818181818,,H1,R,H,R74/H107,II,II
UYD48755.1,UYD,48755.0,IIb,IIb,2022-08,2022.0,110,0.9818181818181818,,H1,R,H,R74/H107,II,II
UYD49113.1,UYD,49113.0,IIb,IIb,2022-08,2022.0,110,0.9818181818181818,,H1,R,H,R74/H107,II,II
UYD49292.1,UYD,49292.0,IIb,IIb,2022-08,2022.0,110,0.9818181818181818,,H1,R,H,R74/H107,II,II
UYD49471.1,UYD,49471.0,IIb,IIb,2022-08,2022.0,110,0.9818181818181818,,H1,R,H,R74/H107,II,II
UYD49650.1,UYD,49650.0,IIb,IIb,2022-08,2022.0,110,0.9818181818181818,,H1,R,H,R74/H107,II,II
UYD49829.1,UYD,49829.0,IIb,IIb,2022-08,2022.0,110,0.9818181818181818,,H1,R,H,R74/H107,II,II
UYD50008.1,UYD,50008.0,IIb,IIb,2022-08,2022.0,110,0.9818181818181818,,H1,R,H,R74/H107,II,II
UYD50187.1,UYD,50187.0,IIb,IIb,2022-08,2022.0,110,0.9818181818181818,,H1,R,H,R74/H107,II,II
UYD50366.1,UYD,50366.0,IIb,IIb,2022-08,2022.0,110,0.9818181818181818,,H1,R,H,R74/H107,II,II
UYD50545.1,UYD,50545.0,IIb,IIb,2022-08,2022.0,110,0.9818181818181818,,H1,R,H,R74/H107,II,II
UYD50724.1,UYD,50724.0,IIb,IIb,2022-08,2022.0,110,0.9818181818181818,,H1,R,H,R74/H107,II,II
UYD50903.1,UYD,50903.0,IIb,IIb,2022-08,2022.0,110,0.9818181818181818,,H1,R,H,R74/H107,II,II
UYD51082.1,UYD,51082.0,IIb,IIb,2022-08,2022.0,110,0.9818181818181818,,H1,R,H,R74/H107,II,II
UYD51261.1,UYD,51261.0,IIb,IIb,2022-08,2022.0,110,0.9818181818181818,,H1,R,H,R74/H107,II,II
UYD51440.1,UYD,51440.0,IIb,IIb,2022-08,2022.0,110,0.9818181818181818,,H1,R,H,R74/H107,II,II
UYD51619.1,UYD,51619.0,IIb,IIb,2022-08,2022.0,110,0.9818181818181818,,H1,R,H,R74/H107,II,II
UYD51798.1,UYD,51798.0,IIb,IIb,2022-08,2022.0,110,0.9818181818181818,,H1,R,H,R74/H107,II,II
UYD51977.1,UYD,51977.0,IIb,IIb,2022-08,2022.0,110,0.9818181818181818,,H1,R,H,R74/H107,II,II
UYD52156.1,UYD,52156.0,IIb,IIb,2022-08,2022.0,110,0.9818181818181818,,H1,R,H,R74/H107,II,II
UYD52335.1,UYD,52335.0,IIb,IIb,2022-09,2022.0,110,0.9818181818181818,,H1,R,H,R74/H107,II,II
UYD52514.1,UYD,52514.0,IIb,IIb,2022-09,2022.0,110,0.9818181818181818,,H1,R,H,R74/H107,II,II
UYD52692.1,UYD,52692.0,IIb,IIb,2022-09,2022.0,110,0.9818181818181818,,H1,R,H,R74/H107,II,II
UYD52871.1,UYD,52871.0,IIb,IIb,2022-09,2022.0,110,0.9818181818181818,,H1,R,H,R74/H107,II,II
UYB73422.1,UYB,73422.0,IIb,IIb,2022-09,2022.0,110,0.9818181818181818,,H1,R,H,R74/H107,II,II
UYB73597.1,UYB,73597.0,IIb,IIb,2022-09,2022.0,110,0.9818181818181818,,H1,R,H,R74/H107,II,II
UYB73772.1,UYB,73772.0,IIb,IIb,2022-09,2022.0,110,0.9818181818181818,,H1,R,H,R74/H107,II,II
UYB73947.1,UYB,73947.0,IIb,IIb,2022-09,2022.0,110,0.9818181818181818,,H1,R,H,R74/H107,II,II
UYB74122.1,UYB,74122.0,IIb,IIb,2022-09,2022.0,110,0.9818181818181818,,H1,R,H,R74/H107,II,II
UYB74297.1,UYB,74297.0,IIb,IIb,2022-09,2022.0,110,0.9818181818181818,,H1,R,H,R74/H107,II,II
UYB74472.1,UYB,74472.0,IIb,IIb,2022-09,2022.0,110,0.9818181818181818,,H1,R,H,R74/H107,II,II
UYB74647.1,UYB,74647.0,IIb,IIb,2022-09,2022.0,110,0.9818181818181818,,H1,R,H,R74/H107,II,II
UYB74822.1,UYB,74822.0,IIb,IIb,2022-09,2022.0,110,0.9818181818181818,,H1,R,H,R74/H107,II,II
UYB74997.1,UYB,74997.0,IIb,IIb,2022-09,2022.0,110,0.9818181818181818,,H1,R,H,R74/H107,II,II
UYB75172.1,UYB,75172.0,IIb,IIb,2022-09,2022.0,110,0.9818181818181818,,H1,R,H,R74/H107,II,II
UYB75347.1,UYB,75347.0,IIb,IIb,2022-09,2022.0,110,0.9818181818181818,,H1,R,H,R74/H107,II,II
UYB75522.1,UYB,75522.0,IIb,IIb,2022-09,2022.0,110,0.9818181818181818,,H1,R,H,R74/H107,II,II
UYB75697.1,UYB,75697.0,IIb,IIb,2022-09,2022.0,110,0.9818181818181818,,H1,R,H,R74/H107,II,II
UYB75872.1,UYB,75872.0,IIb,IIb,2022-09,2022.0,110,0.9818181818181818,,H1,R,H,R74/H107,II,II
UYB76047.1,UYB,76047.0,IIb,IIb,2022-09,2022.0,110,0.9818181818181818,,H1,R,H,R74/H107,II,II
UYB76222.1,UYB,76222.0,IIb,IIb,2022-09,2022.0,110,0.9818181818181818,,H1,R,H,R74/H107,II,II
UYB76396.1,UYB,76396.0,IIb,IIb,2022-09,2022.0,110,0.9818181818181818,,H1,R,H,R74/H107,II,II
UYB76571.1,UYB,76571.0,IIb,IIb,2022-09,2022.0,110,0.9818181818181818,,H1,R,H,R74/H107,II,II
UYB76746.1,UYB,76746.0,IIb,IIb,2022-09,2022.0,110,0.9818181818181818,,H1,R,H,R74/H107,II,II
UYB76921.1,UYB,76921.0,IIb,IIb,2022-09,2022.0,110,0.9818181818181818,,H1,R,H,R74/H107,II,II
UYB79665.1,UYB,79665.0,IIb,IIb,2022-07-29,2022.0,110,0.9818181818181818,,H1,R,H,R74/H107,II,II
UYB79844.1,UYB,79844.0,IIb,IIb,2022-07-29,2022.0,110,0.9818181818181818,,H1,R,H,R74/H107,II,II
UYB80022.1,UYB,80022.0,IIb,IIb,2022-07-29,2022.0,110,0.9818181818181818,,H1,R,H,R74/H107,II,II
UYB80201.1,UYB,80201.0,IIb,IIb,2022-07-27,2022.0,110,0.9818181818181818,,H1,R,H,R74/H107,II,II
UYB80378.1,UYB,80378.0,IIb,IIb,2022-09-26,2022.0,110,0.9818181818181818,,H1,R,H,R74/H107,II,II
UYB80556.1,UYB,80556.0,IIb,IIb,2022-07-15,2022.0,110,0.9818181818181818,,H1,R,H,R74/H107,II,II
UYB80733.1,UYB,80733.0,IIb,IIb,2022-09-27,2022.0,110,0.9818181818181818,,H1,R,H,R74/H107,II,II
UYB80911.1,UYB,80911.0,IIb,IIb,2022-07-18,2022.0,110,0.9818181818181818,,H1,R,H,R74/H107,II,II
UYB81090.1,UYB,81090.0,IIb,IIb,2022-07-17,2022.0,110,0.9818181818181818,,H1,R,H,R74/H107,II,II
UYB81269.1,UYB,81269.0,IIb,IIb,2022-07-17,2022.0,110,0.9818181818181818,,H1,R,H,R74/H107,II,II
UYB81448.1,UYB,81448.0,IIb,IIb,2022-07-15,2022.0,110,0.9818181818181818,,H1,R,H,R74/H107,II,II
UYB81625.1,UYB,81625.0,IIb,IIb,2022-07-19,2022.0,110,0.9818181818181818,,H1,R,H,R74/H107,II,II
UYB81800.1,UYB,81800.0,IIb,IIb,2022-07-19,2022.0,110,0.9818181818181818,,H1,R,H,R74/H107,II,II
UYB81979.1,UYB,81979.0,IIb,IIb,2022-07-18,2022.0,110,0.9818181818181818,,H1,R,H,R74/H107,II,II
UYB82157.1,UYB,82157.0,IIb,IIb,2022-07-20,2022.0,110,0.9818181818181818,,H1,R,H,R74/H107,II,II
UYB82335.1,UYB,82335.0,IIb,IIb,2022-07-20,2022.0,110,0.9818181818181818,,H1,R,H,R74/H107,II,II
UYB82513.1,UYB,82513.0,IIb,IIb,2022-07-19,2022.0,110,0.9818181818181818,,H1,R,H,R74/H107,II,II
UYB82691.1,UYB,82691.0,IIb,IIb,2022-07-19,2022.0,110,0.9818181818181818,,H1,R,H,R74/H107,II,II
UYB82869.1,UYB,82869.0,IIb,IIb,2022-07-19,2022.0,110,0.9818181818181818,,H1,R,H,R74/H107,II,II
UYB83039.1,UYB,83039.0,IIb,IIb,2022-07-19,2022.0,110,0.9818181818181818,,H1,R,H,R74/H107,II,II
UYB83215.1,UYB,83215.0,IIb,IIb,2022-07-19,2022.0,110,0.9818181818181818,,H1,R,H,R74/H107,II,II
UYB83394.1,UYB,83394.0,IIb,IIb,2022-07-20,2022.0,110,0.9818181818181818,,H1,R,H,R74/H107,II,II
UYB83573.1,UYB,83573.0,IIb,IIb,2022-07-19,2022.0,110,0.9818181818181818,,H1,R,H,R74/H107,II,II
UYB83752.1,UYB,83752.0,IIb,IIb,2022-07-25,2022.0,110,0.9818181818181818,,H1,R,H,R74/H107,II,II
UYB83930.1,UYB,83930.0,IIb,IIb,2022-07-27,2022.0,110,0.9818181818181818,,H1,R,H,R74/H107,II,II
UYB84102.1,UYB,84102.0,IIb,IIb,2022-09-13,2022.0,110,0.9818181818181818,,H1,R,H,R74/H107,II,II
UYB84264.1,UYB,84264.0,IIb,IIb,2022-09-18,2022.0,110,0.9818181818181818,,H1,R,H,R74/H107,II,II
UXY83185.1,UXY,83185.0,IIb,IIb,2022-08-24,2022.0,110,0.9818181818181818,,H1,R,H,R74/H107,II,II
UXY83364.1,UXY,83364.0,IIb,IIb,2022-08-28,2022.0,110,0.9818181818181818,,H1,R,H,R74/H107,II,II
UXY83543.1,UXY,83543.0,IIb,IIb,2022-09-12,2022.0,110,0.9818181818181818,,H1,R,H,R74/H107,II,II
UXY83722.1,UXY,83722.0,IIb,IIb,2022-09-15,2022.0,110,0.9818181818181818,,H1,R,H,R74/H107,II,II
UXY83901.1,UXY,83901.0,IIb,IIb,2022-09-14,2022.0,110,0.9818181818181818,,H1,R,H,R74/H107,II,II
UXY84080.1,UXY,84080.0,IIb,IIb,2022-07,2022.0,110,0.9818181818181818,,H1,R,H,R74/H107,II,II
UXY84258.1,UXY,84258.0,IIb,IIb,2022-07,2022.0,110,0.9818181818181818,,H1,R,H,R74/H107,II,II
UXY84435.1,UXY,84435.0,IIb,IIb,2022-07,2022.0,110,0.9818181818181818,,H1,R,H,R74/H107,II,II
UXY84613.1,UXY,84613.0,IIb,IIb,2022-06,2022.0,110,0.9818181818181818,,H1,R,H,R74/H107,II,II
UXY84791.1,UXY,84791.0,IIb,IIb,2022-07,2022.0,110,0.9818181818181818,,H1,R,H,R74/H107,II,II
UXY84969.1,UXY,84969.0,IIb,IIb,2022-07,2022.0,110,0.9818181818181818,,H1,R,H,R74/H107,II,II
UXY85147.1,UXY,85147.0,IIb,IIb,2022-07,2022.0,110,0.9818181818181818,,H1,R,H,R74/H107,II,II
UXY85325.1,UXY,85325.0,IIb,IIb,2022-07,2022.0,110,0.9818181818181818,,H1,R,H,R74/H107,II,II
UXY85503.1,UXY,85503.0,IIb,IIb,2022-06,2022.0,110,0.9818181818181818,,H1,R,H,R74/H107,II,II
UXY85681.1,UXY,85681.0,IIb,IIb,2022-06,2022.0,110,0.9818181818181818,,H1,R,H,R74/H107,II,II
UXY85859.1,UXY,85859.0,IIb,IIb,2022-06,2022.0,110,0.9818181818181818,,H1,R,H,R74/H107,II,II
UXY86037.1,UXY,86037.0,IIb,IIb,2022-06,2022.0,110,0.9818181818181818,,H1,R,H,R74/H107,II,II
UXY86214.1,UXY,86214.0,IIb,IIb,2022-07,2022.0,110,0.9818181818181818,,H1,R,H,R74/H107,II,II
UXY86391.1,UXY,86391.0,IIb,IIb,2022-06,2022.0,110,0.9818181818181818,,H1,R,H,R74/H107,II,II
UXY86569.1,UXY,86569.0,IIb,IIb,2022-06,2022.0,110,0.9818181818181818,,H1,R,H,R74/H107,II,II
UXY93440.1,UXY,93440.0,IIb,IIb,2022-06,2022.0,110,0.9818181818181818,,H1,R,H,R74/H107,II,II
UXY93619.1,UXY,93619.0,IIb,IIb,2022-06,2022.0,110,0.9818181818181818,,H1,R,H,R74/H107,II,II
UXY93797.1,UXY,93797.0,IIb,IIb,2022-07,2022.0,110,0.9818181818181818,,H1,R,H,R74/H107,II,II
UXY93973.1,UXY,93973.0,IIb,IIb,2022-07,2022.0,110,0.9818181818181818,,H1,R,H,R74/H107,II,II
UXY94150.1,UXY,94150.0,IIb,IIb,2022-07,2022.0,110,0.9818181818181818,,H1,R,H,R74/H107,II,II
UXY94327.1,UXY,94327.0,IIb,IIb,2022-07,2022.0,110,0.9818181818181818,,H1,R,H,R74/H107,II,II
UXY94503.1,UXY,94503.0,IIb,IIb,2022-07,2022.0,110,0.9818181818181818,,H1,R,H,R74/H107,II,II
UXY94677.1,UXY,94677.0,IIb,IIb,2022-07,2022.0,110,0.9818181818181818,,H1,R,H,R74/H107,II,II
UXY94853.1,UXY,94853.0,IIb,IIb,2022-07,2022.0,110,0.9818181818181818,,H1,R,H,R74/H107,II,II
UXY95030.1,UXY,95030.0,IIb,IIb,2022-07,2022.0,110,0.9818181818181818,,H1,R,H,R74/H107,II,II
UXY95202.1,UXY,95202.0,IIb,IIb,2022-07,2022.0,110,0.9818181818181818,,H1,R,H,R74/H107,II,II
UXY95375.1,UXY,95375.0,IIb,IIb,2022-07,2022.0,110,0.9818181818181818,,H1,R,H,R74/H107,II,II
UXY95547.1,UXY,95547.0,IIb,IIb,2022-07,2022.0,110,0.9818181818181818,,H1,R,H,R74/H107,II,II
UXY95719.1,UXY,95719.0,IIb,IIb,2022-07,2022.0,110,0.9818181818181818,,H1,R,H,R74/H107,II,II
UXY95895.1,UXY,95895.0,IIb,IIb,2022-07,2022.0,110,0.9818181818181818,,H1,R,H,R74/H107,II,II
UXY96068.1,UXY,96068.0,IIb,IIb,2022-07,2022.0,110,0.9818181818181818,,H1,R,H,R74/H107,II,II
UXY96244.1,UXY,96244.0,IIb,IIb,2022-07,2022.0,110,0.9818181818181818,,H1,R,H,R74/H107,II,II
UXY96419.1,UXY,96419.0,IIb,IIb,2022-07,2022.0,110,0.9818181818181818,,H1,R,H,R74/H107,II,II
UXY96595.1,UXY,96595.0,IIb,IIb,2022-07,2022.0,110,0.9818181818181818,,H1,R,H,R74/H107,II,II
UXY96772.1,UXY,96772.0,IIb,IIb,2022-07,2022.0,110,0.9818181818181818,,H1,R,H,R74/H107,II,II
UXY96948.1,UXY,96948.0,IIb,IIb,2022-07,2022.0,110,0.9818181818181818,,H1,R,H,R74/H107,II,II
UXY97123.1,UXY,97123.0,IIb,IIb,2022-07,2022.0,110,0.9818181818181818,,H1,R,H,R74/H107,II,II
UXY97300.1,UXY,97300.0,IIb,IIb,2022-07,2022.0,110,0.9818181818181818,,H1,R,H,R74/H107,II,II
UXY97476.1,UXY,97476.0,IIb,IIb,2022-07,2022.0,110,0.9818181818181818,,H1,R,H,R74/H107,II,II
UXY97652.1,UXY,97652.0,IIb,IIb,2022-07,2022.0,110,0.9818181818181818,,H1,R,H,R74/H107,II,II
UXY97828.1,UXY,97828.0,,unassigned,2022-07,2022.0,110,0.9818181818181818,,H1,R,H,R74/H107,unassigned,II
UXY97994.1,UXY,97994.0,IIb,IIb,2022-07,2022.0,110,0.9818181818181818,,H1,R,H,R74/H107,II,II
UXY98164.1,UXY,98164.0,IIb,IIb,2022-07,2022.0,110,0.9818181818181818,,H1,R,H,R74/H107,II,II
UXY98338.1,UXY,98338.0,IIb,IIb,2022-07,2022.0,110,0.9818181818181818,,H1,R,H,R74/H107,II,II
UXY98512.1,UXY,98512.0,IIb,IIb,2022-08,2022.0,110,0.9818181818181818,,H1,R,H,R74/H107,II,II
UXY98687.1,UXY,98687.0,IIb,IIb,2022-08,2022.0,110,0.9818181818181818,,H1,R,H,R74/H107,II,II
UXY98865.1,UXY,98865.0,IIb,IIb,2022-08,2022.0,110,0.9818181818181818,,H1,R,H,R74/H107,II,II
UXY99044.1,UXY,99044.0,IIb,IIb,2022-08,2022.0,110,0.9818181818181818,,H1,R,H,R74/H107,II,II
UXY99223.1,UXY,99223.0,IIb,IIb,2022-08,2022.0,110,0.9818181818181818,,H1,R,H,R74/H107,II,II
UXY99402.1,UXY,99402.0,IIb,IIb,2022-08,2022.0,110,0.9818181818181818,,H1,R,H,R74/H107,II,II
UXY99580.1,UXY,99580.0,,unassigned,2022-08,2022.0,110,0.9818181818181818,,H1,R,H,R74/H107,unassigned,II
UXY99753.1,UXY,99753.0,IIb,IIb,2022-08,2022.0,110,0.9818181818181818,,H1,R,H,R74/H107,II,II
UXY99922.1,UXY,99922.0,IIb,IIb,2022-08,2022.0,110,0.9818181818181818,,H1,R,H,R74/H107,II,II
UXZ00083.1,UXZ,83.0,IIb,IIb,2022-09,2022.0,110,0.9818181818181818,,H1,R,H,R74/H107,II,II
UYB02006.1,UYB,2006.0,IIb,IIb,2019-01-12,2019.0,110,0.9818181818181818,,H1,R,H,R74/H107,II,II
UYB02185.1,UYB,2185.0,IIb,IIb,2019-01-30,2019.0,110,0.9818181818181818,,H1,R,H,R74/H107,II,II
UYB02509.1,UYB,2509.0,IIb,IIb,2019-03-12,2019.0,110,0.9818181818181818,,H1,R,H,R74/H107,II,II
UYB02686.1,UYB,2686.0,IIb,IIb,2019-03-14,2019.0,110,0.9818181818181818,,H1,R,H,R74/H107,II,II
UYB03032.1,UYB,3032.0,IIb,IIb,2019-04-01,2019.0,110,0.9818181818181818,,H1,R,H,R74/H107,II,II
UYB03209.1,UYB,3209.0,IIb,IIb,2019-04-20,2019.0,110,0.9818181818181818,,H1,R,H,R74/H107,II,II
UYB03387.1,UYB,3387.0,IIb,IIb,2019-04-20,2019.0,110,0.9818181818181818,,H1,R,H,R74/H107,II,II
UYB03565.1,UYB,3565.0,IIb,IIb,2019-04-18,2019.0,110,0.9818181818181818,,H1,R,H,R74/H107,II,II
UYB03741.1,UYB,3741.0,IIb,IIb,2019-05,2019.0,110,0.9818181818181818,,H1,R,H,R74/H107,II,II
UYB03920.1,UYB,3920.0,IIb,IIb,2019-05-29,2019.0,110,0.9818181818181818,,H1,R,H,R74/H107,II,II
UYB04098.1,UYB,4098.0,IIb,IIb,2019-06-26,2019.0,110,0.9818181818181818,,H1,R,H,R74/H107,II,II
UYB04275.1,UYB,4275.0,IIb,IIb,2019-07-11,2019.0,110,0.9818181818181818,,H1,R,H,R74/H107,II,II
UYB04453.1,UYB,4453.0,IIb,IIb,2019-11-02,2019.0,110,0.9818181818181818,,H1,R,H,R74/H107,II,II
UYB04632.1,UYB,4632.0,IIb,IIb,2019-12-17,2019.0,110,0.9818181818181818,,H1,R,H,R74/H107,II,II
UYB04809.1,UYB,4809.0,IIb,IIb,2019-12-17,2019.0,110,0.9818181818181818,,H1,R,H,R74/H107,II,II
UYB04986.1,UYB,4986.0,IIb,IIb,2020-01,2020.0,110,0.9818181818181818,,H1,R,H,R74/H107,II,II
UXX98352.1,UXX,98352.0,IIb,IIb,2022-07,2022.0,110,0.9818181818181818,,H1,R,H,R74/H107,II,II
UXX98529.1,UXX,98529.0,IIb,IIb,2022-07,2022.0,110,0.9818181818181818,,H1,R,H,R74/H107,II,II
UXX98707.1,UXX,98707.0,IIb,IIb,2022-07,2022.0,110,0.9818181818181818,,H1,R,H,R74/H107,II,II
UXX98885.1,UXX,98885.0,IIb,IIb,2022-07,2022.0,110,0.9818181818181818,,H1,R,H,R74/H107,II,II
UXX99063.1,UXX,99063.0,IIb,IIb,2022-07,2022.0,110,0.9818181818181818,,H1,R,H,R74/H107,II,II
UXX99241.1,UXX,99241.0,IIb,IIb,2022-07,2022.0,110,0.9818181818181818,,H1,R,H,R74/H107,II,II
UXX99419.1,UXX,99419.0,IIb,IIb,2022-06,2022.0,110,0.9818181818181818,,H1,R,H,R74/H107,II,II
UXX99597.1,UXX,99597.0,IIb,IIb,2022-07,2022.0,110,0.9818181818181818,,H1,R,H,R74/H107,II,II
UXX99775.1,UXX,99775.0,IIb,IIb,2022-07,2022.0,110,0.9818181818181818,,H1,R,H,R74/H107,II,II
UXX99953.1,UXX,99953.0,IIb,IIb,2022-07,2022.0,110,0.9818181818181818,,H1,R,H,R74/H107,II,II
UXY00132.1,UXY,132.0,IIb,IIb,2022-06,2022.0,110,0.9818181818181818,,H1,R,H,R74/H107,II,II
UXY00310.1,UXY,310.0,IIb,IIb,2022-07,2022.0,110,0.9818181818181818,,H1,R,H,R74/H107,II,II
UXY00488.1,UXY,488.0,IIb,IIb,2022-07,2022.0,110,0.9818181818181818,,H1,R,H,R74/H107,II,II
UXY00666.1,UXY,666.0,IIb,IIb,2022-07,2022.0,110,0.9818181818181818,,H1,R,H,R74/H107,II,II
UXY00844.1,UXY,844.0,IIb,IIb,2022-07,2022.0,110,0.9818181818181818,,H1,R,H,R74/H107,II,II
UXY01022.1,UXY,1022.0,IIb,IIb,2022-06,2022.0,110,0.9818181818181818,,H1,R,H,R74/H107,II,II
UXY01200.1,UXY,1200.0,IIb,IIb,2022-06,2022.0,110,0.9818181818181818,,H1,R,H,R74/H107,II,II
UXY01378.1,UXY,1378.0,IIb,IIb,2022-06,2022.0,110,0.9818181818181818,,H1,R,H,R74/H107,II,II
UXX35063.1,UXX,35063.0,IIb,IIb,2022-06-24,2022.0,110,0.9818181818181818,,H1,R,H,R74/H107,II,II
UXX35237.1,UXX,35237.0,IIb,IIb,2022-06-25,2022.0,110,0.9818181818181818,,H1,R,H,R74/H107,II,II
UXX35412.1,UXX,35412.0,IIb,IIb,2022-06-27,2022.0,110,0.9818181818181818,,H1,R,H,R74/H107,II,II
UXX35590.1,UXX,35590.0,IIb,IIb,2022-06-27,2022.0,110,0.9818181818181818,,H1,R,H,R74/H107,II,II
UXX35759.1,UXX,35759.0,IIb,IIb,2022-06-29,2022.0,110,0.9818181818181818,,H1,R,H,R74/H107,II,II
UXX35936.1,UXX,35936.0,IIb,IIb,2022-06-29,2022.0,110,0.9818181818181818,,H1,R,H,R74/H107,II,II
UXX36113.1,UXX,36113.0,IIb,IIb,2022-07-05,2022.0,110,0.9818181818181818,,H1,R,H,R74/H107,II,II
UXX36281.1,UXX,36281.0,IIb,IIb,2022-07-05,2022.0,110,0.9818181818181818,,H1,R,H,R74/H107,II,II
UXX36452.1,UXX,36452.0,IIb,IIb,2022-07-08,2022.0,110,0.9818181818181818,,H1,R,H,R74/H107,II,II
UXX36624.1,UXX,36624.0,IIb,IIb,2022-07-12,2022.0,110,0.9818181818181818,,H1,R,H,R74/H107,II,II
UXX36797.1,UXX,36797.0,IIb,IIb,2022-07-12,2022.0,110,0.9818181818181818,,H1,R,H,R74/H107,II,II
UXX36973.1,UXX,36973.0,IIb,IIb,2022-07-13,2022.0,110,0.9818181818181818,,H1,R,H,R74/H107,II,II
UXX37149.1,UXX,37149.0,IIb,IIb,2022-07-14,2022.0,110,0.9818181818181818,,H1,R,H,R74/H107,II,II
UXX37325.1,UXX,37325.0,IIb,IIb,2022-07-17,2022.0,110,0.9818181818181818,,H1,R,H,R74/H107,II,II
UXX37501.1,UXX,37501.0,IIb,IIb,2022-07-18,2022.0,110,0.9818181818181818,,H1,R,H,R74/H107,II,II
UXX37668.1,UXX,37668.0,IIb,IIb,2022-07-18,2022.0,110,0.9818181818181818,,H1,R,H,R74/H107,II,II
UXX37841.1,UXX,37841.0,IIb,IIb,2022-07-16,2022.0,110,0.9818181818181818,,H1,R,H,R74/H107,II,II
UXX38013.1,UXX,38013.0,IIb,IIb,2022-07-19,2022.0,110,0.9818181818181818,,H1,R,H,R74/H107,II,II
UXX38189.1,UXX,38189.0,IIb,IIb,2022-07-20,2022.0,110,0.9818181818181818,,H1,R,H,R74/H107,II,II
UXX38361.1,UXX,38361.0,IIb,IIb,2022-07-21,2022.0,110,0.9818181818181818,,H1,R,H,R74/H107,II,II
UXX38534.1,UXX,38534.0,IIb,IIb,2022-07-21,2022.0,110,0.9818181818181818,,H1,R,H,R74/H107,II,II
UXX38708.1,UXX,38708.0,IIb,IIb,2022-07-18,2022.0,110,0.9818181818181818,,H1,R,H,R74/H107,II,II
UXX38885.1,UXX,38885.0,IIb,IIb,2022-07-22,2022.0,110,0.9818181818181818,,H1,R,H,R74/H107,II,II
UXX39057.1,UXX,39057.0,IIb,IIb,2022-07-21,2022.0,110,0.9818181818181818,,H1,R,H,R74/H107,II,II
UXX39228.1,UXX,39228.0,IIb,IIb,2022-07-20,2022.0,110,0.9818181818181818,,H1,R,H,R74/H107,II,II
UXX39564.1,UXX,39564.0,IIb,IIb,2022-09-26,2022.0,110,0.9818181818181818,,H1,R,H,R74/H107,II,II
UXX41231.1,UXX,41231.0,IIb,IIb,2022-09-06,2022.0,110,0.9818181818181818,,H1,R,H,R74/H107,II,II
UXX41405.1,UXX,41405.0,IIb,IIb,2022-09-06,2022.0,110,0.9818181818181818,,H1,R,H,R74/H107,II,II
UXX41575.1,UXX,41575.0,IIb,IIb,2022-09-13,2022.0,110,0.9818181818181818,,H1,R,H,R74/H107,II,II
UXX13083.1,UXX,13083.0,IIb,IIb,2022-09,2022.0,110,0.9818181818181818,,H1,R,H,R74/H107,II,II
UXX13262.1,UXX,13262.0,IIb,IIb,2022-09,2022.0,110,0.9818181818181818,,H1,R,H,R74/H107,II,II
UXX13441.1,UXX,13441.0,IIb,IIb,2022-09,2022.0,110,0.9818181818181818,,H1,R,H,R74/H107,II,II
UXX13620.1,UXX,13620.0,IIb,IIb,2022-09,2022.0,110,0.9818181818181818,,H1,R,H,R74/H107,II,II
UXX13799.1,UXX,13799.0,IIb,IIb,2022-09,2022.0,110,0.9818181818181818,,H1,R,H,R74/H107,II,II
UXX13978.1,UXX,13978.0,IIb,IIb,2022-09,2022.0,110,0.9818181818181818,,H1,R,H,R74/H107,II,II
UXX14157.1,UXX,14157.0,IIb,IIb,2022-09,2022.0,110,0.9818181818181818,,H1,R,H,R74/H107,II,II
UXX14336.1,UXX,14336.0,IIb,IIb,2022-09,2022.0,110,0.9818181818181818,,H1,R,H,R74/H107,II,II
UXX14515.1,UXX,14515.0,IIb,IIb,2022-09,2022.0,110,0.9818181818181818,,H1,R,H,R74/H107,II,II
UXX14694.1,UXX,14694.0,IIb,IIb,2022-09,2022.0,110,0.9818181818181818,,H1,R,H,R74/H107,II,II
UXX14873.1,UXX,14873.0,IIb,IIb,2022-09,2022.0,110,0.9818181818181818,,H1,R,H,R74/H107,II,II
UXX15052.1,UXX,15052.0,IIb,IIb,2022-09,2022.0,110,0.9818181818181818,,H1,R,H,R74/H107,II,II
UXX15231.1,UXX,15231.0,IIb,IIb,2022-09,2022.0,110,0.9818181818181818,,H1,R,H,R74/H107,II,II
UXX15410.1,UXX,15410.0,IIb,IIb,2022-09,2022.0,110,0.9818181818181818,,H1,R,H,R74/H107,II,II
UXX15589.1,UXX,15589.0,IIb,IIb,2022-09,2022.0,110,0.9818181818181818,,H1,R,H,R74/H107,II,II
UXX15768.1,UXX,15768.0,IIb,IIb,2022-09,2022.0,110,0.9818181818181818,,H1,R,H,R74/H107,II,II
UXX15946.1,UXX,15946.0,IIb,IIb,2022-09,2022.0,110,0.9818181818181818,,H1,R,H,R74/H107,II,II
UXX16123.1,UXX,16123.0,IIb,IIb,2022-09,2022.0,110,0.9818181818181818,,H1,R,H,R74/H107,II,II
UXX16302.1,UXX,16302.0,IIb,IIb,2022-09,2022.0,110,0.9818181818181818,,H1,R,H,R74/H107,II,II
UXX16481.1,UXX,16481.0,IIb,IIb,2022-09,2022.0,110,0.9818181818181818,,H1,R,H,R74/H107,II,II
UXX16660.1,UXX,16660.0,IIb,IIb,2022-09,2022.0,110,0.9818181818181818,,H1,R,H,R74/H107,II,II
UXX16839.1,UXX,16839.0,IIb,IIb,2022-09,2022.0,110,0.9818181818181818,,H1,R,H,R74/H107,II,II
UXX17018.1,UXX,17018.0,IIb,IIb,2022-09,2022.0,110,0.9818181818181818,,H1,R,H,R74/H107,II,II
UXW74451.1,UXW,74451.0,IIb,IIb,2022-06-06,2022.0,110,0.9818181818181818,,H1,R,H,R74/H107,II,II
UXW74630.1,UXW,74630.0,IIb,IIb,2022-09,2022.0,110,0.9818181818181818,,H1,R,H,R74/H107,II,II
UXW74805.1,UXW,74805.0,IIb,IIb,2022-09,2022.0,110,0.9818181818181818,,H1,R,H,R74/H107,II,II
UXW74980.1,UXW,74980.0,IIb,IIb,2022-09,2022.0,110,0.9818181818181818,,H1,R,H,R74/H107,II,II
UXW75155.1,UXW,75155.0,IIb,IIb,2022-09,2022.0,110,0.9818181818181818,,H1,R,H,R74/H107,II,II
UXW75330.1,UXW,75330.0,IIb,IIb,2022-09,2022.0,110,0.9818181818181818,,H1,R,H,R74/H107,II,II
UXW75505.1,UXW,75505.0,IIb,IIb,2022-09,2022.0,110,0.9818181818181818,,H1,R,H,R74/H107,II,II
UXW75680.1,UXW,75680.0,IIb,IIb,2022-09,2022.0,110,0.9818181818181818,,H1,R,H,R74/H107,II,II
UXW75855.1,UXW,75855.0,IIb,IIb,2022-09,2022.0,110,0.9818181818181818,,H1,R,H,R74/H107,II,II
UXW76030.1,UXW,76030.0,IIb,IIb,2022-09,2022.0,110,0.9818181818181818,,H1,R,H,R74/H107,II,II
UXW76205.1,UXW,76205.0,IIb,IIb,2022-09,2022.0,110,0.9818181818181818,,H1,R,H,R74/H107,II,II
UXW76380.1,UXW,76380.0,IIb,IIb,2022-09,2022.0,110,0.9818181818181818,,H1,R,H,R74/H107,II,II
UXW76554.1,UXW,76554.0,IIb,IIb,2022-06-28,2022.0,110,0.9818181818181818,,H1,R,H,R74/H107,II,II
UXW76732.1,UXW,76732.0,IIb,IIb,2022-06-14,2022.0,110,0.9818181818181818,,H1,R,H,R74/H107,II,II
UXW76910.1,UXW,76910.0,IIb,IIb,2022-06-22,2022.0,110,0.9818181818181818,,H1,R,H,R74/H107,II,II
UXW77086.1,UXW,77086.0,IIb,IIb,2022-06-30,2022.0,110,0.9818181818181818,,H1,R,H,R74/H107,II,II
UXW77261.1,UXW,77261.0,IIb,IIb,2022-06-16,2022.0,110,0.9818181818181818,,H1,R,H,R74/H107,II,II
UXW77438.1,UXW,77438.0,IIb,IIb,2022-06-17,2022.0,110,0.9818181818181818,,H1,R,H,R74/H107,II,II
UXW77613.1,UXW,77613.0,IIb,IIb,2022-06-22,2022.0,110,0.9818181818181818,,H1,R,H,R74/H107,II,II
UXW77790.1,UXW,77790.0,IIb,IIb,2022-07-06,2022.0,110,0.9818181818181818,,H1,R,H,R74/H107,II,II
UXW77969.1,UXW,77969.0,IIb,IIb,2022-07-08,2022.0,110,0.9818181818181818,,H1,R,H,R74/H107,II,II
UXW78146.1,UXW,78146.0,IIb,IIb,2022-07-12,2022.0,110,0.9818181818181818,,H1,R,H,R74/H107,II,II
UXW78325.1,UXW,78325.0,IIb,IIb,2022-07-07,2022.0,110,0.9818181818181818,,H1,R,H,R74/H107,II,II
UXW78504.1,UXW,78504.0,IIb,IIb,2022-07-12,2022.0,110,0.9818181818181818,,H1,R,H,R74/H107,II,II
UXW78683.1,UXW,78683.0,IIb,IIb,2022-07-14,2022.0,110,0.9818181818181818,,H1,R,H,R74/H107,II,II
UXW78862.1,UXW,78862.0,IIb,IIb,2022-07-13,2022.0,110,0.9818181818181818,,H1,R,H,R74/H107,II,II
UXW79038.1,UXW,79038.0,IIb,IIb,2022-07-08,2022.0,110,0.9818181818181818,,H1,R,H,R74/H107,II,II
UXW79214.1,UXW,79214.0,IIb,IIb,2022-06-30,2022.0,110,0.9818181818181818,,H1,R,H,R74/H107,II,II
UXW81164.1,UXW,81164.0,IIb,IIb,2022-07-11,2022.0,110,0.9818181818181818,,H1,R,H,R74/H107,II,II
UXW81343.1,UXW,81343.0,IIb,IIb,2022-08-01,2022.0,110,0.9818181818181818,,H1,R,H,R74/H107,II,II
UXW81522.1,UXW,81522.0,IIb,IIb,2022-08-15,2022.0,110,0.9818181818181818,,H1,R,H,R74/H107,II,II
UXW81701.1,UXW,81701.0,IIb,IIb,2022-08-11,2022.0,110,0.9818181818181818,,H1,R,H,R74/H107,II,II
UXW81880.1,UXW,81880.0,IIb,IIb,2022-08-11,2022.0,110,0.9818181818181818,,H1,R,H,R74/H107,II,II
UXW82058.1,UXW,82058.0,IIb,IIb,2022-08-18,2022.0,110,0.9818181818181818,,H1,R,H,R74/H107,II,II
UXW82235.1,UXW,82235.0,IIb,IIb,2022-07-28,2022.0,110,0.9818181818181818,,H1,R,H,R74/H107,II,II
UXW82411.1,UXW,82411.0,IIb,IIb,2022-07-28,2022.0,110,0.9818181818181818,,H1,R,H,R74/H107,II,II
UXW82588.1,UXW,82588.0,IIb,IIb,2022-08-07,2022.0,110,0.9818181818181818,,H1,R,H,R74/H107,II,II
UXW82768.1,UXW,82768.0,IIb,IIb,2022-07,2022.0,110,0.9818181818181818,,H1,R,H,R74/H107,II,II
UXW82947.1,UXW,82947.0,IIb,IIb,2022-07,2022.0,110,0.9818181818181818,,H1,R,H,R74/H107,II,II
UXR27604.1,UXR,27604.0,IIb,IIb,2022-06-02,2022.0,110,0.9818181818181818,,H1,R,H,R74/H107,II,II
UXR27783.1,UXR,27783.0,IIb,IIb,2022-06-04,2022.0,110,0.9818181818181818,,H1,R,H,R74/H107,II,II
UXR27962.1,UXR,27962.0,IIb,IIb,2022-06-07,2022.0,110,0.9818181818181818,,H1,R,H,R74/H107,II,II
UXR28141.1,UXR,28141.0,IIb,IIb,2022-06-07,2022.0,110,0.9818181818181818,,H1,R,H,R74/H107,II,II
UXR28320.1,UXR,28320.0,IIb,IIb,2022-06-21,2022.0,110,0.9818181818181818,,H1,R,H,R74/H107,II,II
UXR28499.1,UXR,28499.0,IIb,IIb,2022-06-30,2022.0,110,0.9818181818181818,,H1,R,H,R74/H107,II,II
UXR28678.1,UXR,28678.0,IIb,IIb,2022-07-07,2022.0,110,0.9818181818181818,,H1,R,H,R74/H107,II,II
UXR39301.1,UXR,39301.0,IIb,IIb,2022-08-05,2022.0,110,0.9818181818181818,,H1,R,H,R74/H107,II,II
UXR39480.1,UXR,39480.0,IIb,IIb,2022-08-05,2022.0,110,0.9818181818181818,,H1,R,H,R74/H107,II,II
UXR39659.1,UXR,39659.0,IIb,IIb,2022-06-16,2022.0,110,0.9818181818181818,,H1,R,H,R74/H107,II,II
UXR39837.1,UXR,39837.0,IIb,IIb,2022-09-22,2022.0,110,0.9818181818181818,,H1,R,H,R74/H107,II,II
UXR40016.1,UXR,40016.0,IIb,IIb,2022-09-23,2022.0,110,0.9818181818181818,,H1,R,H,R74/H107,II,II
UXR40195.1,UXR,40195.0,IIb,IIb,2022-08-01,2022.0,110,0.9818181818181818,,H1,R,H,R74/H107,II,II
UXR40374.1,UXR,40374.0,IIb,IIb,2022-08-10,2022.0,110,0.9818181818181818,,H1,R,H,R74/H107,II,II
UXR40553.1,UXR,40553.0,IIb,IIb,2022-08-08,2022.0,110,0.9818181818181818,,H1,R,H,R74/H107,II,II
UXR40732.1,UXR,40732.0,IIb,IIb,2022-09-22,2022.0,110,0.9818181818181818,,H1,R,H,R74/H107,II,II
UXR40911.1,UXR,40911.0,IIb,IIb,2022-09-22,2022.0,110,0.9818181818181818,,H1,R,H,R74/H107,II,II
UXR41090.1,UXR,41090.0,IIb,IIb,2022-09-22,2022.0,110,0.9818181818181818,,H1,R,H,R74/H107,II,II
UXR41268.1,UXR,41268.0,IIb,IIb,2022-08-01,2022.0,110,0.9818181818181818,,H1,R,H,R74/H107,II,II
UXR41446.1,UXR,41446.0,IIb,IIb,2022-08-01,2022.0,110,0.9818181818181818,,H1,R,H,R74/H107,II,II
UXR41625.1,UXR,41625.0,IIb,IIb,2022-09-19,2022.0,110,0.9818181818181818,,H1,R,H,R74/H107,II,II
UXR41804.1,UXR,41804.0,IIb,IIb,2022-09-19,2022.0,110,0.9818181818181818,,H1,R,H,R74/H107,II,II
UXR41982.1,UXR,41982.0,IIb,IIb,2022-08-05,2022.0,110,0.9818181818181818,,H1,R,H,R74/H107,II,II
UXR42160.1,UXR,42160.0,IIb,IIb,2022-09-20,2022.0,110,0.9818181818181818,,H1,R,H,R74/H107,II,II
UXR42339.1,UXR,42339.0,IIb,IIb,2022-08-01,2022.0,110,0.9818181818181818,,H1,R,H,R74/H107,II,II
UXR42518.1,UXR,42518.0,IIb,IIb,2022-08-01,2022.0,110,0.9818181818181818,,H1,R,H,R74/H107,II,II
UXR42697.1,UXR,42697.0,IIb,IIb,2022-07-28,2022.0,110,0.9818181818181818,,H1,R,H,R74/H107,II,II
UXR42876.1,UXR,42876.0,IIb,IIb,2022-08-03,2022.0,110,0.9818181818181818,,H1,R,H,R74/H107,II,II
UXR43055.1,UXR,43055.0,IIb,IIb,2022-08-04,2022.0,110,0.9818181818181818,,H1,R,H,R74/H107,II,II
UXR43233.1,UXR,43233.0,IIb,IIb,2022-08-02,2022.0,110,0.9818181818181818,,H1,R,H,R74/H107,II,II
UXR43411.1,UXR,43411.0,IIb,IIb,2022-08-10,2022.0,110,0.9818181818181818,,H1,R,H,R74/H107,II,II
UXR43590.1,UXR,43590.0,IIb,IIb,2022-08-07,2022.0,110,0.9818181818181818,,H1,R,H,R74/H107,II,II
UXR43769.1,UXR,43769.0,IIb,IIb,2022-09-20,2022.0,110,0.9818181818181818,,H1,R,H,R74/H107,II,II
UXR43948.1,UXR,43948.0,IIb,IIb,2022-09-21,2022.0,110,0.9818181818181818,,H1,R,H,R74/H107,II,II
UXP35202.1,UXP,35202.0,IIb,IIb,2022-06-27,2022.0,110,0.9818181818181818,,H1,R,H,R74/H107,II,II
UXP35380.1,UXP,35380.0,IIb,IIb,2022-06-30,2022.0,110,0.9818181818181818,,H1,R,H,R74/H107,II,II
UXP35559.1,UXP,35559.0,IIb,IIb,2022-07-03,2022.0,110,0.9818181818181818,,H1,R,H,R74/H107,II,II
UXP35737.1,UXP,35737.0,IIb,IIb,2022-07-05,2022.0,110,0.9818181818181818,,H1,R,H,R74/H107,II,II
UXP35913.1,UXP,35913.0,IIb,IIb,2022-07-05,2022.0,110,0.9818181818181818,,H1,R,H,R74/H107,II,II
UXP36090.1,UXP,36090.0,IIb,IIb,2022-07-05,2022.0,110,0.9818181818181818,,H1,R,H,R74/H107,II,II
UXP36268.1,UXP,36268.0,IIb,IIb,2022-07-07,2022.0,110,0.9818181818181818,,H1,R,H,R74/H107,II,II
UXP36446.1,UXP,36446.0,IIb,IIb,2022-07-06,2022.0,110,0.9818181818181818,,H1,R,H,R74/H107,II,II
UXP36622.1,UXP,36622.0,IIb,IIb,2022-07-07,2022.0,110,0.9818181818181818,,H1,R,H,R74/H107,II,II
UXP36799.1,UXP,36799.0,IIb,IIb,2022-07-06,2022.0,110,0.9818181818181818,,H1,R,H,R74/H107,II,II
UXP36975.1,UXP,36975.0,IIb,IIb,2022-07-06,2022.0,110,0.9818181818181818,,H1,R,H,R74/H107,II,II
UXP37153.1,UXP,37153.0,IIb,IIb,2022-07-06,2022.0,110,0.9818181818181818,,H1,R,H,R74/H107,II,II
UXP37331.1,UXP,37331.0,IIb,IIb,2022-07-13,2022.0,110,0.9818181818181818,,H1,R,H,R74/H107,II,II
UXP37509.1,UXP,37509.0,IIb,IIb,2022-07-11,2022.0,110,0.9818181818181818,,H1,R,H,R74/H107,II,II
UXP37687.1,UXP,37687.0,IIb,IIb,2022-07-12,2022.0,110,0.9818181818181818,,H1,R,H,R74/H107,II,II
UXP37866.1,UXP,37866.0,IIb,IIb,2022-07-12,2022.0,110,0.9818181818181818,,H1,R,H,R74/H107,II,II
UXP38043.1,UXP,38043.0,IIb,IIb,2022-07-12,2022.0,110,0.9818181818181818,,H1,R,H,R74/H107,II,II
UXP38221.1,UXP,38221.0,IIb,IIb,2022-07-11,2022.0,110,0.9818181818181818,,H1,R,H,R74/H107,II,II
UXP38399.1,UXP,38399.0,IIb,IIb,2022-07-12,2022.0,110,0.9818181818181818,,H1,R,H,R74/H107,II,II
UXP38578.1,UXP,38578.0,IIb,IIb,2022-07-12,2022.0,110,0.9818181818181818,,H1,R,H,R74/H107,II,II
UXP38756.1,UXP,38756.0,IIb,IIb,2022-07-12,2022.0,110,0.9818181818181818,,H1,R,H,R74/H107,II,II
UXP38932.1,UXP,38932.0,IIb,IIb,2022-07-12,2022.0,110,0.9818181818181818,,H1,R,H,R74/H107,II,II
UXP39107.1,UXP,39107.0,IIb,IIb,2022-07-11,2022.0,110,0.9818181818181818,,H1,R,H,R74/H107,II,II
UXP39285.1,UXP,39285.0,IIb,IIb,2022-07-13,2022.0,110,0.9818181818181818,,H1,R,H,R74/H107,II,II
UXP39462.1,UXP,39462.0,IIb,IIb,2022-07-13,2022.0,110,0.9818181818181818,,H1,R,H,R74/H107,II,II
UXP39639.1,UXP,39639.0,IIb,IIb,2022-07-13,2022.0,110,0.9818181818181818,,H1,R,H,R74/H107,II,II
UXP39816.1,UXP,39816.0,IIb,IIb,2022-07-13,2022.0,110,0.9818181818181818,,H1,R,H,R74/H107,II,II
UXP39993.1,UXP,39993.0,IIb,IIb,2022-07-13,2022.0,110,0.9818181818181818,,H1,R,H,R74/H107,II,II
UXP40171.1,UXP,40171.0,IIb,IIb,2022-07-13,2022.0,110,0.9818181818181818,,H1,R,H,R74/H107,II,II
UXP40347.1,UXP,40347.0,IIb,IIb,2022-07-15,2022.0,110,0.9818181818181818,,H1,R,H,R74/H107,II,II
UXP40525.1,UXP,40525.0,IIb,IIb,2022-07-15,2022.0,110,0.9818181818181818,,H1,R,H,R74/H107,II,II
UXP40704.1,UXP,40704.0,IIb,IIb,2022-07-18,2022.0,110,0.9818181818181818,,H1,R,H,R74/H107,II,II
UXP40881.1,UXP,40881.0,IIb,IIb,2022-07-19,2022.0,110,0.9818181818181818,,H1,R,H,R74/H107,II,II
UXP41057.1,UXP,41057.0,IIb,IIb,2022-07-19,2022.0,110,0.9818181818181818,,H1,R,H,R74/H107,II,II
UXP41234.1,UXP,41234.0,IIb,IIb,2022-07-19,2022.0,110,0.9818181818181818,,H1,R,H,R74/H107,II,II
UXP41411.1,UXP,41411.0,IIb,IIb,2022-07-19,2022.0,110,0.9818181818181818,,H1,R,H,R74/H107,II,II
UXP41586.1,UXP,41586.0,IIb,IIb,2022-07-19,2022.0,110,0.9818181818181818,,H1,R,H,R74/H107,II,II
UXP41763.1,UXP,41763.0,IIb,IIb,2022-07-20,2022.0,110,0.9818181818181818,,H1,R,H,R74/H107,II,II
UXP41941.1,UXP,41941.0,IIb,IIb,2022-07-25,2022.0,110,0.9818181818181818,,H1,R,H,R74/H107,II,II
UXP42120.1,UXP,42120.0,IIb,IIb,2022-07-25,2022.0,110,0.9818181818181818,,H1,R,H,R74/H107,II,II
UXP42297.1,UXP,42297.0,IIb,IIb,2022-07-21,2022.0,110,0.9818181818181818,,H1,R,H,R74/H107,II,II
UXP42475.1,UXP,42475.0,IIb,IIb,2022-07-25,2022.0,110,0.9818181818181818,,H1,R,H,R74/H107,II,II
UXP42653.1,UXP,42653.0,IIb,IIb,2022-07-26,2022.0,110,0.9818181818181818,,H1,R,H,R74/H107,II,II
UXP42831.1,UXP,42831.0,IIb,IIb,2022-07-26,2022.0,110,0.9818181818181818,,H1,R,H,R74/H107,II,II
UXP43010.1,UXP,43010.0,IIb,IIb,2022-07-26,2022.0,110,0.9818181818181818,,H1,R,H,R74/H107,II,II
UXP43186.1,UXP,43186.0,IIb,IIb,2022-07-27,2022.0,110,0.9818181818181818,,H1,R,H,R74/H107,II,II
UXP43361.1,UXP,43361.0,IIb,IIb,2022-07-29,2022.0,110,0.9818181818181818,,H1,R,H,R74/H107,II,II
UXP43539.1,UXP,43539.0,IIb,IIb,2022-07-28,2022.0,110,0.9818181818181818,,H1,R,H,R74/H107,II,II
UXP43713.1,UXP,43713.0,IIb,IIb,2022-08-01,2022.0,110,0.9818181818181818,,H1,R,H,R74/H107,II,II
UXP43890.1,UXP,43890.0,IIb,IIb,2022-07-31,2022.0,110,0.9818181818181818,,H1,R,H,R74/H107,II,II
UXP44066.1,UXP,44066.0,IIb,IIb,2022-08-01,2022.0,110,0.9818181818181818,,H1,R,H,R74/H107,II,II
UXP44242.1,UXP,44242.0,IIb,IIb,2022-08-01,2022.0,110,0.9818181818181818,,H1,R,H,R74/H107,II,II
UXP44417.1,UXP,44417.0,IIb,IIb,2022-08-01,2022.0,110,0.9818181818181818,,H1,R,H,R74/H107,II,II
UXP44595.1,UXP,44595.0,IIb,IIb,2022-07-31,2022.0,110,0.9818181818181818,,H1,R,H,R74/H107,II,II
UXP44774.1,UXP,44774.0,IIb,IIb,2022-08-02,2022.0,110,0.9818181818181818,,H1,R,H,R74/H107,II,II
UXP44951.1,UXP,44951.0,IIb,IIb,2022-08-02,2022.0,110,0.9818181818181818,,H1,R,H,R74/H107,II,II
UXP45128.1,UXP,45128.0,IIb,IIb,2022-08-02,2022.0,110,0.9818181818181818,,H1,R,H,R74/H107,II,II
UXP45306.1,UXP,45306.0,IIb,IIb,2022-08-02,2022.0,110,0.9818181818181818,,H1,R,H,R74/H107,II,II
UXP45482.1,UXP,45482.0,IIb,IIb,2022-08-02,2022.0,110,0.9818181818181818,,H1,R,H,R74/H107,II,II
UXP45656.1,UXP,45656.0,IIb,IIb,2022-08-01,2022.0,110,0.9818181818181818,,H1,R,H,R74/H107,II,II
UXP45832.1,UXP,45832.0,IIb,IIb,2022-08-03,2022.0,110,0.9818181818181818,,H1,R,H,R74/H107,II,II
UXP46010.1,UXP,46010.0,IIb,IIb,2022-08-02,2022.0,110,0.9818181818181818,,H1,R,H,R74/H107,II,II
UXP46182.1,UXP,46182.0,IIb,IIb,2022-08-03,2022.0,110,0.9818181818181818,,H1,R,H,R74/H107,II,II
UXP46360.1,UXP,46360.0,IIb,IIb,2022-08-03,2022.0,110,0.9818181818181818,,H1,R,H,R74/H107,II,II
UXP46537.1,UXP,46537.0,IIb,IIb,2022-08-04,2022.0,110,0.9818181818181818,,H1,R,H,R74/H107,II,II
UXP46715.1,UXP,46715.0,IIb,IIb,2022-08-04,2022.0,110,0.9818181818181818,,H1,R,H,R74/H107,II,II
UXP46892.1,UXP,46892.0,IIb,IIb,2022-08-03,2022.0,110,0.9818181818181818,,H1,R,H,R74/H107,II,II
UXP47069.1,UXP,47069.0,IIb,IIb,2022-08-04,2022.0,110,0.9818181818181818,,H1,R,H,R74/H107,II,II
UXP47247.1,UXP,47247.0,IIb,IIb,2022-08-04,2022.0,110,0.9818181818181818,,H1,R,H,R74/H107,II,II
UXP47426.1,UXP,47426.0,IIb,IIb,2022-08-04,2022.0,110,0.9818181818181818,,H1,R,H,R74/H107,II,II
UXP47604.1,UXP,47604.0,IIb,IIb,2022-08-05,2022.0,110,0.9818181818181818,,H1,R,H,R74/H107,II,II
UXP47783.1,UXP,47783.0,IIb,IIb,2022-08-03,2022.0,110,0.9818181818181818,,H1,R,H,R74/H107,II,II
UXP47962.1,UXP,47962.0,IIb,IIb,2022-08-04,2022.0,110,0.9818181818181818,,H1,R,H,R74/H107,II,II
UXP48141.1,UXP,48141.0,IIb,IIb,2022-08-04,2022.0,110,0.9818181818181818,,H1,R,H,R74/H107,II,II
UXP48320.1,UXP,48320.0,IIb,IIb,2022-08-05,2022.0,110,0.9818181818181818,,H1,R,H,R74/H107,II,II
UXP48498.1,UXP,48498.0,IIb,IIb,2022-08-04,2022.0,110,0.9818181818181818,,H1,R,H,R74/H107,II,II
UXP48675.1,UXP,48675.0,IIb,IIb,2022-08-04,2022.0,110,0.9818181818181818,,H1,R,H,R74/H107,II,II
UXP48849.1,UXP,48849.0,IIb,IIb,2022-08-04,2022.0,110,0.9818181818181818,,H1,R,H,R74/H107,II,II
UXP49028.1,UXP,49028.0,IIb,IIb,2022-08-05,2022.0,110,0.9818181818181818,,H1,R,H,R74/H107,II,II
UXP49204.1,UXP,49204.0,IIb,IIb,2022-08-07,2022.0,110,0.9818181818181818,,H1,R,H,R74/H107,II,II
UXP49376.1,UXP,49376.0,IIb,IIb,2022-08-07,2022.0,110,0.9818181818181818,,H1,R,H,R74/H107,II,II
UXP49555.1,UXP,49555.0,IIb,IIb,2022-08-05,2022.0,110,0.9818181818181818,,H1,R,H,R74/H107,II,II
UXP49734.1,UXP,49734.0,IIb,IIb,2022-08-05,2022.0,110,0.9818181818181818,,H1,R,H,R74/H107,II,II
UXP49912.1,UXP,49912.0,IIb,IIb,2022-08-05,2022.0,110,0.9818181818181818,,H1,R,H,R74/H107,II,II
UXP50091.1,UXP,50091.0,IIb,IIb,2022-08-08,2022.0,110,0.9818181818181818,,H1,R,H,R74/H107,II,II
UXP50270.1,UXP,50270.0,IIb,IIb,2022-08-08,2022.0,110,0.9818181818181818,,H1,R,H,R74/H107,II,II
UXP50448.1,UXP,50448.0,IIb,IIb,2022-08-08,2022.0,110,0.9818181818181818,,H1,R,H,R74/H107,II,II
UXP50620.1,UXP,50620.0,IIb,IIb,2022-08-08,2022.0,110,0.9818181818181818,,H1,R,H,R74/H107,II,II
UXP50797.1,UXP,50797.0,IIb,IIb,2022-08-05,2022.0,110,0.9818181818181818,,H1,R,H,R74/H107,II,II
UXP50970.1,UXP,50970.0,IIb,IIb,2022-08-08,2022.0,110,0.9818181818181818,,H1,R,H,R74/H107,II,II
UXP51145.1,UXP,51145.0,IIb,IIb,2022-08-08,2022.0,110,0.9818181818181818,,H1,R,H,R74/H107,II,II
UXP51324.1,UXP,51324.0,IIb,IIb,2022-08-09,2022.0,110,0.9818181818181818,,H1,R,H,R74/H107,II,II
UXP51501.1,UXP,51501.0,IIb,IIb,2022-08-09,2022.0,110,0.9818181818181818,,H1,R,H,R74/H107,II,II
UXP51680.1,UXP,51680.0,IIb,IIb,2022-08-08,2022.0,110,0.9818181818181818,,H1,R,H,R74/H107,II,II
UXP51854.1,UXP,51854.0,IIb,IIb,2022-08-09,2022.0,110,0.9818181818181818,,H1,R,H,R74/H107,II,II
UXP52022.1,UXP,52022.0,IIb,IIb,2022-08-09,2022.0,110,0.9818181818181818,,H1,R,H,R74/H107,II,II
UXP52193.1,UXP,52193.0,IIb,IIb,2022-08-10,2022.0,110,0.9818181818181818,,H1,R,H,R74/H107,II,II
UXP52372.1,UXP,52372.0,IIb,IIb,2022-08-10,2022.0,110,0.9818181818181818,,H1,R,H,R74/H107,II,II
UXP52551.1,UXP,52551.0,IIb,IIb,2022-08-09,2022.0,110,0.9818181818181818,,H1,R,H,R74/H107,II,II
UXP52727.1,UXP,52727.0,IIb,IIb,2022-08-11,2022.0,110,0.9818181818181818,,H1,R,H,R74/H107,II,II
UXP52899.1,UXP,52899.0,IIb,IIb,2022-08-11,2022.0,110,0.9818181818181818,,H1,R,H,R74/H107,II,II
UXP53076.1,UXP,53076.0,IIb,IIb,2022-08-11,2022.0,110,0.9818181818181818,,H1,R,H,R74/H107,II,II
UXP53251.1,UXP,53251.0,IIb,IIb,2022-08-11,2022.0,110,0.9818181818181818,,H1,R,H,R74/H107,II,II
UXP53429.1,UXP,53429.0,IIb,IIb,2022-08-11,2022.0,110,0.9818181818181818,,H1,R,H,R74/H107,II,II
UXP53605.1,UXP,53605.0,IIb,IIb,2022-08-11,2022.0,110,0.9818181818181818,,H1,R,H,R74/H107,II,II
UXP53780.1,UXP,53780.0,IIb,IIb,2022-08-15,2022.0,110,0.9818181818181818,,H1,R,H,R74/H107,II,II
UXP53956.1,UXP,53956.0,IIb,IIb,2022-08-13,2022.0,110,0.9818181818181818,,H1,R,H,R74/H107,II,II
UXP54133.1,UXP,54133.0,IIb,IIb,2022-08-16,2022.0,110,0.9818181818181818,,H1,R,H,R74/H107,II,II
UXP54305.1,UXP,54305.0,IIb,IIb,2022-08-15,2022.0,110,0.9818181818181818,,H1,R,H,R74/H107,II,II
UXP54483.1,UXP,54483.0,IIb,IIb,2022-08-12,2022.0,110,0.9818181818181818,,H1,R,H,R74/H107,II,II
UXP54660.1,UXP,54660.0,IIb,IIb,2022-08-12,2022.0,110,0.9818181818181818,,H1,R,H,R74/H107,II,II
UXP54835.1,UXP,54835.0,IIb,IIb,2022-08-16,2022.0,110,0.9818181818181818,,H1,R,H,R74/H107,II,II
UXP55013.1,UXP,55013.0,IIb,IIb,2022-08-12,2022.0,110,0.9818181818181818,,H1,R,H,R74/H107,II,II
UXP55189.1,UXP,55189.0,IIb,IIb,2022-08-12,2022.0,110,0.9818181818181818,,H1,R,H,R74/H107,II,II
UXP55365.1,UXP,55365.0,IIb,IIb,2022-08-13,2022.0,110,0.9818181818181818,,H1,R,H,R74/H107,II,II
UXP55537.1,UXP,55537.0,IIb,IIb,2022-08-16,2022.0,110,0.9818181818181818,,H1,R,H,R74/H107,II,II
UXP55709.1,UXP,55709.0,IIb,IIb,2022-08-16,2022.0,110,0.9818181818181818,,H1,R,H,R74/H107,II,II
UXP55884.1,UXP,55884.0,IIb,IIb,2022-08-16,2022.0,110,0.9818181818181818,,H1,R,H,R74/H107,II,II
UXP56061.1,UXP,56061.0,IIb,IIb,2022-08-12,2022.0,110,0.9818181818181818,,H1,R,H,R74/H107,II,II
UXP56239.1,UXP,56239.0,IIb,IIb,2022-08-12,2022.0,110,0.9818181818181818,,H1,R,H,R74/H107,II,II
UXP56417.1,UXP,56417.0,IIb,IIb,2022-08-16,2022.0,110,0.9818181818181818,,H1,R,H,R74/H107,II,II
UXP56595.1,UXP,56595.0,IIb,IIb,2022-08-16,2022.0,110,0.9818181818181818,,H1,R,H,R74/H107,II,II
UXP56771.1,UXP,56771.0,IIb,IIb,2022-08-16,2022.0,110,0.9818181818181818,,H1,R,H,R74/H107,II,II
UXP56950.1,UXP,56950.0,IIb,IIb,2022-08-17,2022.0,110,0.9818181818181818,,H1,R,H,R74/H107,II,II
UXP57124.1,UXP,57124.0,IIb,IIb,2022-08-17,2022.0,110,0.9818181818181818,,H1,R,H,R74/H107,II,II
UXP57297.1,UXP,57297.0,IIb,IIb,2022-08-17,2022.0,110,0.9818181818181818,,H1,R,H,R74/H107,II,II
UXP57476.1,UXP,57476.0,IIb,IIb,2022-08-17,2022.0,110,0.9818181818181818,,H1,R,H,R74/H107,II,II
UXP57653.1,UXP,57653.0,IIb,IIb,2022-08-18,2022.0,110,0.9818181818181818,,H1,R,H,R74/H107,II,II
UXP57829.1,UXP,57829.0,IIb,IIb,2022-08-19,2022.0,110,0.9818181818181818,,H1,R,H,R74/H107,II,II
UXP58006.1,UXP,58006.0,IIb,IIb,2022-08-18,2022.0,110,0.9818181818181818,,H1,R,H,R74/H107,II,II
UXP58183.1,UXP,58183.0,IIb,IIb,2022-08-17,2022.0,110,0.9818181818181818,,H1,R,H,R74/H107,II,II
UXP58360.1,UXP,58360.0,IIb,IIb,2022-08-18,2022.0,110,0.9818181818181818,,H1,R,H,R74/H107,II,II
UXP58539.1,UXP,58539.0,IIb,IIb,2022-08-18,2022.0,110,0.9818181818181818,,H1,R,H,R74/H107,II,II
UXP58717.1,UXP,58717.0,IIb,IIb,2022-08-18,2022.0,110,0.9818181818181818,,H1,R,H,R74/H107,II,II
UXP58896.1,UXP,58896.0,IIb,IIb,2022-08-19,2022.0,110,0.9818181818181818,,H1,R,H,R74/H107,II,II
UXP59074.1,UXP,59074.0,IIb,IIb,2022-08-21,2022.0,110,0.9818181818181818,,H1,R,H,R74/H107,II,II
UXP59249.1,UXP,59249.0,IIb,IIb,2022-08-22,2022.0,110,0.9818181818181818,,H1,R,H,R74/H107,II,II
UXP59425.1,UXP,59425.0,IIb,IIb,2022-08-20,2022.0,110,0.9818181818181818,,H1,R,H,R74/H107,II,II
UXP59602.1,UXP,59602.0,IIb,IIb,2022-08-19,2022.0,110,0.9818181818181818,,H1,R,H,R74/H107,II,II
UXP59780.1,UXP,59780.0,IIb,IIb,2022-08-18,2022.0,110,0.9818181818181818,,H1,R,H,R74/H107,II,II
UXP59959.1,UXP,59959.0,IIb,IIb,2022-08-22,2022.0,110,0.9818181818181818,,H1,R,H,R74/H107,II,II
UXP60138.1,UXP,60138.0,IIb,IIb,2022-08-23,2022.0,110,0.9818181818181818,,H1,R,H,R74/H107,II,II
UXP60317.1,UXP,60317.0,IIb,IIb,2022-08-23,2022.0,110,0.9818181818181818,,H1,R,H,R74/H107,II,II
UXP60494.1,UXP,60494.0,IIb,IIb,2022-08-22,2022.0,110,0.9818181818181818,,H1,R,H,R74/H107,II,II
UXP60673.1,UXP,60673.0,IIb,IIb,2022-08-19,2022.0,110,0.9818181818181818,,H1,R,H,R74/H107,II,II
UXP60851.1,UXP,60851.0,IIb,IIb,2022-08-23,2022.0,110,0.9818181818181818,,H1,R,H,R74/H107,II,II
UXP61029.1,UXP,61029.0,IIb,IIb,2022-08-23,2022.0,110,0.9818181818181818,,H1,R,H,R74/H107,II,II
UXP61208.1,UXP,61208.0,IIb,IIb,2022-08-24,2022.0,110,0.9818181818181818,,H1,R,H,R74/H107,II,II
UXP61384.1,UXP,61384.0,IIb,IIb,2022-08-23,2022.0,110,0.9818181818181818,,H1,R,H,R74/H107,II,II
UXP61563.1,UXP,61563.0,IIb,IIb,2022-08-23,2022.0,110,0.9818181818181818,,H1,R,H,R74/H107,II,II
UXP61742.1,UXP,61742.0,IIb,IIb,2022-08-20,2022.0,110,0.9818181818181818,,H1,R,H,R74/H107,II,II
UXP61918.1,UXP,61918.0,IIb,IIb,2022-08-25,2022.0,110,0.9818181818181818,,H1,R,H,R74/H107,II,II
UXP62094.1,UXP,62094.0,IIb,IIb,2022-08-26,2022.0,110,0.9818181818181818,,H1,R,H,R74/H107,II,II
UXP62271.1,UXP,62271.0,IIb,IIb,2022-08-27,2022.0,110,0.9818181818181818,,H1,R,H,R74/H107,II,II
UXP62447.1,UXP,62447.0,IIb,IIb,2022-08-26,2022.0,110,0.9818181818181818,,H1,R,H,R74/H107,II,II
UXP62625.1,UXP,62625.0,IIb,IIb,2022-08-27,2022.0,110,0.9818181818181818,,H1,R,H,R74/H107,II,II
UXP62803.1,UXP,62803.0,IIb,IIb,2022-08-26,2022.0,110,0.9818181818181818,,H1,R,H,R74/H107,II,II
UXP62977.1,UXP,62977.0,IIb,IIb,2022-08-24,2022.0,110,0.9818181818181818,,H1,R,H,R74/H107,II,II
UXP63152.1,UXP,63152.0,IIb,IIb,2022-08-26,2022.0,110,0.9818181818181818,,H1,R,H,R74/H107,II,II
UXP63330.1,UXP,63330.0,IIb,IIb,2022-08-27,2022.0,110,0.9818181818181818,,H1,R,H,R74/H107,II,II
UXP63509.1,UXP,63509.0,IIb,IIb,2022-08-26,2022.0,110,0.9818181818181818,,H1,R,H,R74/H107,II,II
UXP63688.1,UXP,63688.0,IIb,IIb,2022-08-30,2022.0,110,0.9818181818181818,,H1,R,H,R74/H107,II,II
UXP63865.1,UXP,63865.0,IIb,IIb,2022-08-29,2022.0,110,0.9818181818181818,,H1,R,H,R74/H107,II,II
UXP64040.1,UXP,64040.0,IIb,IIb,2022-08-30,2022.0,110,0.9818181818181818,,H1,R,H,R74/H107,II,II
UXP64214.1,UXP,64214.0,IIb,IIb,2022-08-30,2022.0,110,0.9818181818181818,,H1,R,H,R74/H107,II,II
UXP64392.1,UXP,64392.0,IIb,IIb,2022-08-30,2022.0,110,0.9818181818181818,,H1,R,H,R74/H107,II,II
UXP64571.1,UXP,64571.0,IIb,IIb,2022-08-30,2022.0,110,0.9818181818181818,,H1,R,H,R74/H107,II,II
UXP64747.1,UXP,64747.0,IIb,IIb,2022-08-30,2022.0,110,0.9818181818181818,,H1,R,H,R74/H107,II,II
UXP64921.1,UXP,64921.0,IIb,IIb,2022-08-31,2022.0,110,0.9818181818181818,,H1,R,H,R74/H107,II,II
UXP65099.1,UXP,65099.0,IIb,IIb,2022-09-01,2022.0,110,0.9818181818181818,,H1,R,H,R74/H107,II,II
UXP65274.1,UXP,65274.0,IIb,IIb,2022-09-05,2022.0,110,0.9818181818181818,,H1,R,H,R74/H107,II,II
UXP65452.1,UXP,65452.0,IIb,IIb,2022-09-05,2022.0,110,0.9818181818181818,,H1,R,H,R74/H107,II,II
UXP65630.1,UXP,65630.0,IIb,IIb,2022-09-05,2022.0,110,0.9818181818181818,,H1,R,H,R74/H107,II,II
UXP65807.1,UXP,65807.0,IIb,IIb,2022-08-31,2022.0,110,0.9818181818181818,,H1,R,H,R74/H107,II,II
UXP65984.1,UXP,65984.0,IIb,IIb,2022-09-03,2022.0,110,0.9818181818181818,,H1,R,H,R74/H107,II,II
UXP66161.1,UXP,66161.0,IIb,IIb,2022-09-02,2022.0,110,0.9818181818181818,,H1,R,H,R74/H107,II,II
UXP66337.1,UXP,66337.0,IIb,IIb,2022-08-31,2022.0,110,0.9818181818181818,,H1,R,H,R74/H107,II,II
UXP66513.1,UXP,66513.0,IIb,IIb,2022-09-02,2022.0,110,0.9818181818181818,,H1,R,H,R74/H107,II,II
UXP66688.1,UXP,66688.0,IIb,IIb,2022-09-05,2022.0,110,0.9818181818181818,,H1,R,H,R74/H107,II,II
UXP66864.1,UXP,66864.0,IIb,IIb,2022-09-05,2022.0,110,0.9818181818181818,,H1,R,H,R74/H107,II,II
UXP67043.1,UXP,67043.0,IIb,IIb,2022-09-06,2022.0,110,0.9818181818181818,,H1,R,H,R74/H107,II,II
UXP67220.1,UXP,67220.0,IIb,IIb,2022-09-06,2022.0,110,0.9818181818181818,,H1,R,H,R74/H107,II,II
UXP67394.1,UXP,67394.0,IIb,IIb,2022-09-06,2022.0,110,0.9818181818181818,,H1,R,H,R74/H107,II,II
UXP67568.1,UXP,67568.0,IIb,IIb,2022-09-05,2022.0,110,0.9818181818181818,,H1,R,H,R74/H107,II,II
UXP67747.1,UXP,67747.0,IIb,IIb,2022-09-09,2022.0,110,0.9818181818181818,,H1,R,H,R74/H107,II,II
UXP67923.1,UXP,67923.0,IIb,IIb,2022-09-12,2022.0,110,0.9818181818181818,,H1,R,H,R74/H107,II,II
UXP68100.1,UXP,68100.0,IIb,IIb,2022-09-10,2022.0,110,0.9818181818181818,,H1,R,H,R74/H107,II,II
UXP68278.1,UXP,68278.0,IIb,IIb,2022-09-09,2022.0,110,0.9818181818181818,,H1,R,H,R74/H107,II,II
UXP68453.1,UXP,68453.0,IIb,IIb,2022-07-28,2022.0,110,0.9818181818181818,,H1,R,H,R74/H107,II,II
UXP68626.1,UXP,68626.0,IIb,IIb,2022-08-02,2022.0,110,0.9818181818181818,,H1,R,H,R74/H107,II,II
UXP68800.1,UXP,68800.0,IIb,IIb,2022-08-04,2022.0,110,0.9818181818181818,,H1,R,H,R74/H107,II,II
UXP68976.1,UXP,68976.0,IIb,IIb,2022-08-05,2022.0,110,0.9818181818181818,,H1,R,H,R74/H107,II,II
UXP69147.1,UXP,69147.0,IIb,IIb,2022-08-16,2022.0,110,0.9818181818181818,,H1,R,H,R74/H107,II,II
UXP69322.1,UXP,69322.0,IIb,IIb,2022-08-24,2022.0,110,0.9818181818181818,,H1,R,H,R74/H107,II,II
UXP69500.1,UXP,69500.0,IIb,IIb,2022-09-13,2022.0,110,0.9818181818181818,,H1,R,H,R74/H107,II,II
UXP69677.1,UXP,69677.0,IIb,IIb,2022-09-14,2022.0,110,0.9818181818181818,,H1,R,H,R74/H107,II,II
UXP69853.1,UXP,69853.0,IIb,IIb,2022-09-14,2022.0,110,0.9818181818181818,,H1,R,H,R74/H107,II,II
UXP70030.1,UXP,70030.0,IIb,IIb,2022-09-15,2022.0,110,0.9818181818181818,,H1,R,H,R74/H107,II,II
UXP70207.1,UXP,70207.0,IIb,IIb,2022-09-16,2022.0,110,0.9818181818181818,,H1,R,H,R74/H107,II,II
UXL45934.1,UXL,45934.0,IIb,IIb,2022-07-23,2022.0,110,0.9818181818181818,,H1,R,H,R74/H107,II,II
UXL46113.1,UXL,46113.0,IIb,IIb,2022-08-04,2022.0,110,0.9818181818181818,,H1,R,H,R74/H107,II,II
UXL46292.1,UXL,46292.0,IIb,IIb,2022-06-06,2022.0,110,0.9818181818181818,,H1,R,H,R74/H107,II,II
UXL46471.1,UXL,46471.0,IIb,IIb,2022-06-14,2022.0,110,0.9818181818181818,,H1,R,H,R74/H107,II,II
UXL46650.1,UXL,46650.0,IIb,IIb,2022-06-30,2022.0,110,0.9818181818181818,,H1,R,H,R74/H107,II,II
UXL46829.1,UXL,46829.0,IIb,IIb,2022-07-06,2022.0,110,0.9818181818181818,,H1,R,H,R74/H107,II,II
UXL47005.1,UXL,47005.0,IIb,IIb,2022-07-02,2022.0,110,0.9818181818181818,,H1,R,H,R74/H107,II,II
UXL47181.1,UXL,47181.0,IIb,IIb,2022-07-04,2022.0,110,0.9818181818181818,,H1,R,H,R74/H107,II,II
UXL47359.1,UXL,47359.0,IIb,IIb,2022-07-05,2022.0,110,0.9818181818181818,,H1,R,H,R74/H107,II,II
UXL47537.1,UXL,47537.0,IIb,IIb,2022-07-05,2022.0,110,0.9818181818181818,,H1,R,H,R74/H107,II,II
UXL47714.1,UXL,47714.0,IIb,IIb,2022-07-05,2022.0,110,0.9818181818181818,,H1,R,H,R74/H107,II,II
UXL47893.1,UXL,47893.0,IIb,IIb,2022-07-05,2022.0,110,0.9818181818181818,,H1,R,H,R74/H107,II,II
UXL48072.1,UXL,48072.0,IIb,IIb,2022-07-06,2022.0,110,0.9818181818181818,,H1,R,H,R74/H107,II,II
UXL48248.1,UXL,48248.0,IIb,IIb,2022-07-05,2022.0,110,0.9818181818181818,,H1,R,H,R74/H107,II,II
UXL48427.1,UXL,48427.0,IIb,IIb,2022-07-06,2022.0,110,0.9818181818181818,,H1,R,H,R74/H107,II,II
UXL48606.1,UXL,48606.0,IIb,IIb,2022-07-05,2022.0,110,0.9818181818181818,,H1,R,H,R74/H107,II,II
UXL48785.1,UXL,48785.0,IIb,IIb,2022-07-06,2022.0,110,0.9818181818181818,,H1,R,H,R74/H107,II,II
UXL48964.1,UXL,48964.0,IIb,IIb,2022-07-07,2022.0,110,0.9818181818181818,,H1,R,H,R74/H107,II,II
UXL49143.1,UXL,49143.0,IIb,IIb,2022-07-06,2022.0,110,0.9818181818181818,,H1,R,H,R74/H107,II,II
UXL49315.1,UXL,49315.0,IIb,IIb,2022-07-06,2022.0,110,0.9818181818181818,,H1,R,H,R74/H107,II,II
UXL49491.1,UXL,49491.0,IIb,IIb,2022-07-05,2022.0,110,0.9818181818181818,,H1,R,H,R74/H107,II,II
UXL49670.1,UXL,49670.0,IIb,IIb,2022-06-01,2022.0,110,0.9818181818181818,,H1,R,H,R74/H107,II,II
UXL49847.1,UXL,49847.0,IIb,IIb,2022-06-02,2022.0,110,0.9818181818181818,,H1,R,H,R74/H107,II,II
UXL50025.1,UXL,50025.0,IIb,IIb,2022-06-09,2022.0,110,0.9818181818181818,,H1,R,H,R74/H107,II,II
UXL50202.1,UXL,50202.0,IIb,IIb,2022-06-09,2022.0,110,0.9818181818181818,,H1,R,H,R74/H107,II,II
UXL50379.1,UXL,50379.0,IIb,IIb,2022-06-12,2022.0,110,0.9818181818181818,,H1,R,H,R74/H107,II,II
UXL50558.1,UXL,50558.0,IIb,IIb,2022-06-12,2022.0,110,0.9818181818181818,,H1,R,H,R74/H107,II,II
UXL50734.1,UXL,50734.0,IIb,IIb,2022-06-13,2022.0,110,0.9818181818181818,,H1,R,H,R74/H107,II,II
UXL50910.1,UXL,50910.0,IIb,IIb,2022-06-15,2022.0,110,0.9818181818181818,,H1,R,H,R74/H107,II,II
UXL51085.1,UXL,51085.0,IIb,IIb,2022-06-14,2022.0,110,0.9818181818181818,,H1,R,H,R74/H107,II,II
UXL51263.1,UXL,51263.0,IIb,IIb,2022-06-14,2022.0,110,0.9818181818181818,,H1,R,H,R74/H107,II,II
UXL51441.1,UXL,51441.0,IIb,IIb,2022-06-14,2022.0,110,0.9818181818181818,,H1,R,H,R74/H107,II,II
UXL51620.1,UXL,51620.0,IIb,IIb,2022-06-15,2022.0,110,0.9818181818181818,,H1,R,H,R74/H107,II,II
UXL51799.1,UXL,51799.0,IIb,IIb,2022-06-16,2022.0,110,0.9818181818181818,,H1,R,H,R74/H107,II,II
UXL51971.1,UXL,51971.0,IIb,IIb,2022-06-17,2022.0,110,0.9818181818181818,,H1,R,H,R74/H107,II,II
UXL52147.1,UXL,52147.0,IIb,IIb,2022-06-17,2022.0,110,0.9818181818181818,,H1,R,H,R74/H107,II,II
UXL52325.1,UXL,52325.0,IIb,IIb,2022-06-17,2022.0,110,0.9818181818181818,,H1,R,H,R74/H107,II,II
UXL52500.1,UXL,52500.0,IIb,IIb,2022-06-18,2022.0,110,0.9818181818181818,,H1,R,H,R74/H107,II,II
UXL52675.1,UXL,52675.0,IIb,IIb,2022-06-19,2022.0,110,0.9818181818181818,,H1,R,H,R74/H107,II,II
UXL52852.1,UXL,52852.0,IIb,IIb,2022-06-22,2022.0,110,0.9818181818181818,,H1,R,H,R74/H107,II,II
UXL53029.1,UXL,53029.0,IIb,IIb,2022-06-21,2022.0,110,0.9818181818181818,,H1,R,H,R74/H107,II,II
UXL53206.1,UXL,53206.0,IIb,IIb,2022-06-23,2022.0,110,0.9818181818181818,,H1,R,H,R74/H107,II,II
UXL53384.1,UXL,53384.0,IIb,IIb,2022-06-22,2022.0,110,0.9818181818181818,,H1,R,H,R74/H107,II,II
UXL53563.1,UXL,53563.0,IIb,IIb,2022-06-23,2022.0,110,0.9818181818181818,,H1,R,H,R74/H107,II,II
UXL53740.1,UXL,53740.0,IIb,IIb,2022-06-23,2022.0,110,0.9818181818181818,,H1,R,H,R74/H107,II,II
UXL53918.1,UXL,53918.0,IIb,IIb,2022-06-23,2022.0,110,0.9818181818181818,,H1,R,H,R74/H107,II,II
UXL54097.1,UXL,54097.0,IIb,IIb,2022-06-24,2022.0,110,0.9818181818181818,,H1,R,H,R74/H107,II,II
UXL54275.1,UXL,54275.0,IIb,IIb,2022-06-23,2022.0,110,0.9818181818181818,,H1,R,H,R74/H107,II,II
UXL54453.1,UXL,54453.0,IIb,IIb,2022-06-23,2022.0,110,0.9818181818181818,,H1,R,H,R74/H107,II,II
UXL54632.1,UXL,54632.0,IIb,IIb,2022-06-24,2022.0,110,0.9818181818181818,,H1,R,H,R74/H107,II,II
UXL54811.1,UXL,54811.0,IIb,IIb,2022-06-24,2022.0,110,0.9818181818181818,,H1,R,H,R74/H107,II,II
UXL54988.1,UXL,54988.0,IIb,IIb,2022-06-25,2022.0,110,0.9818181818181818,,H1,R,H,R74/H107,II,II
UXL55167.1,UXL,55167.0,IIb,IIb,2022-07-04,2022.0,110,0.9818181818181818,,H1,R,H,R74/H107,II,II
UXL55344.1,UXL,55344.0,IIb,IIb,2022-07-01,2022.0,110,0.9818181818181818,,H1,R,H,R74/H107,II,II
UXL55523.1,UXL,55523.0,IIb,IIb,2022-07-06,2022.0,110,0.9818181818181818,,H1,R,H,R74/H107,II,II
UXL55701.1,UXL,55701.0,IIb,IIb,2022-07-09,2022.0,110,0.9818181818181818,,H1,R,H,R74/H107,II,II
UXL55880.1,UXL,55880.0,IIb,IIb,2022-07-06,2022.0,110,0.9818181818181818,,H1,R,H,R74/H107,II,II
UXL56053.1,UXL,56053.0,IIb,IIb,2022-07-05,2022.0,110,0.9818181818181818,,H1,R,H,R74/H107,II,II
UXL56221.1,UXL,56221.0,IIb,IIb,2022-07-06,2022.0,110,0.9818181818181818,,H1,R,H,R74/H107,II,II
UXL56397.1,UXL,56397.0,IIb,IIb,2022-07-06,2022.0,110,0.9818181818181818,,H1,R,H,R74/H107,II,II
UXL56571.1,UXL,56571.0,IIb,IIb,2022-06-24,2022.0,110,0.9818181818181818,,H1,R,H,R74/H107,II,II
UXL56749.1,UXL,56749.0,IIb,IIb,2022-06-22,2022.0,110,0.9818181818181818,,H1,R,H,R74/H107,II,II
UXL56921.1,UXL,56921.0,IIb,IIb,2022-06-27,2022.0,110,0.9818181818181818,,H1,R,H,R74/H107,II,II
UXL57100.1,UXL,57100.0,IIb,IIb,2022-06-27,2022.0,110,0.9818181818181818,,H1,R,H,R74/H107,II,II
UXL57279.1,UXL,57279.0,IIb,IIb,2022-06-27,2022.0,110,0.9818181818181818,,H1,R,H,R74/H107,II,II
UXL57456.1,UXL,57456.0,IIb,IIb,2022-06-28,2022.0,110,0.9818181818181818,,H1,R,H,R74/H107,II,II
UXL57631.1,UXL,57631.0,IIb,IIb,2022-06-25,2022.0,110,0.9818181818181818,,H1,R,H,R74/H107,II,II
UXL57807.1,UXL,57807.0,IIb,IIb,2022-06-28,2022.0,110,0.9818181818181818,,H1,R,H,R74/H107,II,II
UXL57982.1,UXL,57982.0,IIb,IIb,2022-06-28,2022.0,110,0.9818181818181818,,H1,R,H,R74/H107,II,II
UXL58160.1,UXL,58160.0,IIb,IIb,2022-06-30,2022.0,110,0.9818181818181818,,H1,R,H,R74/H107,II,II
UXL58339.1,UXL,58339.0,IIb,IIb,2022-07-01,2022.0,110,0.9818181818181818,,H1,R,H,R74/H107,II,II
UXL58512.1,UXL,58512.0,IIb,IIb,2022-06-30,2022.0,110,0.9818181818181818,,H1,R,H,R74/H107,II,II
UXL58688.1,UXL,58688.0,IIb,IIb,2022-06-30,2022.0,110,0.9818181818181818,,H1,R,H,R74/H107,II,II
UXL58867.1,UXL,58867.0,IIb,IIb,2022-07-01,2022.0,110,0.9818181818181818,,H1,R,H,R74/H107,II,II
UXL59045.1,UXL,59045.0,IIb,IIb,2022-07-01,2022.0,110,0.9818181818181818,,H1,R,H,R74/H107,II,II
UXL59224.1,UXL,59224.0,IIb,IIb,2022-07-01,2022.0,110,0.9818181818181818,,H1,R,H,R74/H107,II,II
UXL59403.1,UXL,59403.0,IIb,IIb,2022-07-01,2022.0,110,0.9818181818181818,,H1,R,H,R74/H107,II,II
UXL59578.1,UXL,59578.0,IIb,IIb,2022-06-30,2022.0,110,0.9818181818181818,,H1,R,H,R74/H107,II,II
UXL59756.1,UXL,59756.0,IIb,IIb,2022-07-02,2022.0,110,0.9818181818181818,,H1,R,H,R74/H107,II,II
UXL59935.1,UXL,59935.0,IIb,IIb,2022-07-01,2022.0,110,0.9818181818181818,,H1,R,H,R74/H107,II,II
UXL60114.1,UXL,60114.0,IIb,IIb,2022-07-02,2022.0,110,0.9818181818181818,,H1,R,H,R74/H107,II,II
UXL60293.1,UXL,60293.0,IIb,IIb,2022-07-03,2022.0,110,0.9818181818181818,,H1,R,H,R74/H107,II,II
UXL60471.1,UXL,60471.0,IIb,IIb,2022-07-04,2022.0,110,0.9818181818181818,,H1,R,H,R74/H107,II,II
UXL60649.1,UXL,60649.0,IIb,IIb,2022-07-06,2022.0,110,0.9818181818181818,,H1,R,H,R74/H107,II,II
UXL60831.1,UXL,60831.0,IIb,IIb,2022-08,2022.0,110,0.9818181818181818,,H1,R,H,R74/H107,II,II
UXL61009.1,UXL,61009.0,IIb,IIb,2022-08,2022.0,110,0.9818181818181818,,H1,R,H,R74/H107,II,II
UXL61187.1,UXL,61187.0,IIb,IIb,2022-08,2022.0,110,0.9818181818181818,,H1,R,H,R74/H107,II,II
UXL61365.1,UXL,61365.0,IIb,IIb,2022-08,2022.0,110,0.9818181818181818,,H1,R,H,R74/H107,II,II
UXL61544.1,UXL,61544.0,IIb,IIb,2022-08,2022.0,110,0.9818181818181818,,H1,R,H,R74/H107,II,II
UXL61722.1,UXL,61722.0,IIb,IIb,2022-08,2022.0,110,0.9818181818181818,,H1,R,H,R74/H107,II,II
UXL61897.1,UXL,61897.0,IIb,IIb,2022-08,2022.0,110,0.9818181818181818,,H1,R,H,R74/H107,II,II
UXL62076.1,UXL,62076.0,IIb,IIb,2022-08,2022.0,110,0.9818181818181818,,H1,R,H,R74/H107,II,II
UXL62254.1,UXL,62254.0,IIb,IIb,2022-08,2022.0,110,0.9818181818181818,,H1,R,H,R74/H107,II,II
UXL62433.1,UXL,62433.0,IIb,IIb,2022-08,2022.0,110,0.9818181818181818,,H1,R,H,R74/H107,II,II
UXL62612.1,UXL,62612.0,IIb,IIb,2022-08,2022.0,110,0.9818181818181818,,H1,R,H,R74/H107,II,II
UXL62791.1,UXL,62791.0,IIb,IIb,2022-08,2022.0,110,0.9818181818181818,,H1,R,H,R74/H107,II,II
UXL62969.1,UXL,62969.0,IIb,IIb,2022-08,2022.0,110,0.9818181818181818,,H1,R,H,R74/H107,II,II
UXL63147.1,UXL,63147.0,IIb,IIb,2022-08,2022.0,110,0.9818181818181818,,H1,R,H,R74/H107,II,II
UXL63325.1,UXL,63325.0,IIb,IIb,2022-08,2022.0,110,0.9818181818181818,,H1,R,H,R74/H107,II,II
UXL63503.1,UXL,63503.0,IIb,IIb,2022-08,2022.0,110,0.9818181818181818,,H1,R,H,R74/H107,II,II
UXL63682.1,UXL,63682.0,IIb,IIb,2022-08,2022.0,110,0.9818181818181818,,H1,R,H,R74/H107,II,II
UXL63860.1,UXL,63860.0,IIb,IIb,2022-08,2022.0,110,0.9818181818181818,,H1,R,H,R74/H107,II,II
UXL64039.1,UXL,64039.0,IIb,IIb,2022-09,2022.0,110,0.9818181818181818,,H1,R,H,R74/H107,II,II
UXL64218.1,UXL,64218.0,IIb,IIb,2022-08,2022.0,110,0.9818181818181818,,H1,R,H,R74/H107,II,II
UXL64397.1,UXL,64397.0,IIb,IIb,2022-08,2022.0,110,0.9818181818181818,,H1,R,H,R74/H107,II,II
UXL64576.1,UXL,64576.0,IIb,IIb,2022-08,2022.0,110,0.9818181818181818,,H1,R,H,R74/H107,II,II
UXL64754.1,UXL,64754.0,IIb,IIb,2022-08,2022.0,110,0.9818181818181818,,H1,R,H,R74/H107,II,II
UXL64933.1,UXL,64933.0,IIb,IIb,2022-08,2022.0,110,0.9818181818181818,,H1,R,H,R74/H107,II,II
UXL65111.1,UXL,65111.0,IIb,IIb,2022-08,2022.0,110,0.9818181818181818,,H1,R,H,R74/H107,II,II
UXL65290.1,UXL,65290.0,IIb,IIb,2022-08,2022.0,110,0.9818181818181818,,H1,R,H,R74/H107,II,II
UXL65468.1,UXL,65468.0,IIb,IIb,2022-08,2022.0,110,0.9818181818181818,,H1,R,H,R74/H107,II,II
UXL65646.1,UXL,65646.0,IIb,IIb,2022-08,2022.0,110,0.9818181818181818,,H1,R,H,R74/H107,II,II
UXL65823.1,UXL,65823.0,IIb,IIb,2022-09,2022.0,110,0.9818181818181818,,H1,R,H,R74/H107,II,II
UXL66002.1,UXL,66002.0,IIb,IIb,2022-08,2022.0,110,0.9818181818181818,,H1,R,H,R74/H107,II,II
UXL66181.1,UXL,66181.0,IIb,IIb,2022-09,2022.0,110,0.9818181818181818,,H1,R,H,R74/H107,II,II
UXL66360.1,UXL,66360.0,IIb,IIb,2022-09,2022.0,110,0.9818181818181818,,H1,R,H,R74/H107,II,II
UXL66539.1,UXL,66539.0,IIb,IIb,2022-09,2022.0,110,0.9818181818181818,,H1,R,H,R74/H107,II,II
UXL66718.1,UXL,66718.0,IIb,IIb,2022-09,2022.0,110,0.9818181818181818,,H1,R,H,R74/H107,II,II
UXL66896.1,UXL,66896.0,IIb,IIb,2022-08,2022.0,110,0.9818181818181818,,H1,R,H,R74/H107,II,II
UXL67075.1,UXL,67075.0,IIb,IIb,2022-09,2022.0,110,0.9818181818181818,,H1,R,H,R74/H107,II,II
UXL67253.1,UXL,67253.0,IIb,IIb,2022-09,2022.0,110,0.9818181818181818,,H1,R,H,R74/H107,II,II
UXL67432.1,UXL,67432.0,IIb,IIb,2022-09,2022.0,110,0.9818181818181818,,H1,R,H,R74/H107,II,II
UXL67610.1,UXL,67610.0,IIb,IIb,2022-09,2022.0,110,0.9818181818181818,,H1,R,H,R74/H107,II,II
UXL67789.1,UXL,67789.0,IIb,IIb,2022-09,2022.0,110,0.9818181818181818,,H1,R,H,R74/H107,II,II
UXL67967.1,UXL,67967.0,IIb,IIb,2022-01,2022.0,110,0.9818181818181818,,H1,R,H,R74/H107,II,II
UXL68145.1,UXL,68145.0,IIb,IIb,2022-08,2022.0,110,0.9818181818181818,,H1,R,H,R74/H107,II,II
UXL68323.1,UXL,68323.0,IIb,IIb,2022-08,2022.0,110,0.9818181818181818,,H1,R,H,R74/H107,II,II
UXL68501.1,UXL,68501.0,IIb,IIb,2022-08,2022.0,110,0.9818181818181818,,H1,R,H,R74/H107,II,II
UXL68679.1,UXL,68679.0,IIb,IIb,2022-08,2022.0,110,0.9818181818181818,,H1,R,H,R74/H107,II,II
UXL68857.1,UXL,68857.0,IIb,IIb,2022-08,2022.0,110,0.9818181818181818,,H1,R,H,R74/H107,II,II
UXL69035.1,UXL,69035.0,IIb,IIb,2022-08,2022.0,110,0.9818181818181818,,H1,R,H,R74/H107,II,II
UXL69213.1,UXL,69213.0,IIb,IIb,2022-08,2022.0,110,0.9818181818181818,,H1,R,H,R74/H107,II,II
UXL69392.1,UXL,69392.0,IIb,IIb,2022-08,2022.0,110,0.9818181818181818,,H1,R,H,R74/H107,II,II
UXL69571.1,UXL,69571.0,IIb,IIb,2022-08,2022.0,110,0.9818181818181818,,H1,R,H,R74/H107,II,II
UXL69750.1,UXL,69750.0,IIb,IIb,2022-08,2022.0,110,0.9818181818181818,,H1,R,H,R74/H107,II,II
UXL69927.1,UXL,69927.0,IIb,IIb,2022-08,2022.0,110,0.9818181818181818,,H1,R,H,R74/H107,II,II
UXL70106.1,UXL,70106.0,IIb,IIb,2022-08,2022.0,110,0.9818181818181818,,H1,R,H,R74/H107,II,II
UXL70284.1,UXL,70284.0,IIb,IIb,2022-08,2022.0,110,0.9818181818181818,,H1,R,H,R74/H107,II,II
UXL70462.1,UXL,70462.0,IIb,IIb,2022-08,2022.0,110,0.9818181818181818,,H1,R,H,R74/H107,II,II
UXL70640.1,UXL,70640.0,IIb,IIb,2022-09,2022.0,110,0.9818181818181818,,H1,R,H,R74/H107,II,II
UXL70818.1,UXL,70818.0,IIb,IIb,2022-09,2022.0,110,0.9818181818181818,,H1,R,H,R74/H107,II,II
UXL70997.1,UXL,70997.0,IIb,IIb,2022-09,2022.0,110,0.9818181818181818,,H1,R,H,R74/H107,II,II
UXL71172.1,UXL,71172.0,IIb,IIb,2022-09,2022.0,110,0.9818181818181818,,H1,R,H,R74/H107,II,II
UXL71350.1,UXL,71350.0,IIb,IIb,2022-07,2022.0,110,0.9818181818181818,,H1,R,H,R74/H107,II,II
UXL71529.1,UXL,71529.0,IIb,IIb,2022-08,2022.0,110,0.9818181818181818,,H1,R,H,R74/H107,II,II
UXL71708.1,UXL,71708.0,IIb,IIb,2022-09,2022.0,110,0.9818181818181818,,H1,R,H,R74/H107,II,II
UXL71887.1,UXL,71887.0,IIb,IIb,2022-08,2022.0,110,0.9818181818181818,,H1,R,H,R74/H107,II,II
UXL72066.1,UXL,72066.0,IIb,IIb,2022-08,2022.0,110,0.9818181818181818,,H1,R,H,R74/H107,II,II
UXL72245.1,UXL,72245.0,IIb,IIb,2022-08,2022.0,110,0.9818181818181818,,H1,R,H,R74/H107,II,II
UXL72424.1,UXL,72424.0,IIb,IIb,2022-09,2022.0,110,0.9818181818181818,,H1,R,H,R74/H107,II,II
UXL72603.1,UXL,72603.0,IIb,IIb,2022-09,2022.0,110,0.9818181818181818,,H1,R,H,R74/H107,II,II
UXL72781.1,UXL,72781.0,IIb,IIb,2022-09,2022.0,110,0.9818181818181818,,H1,R,H,R74/H107,II,II
UXL72960.1,UXL,72960.0,IIb,IIb,2022-09,2022.0,110,0.9818181818181818,,H1,R,H,R74/H107,II,II
UXL73139.1,UXL,73139.0,IIb,IIb,2022-09,2022.0,110,0.9818181818181818,,H1,R,H,R74/H107,II,II
UXL91482.1,UXL,91482.0,IIb,IIb,2022-08-26,2022.0,110,0.9818181818181818,,H1,R,H,R74/H107,II,II
UXL91660.1,UXL,91660.0,IIb,IIb,2022-08-26,2022.0,110,0.9818181818181818,,H1,R,H,R74/H107,II,II
UXL91837.1,UXL,91837.0,IIb,IIb,2022-09-01,2022.0,110,0.9818181818181818,,H1,R,H,R74/H107,II,II
UXL92016.1,UXL,92016.0,IIb,IIb,2022-09-01,2022.0,110,0.9818181818181818,,H1,R,H,R74/H107,II,II
UXL92195.1,UXL,92195.0,IIb,IIb,2022-08-17,2022.0,110,0.9818181818181818,,H1,R,H,R74/H107,II,II
UXL92374.1,UXL,92374.0,IIb,IIb,2022-08-11,2022.0,110,0.9818181818181818,,H1,R,H,R74/H107,II,II
UXL92552.1,UXL,92552.0,IIb,IIb,2022-08-24,2022.0,110,0.9818181818181818,,H1,R,H,R74/H107,II,II
UXL92732.1,UXL,92732.0,IIb,IIb,2022-08-22,2022.0,110,0.9818181818181818,,H1,R,H,R74/H107,II,II
UXL92910.1,UXL,92910.0,IIb,IIb,2022-08-22,2022.0,110,0.9818181818181818,,H1,R,H,R74/H107,II,II
UXL93088.1,UXL,93088.0,IIb,IIb,2022-08-24,2022.0,110,0.9818181818181818,,H1,R,H,R74/H107,II,II
UXL93267.1,UXL,93267.0,IIb,IIb,2022-08-25,2022.0,110,0.9818181818181818,,H1,R,H,R74/H107,II,II
UXL93445.1,UXL,93445.0,IIb,IIb,2022-08-31,2022.0,110,0.9818181818181818,,H1,R,H,R74/H107,II,II
UXL93621.1,UXL,93621.0,IIb,IIb,2022-09-01,2022.0,110,0.9818181818181818,,H1,R,H,R74/H107,II,II
UXL93799.1,UXL,93799.0,IIb,IIb,2022-08-29,2022.0,110,0.9818181818181818,,H1,R,H,R74/H107,II,II
UXL93977.1,UXL,93977.0,IIb,IIb,2022-08-30,2022.0,110,0.9818181818181818,,H1,R,H,R74/H107,II,II
UXL94155.1,UXL,94155.0,IIb,IIb,2022-08-30,2022.0,110,0.9818181818181818,,H1,R,H,R74/H107,II,II
UXL94334.1,UXL,94334.0,IIb,IIb,2022-09-14,2022.0,110,0.9818181818181818,,H1,R,H,R74/H107,II,II
UXL94512.1,UXL,94512.0,IIb,IIb,2022-09-14,2022.0,110,0.9818181818181818,,H1,R,H,R74/H107,II,II
UXL94690.1,UXL,94690.0,IIb,IIb,2022-08-22,2022.0,110,0.9818181818181818,,H1,R,H,R74/H107,II,II
UXL94868.1,UXL,94868.0,IIb,IIb,2022-08-29,2022.0,110,0.9818181818181818,,H1,R,H,R74/H107,II,II
UXL95045.1,UXL,95045.0,IIb,IIb,2022-08-29,2022.0,110,0.9818181818181818,,H1,R,H,R74/H107,II,II
UXL95225.1,UXL,95225.0,IIb,IIb,2022-08-29,2022.0,110,0.9818181818181818,,H1,R,H,R74/H107,II,II
UXL95402.1,UXL,95402.0,IIb,IIb,2022-09-12,2022.0,110,0.9818181818181818,,H1,R,H,R74/H107,II,II
UXL95576.1,UXL,95576.0,IIb,IIb,2022-09-09,2022.0,110,0.9818181818181818,,H1,R,H,R74/H107,II,II
UXL95752.1,UXL,95752.0,IIb,IIb,2022-09-09,2022.0,110,0.9818181818181818,,H1,R,H,R74/H107,II,II
UXL95932.1,UXL,95932.0,IIb,IIb,2022-09-09,2022.0,110,0.9818181818181818,,H1,R,H,R74/H107,II,II
UXL96110.1,UXL,96110.0,IIb,IIb,2022-09-09,2022.0,110,0.9818181818181818,,H1,R,H,R74/H107,II,II
UXL96287.1,UXL,96287.0,IIb,IIb,2022-09-09,2022.0,110,0.9818181818181818,,H1,R,H,R74/H107,II,II
UXL96464.1,UXL,96464.0,IIb,IIb,2022-09-09,2022.0,110,0.9818181818181818,,H1,R,H,R74/H107,II,II
UXL96643.1,UXL,96643.0,IIb,IIb,2022-09-09,2022.0,110,0.9818181818181818,,H1,R,H,R74/H107,II,II
UXL96822.1,UXL,96822.0,IIb,IIb,2022-09-09,2022.0,110,0.9818181818181818,,H1,R,H,R74/H107,II,II
UXL97000.1,UXL,97000.0,IIb,IIb,2022-09-09,2022.0,110,0.9818181818181818,,H1,R,H,R74/H107,II,II
UXL97179.1,UXL,97179.0,IIb,IIb,2022-09-09,2022.0,110,0.9818181818181818,,H1,R,H,R74/H107,II,II
UXL97357.1,UXL,97357.0,IIb,IIb,2022-09-09,2022.0,110,0.9818181818181818,,H1,R,H,R74/H107,II,II
UXL97536.1,UXL,97536.0,IIb,IIb,2022-09-09,2022.0,110,0.9818181818181818,,H1,R,H,R74/H107,II,II
UXL97715.1,UXL,97715.0,IIb,IIb,2022-09-09,2022.0,110,0.9818181818181818,,H1,R,H,R74/H107,II,II
UXL97893.1,UXL,97893.0,IIb,IIb,2022-09-09,2022.0,110,0.9818181818181818,,H1,R,H,R74/H107,II,II
UXL98072.1,UXL,98072.0,IIb,IIb,2022-08-08,2022.0,110,0.9818181818181818,,H1,R,H,R74/H107,II,II
UXL98251.1,UXL,98251.0,IIb,IIb,2022-08-09,2022.0,110,0.9818181818181818,,H1,R,H,R74/H107,II,II
UXL98429.1,UXL,98429.0,IIb,IIb,2022-08-08,2022.0,110,0.9818181818181818,,H1,R,H,R74/H107,II,II
UXL98608.1,UXL,98608.0,IIb,IIb,2022-08-04,2022.0,110,0.9818181818181818,,H1,R,H,R74/H107,II,II
UXL98787.1,UXL,98787.0,IIb,IIb,2022-08-19,2022.0,110,0.9818181818181818,,H1,R,H,R74/H107,II,II
UXL98965.1,UXL,98965.0,IIb,IIb,2022-08-25,2022.0,110,0.9818181818181818,,H1,R,H,R74/H107,II,II
UXL99139.1,UXL,99139.0,IIb,IIb,2022-08-29,2022.0,110,0.9818181818181818,,H1,R,H,R74/H107,II,II
UXL99309.1,UXL,99309.0,IIb,IIb,2022-08-24,2022.0,110,0.9818181818181818,,H1,R,H,R74/H107,II,II
UXL99488.1,UXL,99488.0,IIb,IIb,2022-08-30,2022.0,110,0.9818181818181818,,H1,R,H,R74/H107,II,II
UXL99666.1,UXL,99666.0,IIb,IIb,2022-08-30,2022.0,110,0.9818181818181818,,H1,R,H,R74/H107,II,II
UXL99845.1,UXL,99845.0,IIb,IIb,2022-09-02,2022.0,110,0.9818181818181818,,H1,R,H,R74/H107,II,II
UXM00025.1,UXM,25.0,IIb,IIb,2022-09-13,2022.0,110,0.9818181818181818,,H1,R,H,R74/H107,II,II
UXM00204.1,UXM,204.0,IIb,IIb,2022-09-12,2022.0,110,0.9818181818181818,,H1,R,H,R74/H107,II,II
UXM00382.1,UXM,382.0,IIb,IIb,2022-08-10,2022.0,110,0.9818181818181818,,H1,R,H,R74/H107,II,II
UXM00560.1,UXM,560.0,IIb,IIb,2022-08-17,2022.0,110,0.9818181818181818,,H1,R,H,R74/H107,II,II
UXM00739.1,UXM,739.0,IIb,IIb,2022-08-17,2022.0,110,0.9818181818181818,,H1,R,H,R74/H107,II,II
UXM00919.1,UXM,919.0,IIb,IIb,2022-08-17,2022.0,110,0.9818181818181818,,H1,R,H,R74/H107,II,II
UXM01097.1,UXM,1097.0,IIb,IIb,2022-08-23,2022.0,110,0.9818181818181818,,H1,R,H,R74/H107,II,II
UXM01275.1,UXM,1275.0,IIb,IIb,2022-08-31,2022.0,110,0.9818181818181818,,H1,R,H,R74/H107,II,II
UXK18198.1,UXK,18198.0,IIb,IIb,2022-09,2022.0,110,0.9818181818181818,,H1,R,H,R74/H107,II,II
UXK18377.1,UXK,18377.0,IIb,IIb,2022-09,2022.0,110,0.9818181818181818,,H1,R,H,R74/H107,II,II
UXK18556.1,UXK,18556.0,IIb,IIb,2022-09,2022.0,110,0.9818181818181818,,H1,R,H,R74/H107,II,II
UXK18735.1,UXK,18735.0,IIb,IIb,2022-09,2022.0,110,0.9818181818181818,,H1,R,H,R74/H107,II,II
UXK18914.1,UXK,18914.0,IIb,IIb,2022-09,2022.0,110,0.9818181818181818,,H1,R,H,R74/H107,II,II
UXK19092.1,UXK,19092.0,IIb,IIb,2022-09,2022.0,110,0.9818181818181818,,H1,R,H,R74/H107,II,II
UXK19271.1,UXK,19271.0,IIb,IIb,2022-09,2022.0,110,0.9818181818181818,,H1,R,H,R74/H107,II,II
UXK19450.1,UXK,19450.0,IIb,IIb,2022-09,2022.0,110,0.9818181818181818,,H1,R,H,R74/H107,II,II
UXK19629.1,UXK,19629.0,IIb,IIb,2022-09,2022.0,110,0.9818181818181818,,H1,R,H,R74/H107,II,II
UXK19808.1,UXK,19808.0,IIb,IIb,2022-09,2022.0,110,0.9818181818181818,,H1,R,H,R74/H107,II,II
UXK19987.1,UXK,19987.0,IIb,IIb,2022-09,2022.0,110,0.9818181818181818,,H1,R,H,R74/H107,II,II
UXK20166.1,UXK,20166.0,IIb,IIb,2022-09,2022.0,110,0.9818181818181818,,H1,R,H,R74/H107,II,II
UXK20345.1,UXK,20345.0,IIb,IIb,2022-09,2022.0,110,0.9818181818181818,,H1,R,H,R74/H107,II,II
UXK20524.1,UXK,20524.0,IIb,IIb,2022-09,2022.0,110,0.9818181818181818,,H1,R,H,R74/H107,II,II
UXK20703.1,UXK,20703.0,IIb,IIb,2022-09,2022.0,110,0.9818181818181818,,H1,R,H,R74/H107,II,II
UXK20882.1,UXK,20882.0,IIb,IIb,2022-09,2022.0,110,0.9818181818181818,,H1,R,H,R74/H107,II,II
UXK21061.1,UXK,21061.0,IIb,IIb,2022-09,2022.0,110,0.9818181818181818,,H1,R,H,R74/H107,II,II
UXK21240.1,UXK,21240.0,IIb,IIb,2022-09,2022.0,110,0.9818181818181818,,H1,R,H,R74/H107,II,II
UXK21419.1,UXK,21419.0,IIb,IIb,2022-09,2022.0,110,0.9818181818181818,,H1,R,H,R74/H107,II,II
UXK21598.1,UXK,21598.0,IIb,IIb,2022-09,2022.0,110,0.9818181818181818,,H1,R,H,R74/H107,II,II
UXK21777.1,UXK,21777.0,IIb,IIb,2022-09,2022.0,110,0.9818181818181818,,H1,R,H,R74/H107,II,II
UXK21956.1,UXK,21956.0,IIb,IIb,2022-09,2022.0,110,0.9818181818181818,,H1,R,H,R74/H107,II,II
UXK22135.1,UXK,22135.0,IIb,IIb,2022-09,2022.0,110,0.9818181818181818,,H1,R,H,R74/H107,II,II
UXK22314.1,UXK,22314.0,IIb,IIb,2022-09,2022.0,110,0.9818181818181818,,H1,R,H,R74/H107,II,II
UXK22493.1,UXK,22493.0,IIb,IIb,2022-09,2022.0,110,0.9818181818181818,,H1,R,H,R74/H107,II,II
UXK22672.1,UXK,22672.0,IIb,IIb,2022-09,2022.0,110,0.9818181818181818,,H1,R,H,R74/H107,II,II
UXK22851.1,UXK,22851.0,IIb,IIb,2022-09,2022.0,110,0.9818181818181818,,H1,R,H,R74/H107,II,II
UXK23030.1,UXK,23030.0,IIb,IIb,2022-09,2022.0,110,0.9818181818181818,,H1,R,H,R74/H107,II,II
UXK23209.1,UXK,23209.0,IIb,IIb,2022-09,2022.0,110,0.9818181818181818,,H1,R,H,R74/H107,II,II
UXK23388.1,UXK,23388.0,IIb,IIb,2022-09,2022.0,110,0.9818181818181818,,H1,R,H,R74/H107,II,II
UXK23567.1,UXK,23567.0,IIb,IIb,2022-09,2022.0,110,0.9818181818181818,,H1,R,H,R74/H107,II,II
UXK23746.1,UXK,23746.0,IIb,IIb,2022-09,2022.0,110,0.9818181818181818,,H1,R,H,R74/H107,II,II
UXK23925.1,UXK,23925.0,IIb,IIb,2022-09,2022.0,110,0.9818181818181818,,H1,R,H,R74/H107,II,II
UXK24104.1,UXK,24104.0,IIb,IIb,2022-09,2022.0,110,0.9818181818181818,,H1,R,H,R74/H107,II,II
UXK30827.1,UXK,30827.0,IIb,IIb,2022-08,2022.0,110,0.9818181818181818,,H1,R,H,R74/H107,II,II
UXK31005.1,UXK,31005.0,IIb,IIb,2022-06,2022.0,110,0.9818181818181818,,H1,R,H,R74/H107,II,II
UXK31193.1,UXK,31193.0,IIb,IIb,2022-06,2022.0,110,0.9818181818181818,,H1,R,H,R74/H107,II,II
UXK31364.1,UXK,31364.0,IIb,IIb,2022-07,2022.0,110,0.9818181818181818,,H1,R,H,R74/H107,II,II
UXK31552.1,UXK,31552.0,IIb,IIb,2022-06,2022.0,110,0.9818181818181818,,H1,R,H,R74/H107,II,II
UXK31731.1,UXK,31731.0,IIb,IIb,2022-06,2022.0,110,0.9818181818181818,,H1,R,H,R74/H107,II,II
UXK31913.1,UXK,31913.0,IIb,IIb,2022-06,2022.0,110,0.9818181818181818,,H1,R,H,R74/H107,II,II
UXK32090.1,UXK,32090.0,IIb,IIb,2022-06,2022.0,110,0.9818181818181818,,H1,R,H,R74/H107,II,II
UXK56629.1,UXK,56629.0,IIb,IIb,2022-08-03,2022.0,110,0.9818181818181818,,H1,R,H,R74/H107,II,II
UXK56806.1,UXK,56806.0,IIb,IIb,2022-08-05,2022.0,110,0.9818181818181818,,H1,R,H,R74/H107,II,II
UXK56979.1,UXK,56979.0,IIb,IIb,2022-08-09,2022.0,110,0.9818181818181818,,H1,R,H,R74/H107,II,II
UXK57146.1,UXK,57146.0,IIb,IIb,2022-08-18,2022.0,110,0.9818181818181818,,H1,R,H,R74/H107,II,II
UXK57313.1,UXK,57313.0,IIb,IIb,2022-07-20,2022.0,110,0.9818181818181818,,H1,R,H,R74/H107,II,II
UXK57482.1,UXK,57482.0,IIb,IIb,2022-07-22,2022.0,110,0.9818181818181818,,H1,R,H,R74/H107,II,II
UXK57656.1,UXK,57656.0,IIb,IIb,2022-07-31,2022.0,110,0.9818181818181818,,H1,R,H,R74/H107,II,II
UXK57833.1,UXK,57833.0,IIb,IIb,2022-07-17,2022.0,110,0.9818181818181818,,H1,R,H,R74/H107,II,II
UXK58011.1,UXK,58011.0,IIb,IIb,2022-07-18,2022.0,110,0.9818181818181818,,H1,R,H,R74/H107,II,II
UXF48206.1,UXF,48206.0,IIb,IIb,2022-09,2022.0,110,0.9818181818181818,,H1,R,H,R74/H107,II,II
UXF48381.1,UXF,48381.0,IIb,IIb,2022-09,2022.0,110,0.9818181818181818,,H1,R,H,R74/H107,II,II
UXF48556.1,UXF,48556.0,IIb,IIb,2022-09,2022.0,110,0.9818181818181818,,H1,R,H,R74/H107,II,II
UXF48731.1,UXF,48731.0,IIb,IIb,2022-09,2022.0,110,0.9818181818181818,,H1,R,H,R74/H107,II,II
UXF48906.1,UXF,48906.0,IIb,IIb,2022-09,2022.0,110,0.9818181818181818,,H1,R,H,R74/H107,II,II
UXF49081.1,UXF,49081.0,IIb,IIb,2022-09,2022.0,110,0.9818181818181818,,H1,R,H,R74/H107,II,II
UXF49256.1,UXF,49256.0,IIb,IIb,2022-09,2022.0,110,0.9818181818181818,,H1,R,H,R74/H107,II,II
UXF49431.1,UXF,49431.0,IIb,IIb,2022-09,2022.0,110,0.9818181818181818,,H1,R,H,R74/H107,II,II
UXF49606.1,UXF,49606.0,IIb,IIb,2022-09,2022.0,110,0.9818181818181818,,H1,R,H,R74/H107,II,II
UXF49781.1,UXF,49781.0,IIb,IIb,2022-09,2022.0,110,0.9818181818181818,,H1,R,H,R74/H107,II,II
UXD72011.1,UXD,72011.0,IIb,IIb,2022-08-02,2022.0,110,0.9818181818181818,,H1,R,H,R74/H107,II,II
UXD72189.1,UXD,72189.0,IIb,IIb,2022-08-17,2022.0,110,0.9818181818181818,,H1,R,H,R74/H107,II,II
UXD72368.1,UXD,72368.0,IIb,IIb,2022-09,2022.0,110,0.9818181818181818,,H1,R,H,R74/H107,II,II
UXD72546.1,UXD,72546.0,IIb,IIb,2022-09,2022.0,110,0.9818181818181818,,H1,R,H,R74/H107,II,II
UXD72724.1,UXD,72724.0,IIb,IIb,2022-09,2022.0,110,0.9818181818181818,,H1,R,H,R74/H107,II,II
UXD72903.1,UXD,72903.0,IIb,IIb,2022-09,2022.0,110,0.9818181818181818,,H1,R,H,R74/H107,II,II
UXD73082.1,UXD,73082.0,IIb,IIb,2022-09,2022.0,110,0.9818181818181818,,H1,R,H,R74/H107,II,II
UXD73261.1,UXD,73261.0,IIb,IIb,2022-09,2022.0,110,0.9818181818181818,,H1,R,H,R74/H107,II,II
UXD73440.1,UXD,73440.0,IIb,IIb,2022-09,2022.0,110,0.9818181818181818,,H1,R,H,R74/H107,II,II
UXD73619.1,UXD,73619.0,IIb,IIb,2022-09,2022.0,110,0.9818181818181818,,H1,R,H,R74/H107,II,II
UXD73798.1,UXD,73798.0,IIb,IIb,2022-09,2022.0,110,0.9818181818181818,,H1,R,H,R74/H107,II,II
UXD73977.1,UXD,73977.0,IIb,IIb,2022-09,2022.0,110,0.9818181818181818,,H1,R,H,R74/H107,II,II
UXD74155.1,UXD,74155.0,IIb,IIb,2022-09,2022.0,110,0.9818181818181818,,H1,R,H,R74/H107,II,II
UXD74334.1,UXD,74334.0,IIb,IIb,2022-09,2022.0,110,0.9818181818181818,,H1,R,H,R74/H107,II,II
UXD74513.1,UXD,74513.0,IIb,IIb,2022-09,2022.0,110,0.9818181818181818,,H1,R,H,R74/H107,II,II
UXD74692.1,UXD,74692.0,IIb,IIb,2022-09,2022.0,110,0.9818181818181818,,H1,R,H,R74/H107,II,II
UXD74871.1,UXD,74871.0,IIb,IIb,2022-09,2022.0,110,0.9818181818181818,,H1,R,H,R74/H107,II,II
UXD75050.1,UXD,75050.0,IIb,IIb,2022-09,2022.0,110,0.9818181818181818,,H1,R,H,R74/H107,II,II
UXD75228.1,UXD,75228.0,IIb,IIb,2022-09,2022.0,110,0.9818181818181818,,H1,R,H,R74/H107,II,II
UXD75406.1,UXD,75406.0,IIb,IIb,2022-09,2022.0,110,0.9818181818181818,,H1,R,H,R74/H107,II,II
UXD75585.1,UXD,75585.0,IIb,IIb,2022-09,2022.0,110,0.9818181818181818,,H1,R,H,R74/H107,II,II
UXD75764.1,UXD,75764.0,IIb,IIb,2022-09,2022.0,110,0.9818181818181818,,H1,R,H,R74/H107,II,II
UXD75943.1,UXD,75943.0,IIb,IIb,2022-09,2022.0,110,0.9818181818181818,,H1,R,H,R74/H107,II,II
UXD76122.1,UXD,76122.0,IIb,IIb,2022-09,2022.0,110,0.9818181818181818,,H1,R,H,R74/H107,II,II
UXD76301.1,UXD,76301.0,IIb,IIb,2022-09,2022.0,110,0.9818181818181818,,H1,R,H,R74/H107,II,II
UXD76480.1,UXD,76480.0,IIb,IIb,2022-09,2022.0,110,0.9818181818181818,,H1,R,H,R74/H107,II,II
UXD76659.1,UXD,76659.0,IIb,IIb,2022-09,2022.0,110,0.9818181818181818,,H1,R,H,R74/H107,II,II
UXD76838.1,UXD,76838.0,IIb,IIb,2022-09,2022.0,110,0.9818181818181818,,H1,R,H,R74/H107,II,II
UXD77017.1,UXD,77017.0,IIb,IIb,2022-09,2022.0,110,0.9818181818181818,,H1,R,H,R74/H107,II,II
UXD77196.1,UXD,77196.0,IIb,IIb,2022-09,2022.0,110,0.9818181818181818,,H1,R,H,R74/H107,II,II
UXD77375.1,UXD,77375.0,IIb,IIb,2022-09,2022.0,110,0.9818181818181818,,H1,R,H,R74/H107,II,II
UXD77554.1,UXD,77554.0,IIb,IIb,2022-09,2022.0,110,0.9818181818181818,,H1,R,H,R74/H107,II,II
UXD77733.1,UXD,77733.0,IIb,IIb,2022-09,2022.0,110,0.9818181818181818,,H1,R,H,R74/H107,II,II
UXD77912.1,UXD,77912.0,IIb,IIb,2022-09,2022.0,110,0.9818181818181818,,H1,R,H,R74/H107,II,II
UXD78091.1,UXD,78091.0,IIb,IIb,2022-09,2022.0,110,0.9818181818181818,,H1,R,H,R74/H107,II,II
UXD78270.1,UXD,78270.0,IIb,IIb,2022-09,2022.0,110,0.9818181818181818,,H1,R,H,R74/H107,II,II
UXD01862.1,UXD,1862.0,IIb,IIb,2022-08-04,2022.0,110,0.9818181818181818,,H1,R,H,R74/H107,II,II
UXD02041.1,UXD,2041.0,IIb,IIb,2022-08-02,2022.0,110,0.9818181818181818,,H1,R,H,R74/H107,II,II
UXD02219.1,UXD,2219.0,IIb,IIb,2022-08-02,2022.0,110,0.9818181818181818,,H1,R,H,R74/H107,II,II
UXD02398.1,UXD,2398.0,IIb,IIb,2022-08-05,2022.0,110,0.9818181818181818,,H1,R,H,R74/H107,II,II
UXD02577.1,UXD,2577.0,IIb,IIb,2022-08-05,2022.0,110,0.9818181818181818,,H1,R,H,R74/H107,II,II
UXD02756.1,UXD,2756.0,IIb,IIb,2022-08-07,2022.0,110,0.9818181818181818,,H1,R,H,R74/H107,II,II
UXD02934.1,UXD,2934.0,IIb,IIb,2022-08-09,2022.0,110,0.9818181818181818,,H1,R,H,R74/H107,II,II
UXD03111.1,UXD,3111.0,IIb,IIb,2022-08-12,2022.0,110,0.9818181818181818,,H1,R,H,R74/H107,II,II
UXD03288.1,UXD,3288.0,IIb,IIb,2022-08-16,2022.0,110,0.9818181818181818,,H1,R,H,R74/H107,II,II
UXD03465.1,UXD,3465.0,IIb,IIb,2022-08-15,2022.0,110,0.9818181818181818,,H1,R,H,R74/H107,II,II
UXD03628.1,UXD,3628.0,IIb,IIb,2022-08-22,2022.0,110,0.9818181818181818,,H1,R,H,R74/H107,II,II
UXD03800.1,UXD,3800.0,IIb,IIb,2022-08-22,2022.0,110,0.9818181818181818,,H1,R,H,R74/H107,II,II
UXD03978.1,UXD,3978.0,IIb,IIb,2022-08-24,2022.0,110,0.9818181818181818,,H1,R,H,R74/H107,II,II
UXD04156.1,UXD,4156.0,IIb,IIb,2022-08-28,2022.0,110,0.9818181818181818,,H1,R,H,R74/H107,II,II
UXD04335.1,UXD,4335.0,IIb,IIb,2022-08-29,2022.0,110,0.9818181818181818,,H1,R,H,R74/H107,II,II
UXD04514.1,UXD,4514.0,IIb,IIb,2022-08-30,2022.0,110,0.9818181818181818,,H1,R,H,R74/H107,II,II
UXD04693.1,UXD,4693.0,IIb,IIb,2022-08-30,2022.0,110,0.9818181818181818,,H1,R,H,R74/H107,II,II
UXD04872.1,UXD,4872.0,IIb,IIb,2022-08-30,2022.0,110,0.9818181818181818,,H1,R,H,R74/H107,II,II
UWY61674.1,UWY,61674.0,IIb,IIb,2022-06,2022.0,110,0.9818181818181818,,H1,R,H,R74/H107,II,II
UWZ27141.1,UWZ,27141.0,IIb,IIb,2022-05-27,2022.0,110,0.9818181818181818,,H1,R,H,R74/H107,II,II
UXB90245.1,UXB,90245.0,IIb,IIb,2022-07-07,2022.0,110,0.9727272727272728,,H16,R,H,R74/H107,II,II
UWW97808.1,UWW,97808.0,IIb,IIb,2022-06,2022.0,110,0.9818181818181818,,H1,R,H,R74/H107,II,II
UWW97986.1,UWW,97986.0,IIb,IIb,2022-06,2022.0,110,0.9818181818181818,,H1,R,H,R74/H107,II,II
UWW98164.1,UWW,98164.0,IIb,IIb,2022-07,2022.0,110,0.9818181818181818,,H1,R,H,R74/H107,II,II
UWW98342.1,UWW,98342.0,IIb,IIb,2022-07,2022.0,110,0.9818181818181818,,H1,R,H,R74/H107,II,II
UWW98520.1,UWW,98520.0,IIb,IIb,2022-07,2022.0,110,0.9818181818181818,,H1,R,H,R74/H107,II,II
UWW98698.1,UWW,98698.0,IIb,IIb,2022-06,2022.0,110,0.9818181818181818,,H1,R,H,R74/H107,II,II
UWW98876.1,UWW,98876.0,IIb,IIb,2022-06,2022.0,110,0.9818181818181818,,H1,R,H,R74/H107,II,II
UWW99054.1,UWW,99054.0,IIb,IIb,2022-07,2022.0,110,0.9818181818181818,,H1,R,H,R74/H107,II,II
UWW99232.1,UWW,99232.0,IIb,IIb,2022-07,2022.0,110,0.9818181818181818,,H1,R,H,R74/H107,II,II
UWW99410.1,UWW,99410.0,IIb,IIb,2022-06,2022.0,110,0.9818181818181818,,H1,R,H,R74/H107,II,II
UWW99587.1,UWW,99587.0,IIb,IIb,2022-07,2022.0,110,0.9818181818181818,,H1,R,H,R74/H107,II,II
UWW99762.1,UWW,99762.0,IIb,IIb,2022-07,2022.0,110,0.9818181818181818,,H1,R,H,R74/H107,II,II
UWW99939.1,UWW,99939.0,IIb,IIb,2022-07,2022.0,110,0.9818181818181818,,H1,R,H,R74/H107,II,II
UWX00116.1,UWX,116.0,IIb,IIb,2022-07,2022.0,110,0.9818181818181818,,H1,R,H,R74/H107,II,II
UWX00294.1,UWX,294.0,IIb,IIb,2022-07,2022.0,110,0.9818181818181818,,H1,R,H,R74/H107,II,II
UWX00472.1,UWX,472.0,IIb,IIb,2022-07,2022.0,110,0.9818181818181818,,H1,R,H,R74/H107,II,II
UWX00650.1,UWX,650.0,IIb,IIb,2022-06,2022.0,110,0.9818181818181818,,H1,R,H,R74/H107,II,II
UWX00828.1,UWX,828.0,IIb,IIb,2022-07,2022.0,110,0.9818181818181818,,H1,R,H,R74/H107,II,II
UWX01006.1,UWX,1006.0,IIb,IIb,2022-07,2022.0,110,0.9818181818181818,,H1,R,H,R74/H107,II,II
UWX01184.1,UWX,1184.0,IIb,IIb,2022-06,2022.0,110,0.9818181818181818,,H1,R,H,R74/H107,II,II
UWX01362.1,UWX,1362.0,IIb,IIb,2022-07,2022.0,110,0.9818181818181818,,H1,R,H,R74/H107,II,II
UWX01540.1,UWX,1540.0,IIb,IIb,2022-07,2022.0,110,0.9818181818181818,,H1,R,H,R74/H107,II,II
UWX01718.1,UWX,1718.0,IIb,IIb,2022-06,2022.0,110,0.9818181818181818,,H1,R,H,R74/H107,II,II
UWX01895.1,UWX,1895.0,IIb,IIb,2022-07,2022.0,110,0.9818181818181818,,H1,R,H,R74/H107,II,II
UWX02073.1,UWX,2073.0,IIb,IIb,2022-07,2022.0,110,0.9818181818181818,,H1,R,H,R74/H107,II,II
UWX02251.1,UWX,2251.0,IIb,IIb,2022-06,2022.0,110,0.9818181818181818,,H1,R,H,R74/H107,II,II
UWX02429.1,UWX,2429.0,IIb,IIb,2022-07,2022.0,110,0.9818181818181818,,H1,R,H,R74/H107,II,II
UWX02607.1,UWX,2607.0,IIb,IIb,2022-06,2022.0,110,0.9818181818181818,,H1,R,H,R74/H107,II,II
UWX02785.1,UWX,2785.0,IIb,IIb,2022-06,2022.0,110,0.9818181818181818,,H1,R,H,R74/H107,II,II
UWX02963.1,UWX,2963.0,IIb,IIb,2022-06,2022.0,110,0.9818181818181818,,H1,R,H,R74/H107,II,II
UWX03141.1,UWX,3141.0,IIb,IIb,2022-06,2022.0,110,0.9818181818181818,,H1,R,H,R74/H107,II,II
UWX03318.1,UWX,3318.0,IIb,IIb,2022-06,2022.0,110,0.9818181818181818,,H1,R,H,R74/H107,II,II
UWV94579.1,UWV,94579.0,IIb,IIb,2022-07-20,2022.0,110,0.9818181818181818,,H1,R,H,R74/H107,II,II
UWV94758.1,UWV,94758.0,IIb,IIb,2022-07-20,2022.0,110,0.9818181818181818,,H1,R,H,R74/H107,II,II
UWV94937.1,UWV,94937.0,IIb,IIb,2022-07-20,2022.0,110,0.9818181818181818,,H1,R,H,R74/H107,II,II
UWV95116.1,UWV,95116.0,IIb,IIb,2022-07-21,2022.0,110,0.9818181818181818,,H1,R,H,R74/H107,II,II
UWV95290.1,UWV,95290.0,IIb,IIb,2022-07-28,2022.0,110,0.9818181818181818,,H1,R,H,R74/H107,II,II
UWV95468.1,UWV,95468.0,IIb,IIb,2022-07-28,2022.0,110,0.9818181818181818,,H1,R,H,R74/H107,II,II
UWV95647.1,UWV,95647.0,IIb,IIb,2022-07-27,2022.0,110,0.9818181818181818,,H1,R,H,R74/H107,II,II
UWV95825.1,UWV,95825.0,IIb,IIb,2022-07-27,2022.0,110,0.9818181818181818,,H1,R,H,R74/H107,II,II
UWV96003.1,UWV,96003.0,IIb,IIb,2022-07-26,2022.0,110,0.9818181818181818,,H1,R,H,R74/H107,II,II
UWV96182.1,UWV,96182.0,IIb,IIb,2022-07-26,2022.0,110,0.9818181818181818,,H1,R,H,R74/H107,II,II
UWV96360.1,UWV,96360.0,IIb,IIb,2022-07-27,2022.0,110,0.9818181818181818,,H1,R,H,R74/H107,II,II
UWV96538.1,UWV,96538.0,IIb,IIb,2022-07-27,2022.0,110,0.9818181818181818,,H1,R,H,R74/H107,II,II
UWV96717.1,UWV,96717.0,IIb,IIb,2022-07-25,2022.0,110,0.9818181818181818,,H1,R,H,R74/H107,II,II
UWV96896.1,UWV,96896.0,IIb,IIb,2022-07-25,2022.0,110,0.9818181818181818,,H1,R,H,R74/H107,II,II
UWV97074.1,UWV,97074.0,IIb,IIb,2022-07-22,2022.0,110,0.9818181818181818,,H1,R,H,R74/H107,II,II
UWV97252.1,UWV,97252.0,IIb,IIb,2022-07-22,2022.0,110,0.9818181818181818,,H1,R,H,R74/H107,II,II
UWV97431.1,UWV,97431.0,IIb,IIb,2022-07-20,2022.0,110,0.9818181818181818,,H1,R,H,R74/H107,II,II
UWV97610.1,UWV,97610.0,IIb,IIb,2022-07-22,2022.0,110,0.9818181818181818,,H1,R,H,R74/H107,II,II
UWV97788.1,UWV,97788.0,IIb,IIb,2022-08-13,2022.0,110,0.9818181818181818,,H1,R,H,R74/H107,II,II
UWV97966.1,UWV,97966.0,IIb,IIb,2022-08-13,2022.0,110,0.9818181818181818,,H1,R,H,R74/H107,II,II
UWV98145.1,UWV,98145.0,IIb,IIb,2022-07-17,2022.0,110,0.9818181818181818,,H1,R,H,R74/H107,II,II
UWV98323.1,UWV,98323.0,IIb,IIb,2022-07-25,2022.0,110,0.9818181818181818,,H1,R,H,R74/H107,II,II
UWV98502.1,UWV,98502.0,IIb,IIb,2022-07-26,2022.0,110,0.9818181818181818,,H1,R,H,R74/H107,II,II
UWV98681.1,UWV,98681.0,IIb,IIb,2022-07-26,2022.0,110,0.9818181818181818,,H1,R,H,R74/H107,II,II
UWV98859.1,UWV,98859.0,IIb,IIb,2022-07-25,2022.0,110,0.9818181818181818,,H1,R,H,R74/H107,II,II
UWV99037.1,UWV,99037.0,IIb,IIb,2022-07-25,2022.0,110,0.9818181818181818,,H1,R,H,R74/H107,II,II
UWV99215.1,UWV,99215.0,IIb,IIb,2022-07-25,2022.0,110,0.9818181818181818,,H1,R,H,R74/H107,II,II
UWV99392.1,UWV,99392.0,IIb,IIb,2022-07-25,2022.0,110,0.9818181818181818,,H1,R,H,R74/H107,II,II
UWV99561.1,UWV,99561.0,IIb,IIb,2022-07-21,2022.0,110,0.9818181818181818,,H1,R,H,R74/H107,II,II
UWV99738.1,UWV,99738.0,IIb,IIb,2022-07-26,2022.0,110,0.9818181818181818,,H1,R,H,R74/H107,II,II
UWV99916.1,UWV,99916.0,IIb,IIb,2022-08-01,2022.0,110,0.9818181818181818,,H1,R,H,R74/H107,II,II
UWW00095.1,UWW,95.0,IIb,IIb,2022-08-01,2022.0,110,0.9818181818181818,,H1,R,H,R74/H107,II,II
UWW00274.1,UWW,274.0,IIb,IIb,2022-07-20,2022.0,110,0.9818181818181818,,H1,R,H,R74/H107,II,II
UWW01623.1,UWW,1623.0,IIb,IIb,2022-08-08,2022.0,110,0.9818181818181818,,H1,R,H,R74/H107,II,II
UWW01802.1,UWW,1802.0,IIb,IIb,2022-08-08,2022.0,110,0.9818181818181818,,H1,R,H,R74/H107,II,II
UWW01979.1,UWW,1979.0,IIb,IIb,2022-08-04,2022.0,110,0.9818181818181818,,H1,R,H,R74/H107,II,II
UWW02159.1,UWW,2159.0,IIb,IIb,2022-08-01,2022.0,110,0.9818181818181818,,H1,R,H,R74/H107,II,II
UWW02337.1,UWW,2337.0,IIb,IIb,2022-07-18,2022.0,110,0.9818181818181818,,H1,R,H,R74/H107,II,II
UWW02515.1,UWW,2515.0,IIb,IIb,2022-07-18,2022.0,110,0.9818181818181818,,H1,R,H,R74/H107,II,II
UWW02693.1,UWW,2693.0,IIb,IIb,2022-07-17,2022.0,110,0.9818181818181818,,H1,R,H,R74/H107,II,II
UWW02871.1,UWW,2871.0,IIb,IIb,2022-07-17,2022.0,110,0.9818181818181818,,H1,R,H,R74/H107,II,II
UWW03048.1,UWW,3048.0,IIb,IIb,2022-07-18,2022.0,110,0.9818181818181818,,H1,R,H,R74/H107,II,II
UWW03226.1,UWW,3226.0,IIb,IIb,2022-07-17,2022.0,110,0.9818181818181818,,H1,R,H,R74/H107,II,II
UWW03404.1,UWW,3404.0,IIb,IIb,2022-07-16,2022.0,110,0.9818181818181818,,H1,R,H,R74/H107,II,II
UWW03582.1,UWW,3582.0,IIb,IIb,2022-07-15,2022.0,110,0.9818181818181818,,H1,R,H,R74/H107,II,II
UWW03761.1,UWW,3761.0,IIb,IIb,2022-07-22,2022.0,110,0.9818181818181818,,H1,R,H,R74/H107,II,II
UWW03939.1,UWW,3939.0,IIb,IIb,2022-07-22,2022.0,110,0.9818181818181818,,H1,R,H,R74/H107,II,II
UWW04117.1,UWW,4117.0,IIb,IIb,2022-07-22,2022.0,110,0.9818181818181818,,H1,R,H,R74/H107,II,II
UWW04296.1,UWW,4296.0,IIb,IIb,2022-07-20,2022.0,110,0.9818181818181818,,H1,R,H,R74/H107,II,II
UWW04473.1,UWW,4473.0,IIb,IIb,2022-07-27,2022.0,110,0.9818181818181818,,H1,R,H,R74/H107,II,II
UWW04651.1,UWW,4651.0,IIb,IIb,2022-07-27,2022.0,110,0.9818181818181818,,H1,R,H,R74/H107,II,II
UWW04829.1,UWW,4829.0,IIb,IIb,2022-07-27,2022.0,110,0.9818181818181818,,H1,R,H,R74/H107,II,II
UWW05007.1,UWW,5007.0,IIb,IIb,2022-07-27,2022.0,110,0.9818181818181818,,H1,R,H,R74/H107,II,II
UWW05185.1,UWW,5185.0,IIb,IIb,2022-07-25,2022.0,110,0.9818181818181818,,H1,R,H,R74/H107,II,II
UWW05363.1,UWW,5363.0,IIb,IIb,2022-07-25,2022.0,110,0.9818181818181818,,H1,R,H,R74/H107,II,II
UWW05540.1,UWW,5540.0,IIb,IIb,2022-07-22,2022.0,110,0.9818181818181818,,H1,R,H,R74/H107,II,II
UWW05718.1,UWW,5718.0,IIb,IIb,2022-07-21,2022.0,110,0.9818181818181818,,H1,R,H,R74/H107,II,II
UWW05896.1,UWW,5896.0,IIb,IIb,2022-07-04,2022.0,110,0.9818181818181818,,H1,R,H,R74/H107,II,II
UWW06074.1,UWW,6074.0,IIb,IIb,2022-07-18,2022.0,110,0.9818181818181818,,H1,R,H,R74/H107,II,II
UWW06252.1,UWW,6252.0,IIb,IIb,2022-07-18,2022.0,110,0.9818181818181818,,H1,R,H,R74/H107,II,II
UWW06430.1,UWW,6430.0,IIb,IIb,2022-07-25,2022.0,110,0.9818181818181818,,H1,R,H,R74/H107,II,II
UWW06607.1,UWW,6607.0,IIb,IIb,2022-07-25,2022.0,110,0.9818181818181818,,H1,R,H,R74/H107,II,II
UWW06785.1,UWW,6785.0,IIb,IIb,2022-07-21,2022.0,110,0.9818181818181818,,H1,R,H,R74/H107,II,II
UWW06963.1,UWW,6963.0,IIb,IIb,2022-07-01,2022.0,110,0.9818181818181818,,H1,R,H,R74/H107,II,II
UWW11233.1,UWW,11233.0,IIb,IIb,2022-08-05,2022.0,110,0.9818181818181818,,H1,R,H,R74/H107,II,II
UWW11412.1,UWW,11412.0,IIb,IIb,2022-08-05,2022.0,110,0.9818181818181818,,H1,R,H,R74/H107,II,II
UWW11590.1,UWW,11590.0,IIb,IIb,2022-08-04,2022.0,110,0.9818181818181818,,H1,R,H,R74/H107,II,II
UWW11769.1,UWW,11769.0,IIb,IIb,2022-08-18,2022.0,110,0.9818181818181818,,H1,R,H,R74/H107,II,II
UWW11948.1,UWW,11948.0,IIb,IIb,2022-08-17,2022.0,110,0.9818181818181818,,H1,R,H,R74/H107,II,II
UWW12127.1,UWW,12127.0,IIb,IIb,2022-08-17,2022.0,110,0.9818181818181818,,H1,R,H,R74/H107,II,II
UWW12306.1,UWW,12306.0,IIb,IIb,2022-08-19,2022.0,110,0.9818181818181818,,H1,R,H,R74/H107,II,II
UWW12485.1,UWW,12485.0,IIb,IIb,2022-08-19,2022.0,110,0.9818181818181818,,H1,R,H,R74/H107,II,II
UWW12664.1,UWW,12664.0,IIb,IIb,2022-08-19,2022.0,110,0.9818181818181818,,H1,R,H,R74/H107,II,II
UWW12843.1,UWW,12843.0,IIb,IIb,2022-08-18,2022.0,110,0.9818181818181818,,H1,R,H,R74/H107,II,II
UWW13021.1,UWW,13021.0,IIb,IIb,2022-07-13,2022.0,110,0.9818181818181818,,H1,R,H,R74/H107,II,II
UWW13199.1,UWW,13199.0,IIb,IIb,2022-07-13,2022.0,110,0.9818181818181818,,H1,R,H,R74/H107,II,II
UWW13378.1,UWW,13378.0,IIb,IIb,2022-07-13,2022.0,110,0.9818181818181818,,H1,R,H,R74/H107,II,II
UWW13556.1,UWW,13556.0,IIb,IIb,2022-07-13,2022.0,110,0.9818181818181818,,H1,R,H,R74/H107,II,II
UWW13734.1,UWW,13734.0,IIb,IIb,2022-08-01,2022.0,110,0.9818181818181818,,H1,R,H,R74/H107,II,II
UWW13912.1,UWW,13912.0,IIb,IIb,2022-08-03,2022.0,110,0.9818181818181818,,H1,R,H,R74/H107,II,II
UWW14091.1,UWW,14091.0,IIb,IIb,2022-08-05,2022.0,110,0.9818181818181818,,H1,R,H,R74/H107,II,II
UWW14270.1,UWW,14270.0,IIb,IIb,2022-08-01,2022.0,110,0.9818181818181818,,H1,R,H,R74/H107,II,II
UWW14449.1,UWW,14449.0,IIb,IIb,2022-08-19,2022.0,110,0.9818181818181818,,H1,R,H,R74/H107,II,II
UWW14628.1,UWW,14628.0,IIb,IIb,2022-08-16,2022.0,110,0.9818181818181818,,H1,R,H,R74/H107,II,II
UWW14807.1,UWW,14807.0,IIb,IIb,2022-07-29,2022.0,110,0.9818181818181818,,H1,R,H,R74/H107,II,II
UWW14986.1,UWW,14986.0,IIb,IIb,2022-08-02,2022.0,110,0.9818181818181818,,H1,R,H,R74/H107,II,II
UWW15165.1,UWW,15165.0,IIb,IIb,2022-08-17,2022.0,110,0.9818181818181818,,H1,R,H,R74/H107,II,II
UWW15344.1,UWW,15344.0,IIb,IIb,2022-07-11,2022.0,110,0.9818181818181818,,H1,R,H,R74/H107,II,II
UWW15521.1,UWW,15521.0,IIb,IIb,2022-07-12,2022.0,110,0.9818181818181818,,H1,R,H,R74/H107,II,II
UWW15700.1,UWW,15700.0,IIb,IIb,2022-08-02,2022.0,110,0.9818181818181818,,H1,R,H,R74/H107,II,II
UWW15878.1,UWW,15878.0,IIb,IIb,2022-08-03,2022.0,110,0.9818181818181818,,H1,R,H,R74/H107,II,II
UWW16056.1,UWW,16056.0,IIb,IIb,2022-09-06,2022.0,110,0.9818181818181818,,H1,R,H,R74/H107,II,II
UWW16235.1,UWW,16235.0,IIb,IIb,2022-08-01,2022.0,110,0.9818181818181818,,H1,R,H,R74/H107,II,II
UWW16411.1,UWW,16411.0,IIb,IIb,2022-07-21,2022.0,110,0.9818181818181818,,H1,R,H,R74/H107,II,II
UWW16587.1,UWW,16587.0,IIb,IIb,2022-07-29,2022.0,110,0.9818181818181818,,H1,R,H,R74/H107,II,II
UWW16766.1,UWW,16766.0,IIb,IIb,2022-07-13,2022.0,110,0.9818181818181818,,H1,R,H,R74/H107,II,II
UWW16944.1,UWW,16944.0,IIb,IIb,2022-07,2022.0,110,0.9818181818181818,,H1,R,H,R74/H107,II,II
UWW17122.1,UWW,17122.0,IIb,IIb,2022-07,2022.0,110,0.9818181818181818,,H1,R,H,R74/H107,II,II
UWW17300.1,UWW,17300.0,IIb,IIb,2022-07,2022.0,110,0.9818181818181818,,H1,R,H,R74/H107,II,II
UWW17478.1,UWW,17478.0,IIb,IIb,2022-07,2022.0,110,0.9818181818181818,,H1,R,H,R74/H107,II,II
UWW17655.1,UWW,17655.0,IIb,IIb,2022-08,2022.0,110,0.9818181818181818,,H1,R,H,R74/H107,II,II
UWW17832.1,UWW,17832.0,IIb,IIb,2022-08,2022.0,110,0.9818181818181818,,H1,R,H,R74/H107,II,II
UWW18009.1,UWW,18009.0,IIb,IIb,2022-08,2022.0,110,0.9818181818181818,,H1,R,H,R74/H107,II,II
UWW18187.1,UWW,18187.0,IIb,IIb,2022-08,2022.0,110,0.9818181818181818,,H1,R,H,R74/H107,II,II
UWW18365.1,UWW,18365.0,IIb,IIb,2022-08,2022.0,110,0.9818181818181818,,H1,R,H,R74/H107,II,II
UWW18543.1,UWW,18543.0,IIb,IIb,2022-08,2022.0,110,0.9818181818181818,,H1,R,H,R74/H107,II,II
UWW18720.1,UWW,18720.0,IIb,IIb,2022-08,2022.0,110,0.9818181818181818,,H1,R,H,R74/H107,II,II
UWW18898.1,UWW,18898.0,IIb,IIb,2022-08,2022.0,110,0.9818181818181818,,H1,R,H,R74/H107,II,II
UWV16825.1,UWV,16825.0,IIb,IIb,2022-08-07,2022.0,110,0.9818181818181818,,H1,R,H,R74/H107,II,II
UWV17004.1,UWV,17004.0,IIb,IIb,2022-08-12,2022.0,110,0.9818181818181818,,H1,R,H,R74/H107,II,II
UWV17183.1,UWV,17183.0,IIb,IIb,2022-08-15,2022.0,110,0.9818181818181818,,H1,R,H,R74/H107,II,II
UWV17362.1,UWV,17362.0,IIb,IIb,2022-08-17,2022.0,110,0.9818181818181818,,H1,R,H,R74/H107,II,II
UWV17541.1,UWV,17541.0,IIb,IIb,2022-08-20,2022.0,110,0.9818181818181818,,H1,R,H,R74/H107,II,II
UWV21661.1,UWV,21661.0,IIb,IIb,2022-07,2022.0,110,0.9818181818181818,,H1,R,H,R74/H107,II,II
UWS54604.1,UWS,54604.0,IIb,IIb,2022-07-13,2022.0,110,0.9818181818181818,,H1,R,H,R74/H107,II,II
UWS54783.1,UWS,54783.0,IIb,IIb,2022-08-01,2022.0,110,0.9818181818181818,,H1,R,H,R74/H107,II,II
UWS54962.1,UWS,54962.0,IIb,IIb,2022-08-02,2022.0,110,0.9818181818181818,,H1,R,H,R74/H107,II,II
UWS55141.1,UWS,55141.0,IIb,IIb,2022-08-08,2022.0,110,0.9818181818181818,,H1,R,H,R74/H107,II,II
UWM72577.1,UWM,72577.0,IIb,IIb,2022-07,2022.0,110,0.9818181818181818,,H1,R,H,R74/H107,II,II
UWM72756.1,UWM,72756.0,IIb,IIb,2022-08,2022.0,110,0.9818181818181818,,H1,R,H,R74/H107,II,II
UWM72935.1,UWM,72935.0,IIb,IIb,2022-08,2022.0,110,0.9818181818181818,,H1,R,H,R74/H107,II,II
UWM73114.1,UWM,73114.0,IIb,IIb,2022-08,2022.0,110,0.9818181818181818,,H1,R,H,R74/H107,II,II
UWM73293.1,UWM,73293.0,IIb,IIb,2022-08,2022.0,110,0.9818181818181818,,H1,R,H,R74/H107,II,II
UWM73472.1,UWM,73472.0,IIb,IIb,2022-08,2022.0,110,0.9818181818181818,,H1,R,H,R74/H107,II,II
UWO27219.1,UWO,27219.0,IIb,IIb,2022-07,2022.0,110,0.9818181818181818,,H1,R,H,R74/H107,II,II
UWO27577.1,UWO,27577.0,IIb,IIb,2022-07,2022.0,110,0.9818181818181818,,H1,R,H,R74/H107,II,II
UWO27756.1,UWO,27756.0,IIb,IIb,2022-07,2022.0,110,0.9818181818181818,,H1,R,H,R74/H107,II,II
UWO27935.1,UWO,27935.0,IIb,IIb,2022-07,2022.0,110,0.9818181818181818,,H1,R,H,R74/H107,II,II
UWO28112.1,UWO,28112.0,IIb,IIb,2022-07,2022.0,110,0.9818181818181818,,H1,R,H,R74/H107,II,II
UWO28290.1,UWO,28290.0,IIb,IIb,2022-06,2022.0,110,0.9818181818181818,,H1,R,H,R74/H107,II,II
UWO28469.1,UWO,28469.0,IIb,IIb,2022-06,2022.0,110,0.9818181818181818,,H1,R,H,R74/H107,II,II
UWO28647.1,UWO,28647.0,IIb,IIb,2022-06,2022.0,110,0.9818181818181818,,H1,R,H,R74/H107,II,II
UWO28826.1,UWO,28826.0,IIb,IIb,2022-07,2022.0,110,0.9818181818181818,,H1,R,H,R74/H107,II,II
UWO29005.1,UWO,29005.0,IIb,IIb,2022-06,2022.0,110,0.9818181818181818,,H1,R,H,R74/H107,II,II
UWO29184.1,UWO,29184.0,IIb,IIb,2022-07,2022.0,110,0.9818181818181818,,H1,R,H,R74/H107,II,II
UWO29361.1,UWO,29361.0,IIb,IIb,2022-07,2022.0,110,0.9818181818181818,,H1,R,H,R74/H107,II,II
UWO29540.1,UWO,29540.0,IIb,IIb,2022-07,2022.0,110,0.9818181818181818,,H1,R,H,R74/H107,II,II
UWO29719.1,UWO,29719.0,IIb,IIb,2022-03,2022.0,110,0.9818181818181818,,H1,R,H,R74/H107,II,II
UWO29898.1,UWO,29898.0,IIb,IIb,2022-03,2022.0,110,0.9818181818181818,,H1,R,H,R74/H107,II,II
UWO30077.1,UWO,30077.0,IIb,IIb,2022-03,2022.0,110,0.9818181818181818,,H1,R,H,R74/H107,II,II
UWO30256.1,UWO,30256.0,IIb,IIb,2022-07,2022.0,110,0.9818181818181818,,H1,R,H,R74/H107,II,II
UWO30435.1,UWO,30435.0,IIb,IIb,2022-07,2022.0,110,0.9818181818181818,,H1,R,H,R74/H107,II,II
UWO30614.1,UWO,30614.0,IIb,IIb,2022-07,2022.0,110,0.9818181818181818,,H1,R,H,R74/H107,II,II
UWO30793.1,UWO,30793.0,IIb,IIb,2022-07,2022.0,110,0.9818181818181818,,H1,R,H,R74/H107,II,II
UWO30972.1,UWO,30972.0,IIb,IIb,2022-07,2022.0,110,0.9818181818181818,,H1,R,H,R74/H107,II,II
UWO31151.1,UWO,31151.0,IIb,IIb,2022-07,2022.0,110,0.9818181818181818,,H1,R,H,R74/H107,II,II
UWO31330.1,UWO,31330.0,IIb,IIb,2022-07,2022.0,110,0.9818181818181818,,H1,R,H,R74/H107,II,II
UWO31509.1,UWO,31509.0,IIb,IIb,2022-07,2022.0,110,0.9818181818181818,,H1,R,H,R74/H107,II,II
UWO31688.1,UWO,31688.0,IIb,IIb,2022-07,2022.0,110,0.9818181818181818,,H1,R,H,R74/H107,II,II
UWO31867.1,UWO,31867.0,IIb,IIb,2022-07,2022.0,110,0.9818181818181818,,H1,R,H,R74/H107,II,II
UWO32046.1,UWO,32046.0,IIb,IIb,2022-07,2022.0,110,0.9818181818181818,,H1,R,H,R74/H107,II,II
UWO32225.1,UWO,32225.0,IIb,IIb,2022-07,2022.0,110,0.9818181818181818,,H1,R,H,R74/H107,II,II
UWO32404.1,UWO,32404.0,IIb,IIb,2022-07,2022.0,110,0.9818181818181818,,H1,R,H,R74/H107,II,II
UWO32583.1,UWO,32583.0,IIb,IIb,2022-07,2022.0,110,0.9818181818181818,,H1,R,H,R74/H107,II,II
UWO32762.1,UWO,32762.0,IIb,IIb,2022-07,2022.0,110,0.9818181818181818,,H1,R,H,R74/H107,II,II
UWO32941.1,UWO,32941.0,IIb,IIb,2022-07,2022.0,110,0.9818181818181818,,H1,R,H,R74/H107,II,II
UWO33120.1,UWO,33120.0,IIb,IIb,2022-07,2022.0,110,0.9818181818181818,,H1,R,H,R74/H107,II,II
UWO33299.1,UWO,33299.0,IIb,IIb,2022-07,2022.0,110,0.9818181818181818,,H1,R,H,R74/H107,II,II
UWO33478.1,UWO,33478.0,IIb,IIb,2022-08,2022.0,110,0.9818181818181818,,H1,R,H,R74/H107,II,II
UWO33657.1,UWO,33657.0,IIb,IIb,2022-07,2022.0,110,0.9818181818181818,,H1,R,H,R74/H107,II,II
UWO34015.1,UWO,34015.0,IIb,IIb,2022-07,2022.0,110,0.9818181818181818,,H1,R,H,R74/H107,II,II
UWO34194.1,UWO,34194.0,IIb,IIb,2022-08,2022.0,110,0.9818181818181818,,H1,R,H,R74/H107,II,II
UWO34371.1,UWO,34371.0,IIb,IIb,2022-08,2022.0,110,0.9818181818181818,,H1,R,H,R74/H107,II,II
UWO34549.1,UWO,34549.0,IIb,IIb,2022-08,2022.0,110,0.9818181818181818,,H1,R,H,R74/H107,II,II
UWO34728.1,UWO,34728.0,IIb,IIb,2022-08,2022.0,110,0.9818181818181818,,H1,R,H,R74/H107,II,II
UWO34907.1,UWO,34907.0,IIb,IIb,2022-08,2022.0,110,0.9818181818181818,,H1,R,H,R74/H107,II,II
UWO35086.1,UWO,35086.0,IIb,IIb,2022-08,2022.0,110,0.9818181818181818,,H1,R,H,R74/H107,II,II
UWO35265.1,UWO,35265.0,IIb,IIb,2022-08,2022.0,110,0.9818181818181818,,H1,R,H,R74/H107,II,II
UWO35444.1,UWO,35444.0,IIb,IIb,2022-08,2022.0,110,0.9818181818181818,,H1,R,H,R74/H107,II,II
UWO35623.1,UWO,35623.0,IIb,IIb,2022-08,2022.0,110,0.9818181818181818,,H1,R,H,R74/H107,II,II
UWO35802.1,UWO,35802.0,IIb,IIb,2022-08,2022.0,110,0.9818181818181818,,H1,R,H,R74/H107,II,II
UWO35981.1,UWO,35981.0,IIb,IIb,2022-08,2022.0,110,0.9818181818181818,,H1,R,H,R74/H107,II,II
UWO36160.1,UWO,36160.0,IIb,IIb,2022-08,2022.0,110,0.9818181818181818,,H1,R,H,R74/H107,II,II
UWO36339.1,UWO,36339.0,IIb,IIb,2022-08,2022.0,110,0.9818181818181818,,H1,R,H,R74/H107,II,II
UWO36518.1,UWO,36518.0,IIb,IIb,2022-08,2022.0,110,0.9818181818181818,,H1,R,H,R74/H107,II,II
UWO36697.1,UWO,36697.0,IIb,IIb,2022-08,2022.0,110,0.9818181818181818,,H1,R,H,R74/H107,II,II
UWO36876.1,UWO,36876.0,IIb,IIb,2022-08,2022.0,110,0.9818181818181818,,H1,R,H,R74/H107,II,II
UWO37055.1,UWO,37055.0,IIb,IIb,2022-08,2022.0,110,0.9818181818181818,,H1,R,H,R74/H107,II,II
UWO37234.1,UWO,37234.0,IIb,IIb,2022-08,2022.0,110,0.9818181818181818,,H1,R,H,R74/H107,II,II
UWO37409.1,UWO,37409.0,IIb,IIb,2022-08,2022.0,110,0.9818181818181818,,H1,R,H,R74/H107,II,II
UWO37588.1,UWO,37588.0,IIb,IIb,2022-08,2022.0,110,0.9818181818181818,,H1,R,H,R74/H107,II,II
UWO37767.1,UWO,37767.0,IIb,IIb,2022-08,2022.0,110,0.9818181818181818,,H1,R,H,R74/H107,II,II
UWO37946.1,UWO,37946.0,IIb,IIb,2022-08,2022.0,110,0.9818181818181818,,H1,R,H,R74/H107,II,II
UWO38125.1,UWO,38125.0,IIb,IIb,2022-07,2022.0,110,0.9818181818181818,,H1,R,H,R74/H107,II,II
UWO38304.1,UWO,38304.0,IIb,IIb,2022-08,2022.0,110,0.9818181818181818,,H1,R,H,R74/H107,II,II
UWO38483.1,UWO,38483.0,IIb,IIb,2022-08,2022.0,110,0.9818181818181818,,H1,R,H,R74/H107,II,II
UWO38662.1,UWO,38662.0,IIb,IIb,2022-08,2022.0,110,0.9818181818181818,,H1,R,H,R74/H107,II,II
UWO38841.1,UWO,38841.0,IIb,IIb,2022-08,2022.0,110,0.9818181818181818,,H1,R,H,R74/H107,II,II
UWO39020.1,UWO,39020.0,IIb,IIb,2022-08,2022.0,110,0.9818181818181818,,H1,R,H,R74/H107,II,II
UWO39199.1,UWO,39199.0,IIb,IIb,2022-08,2022.0,110,0.9818181818181818,,H1,R,H,R74/H107,II,II
UWO39378.1,UWO,39378.0,IIb,IIb,2022-08,2022.0,110,0.9818181818181818,,H1,R,H,R74/H107,II,II
UWO39557.1,UWO,39557.0,IIb,IIb,2022-08,2022.0,110,0.9818181818181818,,H1,R,H,R74/H107,II,II
UWO39735.1,UWO,39735.0,IIb,IIb,2022-08,2022.0,110,0.9818181818181818,,H1,R,H,R74/H107,II,II
UWO39914.1,UWO,39914.0,IIb,IIb,2022-08,2022.0,110,0.9818181818181818,,H1,R,H,R74/H107,II,II
UWO40093.1,UWO,40093.0,IIb,IIb,2022-08,2022.0,110,0.9818181818181818,,H1,R,H,R74/H107,II,II
UWO40272.1,UWO,40272.0,IIb,IIb,2022-08,2022.0,110,0.9818181818181818,,H1,R,H,R74/H107,II,II
UWO40450.1,UWO,40450.0,IIb,IIb,2022-08,2022.0,110,0.9818181818181818,,H1,R,H,R74/H107,II,II
UWO40628.1,UWO,40628.0,IIb,IIb,2022-08,2022.0,110,0.9818181818181818,,H1,R,H,R74/H107,II,II
UWO40807.1,UWO,40807.0,IIb,IIb,2022-08,2022.0,110,0.9818181818181818,,H1,R,H,R74/H107,II,II
UWO40986.1,UWO,40986.0,IIb,IIb,2022-08,2022.0,110,0.9818181818181818,,H1,R,H,R74/H107,II,II
UWO41165.1,UWO,41165.0,IIb,IIb,2022-08,2022.0,110,0.9818181818181818,,H1,R,H,R74/H107,II,II
UWO41344.1,UWO,41344.0,IIb,IIb,2022-08,2022.0,110,0.9818181818181818,,H1,R,H,R74/H107,II,II
UWO41523.1,UWO,41523.0,IIb,IIb,2022-08,2022.0,110,0.9818181818181818,,H1,R,H,R74/H107,II,II
UWO41702.1,UWO,41702.0,IIb,IIb,2022-08,2022.0,110,0.9818181818181818,,H1,R,H,R74/H107,II,II
UWO41881.1,UWO,41881.0,IIb,IIb,2022-08,2022.0,110,0.9818181818181818,,H1,R,H,R74/H107,II,II
UWO42060.1,UWO,42060.0,IIb,IIb,2022-08,2022.0,110,0.9818181818181818,,H1,R,H,R74/H107,II,II
UWO42239.1,UWO,42239.0,IIb,IIb,2022-08,2022.0,110,0.9818181818181818,,H1,R,H,R74/H107,II,II
UWO42418.1,UWO,42418.0,IIb,IIb,2022-08,2022.0,110,0.9818181818181818,,H1,R,H,R74/H107,II,II
UWO42597.1,UWO,42597.0,IIb,IIb,2022-08,2022.0,110,0.9818181818181818,,H1,R,H,R74/H107,II,II
UWO42776.1,UWO,42776.0,IIb,IIb,2022-08,2022.0,110,0.9818181818181818,,H1,R,H,R74/H107,II,II
UWO42955.1,UWO,42955.0,IIb,IIb,2022-08,2022.0,110,0.9818181818181818,,H1,R,H,R74/H107,II,II
UWO43134.1,UWO,43134.0,IIb,IIb,2022-08,2022.0,110,0.9818181818181818,,H1,R,H,R74/H107,II,II
UWO43310.1,UWO,43310.0,IIb,IIb,2022-08,2022.0,110,0.9818181818181818,,H1,R,H,R74/H107,II,II
UWO43489.1,UWO,43489.0,IIb,IIb,2022-08,2022.0,110,0.9818181818181818,,H1,R,H,R74/H107,II,II
UWO43668.1,UWO,43668.0,IIb,IIb,2022-08,2022.0,110,0.9818181818181818,,H1,R,H,R74/H107,II,II
UWO43847.1,UWO,43847.0,IIb,IIb,2022-08,2022.0,110,0.9818181818181818,,H1,R,H,R74/H107,II,II
UWO44026.1,UWO,44026.0,IIb,IIb,2022-08,2022.0,110,0.9818181818181818,,H1,R,H,R74/H107,II,II
UWO44384.1,UWO,44384.0,IIb,IIb,2022-08,2022.0,110,0.9818181818181818,,H1,R,H,R74/H107,II,II
UWO44563.1,UWO,44563.0,IIb,IIb,2022-08,2022.0,110,0.9818181818181818,,H1,R,H,R74/H107,II,II
UWO44742.1,UWO,44742.0,IIb,IIb,2022-08,2022.0,110,0.9818181818181818,,H1,R,H,R74/H107,II,II
UWO44918.1,UWO,44918.0,IIb,IIb,2022-08,2022.0,110,0.9818181818181818,,H1,R,H,R74/H107,II,II
UWO45097.1,UWO,45097.0,IIb,IIb,2022-08,2022.0,110,0.9818181818181818,,H1,R,H,R74/H107,II,II
UWO45276.1,UWO,45276.0,IIb,IIb,2022-08,2022.0,110,0.9818181818181818,,H1,R,H,R74/H107,II,II
UWO45455.1,UWO,45455.0,IIb,IIb,2022-08,2022.0,110,0.9818181818181818,,H1,R,H,R74/H107,II,II
UWO45634.1,UWO,45634.0,IIb,IIb,2022-08,2022.0,110,0.9818181818181818,,H1,R,H,R74/H107,II,II
UWO55376.1,UWO,55376.0,IIb,IIb,2022-06-21,2022.0,110,0.9818181818181818,,H1,R,H,R74/H107,II,II
UWO55554.1,UWO,55554.0,IIb,IIb,2022-06-21,2022.0,110,0.9818181818181818,,H1,R,H,R74/H107,II,II
UWO55733.1,UWO,55733.0,IIb,IIb,2022-06-21,2022.0,110,0.9818181818181818,,H1,R,H,R74/H107,II,II
UWO55911.1,UWO,55911.0,IIb,IIb,2022-06-21,2022.0,110,0.9818181818181818,,H1,R,H,R74/H107,II,II
UWO56090.1,UWO,56090.0,IIb,IIb,2022-06-21,2022.0,110,0.9818181818181818,,H1,R,H,R74/H107,II,II
UWO56269.1,UWO,56269.0,IIb,IIb,2022-06-21,2022.0,110,0.9818181818181818,,H1,R,H,R74/H107,II,II
UWO56446.1,UWO,56446.0,IIb,IIb,2022-06-20,2022.0,110,0.9818181818181818,,H1,R,H,R74/H107,II,II
UWO56625.1,UWO,56625.0,IIb,IIb,2022-06-20,2022.0,110,0.9818181818181818,,H1,R,H,R74/H107,II,II
UWO56796.1,UWO,56796.0,IIb,IIb,2022-06-20,2022.0,110,0.9818181818181818,,H1,R,H,R74/H107,II,II
UWO56974.1,UWO,56974.0,IIb,IIb,2022-06-21,2022.0,110,0.9818181818181818,,H1,R,H,R74/H107,II,II
UWO57152.1,UWO,57152.0,IIb,IIb,2022-06-21,2022.0,110,0.9818181818181818,,H1,R,H,R74/H107,II,II
UWO57331.1,UWO,57331.0,IIb,IIb,2022-06-21,2022.0,110,0.9818181818181818,,H1,R,H,R74/H107,II,II
UWO57508.1,UWO,57508.0,IIb,IIb,2022-06-19,2022.0,110,0.9818181818181818,,H1,R,H,R74/H107,II,II
UWO57686.1,UWO,57686.0,IIb,IIb,2022-06-18,2022.0,110,0.9818181818181818,,H1,R,H,R74/H107,II,II
UWO57865.1,UWO,57865.0,IIb,IIb,2022-06-19,2022.0,110,0.9818181818181818,,H1,R,H,R74/H107,II,II
UWO58042.1,UWO,58042.0,IIb,IIb,2022-06-18,2022.0,110,0.9818181818181818,,H1,R,H,R74/H107,II,II
UWO58221.1,UWO,58221.0,IIb,IIb,2022-06-19,2022.0,110,0.9818181818181818,,H1,R,H,R74/H107,II,II
UWO58400.1,UWO,58400.0,IIb,IIb,2022-06-19,2022.0,110,0.9818181818181818,,H1,R,H,R74/H107,II,II
UWO58577.1,UWO,58577.0,IIb,IIb,2022-06-19,2022.0,110,0.9818181818181818,,H1,R,H,R74/H107,II,II
UWO58754.1,UWO,58754.0,IIb,IIb,2022-06-17,2022.0,110,0.9818181818181818,,H1,R,H,R74/H107,II,II
UWO58932.1,UWO,58932.0,IIb,IIb,2022-06-17,2022.0,110,0.9818181818181818,,H1,R,H,R74/H107,II,II
UWO59109.1,UWO,59109.0,IIb,IIb,2022-06-17,2022.0,110,0.9818181818181818,,H1,R,H,R74/H107,II,II
UWO59287.1,UWO,59287.0,IIb,IIb,2022-06-17,2022.0,110,0.9818181818181818,,H1,R,H,R74/H107,II,II
UWO59465.1,UWO,59465.0,IIb,IIb,2022-06-15,2022.0,110,0.9818181818181818,,H1,R,H,R74/H107,II,II
UWO59644.1,UWO,59644.0,IIb,IIb,2022-06-15,2022.0,110,0.9818181818181818,,H1,R,H,R74/H107,II,II
UWO59822.1,UWO,59822.0,IIb,IIb,2022-06-17,2022.0,110,0.9818181818181818,,H1,R,H,R74/H107,II,II
UWO59999.1,UWO,59999.0,IIb,IIb,2022-06-15,2022.0,110,0.9818181818181818,,H1,R,H,R74/H107,II,II
UWO60178.1,UWO,60178.0,IIb,IIb,2022-06-16,2022.0,110,0.9818181818181818,,H1,R,H,R74/H107,II,II
UWO60356.1,UWO,60356.0,IIb,IIb,2022-06-15,2022.0,110,0.9818181818181818,,H1,R,H,R74/H107,II,II
UWO60534.1,UWO,60534.0,IIb,IIb,2022-06-15,2022.0,110,0.9818181818181818,,H1,R,H,R74/H107,II,II
UWO60712.1,UWO,60712.0,IIb,IIb,2022-06-15,2022.0,110,0.9818181818181818,,H1,R,H,R74/H107,II,II
UWO60891.1,UWO,60891.0,IIb,IIb,2022-06-14,2022.0,110,0.9818181818181818,,H1,R,H,R74/H107,II,II
UWO61069.1,UWO,61069.0,IIb,IIb,2022-06-14,2022.0,110,0.9818181818181818,,H1,R,H,R74/H107,II,II
UWO61248.1,UWO,61248.0,IIb,IIb,2022-06-14,2022.0,110,0.9818181818181818,,H1,R,H,R74/H107,II,II
UWO61426.1,UWO,61426.0,IIb,IIb,2022-06-14,2022.0,110,0.9818181818181818,,H1,R,H,R74/H107,II,II
UWO61604.1,UWO,61604.0,IIb,IIb,2022-06-14,2022.0,110,0.9818181818181818,,H1,R,H,R74/H107,II,II
UWO61782.1,UWO,61782.0,IIb,IIb,2022-06-14,2022.0,110,0.9818181818181818,,H1,R,H,R74/H107,II,II
UWO61960.1,UWO,61960.0,IIb,IIb,2022-06-09,2022.0,110,0.9818181818181818,,H1,R,H,R74/H107,II,II
UWO62138.1,UWO,62138.0,IIb,IIb,2022-06-12,2022.0,110,0.9818181818181818,,H1,R,H,R74/H107,II,II
UWO62316.1,UWO,62316.0,IIb,IIb,2022-06-10,2022.0,110,0.9818181818181818,,H1,R,H,R74/H107,II,II
UWO62495.1,UWO,62495.0,IIb,IIb,2022-06-13,2022.0,110,0.9818181818181818,,H1,R,H,R74/H107,II,II
UWO62674.1,UWO,62674.0,IIb,IIb,2022-06-12,2022.0,110,0.9818181818181818,,H1,R,H,R74/H107,II,II
UWO62853.1,UWO,62853.0,IIb,IIb,2022-06-14,2022.0,110,0.9818181818181818,,H1,R,H,R74/H107,II,II
UWO63032.1,UWO,63032.0,IIb,IIb,2022-06-10,2022.0,110,0.9818181818181818,,H1,R,H,R74/H107,II,II
UWO63211.1,UWO,63211.0,IIb,IIb,2022-06-09,2022.0,110,0.9818181818181818,,H1,R,H,R74/H107,II,II
UWO63389.1,UWO,63389.0,IIb,IIb,2022-06-14,2022.0,110,0.9818181818181818,,H1,R,H,R74/H107,II,II
UWO63567.1,UWO,63567.0,IIb,IIb,2022-06-08,2022.0,110,0.9818181818181818,,H1,R,H,R74/H107,II,II
UWO63746.1,UWO,63746.0,IIb,IIb,2022-06-08,2022.0,110,0.9818181818181818,,H1,R,H,R74/H107,II,II
UWO63925.1,UWO,63925.0,IIb,IIb,2022-06-08,2022.0,110,0.9818181818181818,,H1,R,H,R74/H107,II,II
UWO64104.1,UWO,64104.0,IIb,IIb,2022-06-08,2022.0,110,0.9818181818181818,,H1,R,H,R74/H107,II,II
UWO64281.1,UWO,64281.0,IIb,IIb,2022-06-08,2022.0,110,0.9818181818181818,,H1,R,H,R74/H107,II,II
UWO64460.1,UWO,64460.0,IIb,IIb,2022-06-07,2022.0,110,0.9818181818181818,,H1,R,H,R74/H107,II,II
UWO64639.1,UWO,64639.0,IIb,IIb,2022-06-07,2022.0,110,0.9818181818181818,,H1,R,H,R74/H107,II,II
UWO64817.1,UWO,64817.0,IIb,IIb,2022-06-07,2022.0,110,0.9818181818181818,,H1,R,H,R74/H107,II,II
UWO64996.1,UWO,64996.0,IIb,IIb,2022-06-07,2022.0,110,0.9818181818181818,,H1,R,H,R74/H107,II,II
UWO65174.1,UWO,65174.0,IIb,IIb,2022-06-07,2022.0,110,0.9818181818181818,,H1,R,H,R74/H107,II,II
UWO65352.1,UWO,65352.0,IIb,IIb,2022-06-06,2022.0,110,0.9818181818181818,,H1,R,H,R74/H107,II,II
UWO65527.1,UWO,65527.0,IIb,IIb,2022-06-06,2022.0,110,0.9818181818181818,,H1,R,H,R74/H107,II,II
UWO65706.1,UWO,65706.0,IIb,IIb,2022-06-07,2022.0,110,0.9818181818181818,,H1,R,H,R74/H107,II,II
UWO65885.1,UWO,65885.0,IIb,IIb,2022-06-06,2022.0,110,0.9818181818181818,,H1,R,H,R74/H107,II,II
UWO66064.1,UWO,66064.0,IIb,IIb,2022-06-06,2022.0,110,0.9818181818181818,,H1,R,H,R74/H107,II,II
UWO66238.1,UWO,66238.0,IIb,IIb,2022-06-06,2022.0,110,0.9818181818181818,,H1,R,H,R74/H107,II,II
UWO66416.1,UWO,66416.0,IIb,IIb,2022-06-06,2022.0,110,0.9818181818181818,,H1,R,H,R74/H107,II,II
UWO66595.1,UWO,66595.0,IIb,IIb,2022-06-03,2022.0,110,0.9818181818181818,,H1,R,H,R74/H107,II,II
UWO66773.1,UWO,66773.0,IIb,IIb,2022-06-05,2022.0,110,0.9818181818181818,,H1,R,H,R74/H107,II,II
UWO66952.1,UWO,66952.0,IIb,IIb,2022-06-03,2022.0,110,0.9818181818181818,,H1,R,H,R74/H107,II,II
UWO67131.1,UWO,67131.0,IIb,IIb,2022-06-06,2022.0,110,0.9818181818181818,,H1,R,H,R74/H107,II,II
UWO67309.1,UWO,67309.0,IIb,IIb,2022-06-03,2022.0,110,0.9818181818181818,,H1,R,H,R74/H107,II,II
UWO67488.1,UWO,67488.0,IIb,IIb,2022-06-04,2022.0,110,0.9818181818181818,,H1,R,H,R74/H107,II,II
UWO67666.1,UWO,67666.0,IIb,IIb,2022-06-04,2022.0,110,0.9818181818181818,,H1,R,H,R74/H107,II,II
UWO67843.1,UWO,67843.0,IIb,IIb,2022-06-04,2022.0,110,0.9818181818181818,,H1,R,H,R74/H107,II,II
UWO68021.1,UWO,68021.0,IIb,IIb,2022-06-06,2022.0,110,0.9818181818181818,,H1,R,H,R74/H107,II,II
UWO68200.1,UWO,68200.0,IIb,IIb,2022-06-04,2022.0,110,0.9818181818181818,,H1,R,H,R74/H107,II,II
UWO68378.1,UWO,68378.0,IIb,IIb,2022-06-03,2022.0,110,0.9818181818181818,,H1,R,H,R74/H107,II,II
UWO68555.1,UWO,68555.0,IIb,IIb,2022-06-03,2022.0,110,0.9818181818181818,,H1,R,H,R74/H107,II,II
UWO68732.1,UWO,68732.0,IIb,IIb,2022-06-02,2022.0,110,0.9818181818181818,,H1,R,H,R74/H107,II,II
UWO68910.1,UWO,68910.0,IIb,IIb,2022-06-02,2022.0,110,0.9818181818181818,,H1,R,H,R74/H107,II,II
UWO69089.1,UWO,69089.0,IIb,IIb,2022-05-31,2022.0,110,0.9818181818181818,,H1,R,H,R74/H107,II,II
UWO69268.1,UWO,69268.0,IIb,IIb,2022-06-01,2022.0,110,0.9818181818181818,,H1,R,H,R74/H107,II,II
UWO69446.1,UWO,69446.0,IIb,IIb,2022-05-28,2022.0,110,0.9818181818181818,,H1,R,H,R74/H107,II,II
UWO69625.1,UWO,69625.0,IIb,IIb,2022-05-27,2022.0,110,0.9818181818181818,,H1,R,H,R74/H107,II,II
UWO69804.1,UWO,69804.0,IIb,IIb,2022-05-27,2022.0,110,0.9818181818181818,,H1,R,H,R74/H107,II,II
UWO69981.1,UWO,69981.0,IIb,IIb,2022-05-29,2022.0,110,0.9818181818181818,,H1,R,H,R74/H107,II,II
UWO70159.1,UWO,70159.0,IIb,IIb,2022-05-26,2022.0,110,0.9818181818181818,,H1,R,H,R74/H107,II,II
UWO70338.1,UWO,70338.0,IIb,IIb,2022-05-26,2022.0,110,0.9818181818181818,,H1,R,H,R74/H107,II,II
UWO70515.1,UWO,70515.0,IIb,IIb,2022-05-26,2022.0,110,0.9818181818181818,,H1,R,H,R74/H107,II,II
UWO70694.1,UWO,70694.0,IIb,IIb,2022-05-26,2022.0,110,0.9818181818181818,,H1,R,H,R74/H107,II,II
UWO70871.1,UWO,70871.0,IIb,IIb,2022-05-27,2022.0,110,0.9818181818181818,,H1,R,H,R74/H107,II,II
UWO71049.1,UWO,71049.0,IIb,IIb,2022-05-26,2022.0,110,0.9818181818181818,,H1,R,H,R74/H107,II,II
UWO71228.1,UWO,71228.0,IIb,IIb,2022-05-26,2022.0,110,0.9818181818181818,,H1,R,H,R74/H107,II,II
UWO71405.1,UWO,71405.0,IIb,IIb,2022-05-25,2022.0,110,0.9818181818181818,,H1,R,H,R74/H107,II,II
UWO71584.1,UWO,71584.0,IIb,IIb,2022-05-26,2022.0,110,0.9818181818181818,,H1,R,H,R74/H107,II,II
UWO71761.1,UWO,71761.0,IIb,IIb,2022-05-26,2022.0,110,0.9818181818181818,,H1,R,H,R74/H107,II,II
UWO71939.1,UWO,71939.0,IIb,IIb,2022-05-26,2022.0,110,0.9818181818181818,,H1,R,H,R74/H107,II,II
UWO72117.1,UWO,72117.0,IIb,IIb,2022-05-25,2022.0,110,0.9818181818181818,,H1,R,H,R74/H107,II,II
UWO72296.1,UWO,72296.0,IIb,IIb,2022-05-26,2022.0,110,0.9818181818181818,,H1,R,H,R74/H107,II,II
UWO72473.1,UWO,72473.0,IIb,IIb,2022-05-24,2022.0,110,0.9818181818181818,,H1,R,H,R74/H107,II,II
UWO72650.1,UWO,72650.0,IIb,IIb,2022-05-24,2022.0,110,0.9818181818181818,,H1,R,H,R74/H107,II,II
UWO72829.1,UWO,72829.0,IIb,IIb,2022-05-23,2022.0,110,0.9818181818181818,,H1,R,H,R74/H107,II,II
UWO73006.1,UWO,73006.0,IIb,IIb,2022-05-22,2022.0,110,0.9818181818181818,,H1,R,H,R74/H107,II,II
UWO73184.1,UWO,73184.0,IIb,IIb,2022-05-23,2022.0,110,0.9818181818181818,,H1,R,H,R74/H107,II,II
UWO73362.1,UWO,73362.0,IIb,IIb,2022-06-21,2022.0,110,0.9818181818181818,,H1,R,H,R74/H107,II,II
UWO73540.1,UWO,73540.0,IIb,IIb,2022-06-21,2022.0,110,0.9818181818181818,,H1,R,H,R74/H107,II,II
UWO73718.1,UWO,73718.0,IIb,IIb,2022-06-27,2022.0,110,0.9818181818181818,,H1,R,H,R74/H107,II,II
UWO73895.1,UWO,73895.0,IIb,IIb,2022-06-26,2022.0,110,0.9818181818181818,,H1,R,H,R74/H107,II,II
UWO74071.1,UWO,74071.0,IIb,IIb,2022-06-27,2022.0,110,0.9818181818181818,,H1,R,H,R74/H107,II,II
UWL51690.1,UWL,51690.0,IIb,IIb,2022-05-14,2022.0,110,0.9818181818181818,,H1,R,H,R74/H107,II,II
UWK02257.1,UWK,2257.0,IIb,IIb,2022-06-20,2022.0,110,0.9818181818181818,,H1,R,H,R74/H107,II,II
UWK02434.1,UWK,2434.0,IIb,IIb,2022-06-20,2022.0,110,0.9818181818181818,,H1,R,H,R74/H107,II,II
UWK02610.1,UWK,2610.0,IIb,IIb,2022-06-20,2022.0,110,0.9818181818181818,,H1,R,H,R74/H107,II,II
UWK02789.1,UWK,2789.0,IIb,IIb,2022-06-21,2022.0,110,0.9818181818181818,,H1,R,H,R74/H107,II,II
UWK02965.1,UWK,2965.0,IIb,IIb,2022-06-21,2022.0,110,0.9818181818181818,,H1,R,H,R74/H107,II,II
UWK03144.1,UWK,3144.0,IIb,IIb,2022-06-24,2022.0,110,0.9818181818181818,,H1,R,H,R74/H107,II,II
UWK03323.1,UWK,3323.0,IIb,IIb,2022-06-24,2022.0,110,0.9818181818181818,,H1,R,H,R74/H107,II,II
UWK03502.1,UWK,3502.0,IIb,IIb,2022-06-24,2022.0,110,0.9818181818181818,,H1,R,H,R74/H107,II,II
UWK03679.1,UWK,3679.0,IIb,IIb,2022-07-01,2022.0,110,0.9818181818181818,,H1,R,H,R74/H107,II,II
UWK03855.1,UWK,3855.0,IIb,IIb,2022-07-07,2022.0,110,0.9818181818181818,,H1,R,H,R74/H107,II,II
UWK04033.1,UWK,4033.0,IIb,IIb,2022-07-08,2022.0,110,0.9818181818181818,,H1,R,H,R74/H107,II,II
UWK04212.1,UWK,4212.0,IIb,IIb,2022-07-11,2022.0,110,0.9818181818181818,,H1,R,H,R74/H107,II,II
UWK04391.1,UWK,4391.0,IIb,IIb,2022-07-14,2022.0,110,0.9818181818181818,,H1,R,H,R74/H107,II,II
UWK04569.1,UWK,4569.0,IIb,IIb,2022-07-14,2022.0,110,0.9818181818181818,,H1,R,H,R74/H107,II,II
UWK04748.1,UWK,4748.0,IIb,IIb,2022-07-15,2022.0,110,0.9818181818181818,,H1,R,H,R74/H107,II,II
UWK04927.1,UWK,4927.0,IIb,IIb,2022-07-16,2022.0,110,0.9818181818181818,,H1,R,H,R74/H107,II,II
UWK05105.1,UWK,5105.0,IIb,IIb,2022-07-17,2022.0,110,0.9818181818181818,,H1,R,H,R74/H107,II,II
UWK05279.1,UWK,5279.0,IIb,IIb,2022-07-15,2022.0,110,0.9818181818181818,,H1,R,H,R74/H107,II,II
UWK05457.1,UWK,5457.0,IIb,IIb,2022-07-20,2022.0,110,0.9818181818181818,,H1,R,H,R74/H107,II,II
UWK05636.1,UWK,5636.0,IIb,IIb,2022-07-26,2022.0,110,0.9818181818181818,,H1,R,H,R74/H107,II,II
UWK05813.1,UWK,5813.0,IIb,IIb,2022-07-27,2022.0,110,0.9818181818181818,,H1,R,H,R74/H107,II,II
UWK05988.1,UWK,5988.0,IIb,IIb,2022-06-20,2022.0,110,0.9818181818181818,,H1,R,H,R74/H107,II,II
UWK06163.1,UWK,6163.0,IIb,IIb,2022-06-20,2022.0,110,0.9818181818181818,,H1,R,H,R74/H107,II,II
UWK06342.1,UWK,6342.0,IIb,IIb,2022-06-21,2022.0,110,0.9818181818181818,,H1,R,H,R74/H107,II,II
UWK06520.1,UWK,6520.0,IIb,IIb,2022-06-24,2022.0,110,0.9818181818181818,,H1,R,H,R74/H107,II,II
UWK06699.1,UWK,6699.0,IIb,IIb,2022-06-24,2022.0,110,0.9818181818181818,,H1,R,H,R74/H107,II,II
UWK06878.1,UWK,6878.0,IIb,IIb,2022-06-24,2022.0,110,0.9818181818181818,,H1,R,H,R74/H107,II,II
UWK07055.1,UWK,7055.0,IIb,IIb,2022-07-01,2022.0,110,0.9818181818181818,,H1,R,H,R74/H107,II,II
UWK07230.1,UWK,7230.0,IIb,IIb,2022-07-07,2022.0,110,0.9818181818181818,,H1,R,H,R74/H107,II,II
UWK07408.1,UWK,7408.0,IIb,IIb,2022-07-08,2022.0,110,0.9818181818181818,,H1,R,H,R74/H107,II,II
UWK07586.1,UWK,7586.0,IIb,IIb,2022-07-11,2022.0,110,0.9818181818181818,,H1,R,H,R74/H107,II,II
UWK07765.1,UWK,7765.0,IIb,IIb,2022-07-14,2022.0,110,0.9818181818181818,,H1,R,H,R74/H107,II,II
UWK07944.1,UWK,7944.0,IIb,IIb,2022-07-14,2022.0,110,0.9818181818181818,,H1,R,H,R74/H107,II,II
UWK08120.1,UWK,8120.0,IIb,IIb,2022-07-15,2022.0,110,0.9818181818181818,,H1,R,H,R74/H107,II,II
UWK08299.1,UWK,8299.0,IIb,IIb,2022-07-16,2022.0,110,0.9818181818181818,,H1,R,H,R74/H107,II,II
UWK08477.1,UWK,8477.0,IIb,IIb,2022-07-17,2022.0,110,0.9818181818181818,,H1,R,H,R74/H107,II,II
UWK08656.1,UWK,8656.0,IIb,IIb,2022-07-20,2022.0,110,0.9818181818181818,,H1,R,H,R74/H107,II,II
UWK08835.1,UWK,8835.0,IIb,IIb,2022-07-26,2022.0,110,0.9818181818181818,,H1,R,H,R74/H107,II,II
UWK09013.1,UWK,9013.0,IIb,IIb,2022-07-27,2022.0,110,0.9818181818181818,,H1,R,H,R74/H107,II,II
UWK26461.1,UWK,26461.0,IIb,IIb,2022-07,2022.0,110,0.9818181818181818,,H1,R,H,R74/H107,II,II
UWK26651.1,UWK,26651.0,IIb,IIb,2022-08,2022.0,110,0.9818181818181818,,H1,R,H,R74/H107,II,II
UWK26841.1,UWK,26841.0,IIb,IIb,2022-08,2022.0,110,0.9818181818181818,,H1,R,H,R74/H107,II,II
UWK27031.1,UWK,27031.0,IIb,IIb,2022-08,2022.0,110,0.9818181818181818,,H1,R,H,R74/H107,II,II
UWK27221.1,UWK,27221.0,IIb,IIb,2022-08,2022.0,110,0.9818181818181818,,H1,R,H,R74/H107,II,II
UWK27411.1,UWK,27411.0,IIb,IIb,2022-08,2022.0,110,0.9818181818181818,,H1,R,H,R74/H107,II,II
UWK27601.1,UWK,27601.0,IIb,IIb,2022-08,2022.0,110,0.9818181818181818,,H1,R,H,R74/H107,II,II
UWK27791.1,UWK,27791.0,IIb,IIb,2022-08,2022.0,110,0.9818181818181818,,H1,R,H,R74/H107,II,II
UWK27981.1,UWK,27981.0,IIb,IIb,2022-08,2022.0,110,0.9818181818181818,,H1,R,H,R74/H107,II,II
UWK28171.1,UWK,28171.0,IIb,IIb,2022-08,2022.0,110,0.9818181818181818,,H1,R,H,R74/H107,II,II
UWK28361.1,UWK,28361.0,IIb,IIb,2022-08,2022.0,110,0.9818181818181818,,H1,R,H,R74/H107,II,II
UWK28551.1,UWK,28551.0,IIb,IIb,2022-08,2022.0,110,0.9818181818181818,,H1,R,H,R74/H107,II,II
UWK28741.1,UWK,28741.0,IIb,IIb,2022-08,2022.0,110,0.9818181818181818,,H1,R,H,R74/H107,II,II
UWK28931.1,UWK,28931.0,IIb,IIb,2022-08,2022.0,110,0.9818181818181818,,H1,R,H,R74/H107,II,II
UWK29121.1,UWK,29121.0,IIb,IIb,2022-08,2022.0,110,0.9818181818181818,,H1,R,H,R74/H107,II,II
UWK29311.1,UWK,29311.0,IIb,IIb,2022-08,2022.0,110,0.9818181818181818,,H1,R,H,R74/H107,II,II
UWK29501.1,UWK,29501.0,IIb,IIb,2022-08,2022.0,110,0.9818181818181818,,H1,R,H,R74/H107,II,II
UWK29691.1,UWK,29691.0,IIb,IIb,2022-08,2022.0,110,0.9818181818181818,,H1,R,H,R74/H107,II,II
UWK29881.1,UWK,29881.0,IIb,IIb,2022-08,2022.0,110,0.9818181818181818,,H1,R,H,R74/H107,II,II
UWK30070.1,UWK,30070.0,IIb,IIb,2022-08,2022.0,110,0.9818181818181818,,H1,R,H,R74/H107,II,II
UWK30260.1,UWK,30260.0,IIb,IIb,2022-08,2022.0,110,0.9818181818181818,,H1,R,H,R74/H107,II,II
UWK30450.1,UWK,30450.0,IIb,IIb,2022-08,2022.0,110,0.9818181818181818,,H1,R,H,R74/H107,II,II
UWK30640.1,UWK,30640.0,IIb,IIb,2022-08,2022.0,110,0.9818181818181818,,H1,R,H,R74/H107,II,II
UWJ04917.1,UWJ,4917.0,IIb,IIb,2022-07-25,2022.0,110,0.9818181818181818,,H1,R,H,R74/H107,II,II
UWJ05095.1,UWJ,5095.0,IIb,IIb,2022-07-25,2022.0,110,0.9818181818181818,,H1,R,H,R74/H107,II,II
UWJ05271.1,UWJ,5271.0,IIb,IIb,2022-07-26,2022.0,110,0.9818181818181818,,H1,R,H,R74/H107,II,II
UWJ05449.1,UWJ,5449.0,IIb,IIb,2022-07-28,2022.0,110,0.9818181818181818,,H1,R,H,R74/H107,II,II
UWJ05627.1,UWJ,5627.0,IIb,IIb,2022-07-29,2022.0,110,0.9818181818181818,,H1,R,H,R74/H107,II,II
UWJ05805.1,UWJ,5805.0,IIb,IIb,2022-08-03,2022.0,110,0.9818181818181818,,H1,R,H,R74/H107,II,II
UWJ05977.1,UWJ,5977.0,IIb,IIb,2022-08-05,2022.0,110,0.9818181818181818,,H1,R,H,R74/H107,II,II
UWJ06155.1,UWJ,6155.0,IIb,IIb,2022-08-07,2022.0,110,0.9818181818181818,,H1,R,H,R74/H107,II,II
UWJ06333.1,UWJ,6333.0,IIb,IIb,2022-08-08,2022.0,110,0.9818181818181818,,H1,R,H,R74/H107,II,II
UWJ08785.1,UWJ,8785.0,IIb,IIb,2022-06-13,2022.0,110,0.9818181818181818,,H1,R,H,R74/H107,II,II
UWJ08964.1,UWJ,8964.0,IIb,IIb,2022-07-01,2022.0,110,0.9818181818181818,,H1,R,H,R74/H107,II,II
UWJ09143.1,UWJ,9143.0,IIb,IIb,2022-07-04,2022.0,110,0.9818181818181818,,H1,R,H,R74/H107,II,II
UWJ09322.1,UWJ,9322.0,IIb,IIb,2022-07-04,2022.0,110,0.9818181818181818,,H1,R,H,R74/H107,II,II
UWJ09501.1,UWJ,9501.0,IIb,IIb,2022-07-04,2022.0,110,0.9818181818181818,,H1,R,H,R74/H107,II,II
UWJ09680.1,UWJ,9680.0,IIb,IIb,2022-07-04,2022.0,110,0.9818181818181818,,H1,R,H,R74/H107,II,II
UWJ09859.1,UWJ,9859.0,IIb,IIb,2022-07-06,2022.0,110,0.9818181818181818,,H1,R,H,R74/H107,II,II
UWJ10038.1,UWJ,10038.0,IIb,IIb,2022-07-05,2022.0,110,0.9818181818181818,,H1,R,H,R74/H107,II,II
UWJ10216.1,UWJ,10216.0,IIb,IIb,2022-07-07,2022.0,110,0.9818181818181818,,H1,R,H,R74/H107,II,II
UWJ10395.1,UWJ,10395.0,IIb,IIb,2022-07-18,2022.0,110,0.9818181818181818,,H1,R,H,R74/H107,II,II
UWJ10574.1,UWJ,10574.0,IIb,IIb,2022-07-19,2022.0,110,0.9818181818181818,,H1,R,H,R74/H107,II,II
UWJ10753.1,UWJ,10753.0,IIb,IIb,2022-07-19,2022.0,110,0.9818181818181818,,H1,R,H,R74/H107,II,II
UWJ10931.1,UWJ,10931.0,IIb,IIb,2022-07-20,2022.0,110,0.9818181818181818,,H1,R,H,R74/H107,II,II
UWJ11109.1,UWJ,11109.0,IIb,IIb,2022-07-22,2022.0,110,0.9818181818181818,,H1,R,H,R74/H107,II,II
UWJ11465.1,UWJ,11465.0,IIb,IIb,2022-07-22,2022.0,110,0.9818181818181818,,H1,R,H,R74/H107,II,II
UWJ11644.1,UWJ,11644.0,IIb,IIb,2022-07-22,2022.0,110,0.9818181818181818,,H1,R,H,R74/H107,II,II
UWI52213.1,UWI,52213.0,IIb,IIb,2022-09,2022.0,110,0.9818181818181818,,H1,R,H,R74/H107,II,II
UWI52392.1,UWI,52392.0,IIb,IIb,2022-09,2022.0,110,0.9818181818181818,,H1,R,H,R74/H107,II,II
UWI52571.1,UWI,52571.0,IIb,IIb,2022-09,2022.0,110,0.9818181818181818,,H1,R,H,R74/H107,II,II
UWI52750.1,UWI,52750.0,IIb,IIb,2022-09,2022.0,110,0.9818181818181818,,H1,R,H,R74/H107,II,II
UWI52929.1,UWI,52929.0,IIb,IIb,2022-09,2022.0,110,0.9818181818181818,,H1,R,H,R74/H107,II,II
UWI53108.1,UWI,53108.0,IIb,IIb,2022-09,2022.0,110,0.9818181818181818,,H1,R,H,R74/H107,II,II
UWI53287.1,UWI,53287.0,IIb,IIb,2022-09,2022.0,110,0.9818181818181818,,H1,R,H,R74/H107,II,II
UWI72271.1,UWI,72271.0,IIb,IIb,2022-06,2022.0,110,0.9818181818181818,,H1,R,H,R74/H107,II,II
UWI72449.1,UWI,72449.0,IIb,IIb,2022-06,2022.0,110,0.9818181818181818,,H1,R,H,R74/H107,II,II
UWI72627.1,UWI,72627.0,IIb,IIb,2022-06,2022.0,110,0.9818181818181818,,H1,R,H,R74/H107,II,II
UWI72805.1,UWI,72805.0,IIb,IIb,2022-06,2022.0,110,0.9818181818181818,,H1,R,H,R74/H107,II,II
UWI72983.1,UWI,72983.0,IIb,IIb,2022-07,2022.0,110,0.9818181818181818,,H1,R,H,R74/H107,II,II
UWI73161.1,UWI,73161.0,IIb,IIb,2022-06,2022.0,110,0.9818181818181818,,H1,R,H,R74/H107,II,II
UWI73339.1,UWI,73339.0,IIb,IIb,2022-07,2022.0,110,0.9818181818181818,,H1,R,H,R74/H107,II,II
UWI73517.1,UWI,73517.0,IIb,IIb,2022-07,2022.0,110,0.9818181818181818,,H1,R,H,R74/H107,II,II
UWI73695.1,UWI,73695.0,IIb,IIb,2022-06,2022.0,110,0.9818181818181818,,H1,R,H,R74/H107,II,II
UWI73873.1,UWI,73873.0,IIb,IIb,2022-06,2022.0,110,0.9818181818181818,,H1,R,H,R74/H107,II,II
UWI74051.1,UWI,74051.0,IIb,IIb,2022-06,2022.0,110,0.9818181818181818,,H1,R,H,R74/H107,II,II
UWI74229.1,UWI,74229.0,IIb,IIb,2022-06,2022.0,110,0.9818181818181818,,H1,R,H,R74/H107,II,II
UWI74406.1,UWI,74406.0,IIb,IIb,2022-06,2022.0,110,0.9818181818181818,,H1,R,H,R74/H107,II,II
UWI74583.1,UWI,74583.0,IIb,IIb,2022-06,2022.0,110,0.9818181818181818,,H1,R,H,R74/H107,II,II
UWI74761.1,UWI,74761.0,IIb,IIb,2022-06,2022.0,110,0.9818181818181818,,H1,R,H,R74/H107,II,II
UWI74939.1,UWI,74939.0,IIb,IIb,2022-06,2022.0,110,0.9818181818181818,,H1,R,H,R74/H107,II,II
UWI75117.1,UWI,75117.0,IIb,IIb,2022-06,2022.0,110,0.9818181818181818,,H1,R,H,R74/H107,II,II
UWI75295.1,UWI,75295.0,IIb,IIb,2022-06,2022.0,110,0.9818181818181818,,H1,R,H,R74/H107,II,II
UWI75473.1,UWI,75473.0,IIb,IIb,2022-06,2022.0,110,0.9818181818181818,,H1,R,H,R74/H107,II,II
UVY78763.1,UVY,78763.0,IIb,IIb,2022-08,2022.0,110,0.9818181818181818,,H1,R,H,R74/H107,II,II
UVY78938.1,UVY,78938.0,IIb,IIb,2022-08,2022.0,110,0.9818181818181818,,H1,R,H,R74/H107,II,II
UVY79113.1,UVY,79113.0,IIb,IIb,2022-08,2022.0,110,0.9818181818181818,,H1,R,H,R74/H107,II,II
UVY79288.1,UVY,79288.0,IIb,IIb,2022-08,2022.0,110,0.9818181818181818,,H1,R,H,R74/H107,II,II
UVY79463.1,UVY,79463.0,IIb,IIb,2022-08,2022.0,110,0.9818181818181818,,H1,R,H,R74/H107,II,II
UVY79638.1,UVY,79638.0,IIb,IIb,2022-08,2022.0,110,0.9818181818181818,,H1,R,H,R74/H107,II,II
UVY79813.1,UVY,79813.0,IIb,IIb,2022-08,2022.0,110,0.9818181818181818,,H1,R,H,R74/H107,II,II
UVY79988.1,UVY,79988.0,IIb,IIb,2022-08,2022.0,110,0.9818181818181818,,H1,R,H,R74/H107,II,II
UVY80163.1,UVY,80163.0,IIb,IIb,2022-08,2022.0,110,0.9818181818181818,,H1,R,H,R74/H107,II,II
UVY80338.1,UVY,80338.0,IIb,IIb,2022-08,2022.0,110,0.9818181818181818,,H1,R,H,R74/H107,II,II
UVY80513.1,UVY,80513.0,IIb,IIb,2022-08,2022.0,110,0.9818181818181818,,H1,R,H,R74/H107,II,II
UVY80688.1,UVY,80688.0,IIb,IIb,2022-08,2022.0,110,0.9818181818181818,,H1,R,H,R74/H107,II,II
UVY80863.1,UVY,80863.0,IIb,IIb,2022-08,2022.0,110,0.9818181818181818,,H1,R,H,R74/H107,II,II
UVY81038.1,UVY,81038.0,IIb,IIb,2022-08,2022.0,110,0.9818181818181818,,H1,R,H,R74/H107,II,II
UVY81213.1,UVY,81213.0,IIb,IIb,2022-08,2022.0,110,0.9818181818181818,,H1,R,H,R74/H107,II,II
UVY81387.1,UVY,81387.0,IIb,IIb,2022-08,2022.0,110,0.9818181818181818,,H1,R,H,R74/H107,II,II
UVY81562.1,UVY,81562.0,IIb,IIb,2022-08,2022.0,110,0.9818181818181818,,H1,R,H,R74/H107,II,II
UVY81737.1,UVY,81737.0,IIb,IIb,2022-08,2022.0,110,0.9818181818181818,,H1,R,H,R74/H107,II,II
UVY81912.1,UVY,81912.0,IIb,IIb,2022-08,2022.0,110,0.9818181818181818,,H1,R,H,R74/H107,II,II
UVY82087.1,UVY,82087.0,IIb,IIb,2022-08,2022.0,110,0.9818181818181818,,H1,R,H,R74/H107,II,II
UVY82262.1,UVY,82262.0,IIb,IIb,2022-08,2022.0,110,0.9818181818181818,,H1,R,H,R74/H107,II,II
UVY89734.1,UVY,89734.0,IIb,IIb,2022-08-09,2022.0,110,0.9818181818181818,,H1,R,H,R74/H107,II,II
UVX18307.1,UVX,18307.0,IIb,IIb,2022-06-14,2022.0,110,0.9818181818181818,,H1,R,H,R74/H107,II,II
UVX18486.1,UVX,18486.0,IIb,IIb,2022-07-13,2022.0,110,0.9818181818181818,,H1,R,H,R74/H107,II,II
UVX18664.1,UVX,18664.0,IIb,IIb,2022-07-19,2022.0,110,0.9818181818181818,,H1,R,H,R74/H107,II,II
UVX18842.1,UVX,18842.0,IIb,IIb,2022-07-22,2022.0,110,0.9818181818181818,,H1,R,H,R74/H107,II,II
UVX19021.1,UVX,19021.0,IIb,IIb,2022-07-19,2022.0,110,0.9818181818181818,,H1,R,H,R74/H107,II,II
UVX19199.1,UVX,19199.0,IIb,IIb,2022-07-22,2022.0,110,0.9818181818181818,,H1,R,H,R74/H107,II,II
UVX19377.1,UVX,19377.0,IIb,IIb,2022-07-22,2022.0,110,0.9818181818181818,,H1,R,H,R74/H107,II,II
UVX19556.1,UVX,19556.0,IIb,IIb,2022-07-27,2022.0,110,0.9818181818181818,,H1,R,H,R74/H107,II,II
UVX19735.1,UVX,19735.0,IIb,IIb,2022-08-08,2022.0,110,0.9818181818181818,,H1,R,H,R74/H107,II,II
UVX19914.1,UVX,19914.0,IIb,IIb,2022-08-11,2022.0,110,0.9818181818181818,,H1,R,H,R74/H107,II,II
UVV50673.1,UVV,50673.0,IIb,IIb,2022-06-07,2022.0,110,0.9818181818181818,,H1,R,H,R74/H107,II,II
UVV50852.1,UVV,50852.0,IIb,IIb,2022-06-03,2022.0,110,0.9818181818181818,,H1,R,H,R74/H107,II,II
UVV51029.1,UVV,51029.0,IIb,IIb,2022-06-29,2022.0,110,0.9818181818181818,,H1,R,H,R74/H107,II,II
UVV51205.1,UVV,51205.0,IIb,IIb,2022-06-29,2022.0,110,0.9818181818181818,,H1,R,H,R74/H107,II,II
UVV51383.1,UVV,51383.0,IIb,IIb,2022-07-04,2022.0,110,0.9818181818181818,,H1,R,H,R74/H107,II,II
UVV51561.1,UVV,51561.0,IIb,IIb,2022-08-05,2022.0,110,0.9818181818181818,,H1,R,H,R74/H107,II,II
UVW84667.1,UVW,84667.0,IIb,IIb,2022-06,2022.0,110,0.9818181818181818,,H1,R,H,R74/H107,II,II
UVW84845.1,UVW,84845.0,IIb,IIb,2022-06,2022.0,110,0.9818181818181818,,H1,R,H,R74/H107,II,II
UVW85023.1,UVW,85023.0,IIb,IIb,2022-06,2022.0,110,0.9818181818181818,,H1,R,H,R74/H107,II,II
UVW85201.1,UVW,85201.0,IIb,IIb,2022-06,2022.0,110,0.9818181818181818,,H1,R,H,R74/H107,II,II
UVW85379.1,UVW,85379.0,IIb,IIb,2022-06,2022.0,110,0.9818181818181818,,H1,R,H,R74/H107,II,II
UVW85557.1,UVW,85557.0,IIb,IIb,2022-06,2022.0,110,0.9818181818181818,,H1,R,H,R74/H107,II,II
UVW85735.1,UVW,85735.0,IIb,IIb,2022-05,2022.0,110,0.9818181818181818,,H1,R,H,R74/H107,II,II
UVW85913.1,UVW,85913.0,IIb,IIb,2022-06,2022.0,110,0.9818181818181818,,H1,R,H,R74/H107,II,II
UVU13072.1,UVU,13072.0,IIb,IIb,2022-08,2022.0,110,0.9818181818181818,,H1,R,H,R74/H107,II,II
UVU13262.1,UVU,13262.0,IIb,IIb,2022-08,2022.0,110,0.9818181818181818,,H1,R,H,R74/H107,II,II
UVU13452.1,UVU,13452.0,IIb,IIb,2022-08,2022.0,110,0.9818181818181818,,H1,R,H,R74/H107,II,II
UVU13642.1,UVU,13642.0,IIb,IIb,2022-08,2022.0,110,0.9818181818181818,,H1,R,H,R74/H107,II,II
UVU13832.1,UVU,13832.0,IIb,IIb,2022-08,2022.0,110,0.9818181818181818,,H1,R,H,R74/H107,II,II
UVU14022.1,UVU,14022.0,IIb,IIb,2022-08,2022.0,110,0.9818181818181818,,H1,R,H,R74/H107,II,II
UVV36625.1,UVV,36625.0,IIb,IIb,2022-08,2022.0,110,0.9818181818181818,,H1,R,H,R74/H107,II,II
UVV36804.1,UVV,36804.0,IIb,IIb,2022-08,2022.0,110,0.9818181818181818,,H1,R,H,R74/H107,II,II
UVV36983.1,UVV,36983.0,IIb,IIb,2022-08,2022.0,110,0.9818181818181818,,H1,R,H,R74/H107,II,II
UVV37162.1,UVV,37162.0,IIb,IIb,2022-08,2022.0,110,0.9818181818181818,,H1,R,H,R74/H107,II,II
UVV37341.1,UVV,37341.0,IIb,IIb,2022-08,2022.0,110,0.9818181818181818,,H1,R,H,R74/H107,II,II
UVV37520.1,UVV,37520.0,IIb,IIb,2022-08,2022.0,110,0.9818181818181818,,H1,R,H,R74/H107,II,II
UVV37699.1,UVV,37699.0,IIb,IIb,2022-08,2022.0,110,0.9818181818181818,,H1,R,H,R74/H107,II,II
UVV37878.1,UVV,37878.0,IIb,IIb,2022-08,2022.0,110,0.9818181818181818,,H1,R,H,R74/H107,II,II
UVV38057.1,UVV,38057.0,IIb,IIb,2022-08,2022.0,110,0.9818181818181818,,H1,R,H,R74/H107,II,II
UVV38236.1,UVV,38236.0,IIb,IIb,2022-08,2022.0,110,0.9818181818181818,,H1,R,H,R74/H107,II,II
UVV38415.1,UVV,38415.0,IIb,IIb,2022-08,2022.0,110,0.9818181818181818,,H1,R,H,R74/H107,II,II
UVT27985.1,UVT,27985.0,IIb,IIb,2022-07-01,2022.0,110,0.9818181818181818,,H1,R,H,R74/H107,II,II
UVT28164.1,UVT,28164.0,IIb,IIb,2022-07-02,2022.0,110,0.9818181818181818,,H1,R,H,R74/H107,II,II
UVT28343.1,UVT,28343.0,IIb,IIb,2022-07-09,2022.0,110,0.9818181818181818,,H1,R,H,R74/H107,II,II
UVT28522.1,UVT,28522.0,IIb,IIb,2022-07-09,2022.0,110,0.9818181818181818,,H1,R,H,R74/H107,II,II
UVT28701.1,UVT,28701.0,IIb,IIb,2022-07-06,2022.0,110,0.9818181818181818,,H1,R,H,R74/H107,II,II
UVT28880.1,UVT,28880.0,IIb,IIb,2022-07-08,2022.0,110,0.9818181818181818,,H1,R,H,R74/H107,II,II
UVT29059.1,UVT,29059.0,IIb,IIb,2022-07-09,2022.0,110,0.9818181818181818,,H1,R,H,R74/H107,II,II
UVT29238.1,UVT,29238.0,IIb,IIb,2022-07-09,2022.0,110,0.9818181818181818,,H1,R,H,R74/H107,II,II
UVT35521.1,UVT,35521.0,IIb,IIb,2022-07-27,2022.0,110,0.9818181818181818,,H1,R,H,R74/H107,II,II
UVT35700.1,UVT,35700.0,IIb,IIb,2022-08-01,2022.0,110,0.9818181818181818,,H1,R,H,R74/H107,II,II
UVT35879.1,UVT,35879.0,IIb,IIb,2022-08-03,2022.0,110,0.9818181818181818,,H1,R,H,R74/H107,II,II
UVT36058.1,UVT,36058.0,IIb,IIb,2022-08-04,2022.0,110,0.9818181818181818,,H1,R,H,R74/H107,II,II
UVT36237.1,UVT,36237.0,IIb,IIb,2022-08-11,2022.0,110,0.9818181818181818,,H1,R,H,R74/H107,II,II
UVT54599.1,UVT,54599.0,IIb,IIb,2022-07-12,2022.0,110,0.9818181818181818,,H1,R,H,R74/H107,II,II
UVT54776.1,UVT,54776.0,IIb,IIb,2022-07-11,2022.0,110,0.9818181818181818,,H1,R,H,R74/H107,II,II
UVT54955.1,UVT,54955.0,IIb,IIb,2022-07-08,2022.0,110,0.9818181818181818,,H1,R,H,R74/H107,II,II
UVT55135.1,UVT,55135.0,IIb,IIb,2022-07-08,2022.0,110,0.9818181818181818,,H1,R,H,R74/H107,II,II
UVT55314.1,UVT,55314.0,IIb,IIb,2022-07-11,2022.0,110,0.9818181818181818,,H1,R,H,R74/H107,II,II
UVT55493.1,UVT,55493.0,IIb,IIb,2022-07-08,2022.0,110,0.9818181818181818,,H1,R,H,R74/H107,II,II
UVT55672.1,UVT,55672.0,IIb,IIb,2022-07-10,2022.0,110,0.9818181818181818,,H1,R,H,R74/H107,II,II
UVT55851.1,UVT,55851.0,IIb,IIb,2022-07-11,2022.0,110,0.9818181818181818,,H1,R,H,R74/H107,II,II
UVT56030.1,UVT,56030.0,IIb,IIb,2022-07-07,2022.0,110,0.9818181818181818,,H1,R,H,R74/H107,II,II
UVT56209.1,UVT,56209.0,IIb,IIb,2022-07-07,2022.0,110,0.9818181818181818,,H1,R,H,R74/H107,II,II
UVT56388.1,UVT,56388.0,IIb,IIb,2022-07-07,2022.0,110,0.9818181818181818,,H1,R,H,R74/H107,II,II
UVT56567.1,UVT,56567.0,IIb,IIb,2022-07-07,2022.0,110,0.9818181818181818,,H1,R,H,R74/H107,II,II
UVT56746.1,UVT,56746.0,IIb,IIb,2022-07-07,2022.0,110,0.9818181818181818,,H1,R,H,R74/H107,II,II
UVT56925.1,UVT,56925.0,IIb,IIb,2022-07-06,2022.0,110,0.9818181818181818,,H1,R,H,R74/H107,II,II
UVT57104.1,UVT,57104.0,IIb,IIb,2022-07-06,2022.0,110,0.9818181818181818,,H1,R,H,R74/H107,II,II
UVT57282.1,UVT,57282.0,IIb,IIb,2022-07-06,2022.0,110,0.9818181818181818,,H1,R,H,R74/H107,II,II
UVT57462.1,UVT,57462.0,IIb,IIb,2022-07-06,2022.0,110,0.9818181818181818,,H1,R,H,R74/H107,II,II
UVT57640.1,UVT,57640.0,IIb,IIb,2022-07-06,2022.0,110,0.9818181818181818,,H1,R,H,R74/H107,II,II
UVT57818.1,UVT,57818.0,IIb,IIb,2022-07-06,2022.0,110,0.9818181818181818,,H1,R,H,R74/H107,II,II
UVT57997.1,UVT,57997.0,IIb,IIb,2022-07-06,2022.0,110,0.9818181818181818,,H1,R,H,R74/H107,II,II
UVT58176.1,UVT,58176.0,IIb,IIb,2022-07-04,2022.0,110,0.9818181818181818,,H1,R,H,R74/H107,II,II
UVT58355.1,UVT,58355.0,IIb,IIb,2022-07-05,2022.0,110,0.9818181818181818,,H1,R,H,R74/H107,II,II
UVT58534.1,UVT,58534.0,IIb,IIb,2022-07-07,2022.0,110,0.9818181818181818,,H1,R,H,R74/H107,II,II
UVT58713.1,UVT,58713.0,IIb,IIb,2022-07-05,2022.0,110,0.9818181818181818,,H1,R,H,R74/H107,II,II
UVT58891.1,UVT,58891.0,IIb,IIb,2022-07-06,2022.0,110,0.9818181818181818,,H1,R,H,R74/H107,II,II
UVT59070.1,UVT,59070.0,IIb,IIb,2022-07-05,2022.0,110,0.9818181818181818,,H1,R,H,R74/H107,II,II
UVT59248.1,UVT,59248.0,IIb,IIb,2022-06-30,2022.0,110,0.9818181818181818,,H1,R,H,R74/H107,II,II
UVT59427.1,UVT,59427.0,IIb,IIb,2022-07-05,2022.0,110,0.9818181818181818,,H1,R,H,R74/H107,II,II
UVT59604.1,UVT,59604.0,IIb,IIb,2022-07-05,2022.0,110,0.9818181818181818,,H1,R,H,R74/H107,II,II
UVT59783.1,UVT,59783.0,IIb,IIb,2022-07-05,2022.0,110,0.9818181818181818,,H1,R,H,R74/H107,II,II
UVT59962.1,UVT,59962.0,IIb,IIb,2022-07-03,2022.0,110,0.9818181818181818,,H1,R,H,R74/H107,II,II
UVT60141.1,UVT,60141.0,IIb,IIb,2022-07-03,2022.0,110,0.9818181818181818,,H1,R,H,R74/H107,II,II
UVT60320.1,UVT,60320.0,IIb,IIb,2022-07-03,2022.0,110,0.9818181818181818,,H1,R,H,R74/H107,II,II
UVT60498.1,UVT,60498.0,IIb,IIb,2022-07-02,2022.0,110,0.9818181818181818,,H1,R,H,R74/H107,II,II
UVT60675.1,UVT,60675.0,IIb,IIb,2022-06-30,2022.0,110,0.9818181818181818,,H1,R,H,R74/H107,II,II
UVT60853.1,UVT,60853.0,IIb,IIb,2022-06-30,2022.0,110,0.9818181818181818,,H1,R,H,R74/H107,II,II
UVT61032.1,UVT,61032.0,IIb,IIb,2022-06-30,2022.0,110,0.9818181818181818,,H1,R,H,R74/H107,II,II
UVT61211.1,UVT,61211.0,IIb,IIb,2022-06-29,2022.0,110,0.9818181818181818,,H1,R,H,R74/H107,II,II
UVT61390.1,UVT,61390.0,IIb,IIb,2022-07-01,2022.0,110,0.9818181818181818,,H1,R,H,R74/H107,II,II
UVT61568.1,UVT,61568.0,IIb,IIb,2022-06-30,2022.0,110,0.9818181818181818,,H1,R,H,R74/H107,II,II
UVT61747.1,UVT,61747.0,IIb,IIb,2022-06-30,2022.0,110,0.9818181818181818,,H1,R,H,R74/H107,II,II
UVT61926.1,UVT,61926.0,IIb,IIb,2022-06-30,2022.0,110,0.9818181818181818,,H1,R,H,R74/H107,II,II
UVT62106.1,UVT,62106.0,IIb,IIb,2022-06-27,2022.0,110,0.9818181818181818,,H1,R,H,R74/H107,II,II
UVT62285.1,UVT,62285.0,IIb,IIb,2022-06-28,2022.0,110,0.9818181818181818,,H1,R,H,R74/H107,II,II
UVT62464.1,UVT,62464.0,IIb,IIb,2022-06-27,2022.0,110,0.9818181818181818,,H1,R,H,R74/H107,II,II
UVT62643.1,UVT,62643.0,IIb,IIb,2022-06-28,2022.0,110,0.9818181818181818,,H1,R,H,R74/H107,II,II
UVT62822.1,UVT,62822.0,IIb,IIb,2022-06-28,2022.0,110,0.9818181818181818,,H1,R,H,R74/H107,II,II
UVT62998.1,UVT,62998.0,IIb,IIb,2022-06-28,2022.0,110,0.9818181818181818,,H1,R,H,R74/H107,II,II
UVT63178.1,UVT,63178.0,IIb,IIb,2022-06-29,2022.0,110,0.9818181818181818,,H1,R,H,R74/H107,II,II
UVT63357.1,UVT,63357.0,IIb,IIb,2022-06-28,2022.0,110,0.9818181818181818,,H1,R,H,R74/H107,II,II
UVT63534.1,UVT,63534.0,IIb,IIb,2022-06-27,2022.0,110,0.9818181818181818,,H1,R,H,R74/H107,II,II
UVT63712.1,UVT,63712.0,IIb,IIb,2022-06-28,2022.0,110,0.9818181818181818,,H1,R,H,R74/H107,II,II
UVT63890.1,UVT,63890.0,IIb,IIb,2022-06-28,2022.0,110,0.9818181818181818,,H1,R,H,R74/H107,II,II
UVT64069.1,UVT,64069.0,IIb,IIb,2022-06-29,2022.0,110,0.9818181818181818,,H1,R,H,R74/H107,II,II
UVT64248.1,UVT,64248.0,IIb,IIb,2022-06-27,2022.0,110,0.9818181818181818,,H1,R,H,R74/H107,II,II
UVT64426.1,UVT,64426.0,IIb,IIb,2022-06-28,2022.0,110,0.9818181818181818,,H1,R,H,R74/H107,II,II
UVT64604.1,UVT,64604.0,IIb,IIb,2022-06-27,2022.0,110,0.9818181818181818,,H1,R,H,R74/H107,II,II
UVT64784.1,UVT,64784.0,IIb,IIb,2022-06-28,2022.0,110,0.9818181818181818,,H1,R,H,R74/H107,II,II
UVT64961.1,UVT,64961.0,IIb,IIb,2022-06-27,2022.0,110,0.9818181818181818,,H1,R,H,R74/H107,II,II
UVT65139.1,UVT,65139.0,IIb,IIb,2022-06-27,2022.0,110,0.9818181818181818,,H1,R,H,R74/H107,II,II
UVT65318.1,UVT,65318.0,IIb,IIb,2022-06-28,2022.0,110,0.9818181818181818,,H1,R,H,R74/H107,II,II
UVT65497.1,UVT,65497.0,IIb,IIb,2022-06-23,2022.0,110,0.9818181818181818,,H1,R,H,R74/H107,II,II
UVT65675.1,UVT,65675.0,IIb,IIb,2022-06-25,2022.0,110,0.9818181818181818,,H1,R,H,R74/H107,II,II
UVT65852.1,UVT,65852.0,IIb,IIb,2022-06-27,2022.0,110,0.9818181818181818,,H1,R,H,R74/H107,II,II
UVT66031.1,UVT,66031.0,IIb,IIb,2022-06-22,2022.0,110,0.9818181818181818,,H1,R,H,R74/H107,II,II
UVT66209.1,UVT,66209.0,IIb,IIb,2022-06-24,2022.0,110,0.9818181818181818,,H1,R,H,R74/H107,II,II
UVT66388.1,UVT,66388.0,IIb,IIb,2022-06-24,2022.0,110,0.9818181818181818,,H1,R,H,R74/H107,II,II
UVT66567.1,UVT,66567.0,IIb,IIb,2022-06-25,2022.0,110,0.9818181818181818,,H1,R,H,R74/H107,II,II
UVT66746.1,UVT,66746.0,IIb,IIb,2022-06-26,2022.0,110,0.9818181818181818,,H1,R,H,R74/H107,II,II
UVT66925.1,UVT,66925.0,IIb,IIb,2022-06-20,2022.0,110,0.9818181818181818,,H1,R,H,R74/H107,II,II
UVT67104.1,UVT,67104.0,IIb,IIb,2022-06-24,2022.0,110,0.9818181818181818,,H1,R,H,R74/H107,II,II
UVT67283.1,UVT,67283.0,IIb,IIb,2022-06-24,2022.0,110,0.9818181818181818,,H1,R,H,R74/H107,II,II
UVT67462.1,UVT,67462.0,IIb,IIb,2022-06-24,2022.0,110,0.9818181818181818,,H1,R,H,R74/H107,II,II
UVT67638.1,UVT,67638.0,IIb,IIb,2022-06-24,2022.0,110,0.9818181818181818,,H1,R,H,R74/H107,II,II
UVT67817.1,UVT,67817.0,IIb,IIb,2022-06-23,2022.0,110,0.9818181818181818,,H1,R,H,R74/H107,II,II
UVT67996.1,UVT,67996.0,IIb,IIb,2022-06-23,2022.0,110,0.9818181818181818,,H1,R,H,R74/H107,II,II
UVT68175.1,UVT,68175.0,IIb,IIb,2022-06-23,2022.0,110,0.9818181818181818,,H1,R,H,R74/H107,II,II
UVT68354.1,UVT,68354.0,IIb,IIb,2022-06-23,2022.0,110,0.9818181818181818,,H1,R,H,R74/H107,II,II
UVT68529.1,UVT,68529.0,IIb,IIb,2022-06-24,2022.0,110,0.9818181818181818,,H1,R,H,R74/H107,II,II
UVT68706.1,UVT,68706.0,IIb,IIb,2022-06-24,2022.0,110,0.9818181818181818,,H1,R,H,R74/H107,II,II
UVT68883.1,UVT,68883.0,IIb,IIb,2022-06-24,2022.0,110,0.9818181818181818,,H1,R,H,R74/H107,II,II
UVT69062.1,UVT,69062.0,IIb,IIb,2022-06-23,2022.0,110,0.9818181818181818,,H1,R,H,R74/H107,II,II
UVT69233.1,UVT,69233.0,IIb,IIb,2022-06-22,2022.0,110,0.9818181818181818,,H1,R,H,R74/H107,II,II
UVT69411.1,UVT,69411.0,IIb,IIb,2022-06-22,2022.0,110,0.9818181818181818,,H1,R,H,R74/H107,II,II
UVT69588.1,UVT,69588.0,IIb,IIb,2022-06-22,2022.0,110,0.9818181818181818,,H1,R,H,R74/H107,II,II
UVT69767.1,UVT,69767.0,IIb,IIb,2022-06-22,2022.0,110,0.9818181818181818,,H1,R,H,R74/H107,II,II
UVT69945.1,UVT,69945.0,IIb,IIb,2022-06-22,2022.0,110,0.9818181818181818,,H1,R,H,R74/H107,II,II
UVT70120.1,UVT,70120.0,IIb,IIb,2022-06-21,2022.0,110,0.9818181818181818,,H1,R,H,R74/H107,II,II
UVT70295.1,UVT,70295.0,IIb,IIb,2022-06-21,2022.0,110,0.9818181818181818,,H1,R,H,R74/H107,II,II
UVT70472.1,UVT,70472.0,IIb,IIb,2022-06-20,2022.0,110,0.9818181818181818,,H1,R,H,R74/H107,II,II
UVT70651.1,UVT,70651.0,IIb,IIb,2022-06-21,2022.0,110,0.9818181818181818,,H1,R,H,R74/H107,II,II
UVT70829.1,UVT,70829.0,IIb,IIb,2022-06-22,2022.0,110,0.9818181818181818,,H1,R,H,R74/H107,II,II
UVT71008.1,UVT,71008.0,IIb,IIb,2022-06-22,2022.0,110,0.9818181818181818,,H1,R,H,R74/H107,II,II
UVT71182.1,UVT,71182.0,IIb,IIb,2022-06-21,2022.0,110,0.9818181818181818,,H1,R,H,R74/H107,II,II
UVJ85088.1,UVJ,85088.0,IIb,IIb,2022-06,2022.0,110,0.9818181818181818,,H1,R,H,R74/H107,II,II
UVJ85264.1,UVJ,85264.0,IIb,IIb,2022-06,2022.0,110,0.9818181818181818,,H1,R,H,R74/H107,II,II
UVJ85441.1,UVJ,85441.0,IIb,IIb,2022-06,2022.0,110,0.9818181818181818,,H1,R,H,R74/H107,II,II
UVJ85618.1,UVJ,85618.0,IIb,IIb,2022-06,2022.0,110,0.9818181818181818,,H1,R,H,R74/H107,II,II
UVJ85795.1,UVJ,85795.0,IIb,IIb,2022-06,2022.0,110,0.9818181818181818,,H1,R,H,R74/H107,II,II
UVJ85973.1,UVJ,85973.0,IIb,IIb,2022-06,2022.0,110,0.9818181818181818,,H1,R,H,R74/H107,II,II
UVJ86151.1,UVJ,86151.0,IIb,IIb,2022-06,2022.0,110,0.9818181818181818,,H1,R,H,R74/H107,II,II
UVJ86329.1,UVJ,86329.0,IIb,IIb,2022-06,2022.0,110,0.9818181818181818,,H1,R,H,R74/H107,II,II
UVJ86507.1,UVJ,86507.0,IIb,IIb,2022-06,2022.0,110,0.9818181818181818,,H1,R,H,R74/H107,II,II
UVJ86685.1,UVJ,86685.0,IIb,IIb,2022-06,2022.0,110,0.9818181818181818,,H1,R,H,R74/H107,II,II
UVJ86863.1,UVJ,86863.0,IIb,IIb,2022-06,2022.0,110,0.9818181818181818,,H1,R,H,R74/H107,II,II
UVJ87041.1,UVJ,87041.0,IIb,IIb,2022-06,2022.0,110,0.9818181818181818,,H1,R,H,R74/H107,II,II
UVJ87219.1,UVJ,87219.0,IIb,IIb,2022-06,2022.0,110,0.9818181818181818,,H1,R,H,R74/H107,II,II
UVJ87397.1,UVJ,87397.0,IIb,IIb,2022-06,2022.0,110,0.9818181818181818,,H1,R,H,R74/H107,II,II
UVJ87575.1,UVJ,87575.0,IIb,IIb,2022-07,2022.0,110,0.9818181818181818,,H1,R,H,R74/H107,II,II
UVJ87753.1,UVJ,87753.0,IIb,IIb,2022-06,2022.0,110,0.9818181818181818,,H1,R,H,R74/H107,II,II
UVJ87931.1,UVJ,87931.0,IIb,IIb,2022-06,2022.0,110,0.9818181818181818,,H1,R,H,R74/H107,II,II
UVJ88108.1,UVJ,88108.0,IIb,IIb,2022-06,2022.0,110,0.9818181818181818,,H1,R,H,R74/H107,II,II
UVJ88286.1,UVJ,88286.0,IIb,IIb,2022-06,2022.0,110,0.9818181818181818,,H1,R,H,R74/H107,II,II
UVJ88464.1,UVJ,88464.0,IIb,IIb,2022-06,2022.0,110,0.9818181818181818,,H1,R,H,R74/H107,II,II
UVK29526.1,UVK,29526.0,IIb,IIb,2022-08,2022.0,110,0.9818181818181818,,H1,R,H,R74/H107,II,II
UVK29716.1,UVK,29716.0,IIb,IIb,2022-08,2022.0,110,0.9818181818181818,,H1,R,H,R74/H107,II,II
UVK29906.1,UVK,29906.0,IIb,IIb,2022-08,2022.0,110,0.9818181818181818,,H1,R,H,R74/H107,II,II
UVK30096.1,UVK,30096.0,IIb,IIb,2022-08,2022.0,110,0.9818181818181818,,H1,R,H,R74/H107,II,II
UVK30286.1,UVK,30286.0,IIb,IIb,2022-08,2022.0,110,0.9818181818181818,,H1,R,H,R74/H107,II,II
UVK30476.1,UVK,30476.0,IIb,IIb,2022-08,2022.0,110,0.9818181818181818,,H1,R,H,R74/H107,II,II
UVK30666.1,UVK,30666.0,IIb,IIb,2022-08,2022.0,110,0.9818181818181818,,H1,R,H,R74/H107,II,II
UVK30856.1,UVK,30856.0,IIb,IIb,2022-08,2022.0,110,0.9818181818181818,,H1,R,H,R74/H107,II,II
UVK31046.1,UVK,31046.0,IIb,IIb,2022-08,2022.0,110,0.9818181818181818,,H1,R,H,R74/H107,II,II
UVK31236.1,UVK,31236.0,IIb,IIb,2022-08,2022.0,110,0.9818181818181818,,H1,R,H,R74/H107,II,II
UVK31426.1,UVK,31426.0,IIb,IIb,2022-08,2022.0,110,0.9818181818181818,,H1,R,H,R74/H107,II,II
UVK31616.1,UVK,31616.0,IIb,IIb,2022-08,2022.0,110,0.9818181818181818,,H1,R,H,R74/H107,II,II
UVK31806.1,UVK,31806.0,IIb,IIb,2022-08,2022.0,110,0.9818181818181818,,H1,R,H,R74/H107,II,II
UVK31996.1,UVK,31996.0,IIb,IIb,2022-08,2022.0,110,0.9818181818181818,,H1,R,H,R74/H107,II,II
UVK32186.1,UVK,32186.0,IIb,IIb,2022-08,2022.0,110,0.9818181818181818,,H1,R,H,R74/H107,II,II
UVK32376.1,UVK,32376.0,IIb,IIb,2022-08,2022.0,110,0.9818181818181818,,H1,R,H,R74/H107,II,II
UVK32566.1,UVK,32566.0,IIb,IIb,2022-08,2022.0,110,0.9818181818181818,,H1,R,H,R74/H107,II,II
UVK32756.1,UVK,32756.0,IIb,IIb,2022-08,2022.0,110,0.9818181818181818,,H1,R,H,R74/H107,II,II
UVK32946.1,UVK,32946.0,IIb,IIb,2022-08,2022.0,110,0.9818181818181818,,H1,R,H,R74/H107,II,II
UVK33136.1,UVK,33136.0,IIb,IIb,2022-08,2022.0,110,0.9818181818181818,,H1,R,H,R74/H107,II,II
UVK33326.1,UVK,33326.0,IIb,IIb,2022-08,2022.0,110,0.9818181818181818,,H1,R,H,R74/H107,II,II
UVK33516.1,UVK,33516.0,IIb,IIb,2022-08,2022.0,110,0.9818181818181818,,H1,R,H,R74/H107,II,II
UVK33706.1,UVK,33706.0,IIb,IIb,2022-08,2022.0,110,0.9818181818181818,,H1,R,H,R74/H107,II,II
UVK33896.1,UVK,33896.0,IIb,IIb,2022-08,2022.0,110,0.9818181818181818,,H1,R,H,R74/H107,II,II
UVK34086.1,UVK,34086.0,IIb,IIb,2022-08,2022.0,110,0.9818181818181818,,H1,R,H,R74/H107,II,II
UVK34276.1,UVK,34276.0,IIb,IIb,2022-08,2022.0,110,0.9818181818181818,,H1,R,H,R74/H107,II,II
UVK34466.1,UVK,34466.0,IIb,IIb,2022-08,2022.0,110,0.9818181818181818,,H1,R,H,R74/H107,II,II
UVK34656.1,UVK,34656.0,IIb,IIb,2022-08,2022.0,110,0.9818181818181818,,H1,R,H,R74/H107,II,II
UVK34846.1,UVK,34846.0,IIb,IIb,2022-08,2022.0,110,0.9818181818181818,,H1,R,H,R74/H107,II,II
UVK35036.1,UVK,35036.0,IIb,IIb,2022-08,2022.0,110,0.9818181818181818,,H1,R,H,R74/H107,II,II
UVK35226.1,UVK,35226.0,IIb,IIb,2022-08,2022.0,110,0.9818181818181818,,H1,R,H,R74/H107,II,II
UVK35416.1,UVK,35416.0,IIb,IIb,2022-08,2022.0,110,0.9818181818181818,,H1,R,H,R74/H107,II,II
UVI80915.1,UVI,80915.0,IIb,IIb,2022-07-21,2022.0,110,0.9818181818181818,,H1,R,H,R74/H107,II,II
UVI81091.1,UVI,81091.0,IIb,IIb,2022-07-29,2022.0,110,0.9818181818181818,,H1,R,H,R74/H107,II,II
UVI04727.1,UVI,4727.0,IIb,IIb,2022-06-25,2022.0,110,0.9818181818181818,,H1,R,H,R74/H107,II,II
UVI04906.1,UVI,4906.0,IIb,IIb,2022-06-27,2022.0,110,0.9818181818181818,,H1,R,H,R74/H107,II,II
UUV45839.1,UUV,45839.0,IIb,IIb,2022-06-10,2022.0,110,0.9818181818181818,,H1,R,H,R74/H107,II,II
UVF73186.1,UVF,73186.0,IIb,IIb,2022-07-06,2022.0,110,0.9818181818181818,,H1,R,H,R74/H107,II,II
UVF73364.1,UVF,73364.0,IIb,IIb,2022-07-04,2022.0,110,0.9818181818181818,,H1,R,H,R74/H107,II,II
UVF73542.1,UVF,73542.0,IIb,IIb,2022-07-04,2022.0,110,0.9818181818181818,,H1,R,H,R74/H107,II,II
UVF73721.1,UVF,73721.0,IIb,IIb,2022-06-30,2022.0,110,0.9818181818181818,,H1,R,H,R74/H107,II,II
UVF73900.1,UVF,73900.0,IIb,IIb,2022-07-04,2022.0,110,0.9818181818181818,,H1,R,H,R74/H107,II,II
UVF74079.1,UVF,74079.0,IIb,IIb,2022-06-27,2022.0,110,0.9818181818181818,,H1,R,H,R74/H107,II,II
UVF74258.1,UVF,74258.0,IIb,IIb,2022-06-28,2022.0,110,0.9818181818181818,,H1,R,H,R74/H107,II,II
UVF74437.1,UVF,74437.0,IIb,IIb,2022-07-03,2022.0,110,0.9818181818181818,,H1,R,H,R74/H107,II,II
UVF74616.1,UVF,74616.0,IIb,IIb,2022-06-29,2022.0,110,0.9818181818181818,,H1,R,H,R74/H107,II,II
UVF74795.1,UVF,74795.0,IIb,IIb,2022-06-28,2022.0,110,0.9818181818181818,,H1,R,H,R74/H107,II,II
UVF74973.1,UVF,74973.0,IIb,IIb,2022-06-30,2022.0,110,0.9818181818181818,,H1,R,H,R74/H107,II,II
UVF75152.1,UVF,75152.0,IIb,IIb,2022-07-02,2022.0,110,0.9818181818181818,,H1,R,H,R74/H107,II,II
UVF75331.1,UVF,75331.0,IIb,IIb,2022-07-04,2022.0,110,0.9818181818181818,,H1,R,H,R74/H107,II,II
UVF75510.1,UVF,75510.0,IIb,IIb,2022-07-05,2022.0,110,0.9818181818181818,,H1,R,H,R74/H107,II,II
UVF75689.1,UVF,75689.0,IIb,IIb,2022-07-04,2022.0,110,0.9818181818181818,,H1,R,H,R74/H107,II,II
UVF75867.1,UVF,75867.0,IIb,IIb,2022-06-29,2022.0,110,0.9818181818181818,,H1,R,H,R74/H107,II,II
UVF91007.1,UVF,91007.0,IIb,IIb,2022-06-01,2022.0,110,0.9818181818181818,,H1,R,H,R74/H107,II,II
UVF91182.1,UVF,91182.0,IIb,IIb,2022-06-10,2022.0,110,0.9818181818181818,,H1,R,H,R74/H107,II,II
UVF91357.1,UVF,91357.0,IIb,IIb,2022-06-16,2022.0,110,0.9818181818181818,,H1,R,H,R74/H107,II,II
UVF91532.1,UVF,91532.0,IIb,IIb,2022-06-16,2022.0,110,0.9818181818181818,,H1,R,H,R74/H107,II,II
UVF91707.1,UVF,91707.0,IIb,IIb,2022-05-30,2022.0,110,0.9818181818181818,,H1,R,H,R74/H107,II,II
UVF91882.1,UVF,91882.0,IIb,IIb,2022-05-30,2022.0,110,0.9818181818181818,,H1,R,H,R74/H107,II,II
UVF92057.1,UVF,92057.0,IIb,IIb,2022-06-02,2022.0,110,0.9818181818181818,,H1,R,H,R74/H107,II,II
UVE13974.1,UVE,13974.0,IIb,IIb,2022-07-04,2022.0,110,0.9818181818181818,,H1,R,H,R74/H107,II,II
UVE14153.1,UVE,14153.0,IIb,IIb,2022-07-04,2022.0,110,0.9818181818181818,,H1,R,H,R74/H107,II,II
UVE14332.1,UVE,14332.0,IIb,IIb,2022-07-04,2022.0,110,0.9818181818181818,,H1,R,H,R74/H107,II,II
UVE14511.1,UVE,14511.0,IIb,IIb,2022-07-05,2022.0,110,0.9818181818181818,,H1,R,H,R74/H107,II,II
UVE14689.1,UVE,14689.0,IIb,IIb,2022-07-05,2022.0,110,0.9818181818181818,,H1,R,H,R74/H107,II,II
UVE14868.1,UVE,14868.0,IIb,IIb,2022-07-05,2022.0,110,0.9818181818181818,,H1,R,H,R74/H107,II,II
UVE15045.1,UVE,15045.0,IIb,IIb,2022-07-07,2022.0,110,0.9818181818181818,,H1,R,H,R74/H107,II,II
UVE15224.1,UVE,15224.0,IIb,IIb,2022-07-08,2022.0,110,0.9818181818181818,,H1,R,H,R74/H107,II,II
UVF07719.1,UVF,7719.0,IIb,IIb,2022-08,2022.0,110,0.9818181818181818,,H1,R,H,R74/H107,II,II
UVF07898.1,UVF,7898.0,IIb,IIb,2022-08,2022.0,110,0.9818181818181818,,H1,R,H,R74/H107,II,II
UVF08076.1,UVF,8076.0,IIb,IIb,2022-08,2022.0,110,0.9818181818181818,,H1,R,H,R74/H107,II,II
UVF08254.1,UVF,8254.0,IIb,IIb,2022-08,2022.0,110,0.9818181818181818,,H1,R,H,R74/H107,II,II
UVF08433.1,UVF,8433.0,IIb,IIb,2022-08,2022.0,110,0.9818181818181818,,H1,R,H,R74/H107,II,II
UVF08612.1,UVF,8612.0,IIb,IIb,2022-08,2022.0,110,0.9818181818181818,,H1,R,H,R74/H107,II,II
UVF08791.1,UVF,8791.0,IIb,IIb,2022-08,2022.0,110,0.9818181818181818,,H1,R,H,R74/H107,II,II
UVC61475.1,UVC,61475.0,IIb,IIb,2022-08,2022.0,110,0.9818181818181818,,H1,R,H,R74/H107,II,II
UVC61654.1,UVC,61654.0,IIb,IIb,2022-08,2022.0,110,0.9818181818181818,,H1,R,H,R74/H107,II,II
UVC61833.1,UVC,61833.0,IIb,IIb,2022-08,2022.0,110,0.9818181818181818,,H1,R,H,R74/H107,II,II
UVC62012.1,UVC,62012.0,IIb,IIb,2022-08,2022.0,110,0.9818181818181818,,H1,R,H,R74/H107,II,II
UVC62191.1,UVC,62191.0,IIb,IIb,2022-08,2022.0,110,0.9818181818181818,,H1,R,H,R74/H107,II,II
UVC62370.1,UVC,62370.0,IIb,IIb,2022-08,2022.0,110,0.9818181818181818,,H1,R,H,R74/H107,II,II
UVC62549.1,UVC,62549.0,IIb,IIb,2022-08,2022.0,110,0.9818181818181818,,H1,R,H,R74/H107,II,II
UVC62728.1,UVC,62728.0,IIb,IIb,2022-08,2022.0,110,0.9818181818181818,,H1,R,H,R74/H107,II,II
UVC62907.1,UVC,62907.0,IIb,IIb,2022-08,2022.0,110,0.9818181818181818,,H1,R,H,R74/H107,II,II
UVC63086.1,UVC,63086.0,IIb,IIb,2022-08,2022.0,110,0.9818181818181818,,H1,R,H,R74/H107,II,II
UVC63265.1,UVC,63265.0,IIb,IIb,2022-08,2022.0,110,0.9818181818181818,,H1,R,H,R74/H107,II,II
UVC63444.1,UVC,63444.0,IIb,IIb,2022-08,2022.0,110,0.9818181818181818,,H1,R,H,R74/H107,II,II
UVC63623.1,UVC,63623.0,IIb,IIb,2022-08,2022.0,110,0.9818181818181818,,H1,R,H,R74/H107,II,II
UVC63802.1,UVC,63802.0,IIb,IIb,2022-08,2022.0,110,0.9818181818181818,,H1,R,H,R74/H107,II,II
UVC63981.1,UVC,63981.0,IIb,IIb,2022-08,2022.0,110,0.9818181818181818,,H1,R,H,R74/H107,II,II
UVC64160.1,UVC,64160.0,IIb,IIb,2022-08,2022.0,110,0.9818181818181818,,H1,R,H,R74/H107,II,II
UVC64339.1,UVC,64339.0,IIb,IIb,2022-08,2022.0,110,0.9818181818181818,,H1,R,H,R74/H107,II,II
UVC64518.1,UVC,64518.0,IIb,IIb,2022-08,2022.0,110,0.9818181818181818,,H1,R,H,R74/H107,II,II
UVC64697.1,UVC,64697.0,IIb,IIb,2022-08,2022.0,110,0.9818181818181818,,H1,R,H,R74/H107,II,II
UVC64876.1,UVC,64876.0,IIb,IIb,2022-08,2022.0,110,0.9818181818181818,,H1,R,H,R74/H107,II,II
UVC65055.1,UVC,65055.0,IIb,IIb,2022-08,2022.0,110,0.9818181818181818,,H1,R,H,R74/H107,II,II
UVC65234.1,UVC,65234.0,IIb,IIb,2022-08,2022.0,110,0.9818181818181818,,H1,R,H,R74/H107,II,II
UVC65413.1,UVC,65413.0,IIb,IIb,2022-08,2022.0,110,0.9818181818181818,,H1,R,H,R74/H107,II,II
UVC65592.1,UVC,65592.0,IIb,IIb,2022-08,2022.0,110,0.9818181818181818,,H1,R,H,R74/H107,II,II
UVC65771.1,UVC,65771.0,IIb,IIb,2022-08,2022.0,110,0.9818181818181818,,H1,R,H,R74/H107,II,II
UVD37339.1,UVD,37339.0,IIb,IIb,2022-08,2022.0,110,0.9818181818181818,,H1,R,H,R74/H107,II,II
UVD37518.1,UVD,37518.0,IIb,IIb,2022-08,2022.0,110,0.9818181818181818,,H1,R,H,R74/H107,II,II
UVD37697.1,UVD,37697.0,IIb,IIb,2022-08,2022.0,110,0.9818181818181818,,H1,R,H,R74/H107,II,II
UVD37876.1,UVD,37876.0,IIb,IIb,2022-08,2022.0,110,0.9818181818181818,,H1,R,H,R74/H107,II,II
UVD38054.1,UVD,38054.0,IIb,IIb,2022-08,2022.0,110,0.9818181818181818,,H1,R,H,R74/H107,II,II
UVD38232.1,UVD,38232.0,IIb,IIb,2022-08,2022.0,110,0.9818181818181818,,H1,R,H,R74/H107,II,II
UVD38411.1,UVD,38411.0,IIb,IIb,2022-08,2022.0,110,0.9818181818181818,,H1,R,H,R74/H107,II,II
UVD38590.1,UVD,38590.0,IIb,IIb,2022-08,2022.0,110,0.9818181818181818,,H1,R,H,R74/H107,II,II
UVD38769.1,UVD,38769.0,IIb,IIb,2022-08,2022.0,110,0.9818181818181818,,H1,R,H,R74/H107,II,II
UVD38948.1,UVD,38948.0,IIb,IIb,2022-08,2022.0,110,0.9818181818181818,,H1,R,H,R74/H107,II,II
UVD39127.1,UVD,39127.0,IIb,IIb,2022-08,2022.0,110,0.9818181818181818,,H1,R,H,R74/H107,II,II
UUW23746.1,UUW,23746.0,IIb,IIb,2022-08,2022.0,110,0.9818181818181818,,H1,R,H,R74/H107,II,II
UUW23924.1,UUW,23924.0,IIb,IIb,2022-08,2022.0,110,0.9818181818181818,,H1,R,H,R74/H107,II,II
UUW24103.1,UUW,24103.0,IIb,IIb,2022-08,2022.0,110,0.9818181818181818,,H1,R,H,R74/H107,II,II
UUW24282.1,UUW,24282.0,IIb,IIb,2022-08,2022.0,110,0.9818181818181818,,H1,R,H,R74/H107,II,II
UUW24461.1,UUW,24461.0,IIb,IIb,2022-08,2022.0,110,0.9818181818181818,,H1,R,H,R74/H107,II,II
UUW24639.1,UUW,24639.0,IIb,IIb,2022-08,2022.0,110,0.9818181818181818,,H1,R,H,R74/H107,II,II
UUW24818.1,UUW,24818.0,IIb,IIb,2022-08,2022.0,110,0.9818181818181818,,H1,R,H,R74/H107,II,II
UUW24997.1,UUW,24997.0,IIb,IIb,2022-08,2022.0,110,0.9818181818181818,,H1,R,H,R74/H107,II,II
UUW25175.1,UUW,25175.0,IIb,IIb,2022-08,2022.0,110,0.9818181818181818,,H1,R,H,R74/H107,II,II
UUW25353.1,UUW,25353.0,IIb,IIb,2022-08,2022.0,110,0.9818181818181818,,H1,R,H,R74/H107,II,II
UUW25531.1,UUW,25531.0,IIb,IIb,2022-08,2022.0,110,0.9818181818181818,,H1,R,H,R74/H107,II,II
UUW25710.1,UUW,25710.0,IIb,IIb,2022-08,2022.0,110,0.9818181818181818,,H1,R,H,R74/H107,II,II
UUW25889.1,UUW,25889.0,IIb,IIb,2022-08,2022.0,110,0.9818181818181818,,H1,R,H,R74/H107,II,II
UUW26068.1,UUW,26068.0,IIb,IIb,2022-08,2022.0,110,0.9818181818181818,,H1,R,H,R74/H107,II,II
UUW26247.1,UUW,26247.0,IIb,IIb,2022-08,2022.0,110,0.9818181818181818,,H1,R,H,R74/H107,II,II
UUW26426.1,UUW,26426.0,IIb,IIb,2022-08,2022.0,110,0.9818181818181818,,H1,R,H,R74/H107,II,II
UUW26604.1,UUW,26604.0,IIb,IIb,2022-08,2022.0,110,0.9818181818181818,,H1,R,H,R74/H107,II,II
UUW26782.1,UUW,26782.0,IIb,IIb,2022-08,2022.0,110,0.9818181818181818,,H1,R,H,R74/H107,II,II
UUW26961.1,UUW,26961.0,IIb,IIb,2022-08,2022.0,110,0.9818181818181818,,H1,R,H,R74/H107,II,II
UUW27140.1,UUW,27140.0,IIb,IIb,2022-08,2022.0,110,0.9818181818181818,,H1,R,H,R74/H107,II,II
UUW27319.1,UUW,27319.0,IIb,IIb,2022-08,2022.0,110,0.9818181818181818,,H1,R,H,R74/H107,II,II
UUW27498.1,UUW,27498.0,IIb,IIb,2022-08,2022.0,110,0.9818181818181818,,H1,R,H,R74/H107,II,II
UUW27677.1,UUW,27677.0,IIb,IIb,2022-08,2022.0,110,0.9818181818181818,,H1,R,H,R74/H107,II,II
UUW27856.1,UUW,27856.0,IIb,IIb,2022-08,2022.0,110,0.9818181818181818,,H1,R,H,R74/H107,II,II
UUW28035.1,UUW,28035.0,IIb,IIb,2022-08,2022.0,110,0.9818181818181818,,H1,R,H,R74/H107,II,II
UUW28214.1,UUW,28214.0,IIb,IIb,2022-08,2022.0,110,0.9818181818181818,,H1,R,H,R74/H107,II,II
UUW28393.1,UUW,28393.0,IIb,IIb,2022-08,2022.0,110,0.9818181818181818,,H1,R,H,R74/H107,II,II
UUW28572.1,UUW,28572.0,IIb,IIb,2022-08,2022.0,110,0.9818181818181818,,H1,R,H,R74/H107,II,II
UUW28751.1,UUW,28751.0,IIb,IIb,2022-08,2022.0,110,0.9818181818181818,,H1,R,H,R74/H107,II,II
UUW28930.1,UUW,28930.0,IIb,IIb,2022-08,2022.0,110,0.9818181818181818,,H1,R,H,R74/H107,II,II
UUW29109.1,UUW,29109.0,IIb,IIb,2022-08,2022.0,110,0.9818181818181818,,H1,R,H,R74/H107,II,II
UUW29288.1,UUW,29288.0,IIb,IIb,2022-08,2022.0,110,0.9818181818181818,,H1,R,H,R74/H107,II,II
UUW29467.1,UUW,29467.0,IIb,IIb,2022-08,2022.0,110,0.9818181818181818,,H1,R,H,R74/H107,II,II
UUW29646.1,UUW,29646.0,IIb,IIb,2022-08,2022.0,110,0.9818181818181818,,H1,R,H,R74/H107,II,II
UUW29825.1,UUW,29825.0,IIb,IIb,2022-08,2022.0,110,0.9818181818181818,,H1,R,H,R74/H107,II,II
UUW30004.1,UUW,30004.0,IIb,IIb,2022-08,2022.0,110,0.9818181818181818,,H1,R,H,R74/H107,II,II
UUW30183.1,UUW,30183.0,IIb,IIb,2022-08,2022.0,110,0.9818181818181818,,H1,R,H,R74/H107,II,II
UUW30362.1,UUW,30362.0,IIb,IIb,2022-08,2022.0,110,0.9818181818181818,,H1,R,H,R74/H107,II,II
UUW30541.1,UUW,30541.0,IIb,IIb,2022-08,2022.0,110,0.9818181818181818,,H1,R,H,R74/H107,II,II
UUW30720.1,UUW,30720.0,IIb,IIb,2022-08,2022.0,110,0.9818181818181818,,H1,R,H,R74/H107,II,II
UUW30899.1,UUW,30899.0,IIb,IIb,2022-08,2022.0,110,0.9818181818181818,,H1,R,H,R74/H107,II,II
UUW31077.1,UUW,31077.0,IIb,IIb,2022-08,2022.0,110,0.9818181818181818,,H1,R,H,R74/H107,II,II
UUW31256.1,UUW,31256.0,IIb,IIb,2022-08,2022.0,110,0.9818181818181818,,H1,R,H,R74/H107,II,II
UUW31435.1,UUW,31435.0,IIb,IIb,2022-08,2022.0,110,0.9818181818181818,,H1,R,H,R74/H107,II,II
UUW31614.1,UUW,31614.0,IIb,IIb,2022-08,2022.0,110,0.9818181818181818,,H1,R,H,R74/H107,II,II
UUW31793.1,UUW,31793.0,IIb,IIb,2022-08,2022.0,110,0.9818181818181818,,H1,R,H,R74/H107,II,II
UUW31972.1,UUW,31972.0,IIb,IIb,2022-08,2022.0,110,0.9818181818181818,,H1,R,H,R74/H107,II,II
UUW32151.1,UUW,32151.0,IIb,IIb,2022-08,2022.0,110,0.9818181818181818,,H1,R,H,R74/H107,II,II
UUW32330.1,UUW,32330.0,IIb,IIb,2022-08,2022.0,110,0.9818181818181818,,H1,R,H,R74/H107,II,II
UUW32509.1,UUW,32509.0,IIb,IIb,2022-08,2022.0,110,0.9818181818181818,,H1,R,H,R74/H107,II,II
UUW32688.1,UUW,32688.0,IIb,IIb,2022-08,2022.0,110,0.9818181818181818,,H1,R,H,R74/H107,II,II
UUW32867.1,UUW,32867.0,IIb,IIb,2022-08,2022.0,110,0.9818181818181818,,H1,R,H,R74/H107,II,II
UUW33046.1,UUW,33046.0,IIb,IIb,2022-08,2022.0,110,0.9818181818181818,,H1,R,H,R74/H107,II,II
UUW33875.1,UUW,33875.0,IIb,IIb,2022-08,2022.0,110,0.9818181818181818,,H1,R,H,R74/H107,II,II
UUW34054.1,UUW,34054.0,IIb,IIb,2022-08,2022.0,110,0.9818181818181818,,H1,R,H,R74/H107,II,II
UUW34233.1,UUW,34233.0,IIb,IIb,2022-08,2022.0,110,0.9818181818181818,,H1,R,H,R74/H107,II,II
UUW34412.1,UUW,34412.0,IIb,IIb,2022-08,2022.0,110,0.9818181818181818,,H1,R,H,R74/H107,II,II
UUW34590.1,UUW,34590.0,IIb,IIb,2022-08,2022.0,110,0.9818181818181818,,H1,R,H,R74/H107,II,II
UUW34769.1,UUW,34769.0,IIb,IIb,2022-08,2022.0,110,0.9818181818181818,,H1,R,H,R74/H107,II,II
UUW34948.1,UUW,34948.0,IIb,IIb,2022-08,2022.0,110,0.9818181818181818,,H1,R,H,R74/H107,II,II
UUW35126.1,UUW,35126.0,IIb,IIb,2022-08,2022.0,110,0.9818181818181818,,H1,R,H,R74/H107,II,II
UUW35304.1,UUW,35304.0,IIb,IIb,2022-08,2022.0,110,0.9818181818181818,,H1,R,H,R74/H107,II,II
UUW35483.1,UUW,35483.0,IIb,IIb,2022-08,2022.0,110,0.9818181818181818,,H1,R,H,R74/H107,II,II
UUW35662.1,UUW,35662.0,IIb,IIb,2022-08,2022.0,110,0.9818181818181818,,H1,R,H,R74/H107,II,II
UUW35841.1,UUW,35841.0,IIb,IIb,2022-08,2022.0,110,0.9818181818181818,,H1,R,H,R74/H107,II,II
UUW36020.1,UUW,36020.0,IIb,IIb,2022-08,2022.0,110,0.9818181818181818,,H1,R,H,R74/H107,II,II
UUW36199.1,UUW,36199.0,IIb,IIb,2022-08,2022.0,110,0.9818181818181818,,H1,R,H,R74/H107,II,II
UUW36378.1,UUW,36378.0,IIb,IIb,2022-08,2022.0,110,0.9818181818181818,,H1,R,H,R74/H107,II,II
UUW36557.1,UUW,36557.0,IIb,IIb,2022-08,2022.0,110,0.9818181818181818,,H1,R,H,R74/H107,II,II
UUW36736.1,UUW,36736.0,IIb,IIb,2022-08,2022.0,110,0.9818181818181818,,H1,R,H,R74/H107,II,II
UUW36915.1,UUW,36915.0,IIb,IIb,2022-08,2022.0,110,0.9818181818181818,,H1,R,H,R74/H107,II,II
UUW37094.1,UUW,37094.0,IIb,IIb,2022-08,2022.0,110,0.9818181818181818,,H1,R,H,R74/H107,II,II
UUW37273.1,UUW,37273.0,IIb,IIb,2022-08,2022.0,110,0.9818181818181818,,H1,R,H,R74/H107,II,II
UVB64590.1,UVB,64590.0,IIb,IIb,2022-05-24,2022.0,110,0.9818181818181818,,H1,R,H,R74/H107,II,II
UVB80093.1,UVB,80093.0,IIb,IIb,2022-08-01,2022.0,110,0.9818181818181818,,H1,R,H,R74/H107,II,II
UVB80270.1,UVB,80270.0,IIb,IIb,2022-08-01,2022.0,110,0.9818181818181818,,H1,R,H,R74/H107,II,II
UVB80447.1,UVB,80447.0,IIb,IIb,2022-07-31,2022.0,110,0.9818181818181818,,H1,R,H,R74/H107,II,II
UVB80626.1,UVB,80626.0,IIb,IIb,2022-07-30,2022.0,110,0.9818181818181818,,H1,R,H,R74/H107,II,II
UVB80800.1,UVB,80800.0,IIb,IIb,2022-08-01,2022.0,110,0.9818181818181818,,H1,R,H,R74/H107,II,II
UVB80976.1,UVB,80976.0,IIb,IIb,2022-07-28,2022.0,110,0.9818181818181818,,H1,R,H,R74/H107,II,II
UVB81152.1,UVB,81152.0,IIb,IIb,2022-07-29,2022.0,110,0.9818181818181818,,H1,R,H,R74/H107,II,II
UVB81331.1,UVB,81331.0,IIb,IIb,2022-07-28,2022.0,110,0.9818181818181818,,H1,R,H,R74/H107,II,II
UVB81510.1,UVB,81510.0,IIb,IIb,2022-07-28,2022.0,110,0.9818181818181818,,H1,R,H,R74/H107,II,II
UVB81686.1,UVB,81686.0,IIb,IIb,2022-08-01,2022.0,110,0.9818181818181818,,H1,R,H,R74/H107,II,II
UVB81864.1,UVB,81864.0,IIb,IIb,2022-08-01,2022.0,110,0.9818181818181818,,H1,R,H,R74/H107,II,II
UVB82043.1,UVB,82043.0,IIb,IIb,2022-07-31,2022.0,110,0.9818181818181818,,H1,R,H,R74/H107,II,II
UVB82222.1,UVB,82222.0,IIb,IIb,2022-08-01,2022.0,110,0.9818181818181818,,H1,R,H,R74/H107,II,II
UVB82400.1,UVB,82400.0,IIb,IIb,2022-07-27,2022.0,110,0.9818181818181818,,H1,R,H,R74/H107,II,II
UVB82578.1,UVB,82578.0,IIb,IIb,2022-07-27,2022.0,110,0.9818181818181818,,H1,R,H,R74/H107,II,II
UVB82756.1,UVB,82756.0,IIb,IIb,2022-07-26,2022.0,110,0.9818181818181818,,H1,R,H,R74/H107,II,II
UVB82934.1,UVB,82934.0,IIb,IIb,2022-07-25,2022.0,110,0.9818181818181818,,H1,R,H,R74/H107,II,II
UVB83112.1,UVB,83112.0,IIb,IIb,2022-07-27,2022.0,110,0.9818181818181818,,H1,R,H,R74/H107,II,II
UVB83291.1,UVB,83291.0,IIb,IIb,2022-07-26,2022.0,110,0.9818181818181818,,H1,R,H,R74/H107,II,II
UVB83470.1,UVB,83470.0,IIb,IIb,2022-07-26,2022.0,110,0.9818181818181818,,H1,R,H,R74/H107,II,II
UVB83648.1,UVB,83648.0,IIb,IIb,2022-07-27,2022.0,110,0.9818181818181818,,H1,R,H,R74/H107,II,II
UVB83827.1,UVB,83827.0,IIb,IIb,2022-07-27,2022.0,110,0.9818181818181818,,H1,R,H,R74/H107,II,II
UVB84006.1,UVB,84006.0,IIb,IIb,2022-07-27,2022.0,110,0.9818181818181818,,H1,R,H,R74/H107,II,II
UVB84185.1,UVB,84185.0,IIb,IIb,2022-07-22,2022.0,110,0.9818181818181818,,H1,R,H,R74/H107,II,II
UVB84364.1,UVB,84364.0,IIb,IIb,2022-07-23,2022.0,110,0.9818181818181818,,H1,R,H,R74/H107,II,II
UVB84542.1,UVB,84542.0,IIb,IIb,2022-07-28,2022.0,110,0.9818181818181818,,H1,R,H,R74/H107,II,II
UVB84720.1,UVB,84720.0,IIb,IIb,2022-07-26,2022.0,110,0.9818181818181818,,H1,R,H,R74/H107,II,II
UVB84898.1,UVB,84898.0,IIb,IIb,2022-07-26,2022.0,110,0.9818181818181818,,H1,R,H,R74/H107,II,II
UVB85077.1,UVB,85077.0,IIb,IIb,2022-07-23,2022.0,110,0.9818181818181818,,H1,R,H,R74/H107,II,II
UVB85255.1,UVB,85255.0,IIb,IIb,2022-07-22,2022.0,110,0.9818181818181818,,H1,R,H,R74/H107,II,II
UVB85428.1,UVB,85428.0,IIb,IIb,2022-07-21,2022.0,110,0.9818181818181818,,H1,R,H,R74/H107,II,II
UVB85603.1,UVB,85603.0,IIb,IIb,2022-07-21,2022.0,110,0.9818181818181818,,H1,R,H,R74/H107,II,II
UVB85777.1,UVB,85777.0,IIb,IIb,2022-07-20,2022.0,110,0.9818181818181818,,H1,R,H,R74/H107,II,II
UVB85955.1,UVB,85955.0,IIb,IIb,2022-07-18,2022.0,110,0.9818181818181818,,H1,R,H,R74/H107,II,II
UVB86130.1,UVB,86130.0,IIb,IIb,2022-07-21,2022.0,110,0.9818181818181818,,H1,R,H,R74/H107,II,II
UVB86307.1,UVB,86307.0,IIb,IIb,2022-07-20,2022.0,110,0.9818181818181818,,H1,R,H,R74/H107,II,II
UVB86485.1,UVB,86485.0,IIb,IIb,2022-07-18,2022.0,110,0.9818181818181818,,H1,R,H,R74/H107,II,II
UVB86664.1,UVB,86664.0,IIb,IIb,2022-07-18,2022.0,110,0.9818181818181818,,H1,R,H,R74/H107,II,II
UVB86842.1,UVB,86842.0,IIb,IIb,2022-07-15,2022.0,110,0.9818181818181818,,H1,R,H,R74/H107,II,II
UVB87021.1,UVB,87021.0,IIb,IIb,2022-07-15,2022.0,110,0.9818181818181818,,H1,R,H,R74/H107,II,II
UVB87199.1,UVB,87199.0,IIb,IIb,2022-07-15,2022.0,110,0.9818181818181818,,H1,R,H,R74/H107,II,II
UVB87376.1,UVB,87376.0,IIb,IIb,2022-07-15,2022.0,110,0.9818181818181818,,H1,R,H,R74/H107,II,II
UVB87554.1,UVB,87554.0,IIb,IIb,2022-07-15,2022.0,110,0.9818181818181818,,H1,R,H,R74/H107,II,II
UVB87733.1,UVB,87733.0,IIb,IIb,2022-07-14,2022.0,110,0.9818181818181818,,H1,R,H,R74/H107,II,II
UVB87912.1,UVB,87912.0,IIb,IIb,2022-07-14,2022.0,110,0.9818181818181818,,H1,R,H,R74/H107,II,II
UVB88091.1,UVB,88091.0,IIb,IIb,2022-07-13,2022.0,110,0.9818181818181818,,H1,R,H,R74/H107,II,II
UVB88269.1,UVB,88269.0,IIb,IIb,2022-07-13,2022.0,110,0.9818181818181818,,H1,R,H,R74/H107,II,II
UVB88447.1,UVB,88447.0,IIb,IIb,2022-07-13,2022.0,110,0.9818181818181818,,H1,R,H,R74/H107,II,II
UVB88625.1,UVB,88625.0,IIb,IIb,2022-07-14,2022.0,110,0.9818181818181818,,H1,R,H,R74/H107,II,II
UVB88804.1,UVB,88804.0,IIb,IIb,2022-07-15,2022.0,110,0.9818181818181818,,H1,R,H,R74/H107,II,II
UVB88977.1,UVB,88977.0,IIb,IIb,2022-07-13,2022.0,110,0.9818181818181818,,H1,R,H,R74/H107,II,II
UVB89156.1,UVB,89156.0,IIb,IIb,2022-07-14,2022.0,110,0.9818181818181818,,H1,R,H,R74/H107,II,II
UVB89335.1,UVB,89335.0,IIb,IIb,2022-07-14,2022.0,110,0.9818181818181818,,H1,R,H,R74/H107,II,II
UVB89513.1,UVB,89513.0,IIb,IIb,2022-07-14,2022.0,110,0.9818181818181818,,H1,R,H,R74/H107,II,II
UVB89692.1,UVB,89692.0,IIb,IIb,2022-07-12,2022.0,110,0.9818181818181818,,H1,R,H,R74/H107,II,II
UVB89869.1,UVB,89869.0,IIb,IIb,2022-07-12,2022.0,110,0.9818181818181818,,H1,R,H,R74/H107,II,II
UUV45640.1,UUV,45640.0,IIb,IIb,2022-08,2022.0,110,0.9818181818181818,,H1,R,H,R74/H107,II,II
UUZ87653.1,UUZ,87653.0,IIb,IIb,2022-06,2022.0,110,0.9818181818181818,,H1,R,H,R74/H107,II,II
UUZ87830.1,UUZ,87830.0,IIb,IIb,2022-06,2022.0,110,0.9818181818181818,,H1,R,H,R74/H107,II,II
UUZ88008.1,UUZ,88008.0,IIb,IIb,2022-06,2022.0,110,0.9818181818181818,,H1,R,H,R74/H107,II,II
UUZ88186.1,UUZ,88186.0,IIb,IIb,2022-06,2022.0,110,0.9818181818181818,,H1,R,H,R74/H107,II,II
UUZ88364.1,UUZ,88364.0,IIb,IIb,2022-06,2022.0,110,0.9818181818181818,,H1,R,H,R74/H107,II,II
UUZ88542.1,UUZ,88542.0,IIb,IIb,2022-06,2022.0,110,0.9818181818181818,,H1,R,H,R74/H107,II,II
UUZ88720.1,UUZ,88720.0,IIb,IIb,2022-06,2022.0,110,0.9818181818181818,,H1,R,H,R74/H107,II,II
UUZ88898.1,UUZ,88898.0,IIb,IIb,2022-06,2022.0,110,0.9818181818181818,,H1,R,H,R74/H107,II,II
UUZ89076.1,UUZ,89076.0,IIb,IIb,2022-06,2022.0,110,0.9818181818181818,,H1,R,H,R74/H107,II,II
UUZ89254.1,UUZ,89254.0,IIb,IIb,2022-06,2022.0,110,0.9818181818181818,,H1,R,H,R74/H107,II,II
UUW21603.1,UUW,21603.0,IIb,IIb,2022-08,2022.0,110,0.9818181818181818,,H1,R,H,R74/H107,II,II
UUW21782.1,UUW,21782.0,IIb,IIb,2022-08,2022.0,110,0.9818181818181818,,H1,R,H,R74/H107,II,II
UUW21961.1,UUW,21961.0,IIb,IIb,2022-08,2022.0,110,0.9818181818181818,,H1,R,H,R74/H107,II,II
UUW22140.1,UUW,22140.0,IIb,IIb,2022-08,2022.0,110,0.9818181818181818,,H1,R,H,R74/H107,II,II
UUW22319.1,UUW,22319.0,IIb,IIb,2022-08,2022.0,110,0.9818181818181818,,H1,R,H,R74/H107,II,II
UUW22498.1,UUW,22498.0,IIb,IIb,2022-08,2022.0,110,0.9818181818181818,,H1,R,H,R74/H107,II,II
UUW22677.1,UUW,22677.0,IIb,IIb,2022-08,2022.0,110,0.9818181818181818,,H1,R,H,R74/H107,II,II
UUW22855.1,UUW,22855.0,IIb,IIb,2022-08,2022.0,110,0.9818181818181818,,H1,R,H,R74/H107,II,II
UUW23033.1,UUW,23033.0,IIb,IIb,2022-08,2022.0,110,0.9818181818181818,,H1,R,H,R74/H107,II,II
UUW23212.1,UUW,23212.0,IIb,IIb,2022-08,2022.0,110,0.9818181818181818,,H1,R,H,R74/H107,II,II
UUW23391.1,UUW,23391.0,IIb,IIb,2022-08,2022.0,110,0.9818181818181818,,H1,R,H,R74/H107,II,II
UUW23569.1,UUW,23569.0,IIb,IIb,2022-08,2022.0,110,0.9818181818181818,,H1,R,H,R74/H107,II,II
BDQ10513.1,BDQ,10513.0,IIb,IIb,2022-07,2022.0,110,0.9818181818181818,,H1,R,H,R74/H107,II,II
UUV47478.1,UUV,47478.0,IIb,IIb,2022-05-27,2022.0,110,0.9818181818181818,,H1,R,H,R74/H107,II,II
UUV47657.1,UUV,47657.0,IIb,IIb,2022-06-05,2022.0,110,0.9818181818181818,,H1,R,H,R74/H107,II,II
UUV47836.1,UUV,47836.0,IIb,IIb,2022-06-06,2022.0,110,0.9818181818181818,,H1,R,H,R74/H107,II,II
UUV48015.1,UUV,48015.0,IIb,IIb,2022-06-06,2022.0,110,0.9818181818181818,,H1,R,H,R74/H107,II,II
UUV48194.1,UUV,48194.0,IIb,IIb,2022-06-06,2022.0,110,0.9818181818181818,,H1,R,H,R74/H107,II,II
UUV48373.1,UUV,48373.0,IIb,IIb,2022-06-07,2022.0,110,0.9818181818181818,,H1,R,H,R74/H107,II,II
UUV48552.1,UUV,48552.0,IIb,IIb,2022-06-08,2022.0,110,0.9818181818181818,,H1,R,H,R74/H107,II,II
UUV48731.1,UUV,48731.0,IIb,IIb,2022-06-07,2022.0,110,0.9818181818181818,,H1,R,H,R74/H107,II,II
UUV48910.1,UUV,48910.0,IIb,IIb,2022-06-11,2022.0,110,0.9818181818181818,,H1,R,H,R74/H107,II,II
UUV49089.1,UUV,49089.0,IIb,IIb,2022-06-09,2022.0,110,0.9818181818181818,,H1,R,H,R74/H107,II,II
UUV49268.1,UUV,49268.0,IIb,IIb,2022-06-09,2022.0,110,0.9818181818181818,,H1,R,H,R74/H107,II,II
UUV49447.1,UUV,49447.0,IIb,IIb,2022-06-09,2022.0,110,0.9818181818181818,,H1,R,H,R74/H107,II,II
UUV49626.1,UUV,49626.0,IIb,IIb,2022-06-09,2022.0,110,0.9818181818181818,,H1,R,H,R74/H107,II,II
UUV49805.1,UUV,49805.0,IIb,IIb,2022-06-09,2022.0,110,0.9818181818181818,,H1,R,H,R74/H107,II,II
UUV49984.1,UUV,49984.0,IIb,IIb,2022-06-14,2022.0,110,0.9818181818181818,,H1,R,H,R74/H107,II,II
UUV50342.1,UUV,50342.0,IIb,IIb,2022-05-25,2022.0,110,0.9818181818181818,,H1,R,H,R74/H107,II,II
UUV50521.1,UUV,50521.0,IIb,IIb,2022-05-30,2022.0,110,0.9818181818181818,,H1,R,H,R74/H107,II,II
UUV50700.1,UUV,50700.0,IIb,IIb,2022-06-07,2022.0,110,0.9818181818181818,,H1,R,H,R74/H107,II,II
UUV50879.1,UUV,50879.0,IIb,IIb,2022-06-06,2022.0,110,0.9818181818181818,,H1,R,H,R74/H107,II,II
UUV51058.1,UUV,51058.0,IIb,IIb,2022-06-09,2022.0,110,0.9818181818181818,,H1,R,H,R74/H107,II,II
UUV51237.1,UUV,51237.0,IIb,IIb,2022-06-09,2022.0,110,0.9818181818181818,,H1,R,H,R74/H107,II,II
UUV51416.1,UUV,51416.0,IIb,IIb,2022-06-09,2022.0,110,0.9818181818181818,,H1,R,H,R74/H107,II,II
UUV51595.1,UUV,51595.0,IIb,IIb,2022-06-13,2022.0,110,0.9818181818181818,,H1,R,H,R74/H107,II,II
UUV51774.1,UUV,51774.0,IIb,IIb,2022-06-13,2022.0,110,0.9818181818181818,,H1,R,H,R74/H107,II,II
UUV51953.1,UUV,51953.0,IIb,IIb,2022-06-12,2022.0,110,0.9818181818181818,,H1,R,H,R74/H107,II,II
UUV52132.1,UUV,52132.0,IIb,IIb,2022-06-14,2022.0,110,0.9818181818181818,,H1,R,H,R74/H107,II,II
UUV52311.1,UUV,52311.0,IIb,IIb,2022-06-14,2022.0,110,0.9818181818181818,,H1,R,H,R74/H107,II,II
UUV52490.1,UUV,52490.0,IIb,IIb,2022-06-13,2022.0,110,0.9818181818181818,,H1,R,H,R74/H107,II,II
UUV52669.1,UUV,52669.0,IIb,IIb,2022-06-14,2022.0,110,0.9818181818181818,,H1,R,H,R74/H107,II,II
UUV52848.1,UUV,52848.0,IIb,IIb,2022-07-05,2022.0,110,0.9818181818181818,,H1,R,H,R74/H107,II,II
UUV53027.1,UUV,53027.0,IIb,IIb,2022-07-05,2022.0,110,0.9818181818181818,,H1,R,H,R74/H107,II,II
UUV53205.1,UUV,53205.0,IIb,IIb,2022-07-05,2022.0,110,0.9818181818181818,,H1,R,H,R74/H107,II,II
UUV53384.1,UUV,53384.0,IIb,IIb,2022-07-04,2022.0,110,0.9818181818181818,,H1,R,H,R74/H107,II,II
UUV53563.1,UUV,53563.0,IIb,IIb,2022-07-07,2022.0,110,0.9818181818181818,,H1,R,H,R74/H107,II,II
UUV53742.1,UUV,53742.0,IIb,IIb,2022-07-07,2022.0,110,0.9818181818181818,,H1,R,H,R74/H107,II,II
UUV53921.1,UUV,53921.0,IIb,IIb,2022-07-06,2022.0,110,0.9818181818181818,,H1,R,H,R74/H107,II,II
UUV54100.1,UUV,54100.0,IIb,IIb,2022-07-06,2022.0,110,0.9818181818181818,,H1,R,H,R74/H107,II,II
UUV54279.1,UUV,54279.0,IIb,IIb,2022-06-15,2022.0,110,0.9818181818181818,,H1,R,H,R74/H107,II,II
UUV54458.1,UUV,54458.0,IIb,IIb,2022-06-16,2022.0,110,0.9818181818181818,,H1,R,H,R74/H107,II,II
UUV54637.1,UUV,54637.0,IIb,IIb,2022-06-16,2022.0,110,0.9818181818181818,,H1,R,H,R74/H107,II,II
UUV54816.1,UUV,54816.0,IIb,IIb,2022-06-16,2022.0,110,0.9818181818181818,,H1,R,H,R74/H107,II,II
UUV54995.1,UUV,54995.0,IIb,IIb,2022-06-13,2022.0,110,0.9818181818181818,,H1,R,H,R74/H107,II,II
UUV55174.1,UUV,55174.0,IIb,IIb,2022-06-14,2022.0,110,0.9818181818181818,,H1,R,H,R74/H107,II,II
UUV55353.1,UUV,55353.0,IIb,IIb,2022-06-14,2022.0,110,0.9818181818181818,,H1,R,H,R74/H107,II,II
UUV55532.1,UUV,55532.0,IIb,IIb,2022-06-14,2022.0,110,0.9818181818181818,,H1,R,H,R74/H107,II,II
UUV55711.1,UUV,55711.0,IIb,IIb,2022-06-16,2022.0,110,0.9818181818181818,,H1,R,H,R74/H107,II,II
UUV55890.1,UUV,55890.0,IIb,IIb,2022-05-16,2022.0,110,0.9818181818181818,,H1,R,H,R74/H107,II,II
UUV56069.1,UUV,56069.0,IIb,IIb,2022-07-07,2022.0,110,0.9818181818181818,,H1,R,H,R74/H107,II,II
UUV56248.1,UUV,56248.0,IIb,IIb,2022-07-07,2022.0,110,0.9818181818181818,,H1,R,H,R74/H107,II,II
UUV56427.1,UUV,56427.0,IIb,IIb,2022-07-04,2022.0,110,0.9818181818181818,,H1,R,H,R74/H107,II,II
UUV56606.1,UUV,56606.0,IIb,IIb,2022-07-05,2022.0,110,0.9818181818181818,,H1,R,H,R74/H107,II,II
UUV56785.1,UUV,56785.0,IIb,IIb,2022-07-05,2022.0,110,0.9818181818181818,,H1,R,H,R74/H107,II,II
UUV56964.1,UUV,56964.0,IIb,IIb,2022-07-07,2022.0,110,0.9818181818181818,,H1,R,H,R74/H107,II,II
UUV57143.1,UUV,57143.0,IIb,IIb,2022-07-05,2022.0,110,0.9818181818181818,,H1,R,H,R74/H107,II,II
UUV57322.1,UUV,57322.0,IIb,IIb,2022-07-04,2022.0,110,0.9818181818181818,,H1,R,H,R74/H107,II,II
UUV57501.1,UUV,57501.0,IIb,IIb,2022-06-30,2022.0,110,0.9818181818181818,,H1,R,H,R74/H107,II,II
UUV57680.1,UUV,57680.0,IIb,IIb,2022-05-26,2022.0,110,0.9818181818181818,,H1,R,H,R74/H107,II,II
UUV57859.1,UUV,57859.0,IIb,IIb,2022-06-24,2022.0,110,0.9818181818181818,,H1,R,H,R74/H107,II,II
UUV58038.1,UUV,58038.0,IIb,IIb,2022-06-26,2022.0,110,0.9818181818181818,,H1,R,H,R74/H107,II,II
UUV58217.1,UUV,58217.0,IIb,IIb,2022-06-27,2022.0,110,0.9818181818181818,,H1,R,H,R74/H107,II,II
UUV58396.1,UUV,58396.0,IIb,IIb,2022-06-26,2022.0,110,0.9818181818181818,,H1,R,H,R74/H107,II,II
UUV58575.1,UUV,58575.0,IIb,IIb,2022-06-30,2022.0,110,0.9818181818181818,,H1,R,H,R74/H107,II,II
UUV58754.1,UUV,58754.0,IIb,IIb,2022-06-29,2022.0,110,0.9818181818181818,,H1,R,H,R74/H107,II,II
UUV58933.1,UUV,58933.0,IIb,IIb,2022-06-29,2022.0,110,0.9818181818181818,,H1,R,H,R74/H107,II,II
UUV59112.1,UUV,59112.0,IIb,IIb,2022-06-28,2022.0,110,0.9818181818181818,,H1,R,H,R74/H107,II,II
UUV59291.1,UUV,59291.0,IIb,IIb,2022-06-29,2022.0,110,0.9818181818181818,,H1,R,H,R74/H107,II,II
UUV59470.1,UUV,59470.0,IIb,IIb,2022-07-06,2022.0,110,0.9818181818181818,,H1,R,H,R74/H107,II,II
UUV59649.1,UUV,59649.0,IIb,IIb,2022-07-06,2022.0,110,0.9818181818181818,,H1,R,H,R74/H107,II,II
UUV59828.1,UUV,59828.0,IIb,IIb,2022-07-04,2022.0,110,0.9818181818181818,,H1,R,H,R74/H107,II,II
UUV60007.1,UUV,60007.0,IIb,IIb,2022-07-05,2022.0,110,0.9818181818181818,,H1,R,H,R74/H107,II,II
UUV60186.1,UUV,60186.0,IIb,IIb,2022-07-06,2022.0,110,0.9818181818181818,,H1,R,H,R74/H107,II,II
UUV60365.1,UUV,60365.0,IIb,IIb,2022-05-25,2022.0,110,0.9818181818181818,,H1,R,H,R74/H107,II,II
UUT29218.1,UUT,29218.0,IIb,IIb,2022-06,2022.0,110,0.9818181818181818,,H1,R,H,R74/H107,II,II
UUT07446.1,UUT,7446.0,IIb,IIb,2022-07,2022.0,110,0.9818181818181818,,H1,R,H,R74/H107,II,II
UUT07625.1,UUT,7625.0,IIb,IIb,2022-07,2022.0,110,0.9818181818181818,,H1,R,H,R74/H107,II,II
UUT07804.1,UUT,7804.0,IIb,IIb,2022-07,2022.0,110,0.9818181818181818,,H1,R,H,R74/H107,II,II
UUT07983.1,UUT,7983.0,IIb,IIb,2022-07,2022.0,110,0.9818181818181818,,H1,R,H,R74/H107,II,II
UUT08162.1,UUT,8162.0,IIb,IIb,2022-07,2022.0,110,0.9818181818181818,,H1,R,H,R74/H107,II,II
UUT08341.1,UUT,8341.0,IIb,IIb,2022-07,2022.0,110,0.9818181818181818,,H1,R,H,R74/H107,II,II
UUQ73204.1,UUQ,73204.0,IIb,IIb,2022-07,2022.0,110,0.9818181818181818,,H1,R,H,R74/H107,II,II
UUQ73383.1,UUQ,73383.0,IIb,IIb,2022-07,2022.0,110,0.9818181818181818,,H1,R,H,R74/H107,II,II
UUQ73562.1,UUQ,73562.0,IIb,IIb,2022-07,2022.0,110,0.9818181818181818,,H1,R,H,R74/H107,II,II
UUQ73741.1,UUQ,73741.0,IIb,IIb,2022-07,2022.0,110,0.9818181818181818,,H1,R,H,R74/H107,II,II
UUQ73920.1,UUQ,73920.0,IIb,IIb,2022-07,2022.0,110,0.9818181818181818,,H1,R,H,R74/H107,II,II
UUQ74099.1,UUQ,74099.0,IIb,IIb,2022-07,2022.0,110,0.9727272727272728,,H17,R,H,R74/H107,II,II
UUQ74278.1,UUQ,74278.0,IIb,IIb,2022-07,2022.0,110,0.9818181818181818,,H1,R,H,R74/H107,II,II
UUQ74457.1,UUQ,74457.0,IIb,IIb,2022-07,2022.0,110,0.9818181818181818,,H1,R,H,R74/H107,II,II
UUQ74636.1,UUQ,74636.0,IIb,IIb,2022-07,2022.0,110,0.9818181818181818,,H1,R,H,R74/H107,II,II
UUQ74815.1,UUQ,74815.0,IIb,IIb,2022-07,2022.0,110,0.9818181818181818,,H1,R,H,R74/H107,II,II
UUQ74994.1,UUQ,74994.0,IIb,IIb,2022-07,2022.0,110,0.9818181818181818,,H1,R,H,R74/H107,II,II
UUR02805.1,UUR,2805.0,IIb,IIb,2022-06-25,2022.0,110,0.9818181818181818,,H1,R,H,R74/H107,II,II
UUR02984.1,UUR,2984.0,IIb,IIb,2022-07-04,2022.0,110,0.9818181818181818,,H1,R,H,R74/H107,II,II
UUR03163.1,UUR,3163.0,IIb,IIb,2022-07-14,2022.0,110,0.9818181818181818,,H1,R,H,R74/H107,II,II
UUR03342.1,UUR,3342.0,IIb,IIb,2022-07-14,2022.0,110,0.9818181818181818,,H1,R,H,R74/H107,II,II
UUR03520.1,UUR,3520.0,IIb,IIb,2022-07-15,2022.0,110,0.9818181818181818,,H1,R,H,R74/H107,II,II
UUR03698.1,UUR,3698.0,IIb,IIb,2022-07-25,2022.0,110,0.9818181818181818,,H1,R,H,R74/H107,II,II
UUR03877.1,UUR,3877.0,IIb,IIb,2022-07-25,2022.0,110,0.9818181818181818,,H1,R,H,R74/H107,II,II
UUL84477.1,UUL,84477.0,IIb,IIb,2022-06,2022.0,110,0.9818181818181818,,H1,R,H,R74/H107,II,II
UUK29533.1,UUK,29533.0,IIb,IIb,2022-06,2022.0,110,0.9818181818181818,,H1,R,H,R74/H107,II,II
UUK29711.1,UUK,29711.0,IIb,IIb,2022-06,2022.0,110,0.9818181818181818,,H1,R,H,R74/H107,II,II
UUK29889.1,UUK,29889.0,IIb,IIb,2022-05,2022.0,110,0.9818181818181818,,H1,R,H,R74/H107,II,II
UUK30067.1,UUK,30067.0,IIb,IIb,2022-05,2022.0,110,0.9818181818181818,,H1,R,H,R74/H107,II,II
UUK30245.1,UUK,30245.0,IIb,IIb,2022-05,2022.0,110,0.9818181818181818,,H1,R,H,R74/H107,II,II
UUH63684.1,UUH,63684.0,IIb,IIb,2022-07-11,2022.0,110,0.9818181818181818,,H1,R,H,R74/H107,II,II
UUH63863.1,UUH,63863.0,IIb,IIb,2022-07-05,2022.0,110,0.9818181818181818,,H1,R,H,R74/H107,II,II
UUH64042.1,UUH,64042.0,IIb,IIb,2022-07-06,2022.0,110,0.9818181818181818,,H1,R,H,R74/H107,II,II
UUH64221.1,UUH,64221.0,IIb,IIb,2022-07-22,2022.0,110,0.9818181818181818,,H1,R,H,R74/H107,II,II
UUG74440.1,UUG,74440.0,IIb,IIb,2022-07,2022.0,110,0.9818181818181818,,H1,R,H,R74/H107,II,II
UUG74619.1,UUG,74619.0,IIb,IIb,2022-07,2022.0,110,0.9818181818181818,,H1,R,H,R74/H107,II,II
UUG74798.1,UUG,74798.0,IIb,IIb,2022-07,2022.0,110,0.9818181818181818,,H1,R,H,R74/H107,II,II
UUG74977.1,UUG,74977.0,IIb,IIb,2022-07,2022.0,110,0.9818181818181818,,H1,R,H,R74/H107,II,II
UUG75156.1,UUG,75156.0,IIb,IIb,2022-07,2022.0,110,0.9818181818181818,,H1,R,H,R74/H107,II,II
UUG75335.1,UUG,75335.0,IIb,IIb,2022-07,2022.0,110,0.9818181818181818,,H1,R,H,R74/H107,II,II
UUG75514.1,UUG,75514.0,IIb,IIb,2022-07,2022.0,110,0.9818181818181818,,H1,R,H,R74/H107,II,II
UUG75693.1,UUG,75693.0,IIb,IIb,2022-07,2022.0,110,0.9818181818181818,,H1,R,H,R74/H107,II,II
UUG75872.1,UUG,75872.0,IIb,IIb,2022-07,2022.0,110,0.9818181818181818,,H1,R,H,R74/H107,II,II
UUG76051.1,UUG,76051.0,IIb,IIb,2022-07,2022.0,110,0.9818181818181818,,H1,R,H,R74/H107,II,II
UUG76230.1,UUG,76230.0,IIb,IIb,2022-07,2022.0,110,0.9818181818181818,,H1,R,H,R74/H107,II,II
UUG76409.1,UUG,76409.0,IIb,IIb,2022-07,2022.0,110,0.9818181818181818,,H1,R,H,R74/H107,II,II
UUG76588.1,UUG,76588.0,IIb,IIb,2022-07,2022.0,110,0.9818181818181818,,H1,R,H,R74/H107,II,II
UUG76767.1,UUG,76767.0,IIb,IIb,2022-07,2022.0,110,0.9818181818181818,,H1,R,H,R74/H107,II,II
UUG76946.1,UUG,76946.0,IIb,IIb,2022-07,2022.0,110,0.9818181818181818,,H1,R,H,R74/H107,II,II
UUG77125.1,UUG,77125.0,IIb,IIb,2022-07,2022.0,110,0.9818181818181818,,H1,R,H,R74/H107,II,II
UTZ19119.1,UTZ,19119.0,IIb,IIb,2022-06-16,2022.0,110,0.9818181818181818,,H1,R,H,R74/H107,II,II
UTZ19476.1,UTZ,19476.0,IIb,IIb,2022-06-27,2022.0,110,0.9818181818181818,,H1,R,H,R74/H107,II,II
UTZ19655.1,UTZ,19655.0,IIb,IIb,2022-06-27,2022.0,110,0.9818181818181818,,H1,R,H,R74/H107,II,II
UTZ19834.1,UTZ,19834.0,IIb,IIb,2022-06-28,2022.0,110,0.9818181818181818,,H1,R,H,R74/H107,II,II
UTZ20011.1,UTZ,20011.0,IIb,IIb,2022-06-29,2022.0,110,0.9818181818181818,,H1,R,H,R74/H107,II,II
UTZ20190.1,UTZ,20190.0,IIb,IIb,2022-06-30,2022.0,110,0.9818181818181818,,H1,R,H,R74/H107,II,II
UTZ20368.1,UTZ,20368.0,IIb,IIb,2022-06-30,2022.0,110,0.9818181818181818,,H1,R,H,R74/H107,II,II
UTY62580.1,UTY,62580.0,IIb,IIb,2022-07,2022.0,110,0.9818181818181818,,H1,R,H,R74/H107,II,II
UTY62759.1,UTY,62759.0,IIb,IIb,2022-07,2022.0,110,0.9818181818181818,,H1,R,H,R74/H107,II,II
UTY62938.1,UTY,62938.0,IIb,IIb,2022-07,2022.0,110,0.9818181818181818,,H1,R,H,R74/H107,II,II
UTY63117.1,UTY,63117.0,IIb,IIb,2022-07,2022.0,110,0.9818181818181818,,H1,R,H,R74/H107,II,II
UTY63296.1,UTY,63296.0,IIb,IIb,2022-07,2022.0,110,0.9818181818181818,,H1,R,H,R74/H107,II,II
UTY63475.1,UTY,63475.0,IIb,IIb,2022-07,2022.0,110,0.9818181818181818,,H1,R,H,R74/H107,II,II
UTY63654.1,UTY,63654.0,IIb,IIb,2022-07,2022.0,110,0.9818181818181818,,H1,R,H,R74/H107,II,II
UTY63833.1,UTY,63833.0,IIb,IIb,2022-07,2022.0,110,0.9818181818181818,,H1,R,H,R74/H107,II,II
UTY64012.1,UTY,64012.0,IIb,IIb,2022-07,2022.0,110,0.9818181818181818,,H1,R,H,R74/H107,II,II
UTY64191.1,UTY,64191.0,IIb,IIb,2022-07,2022.0,110,0.9818181818181818,,H1,R,H,R74/H107,II,II
UTY64239.1,UTY,64239.0,IIb,IIb,2022-06-15,2022.0,110,0.9818181818181818,,H1,R,H,R74/H107,II,II
UTS75893.1,UTS,75893.0,West,unassigned,2022-05-16,2022.0,110,0.9818181818181818,,H1,R,H,R74/H107,unassigned,II
UTS54920.1,UTS,54920.0,IIb,IIb,2022-06-10,2022.0,110,0.9818181818181818,,H1,R,H,R74/H107,II,II
UTS55099.1,UTS,55099.0,IIb,IIb,2022-06-21,2022.0,110,0.9818181818181818,,H1,R,H,R74/H107,II,II
UTS55278.1,UTS,55278.0,IIb,IIb,2022-07-04,2022.0,110,0.9818181818181818,,H1,R,H,R74/H107,II,II
UTG36044.1,UTG,36044.0,IIb,IIb,2022-05,2022.0,110,0.9818181818181818,,H1,R,H,R74/H107,II,II
UTG36223.1,UTG,36223.0,IIb,IIb,2022-06,2022.0,110,0.9818181818181818,,H1,R,H,R74/H107,II,II
UTG36402.1,UTG,36402.0,IIb,IIb,2022-05,2022.0,110,0.9818181818181818,,H1,R,H,R74/H107,II,II
UTG36581.1,UTG,36581.0,IIb,IIb,2022-05,2022.0,110,0.9818181818181818,,H1,R,H,R74/H107,II,II
UTG36760.1,UTG,36760.0,IIb,IIb,2022-05,2022.0,110,0.9818181818181818,,H1,R,H,R74/H107,II,II
UTG36939.1,UTG,36939.0,IIb,IIb,2022-06,2022.0,110,0.9818181818181818,,H1,R,H,R74/H107,II,II
UTG40835.1,UTG,40835.0,IIb,IIb,2022-06-16,2022.0,110,0.9818181818181818,,H1,R,H,R74/H107,II,II
UTF00857.1,UTF,857.0,IIb,IIb,2022-05,2022.0,110,0.9818181818181818,,H1,R,H,R74/H107,II,II
USW05829.1,USW,5829.0,IIb,IIb,2019-12,2019.0,110,0.9818181818181818,,H1,R,H,R74/H107,II,II
USW06002.1,USW,6002.0,IIb,IIb,2019-12,2019.0,110,0.9818181818181818,,H1,R,H,R74/H107,II,II
USW06175.1,USW,6175.0,IIb,IIb,2019-12,2019.0,110,0.9818181818181818,,H1,R,H,R74/H107,II,II
USS79456.1,USS,79456.0,WA,unassigned,2022-05-30,2022.0,110,0.9818181818181818,,H1,R,H,R74/H107,unassigned,II
USO09252.1,USO,9252.0,IIb,IIb,2022-06,2022.0,110,0.9818181818181818,,H1,R,H,R74/H107,II,II
USJ88380.1,USJ,88380.0,IIb,IIb,2022-06-06,2022.0,110,0.9818181818181818,,H1,R,H,R74/H107,II,II
USG71404.1,USG,71404.0,IIb,IIb,2022-05-19,2022.0,110,0.9818181818181818,,H1,R,H,R74/H107,II,II
USG71594.1,USG,71594.0,IIb,IIb,2022-05-21,2022.0,110,0.9818181818181818,,H1,R,H,R74/H107,II,II
USG98491.1,USG,98491.0,IIb,IIb,2022-05,2022.0,110,0.9818181818181818,,H1,R,H,R74/H107,II,II
USG98681.1,USG,98681.0,IIb,IIb,2022,2022.0,110,0.9818181818181818,,H1,R,H,R74/H107,II,II
USE04201.1,USE,4201.0,IIb,IIb,2022-06,2022.0,110,0.9818181818181818,,H1,R,H,R74/H107,II,II
USE04415.1,USE,4415.0,IIb,IIb,2022-06,2022.0,110,0.9818181818181818,,H1,R,H,R74/H107,II,II
USE04627.1,USE,4627.0,IIb,IIb,2022-06,2022.0,110,0.9818181818181818,,H1,R,H,R74/H107,II,II
USE04839.1,USE,4839.0,IIb,IIb,2022-05-23,2022.0,110,0.9818181818181818,,H1,R,H,R74/H107,II,II
USC26195.1,USC,26195.0,IIb,IIb,2022-05-19,2022.0,110,0.9818181818181818,,H1,R,H,R74/H107,II,II
URZ86231.1,URZ,86231.0,IIb,IIb,2022-05-31,2022.0,110,0.9818181818181818,,H1,R,H,R74/H107,II,II
URP85083.1,URP,85083.0,IIb,IIb,2022-05,2022.0,110,0.9818181818181818,,H1,R,H,R74/H107,II,II
URQ01540.1,URQ,1540.0,IIb,IIb,2022-05,2022.0,110,0.9818181818181818,,H1,R,H,R74/H107,II,II
URQ22463.1,URQ,22463.0,IIb,IIb,2022-05,2022.0,110,0.9818181818181818,,H1,R,H,R74/H107,II,II
URQ22653.1,URQ,22653.0,IIb,IIb,2022-05,2022.0,110,0.9818181818181818,,H1,R,H,R74/H107,II,II
URQ22843.1,URQ,22843.0,IIb,IIb,2022-05,2022.0,110,0.9818181818181818,,H1,R,H,R74/H107,II,II
URQ23033.1,URQ,23033.0,IIb,IIb,2022-05,2022.0,110,0.9818181818181818,,H1,R,H,R74/H107,II,II
URQ23223.1,URQ,23223.0,IIb,IIb,2021-07,2021.0,110,0.9818181818181818,,H1,R,H,R74/H107,II,II
URQ23413.1,URQ,23413.0,IIb,IIb,2021-11,2021.0,110,0.9818181818181818,,H1,R,H,R74/H107,II,II
URK20577.1,URK,20577.0,IIb,IIb,2022-05,2022.0,110,0.9818181818181818,,H1,R,H,R74/H107,II,II
URK21204.1,URK,21204.0,IIb,IIb,2022-05-24,2022.0,110,0.9818181818181818,,H1,R,H,R74/H107,II,II
URK21395.1,URK,21395.0,IIb,IIb,2022-05-23,2022.0,110,0.9818181818181818,,H1,R,H,R74/H107,II,II
URG34915.1,URG,34915.0,IIb,IIb,2022-05-18,2022.0,110,0.9818181818181818,,H1,R,H,R74/H107,II,II
QNP12465.1,QNP,12465.0,IIb,IIb,,,110,0.9818181818181818,,H1,R,H,R74/H107,II,II
QNP12646.1,QNP,12646.0,IIb,IIb,,,110,0.9818181818181818,,H1,R,H,R74/H107,II,II
QNP12827.1,QNP,12827.0,IIb,IIb,,,110,0.9818181818181818,,H1,R,H,R74/H107,II,II
QNP13008.1,QNP,13008.0,IIb,IIb,,,110,0.9818181818181818,,H1,R,H,R74/H107,II,II
QNP13186.1,QNP,13186.0,IIb,IIb,,,110,0.9818181818181818,,H1,R,H,R74/H107,II,II
QNP13371.1,QNP,13371.0,IIb,IIb,,,110,0.9818181818181818,,H1,R,H,R74/H107,II,II
QNP13552.1,QNP,13552.0,IIb,IIb,,,110,0.9818181818181818,,H1,R,H,R74/H107,II,II
QNP13733.1,QNP,13733.0,IIb,IIb,,,110,0.9818181818181818,,H1,R,H,R74/H107,II,II
QNP13914.1,QNP,13914.0,IIb,IIb,,,110,0.9818181818181818,,H1,R,H,R74/H107,II,II
QNP14095.1,QNP,14095.0,IIa,IIa,,,110,0.9818181818181818,,H1,R,H,R74/H107,II,II
QNP14276.1,QNP,14276.0,IIa,IIa,,,110,0.9818181818181818,,H1,R,H,R74/H107,II,II
QNP14457.1,QNP,14457.0,IIa,IIa,,,110,0.9818181818181818,,H1,R,H,R74/H107,II,II
QNI38906.1,QNI,38906.0,Ia,Ia,2017-02-06,2017.0,110,1.0,,H2,H,R,H74/R107,I,I
QNI39076.1,QNI,39076.0,Ia,Ia,2017-02-06,2017.0,110,1.0,,H2,H,R,H74/R107,I,I
QNI39262.1,QNI,39262.0,Ia,Ia,2018-04-14,2018.0,110,1.0,,H2,H,R,H74/R107,I,I
QNI39447.1,QNI,39447.0,Ia,Ia,2018-03-20,2018.0,110,1.0,,H2,H,R,H74/R107,I,I
QNI39624.1,QNI,39624.0,Ia,Ia,2018-03-07,2018.0,110,1.0,,H2,H,R,H74/R107,I,I
QNI39809.1,QNI,39809.0,Ia,Ia,2016-01-02,2016.0,110,1.0,,H2,H,R,H74/R107,I,I
QNI39999.1,QNI,39999.0,Ia,Ia,2016-01-01,2016.0,110,1.0,,H2,H,R,H74/R107,I,I
QNI40190.1,QNI,40190.0,Ia,Ia,2017-04-14,2017.0,110,1.0,,H2,H,R,H74/R107,I,I
QNI40379.1,QNI,40379.0,Ia,Ia,2010-08-10,2010.0,110,1.0,,H2,H,R,H74/R107,I,I
QNI40562.1,QNI,40562.0,Ia,Ia,2001-08-11,2001.0,110,1.0,,H2,H,R,H74/R107,I,I
QJQ40281.1,QJQ,40281.0,IIb,IIb,2019,2019.0,110,0.9818181818181818,,H1,R,H,R74/H107,II,II
QGQ59866.1,QGQ,59866.0,IIb,IIb,2018-10-04,2018.0,110,0.9818181818181818,,H1,R,H,R74/H107,II,II
AUW64219.1,AUW,64219.0,IIb,IIb,2017,2017.0,110,0.9818181818181818,,H1,R,H,R74/H107,II,II
AUW64368.1,AUW,64368.0,IIb,IIb,2017,2017.0,110,0.9818181818181818,,H1,R,H,R74/H107,II,II
AUW64459.1,AUW,64459.0,IIb,IIb,2017,2017.0,110,0.9818181818181818,,H1,R,H,R74/H107,II,II
AKG51115.1,AKG,51115.0,Ia,Ia,2008,2008.0,110,1.0,,H2,H,R,H74/R107,I,I
AKG51301.1,AKG,51301.0,IIa,IIa,1971,1971.0,110,0.9818181818181818,,H1,R,H,R74/H107,II,II
AKG51488.1,AKG,51488.0,Ia,Ia,1985,1985.0,110,1.0,,H2,H,R,H74/R107,I,I
AIE40224.1,AIE,40224.0,Ia,Ia,1986,1986.0,110,1.0,,H2,H,R,H74/R107,I,I
AIE40402.1,AIE,40402.0,Ia,Ia,1970,1970.0,110,1.0,,H2,H,R,H74/R107,I,I
AIE40576.1,AIE,40576.0,IIa,IIa,1965,1965.0,110,0.9818181818181818,,H1,R,H,R74/H107,II,II
AIE40752.1,AIE,40752.0,II,II,1978,1978.0,110,0.9818181818181818,,H1,R,H,R74/H107,II,II
AIE40930.1,AIE,40930.0,IIa,IIa,1968,1968.0,110,0.9818181818181818,,H1,R,H,R74/H107,II,II
AIE41105.1,AIE,41105.0,IIb,IIb,1971,1971.0,110,0.9818181818181818,,H1,R,H,R74/H107,II,II
AIE41281.1,AIE,41281.0,Ia,Ia,1990,1990.0,110,1.0,,H2,H,R,H74/R107,I,I
AIE41459.1,AIE,41459.0,Ia,Ia,1988,1988.0,110,1.0,,H2,H,R,H74/R107,I,I
AGR34500.1,AGR,34500.0,Ia,Ia,2006-10-09,2006.0,110,1.0,,H2,H,R,H74/R107,I,I
AGR34690.1,AGR,34690.0,Ia,Ia,2006-10-31,2006.0,110,1.0,,H2,H,R,H74/R107,I,I
AGR34881.1,AGR,34881.0,Ia,Ia,2006-11-09,2006.0,110,1.0,,H2,H,R,H74/R107,I,I
AGR35072.1,AGR,35072.0,Ia,Ia,2006-11-24,2006.0,110,1.0,,H2,H,R,H74/R107,I,I
AGR35263.1,AGR,35263.0,Ia,Ia,2006-11-30,2006.0,110,1.0,,H2,H,R,H74/R107,I,I
AGR35454.1,AGR,35454.0,Ia,Ia,2006-11-30,2006.0,110,1.0,,H2,H,R,H74/R107,I,I
AGR35645.1,AGR,35645.0,Ia,Ia,2006-12-14,2006.0,110,1.0,,H2,H,R,H74/R107,I,I
AGR35836.1,AGR,35836.0,Ia,Ia,2006-12-14,2006.0,110,1.0,,H2,H,R,H74/R107,I,I
AGR36027.1,AGR,36027.0,Ia,Ia,2006-12-26,2006.0,110,1.0,,H2,H,R,H74/R107,I,I
AGR36218.1,AGR,36218.0,Ia,Ia,2006-12-26,2006.0,110,1.0,,H2,H,R,H74/R107,I,I
AGR36409.1,AGR,36409.0,Ia,Ia,2006-12-14,2006.0,110,1.0,,H2,H,R,H74/R107,I,I
AGR36600.1,AGR,36600.0,Ia,Ia,2007-01-02,2007.0,110,1.0,,H2,H,R,H74/R107,I,I
AGR36791.1,AGR,36791.0,Ia,Ia,2007-02-10,2007.0,110,1.0,,H2,H,R,H74/R107,I,I
AGR36982.1,AGR,36982.0,Ia,Ia,2007-02-26,2007.0,110,1.0,,H2,H,R,H74/R107,I,I
AGR37173.1,AGR,37173.0,Ia,Ia,2007-03-22,2007.0,110,1.0,,H2,H,R,H74/R107,I,I
AGR37364.1,AGR,37364.0,Ia,Ia,2007-03-20,2007.0,110,1.0,,H2,H,R,H74/R107,I,I
AGR37555.1,AGR,37555.0,Ia,Ia,2007-03-25,2007.0,110,1.0,,H2,H,R,H74/R107,I,I
AGR37745.1,AGR,37745.0,Ia,Ia,2007-03-25,2007.0,110,1.0,,H2,H,R,H74/R107,I,I
AGR37935.1,AGR,37935.0,Ia,Ia,2007-04-20,2007.0,110,1.0,,H2,H,R,H74/R107,I,I
AGR38125.1,AGR,38125.0,Ia,Ia,2007-05-27,2007.0,110,1.0,,H2,H,R,H74/R107,I,I
AGR38316.1,AGR,38316.0,Ia,Ia,2007-05-25,2007.0,110,1.0,,H2,H,R,H74/R107,I,I
AGR38507.1,AGR,38507.0,Ia,Ia,2007-06-30,2007.0,110,1.0,,H2,H,R,H74/R107,I,I
AGR38698.1,AGR,38698.0,Ia,Ia,2007-09-04,2007.0,110,1.0,,H2,H,R,H74/R107,I,I
AGF36698.1,AGF,36698.0,Ia,Ia,2005,2005.0,110,1.0,,H2,H,R,H74/R107,I,I
AGF36905.1,AGF,36905.0,Ia,Ia,1985,1985.0,110,1.0,,H2,H,R,H74/R107,I,I
ADK39167.1,ADK,39167.0,Ia,Ia,,,110,1.0,,H2,H,R,H74/R107,I,I
AAY96941.1,AAY,96941.0,IIa,IIa,,,110,0.9818181818181818,,H1,R,H,R74/H107,II,II
AAY97141.1,AAY,97141.0,Ia,Ia,,,110,1.0,,H2,H,R,H74/R107,I,I
AAY97342.1,AAY,97342.0,Ia,Ia,,,110,1.0,,H2,H,R,H74/R107,I,I
AAY97540.1,AAY,97540.0,IIa,IIa,,,110,0.9818181818181818,,H1,R,H,R74/H107,II,II
AAY97739.1,AAY,97739.0,IIa,IIa,,,110,0.9818181818181818,,H1,R,H,R74/H107,II,II
AAW67890.1,AAW,67890.0,IIa,IIa,,,110,0.9818181818181818,,H1,R,H,R74/H107,II,II
AAX09233.1,AAX,9233.0,IIa,IIa,,,110,0.9818181818181818,,H1,R,H,R74/H107,II,II
AAU01342.1,AAU,1342.0,IIa,IIa,,,110,0.9818181818181818,,H1,R,H,R74/H107,II,II
AAQ72861.1,AAQ,72861.0,I,I,,,110,1.0,,H2,H,R,H74/R107,I,I
AAQ72862.1,AAQ,72862.0,I,I,,,110,1.0,,H2,H,R,H74/R107,I,I
AAQ72863.1,AAQ,72863.0,I,I,,,110,1.0,,H2,H,R,H74/R107,I,I
AAQ72864.1,AAQ,72864.0,I,I,,,110,1.0,,H2,H,R,H74/R107,I,I
AAQ72865.1,AAQ,72865.0,II,II,,,110,0.9818181818181818,,H1,R,H,R74/H107,II,II
AAQ72866.1,AAQ,72866.0,II,II,,,110,0.9818181818181818,,H1,R,H,R74/H107,II,II
AAQ72867.1,AAQ,72867.0,II,II,,,110,0.9818181818181818,,H1,R,H,R74/H107,II,II
AAQ72868.1,AAQ,72868.0,II,II,,,110,0.9818181818181818,,H1,R,H,R74/H107,II,II
AAQ72869.1,AAQ,72869.0,I,I,,,110,1.0,,H2,H,R,H74/R107,I,I
AAQ72870.1,AAQ,72870.0,I,I,,,110,1.0,,H2,H,R,H74/R107,I,I
AAQ72871.1,AAQ,72871.0,I,I,,,110,1.0,,H2,H,R,H74/R107,I,I
AAQ72872.1,AAQ,72872.0,I,I,,,110,1.0,,H2,H,R,H74/R107,I,I
AAQ72873.1,AAQ,72873.0,I,I,,,110,1.0,,H2,H,R,H74/R107,I,I
AAP48862.1,AAP,48862.0,I,I,,,110,1.0,,H2,H,R,H74/R107,I,I
AAP48863.1,AAP,48863.0,I,I,,,110,1.0,,H2,H,R,H74/R107,I,I
AAP48864.1,AAP,48864.0,I,I,,,110,1.0,,H2,H,R,H74/R107,I,I
AAP48865.1,AAP,48865.0,II,II,,,110,0.9818181818181818,,H1,R,H,R74/H107,II,II
AAP48866.1,AAP,48866.0,II,II,,,110,0.9818181818181818,,H1,R,H,R74/H107,II,II
AAN78220.1,AAN,78220.0,I,I,,,110,1.0,,H2,H,R,H74/R107,I,I
AAL40597.1,AAL,40597.0,Ia,Ia,,,110,1.0,,H2,H,R,H74/R107,I,I
CAB11759.1,CAB,11759.0,I,I,,,110,1.0,,H2,H,R,H74/R107,I,I
CAB11763.1,CAB,11763.0,II,II,,,110,0.9818181818181818,,H1,R,H,R74/H107,II,II
CAA52998.1,CAA,52998.0,II,II,,,110,0.9818181818181818,,H1,R,H,R74/H107,II,II
